[{"dataValue":"Watson Inc","score":0.43337800806814364,"name":"supplier_name","begin":57,"end":67},{"dataValue":"dgwis@dkldf.edu","score":0.7322844608549238,"name":"email","begin":277,"end":292},{"dataValue":"RBH1274","score":0.6390896178681681,"name":"invoice_number","begin":565,"end":572},{"dataValue":"11/15/1991","score":0.7780166222559843,"name":"invoice_date","begin":589,"end":597},{"dataValue":"HP DL380 GEN9 24SFF CUSTOM SRV Manufacturer Part Number EB172843 Serial No: MXQ5510015","score":0.7365805786324902,"name":"product","begin":1867,"end":1953},{"dataValue":"1.00","score":0.6965257249356935,"name":"quantity","begin":1992,"end":1993},{"dataValue":"12021.83","score":0.7672716260702622,"name":"price","begin":2014,"end":2023},{"dataValue":"HP ETHERNET 10GB 2P 560SFP ADAPTER Manufacturer Part Number 665249-B21 Serial No: MYI5410HLX","score":0.7010860566014183,"name":"product","begin":2080,"end":2172},{"dataValue":"1.00","score":0.727183083386057,"name":"quantity","begin":2211,"end":2212},{"dataValue":"287.99","score":0.807122587485912,"name":"price","begin":2233,"end":2239},{"dataValue":"HP GEN8 600GB 6GSAS 10K 2.5 SC ENT Manufacturer Part Number 652583-B21 Serial No: 6C3539E6BM Serial No: 6C3539E659","score":0.7608361431925973,"name":"product","begin":2293,"end":2407},{"dataValue":"2.00","score":0.7974433886596096,"name":"quantity","begin":2446,"end":2447},{"dataValue":"224.54","score":0.7211153079344124,"name":"price","begin":2468,"end":2474},{"dataValue":"HP 81 E 8GB SP PCI-E FC HBA Manufacturer Part Number AJ762B Serial No: 5CF5430GDD Serial No: 5CF5430GXS","score":0.7516731989542987,"name":"product","begin":2528,"end":2631},{"dataValue":"2.00","score":0.7479540612960578,"name":"quantity","begin":2670,"end":2671},{"dataValue":"482.04","score":0.7202233259078917,"name":"price","begin":2692,"end":2698},{"dataValue":"CDW CUSTOM HW SRVR REQ4443 Manufacturer Part Number REQ4443","score":0.6902682621608878,"name":"product","begin":2752,"end":2811},{"dataValue":"1.00","score":0.7148691710780253,"name":"quantity","begin":2841,"end":2842},{"dataValue":"0.00","score":0.7244046979049116,"name":"price","begin":2863,"end":2867},{"dataValue":"974186.91","score":0.7244243609243095,"name":"total_amount","begin":4000,"end":4010}]