[{"dataValue":"Taylor Group","score":0.4216625033646919,"name":"supplier_name","begin":57,"end":69},{"dataValue":"achwerremittance@cdqwew.com","score":0.7318378412672202,"name":"email","begin":279,"end":306},{"dataValue":"RTI8416","score":0.6554236297487007,"name":"invoice_number","begin":581,"end":588},{"dataValue":"02/27/2010","score":0.7675239682133755,"name":"invoice_date","begin":605,"end":613},{"dataValue":"HP DL380 GEN9 24SFF CUSTOM SRV Manufacturer Part Number EB172843 Serial No: MXQ5510015","score":0.7365805786324902,"name":"product","begin":1884,"end":1970},{"dataValue":"1.00","score":0.7036985569209824,"name":"quantity","begin":2009,"end":2010},{"dataValue":"12021.83","score":0.7672716260702622,"name":"price","begin":2031,"end":2040},{"dataValue":"HP ETHERNET 10GB 2P 560SFP ADAPTER Manufacturer Part Number 665249-B21 Serial No: MYI5410HLX","score":0.7010860566014183,"name":"product","begin":2097,"end":2189},{"dataValue":"1.00","score":0.7339081270466827,"name":"quantity","begin":2228,"end":2229},{"dataValue":"287.99","score":0.807122587485912,"name":"price","begin":2250,"end":2256},{"dataValue":"HP GEN8 600GB 6GSAS 10K 2.5 SC ENT Manufacturer Part Number 652583-B21 Serial No: 6C3539E6BM Serial No: 6C3539E659","score":0.7608361431925973,"name":"product","begin":2310,"end":2424},{"dataValue":"2.00","score":0.7874309637563486,"name":"quantity","begin":2463,"end":2464},{"dataValue":"224.54","score":0.7211153079344124,"name":"price","begin":2485,"end":2491},{"dataValue":"HP 81 E 8GB SP PCI-E FC HBA Manufacturer Part Number AJ762B Serial No: 5CF5430GDD Serial No: 5CF5430GXS","score":0.7516731989542987,"name":"product","begin":2545,"end":2648},{"dataValue":"2.00","score":0.7363042901126134,"name":"quantity","begin":2687,"end":2688},{"dataValue":"482.04","score":0.7202233259078917,"name":"price","begin":2709,"end":2715},{"dataValue":"CDW CUSTOM HW SRVR REQ4443 Manufacturer Part Number REQ4443","score":0.6902682621608878,"name":"product","begin":2769,"end":2828},{"dataValue":"1.00","score":0.7217816228150838,"name":"quantity","begin":2858,"end":2859},{"dataValue":"0.00","score":0.7244046979049116,"name":"price","begin":2880,"end":2884},{"dataValue":"358838.10","score":0.5889559883968086,"name":"total_amount","begin":4077,"end":4086}]