[{"dataValue":"achremittance@cdw.com","score":0.7319974024421496,"name":"email","begin":277,"end":298},{"dataValue":"PII9506","score":0.6854309776775825,"name":"invoice_number","begin":571,"end":578},{"dataValue":"08/29/1996","score":0.734124585169787,"name":"invoice_date","begin":595,"end":603},{"dataValue":"Exercitationem sit nam labore nesciunt. Exercitationem sit nam labore nesciunt. Quidem cupiditate eligendi.","score":0.4705964588950559,"name":"product","begin":1788,"end":1895},{"dataValue":"55.99","score":0.6217640979978311,"name":"price","begin":1910,"end":1915},{"dataValue":"1834.00","score":0.6965093891318874,"name":"total_amount","begin":2749,"end":2753}]