[{"dataValue":"Cooper, Allison and Jackson","score":0.4645788218544811,"name":"supplier_name","begin":57,"end":84},{"dataValue":"achremittance@cdwweew.com","score":0.7322844608549238,"name":"email","begin":294,"end":319},{"dataValue":"KOP8574","score":0.6562030794776819,"name":"invoice_number","begin":609,"end":616},{"dataValue":"10/15/1970","score":0.7383142357474634,"name":"invoice_date","begin":633,"end":641},{"dataValue":"69.78","score":0.6594374009296748,"name":"price","begin":1990,"end":1995},{"dataValue":"Nostrum porro beatae.","score":0.5369773993590773,"name":"product","begin":2025,"end":2046},{"dataValue":"Nostrum porro","score":0.4384321142829093,"name":"product","begin":2047,"end":2060},{"dataValue":"beatae. Consequuntur asperiores voluptatum vitae.","score":0.49950716251964605,"name":"product","begin":2061,"end":2110},{"dataValue":"21.32","score":0.5650894227230474,"name":"price","begin":2125,"end":2130},{"dataValue":"2137.00","score":0.7200831835200817,"name":"total_amount","begin":2965,"end":2969}]