[{"dataValue":"CDW \u003ccdwsales@cdwemail.com","score":0.566962344200465,"name":"supplier_name","begin":15,"end":41},{"dataValue":"cdwsales@cdwemail.com","score":0.49089460004779706,"name":"email","begin":19,"end":41},{"dataValue":"GDU4300","score":0.8613094350128429,"name":"invoice_number","begin":476,"end":483},{"dataValue":"08/05/1991","score":0.587703552225411,"name":"invoice_date","begin":663,"end":671},{"dataValue":"HP DL380 GEN9 24SFF E5-2690 CUSTOM Mfg. Part#: EB172692","score":0.6797061373407504,"name":"product","begin":1444,"end":1499},{"dataValue":"8.00","score":0.5662443885499772,"name":"quantity","begin":1520,"end":1521},{"dataValue":"7899.07","score":0.5131990649398839,"name":"price","begin":1566,"end":1575},{"dataValue":"16.00","score":0.8109825320896781,"name":"quantity","begin":1687,"end":1689},{"dataValue":"224.54","score":0.6652558142308246,"name":"price","begin":1734,"end":1741},{"dataValue":"48.00","score":0.7917800326786698,"name":"quantity","begin":1823,"end":1825},{"dataValue":"164.39","score":0.5226065743683452,"name":"price","begin":1870,"end":1877}]