[{"dataValue":"740612417","score":0.5542814989069333,"name":"invoice_number","begin":9,"end":18},{"dataValue":"iack.harrow@examDle.com","score":0.6560410589214282,"name":"email","begin":138,"end":164},{"dataValue":"Workfi","score":0.6154542708497835,"name":"supplier_name","begin":172,"end":178},{"dataValue":"01/16/2018","score":0.7266574608720971,"name":"invoice_date","begin":238,"end":261},{"dataValue":"1.00","score":0.7715343616935709,"name":"price","begin":440,"end":445},{"dataValue":"13.00","score":0.7440178192848245,"name":"quantity","begin":453,"end":455},{"dataValue":"Development","score":0.6839843953321191,"name":"product","begin":479,"end":490},{"dataValue":"60.00","score":0.825671805508309,"name":"price","begin":560,"end":566},{"dataValue":"20.00","score":0.8972707859442529,"name":"quantity","begin":574,"end":576},{"dataValue":"Pilot Development","score":0.6699601687966603,"name":"product","begin":603,"end":620},{"dataValue":"150.00","score":0.6875057628214755,"name":"price","begin":665,"end":672},{"dataValue":"99.00","score":0.8649079846819171,"name":"quantity","begin":680,"end":682},{"dataValue":"19275.60","score":0.7151148303094849,"name":"total_amount","begin":788,"end":797}]