[{"dataValue":"1345295509","score":0.6618398761826257,"name":"invoice_number","begin":9,"end":19},{"dataValue":"01/16/2018","score":0.7200933006620099,"name":"invoice_date","begin":198,"end":214},{"dataValue":"Workfusion","score":0.7977135505830428,"name":"supplier_name","begin":222,"end":232},{"dataValue":"Social Media Marketing","score":0.7251128557980868,"name":"product","begin":398,"end":422},{"dataValue":"1.00","score":0.8032725999553613,"name":"price","begin":477,"end":482},{"dataValue":"71.00","score":0.7936378107396085,"name":"quantity","begin":490,"end":492},{"dataValue":"Development","score":0.7258241829489096,"name":"product","begin":516,"end":527},{"dataValue":"60.00","score":0.8099784022780026,"name":"price","begin":597,"end":603},{"dataValue":"30.00","score":0.8733117192058255,"name":"quantity","begin":611,"end":613},{"dataValue":"2245.20","score":0.825081615477456,"name":"total_amount","begin":724,"end":732}]