[{"dataValue":"1759339126","score":0.6670129505988124,"name":"invoice_number","begin":9,"end":19},{"dataValue":"jack","score":0.37472274619417184,"name":"email","begin":133,"end":137},{"dataValue":"01/16/2018","score":0.7266588090769932,"name":"invoice_date","begin":232,"end":255},{"dataValue":"Social Media Marketing","score":0.6520399047439832,"name":"product","begin":363,"end":386},{"dataValue":"1.00","score":0.7700532681541374,"name":"price","begin":441,"end":446},{"dataValue":"93.00","score":0.7713987350005774,"name":"quantity","begin":454,"end":456},{"dataValue":"Development","score":0.6839843953321191,"name":"product","begin":479,"end":490},{"dataValue":"60.00","score":0.8045473695628322,"name":"price","begin":560,"end":566},{"dataValue":"6.00","score":0.8697314561899272,"name":"quantity","begin":574,"end":575},{"dataValue":"Pilot Development","score":0.69375131862046,"name":"product","begin":599,"end":616},{"dataValue":"150.00","score":0.7240272687152007,"name":"price","begin":661,"end":668},{"dataValue":"16.00","score":0.8475633127382872,"name":"quantity","begin":676,"end":678},{"dataValue":"Customer Support","score":0.7060835771776953,"name":"product","begin":704,"end":720},{"dataValue":"20.00","score":0.7697528985566224,"name":"price","begin":760,"end":766},{"dataValue":"1.00","score":0.8597905262304884,"name":"quantity","begin":774,"end":775},{"dataValue":"Video Marketing","score":0.5449536875513953,"name":"product","begin":798,"end":813},{"dataValue":"5.00","score":0.7895238653466294,"name":"price","begin":852,"end":857},{"dataValue":"15.00","score":0.8636833830318111,"name":"quantity","begin":865,"end":867},{"dataValue":"3537.60","score":0.5265506608735877,"name":"total_amount","begin":969,"end":976}]