[{"dataValue":"Marvin, Marvin and Marvin","score":0.7465113699480588,"name":"supplier_name","begin":20,"end":45},{"dataValue":"8150426970","score":0.8553415211503141,"name":"invoice_number","begin":60,"end":70},{"dataValue":"05/05/1999","score":0.7542655231517673,"name":"invoice_date","begin":80,"end":92},{"dataValue":"cornelius.hilll@hotmail.com","score":0.7463625760014478,"name":"email","begin":110,"end":137},{"dataValue":"Rustic Rubber Pants","score":0.8901305408063049,"name":"product","begin":392,"end":411},{"dataValue":"317.66","score":0.9358514193892068,"name":"price","begin":417,"end":424},{"dataValue":"28.00","score":0.9090520362907475,"name":"quantity","begin":430,"end":432},{"dataValue":"Enormous Granite Keyboard","score":0.7948690145887344,"name":"product","begin":501,"end":526},{"dataValue":"60.41","score":0.921899607174082,"name":"price","begin":532,"end":538},{"dataValue":"20.00","score":0.8987295462407294,"name":"quantity","begin":544,"end":546},{"dataValue":"Incredible Cotton Coat","score":0.6410436823319402,"name":"product","begin":615,"end":637},{"dataValue":"414.29","score":0.8246016808126398,"name":"price","begin":643,"end":650},{"dataValue":"1.00","score":0.8375788902430242,"name":"quantity","begin":656,"end":657},{"dataValue":"Gorgeous Wooden Chair","score":0.7744892792860897,"name":"product","begin":724,"end":745},{"dataValue":"103.10","score":0.8756218028524487,"name":"price","begin":751,"end":758},{"dataValue":"51.00","score":0.8356675755708787,"name":"quantity","begin":764,"end":766},{"dataValue":"Aerodynamic Iron Coat","score":0.6848299252597301,"name":"product","begin":835,"end":856},{"dataValue":"226.08","score":0.8269599896650695,"name":"price","begin":862,"end":869},{"dataValue":"10.00","score":0.948132882940598,"name":"quantity","begin":875,"end":877},{"dataValue":"Rustic Plastic Bench","score":0.7403287261489372,"name":"product","begin":946,"end":966},{"dataValue":"51.92","score":0.8250160241248827,"name":"price","begin":972,"end":978},{"dataValue":"45.00","score":0.8510058997083313,"name":"quantity","begin":984,"end":986},{"dataValue":"Incredible Bronze Pants","score":0.7717212941827046,"name":"product","begin":1055,"end":1078},{"dataValue":"460.42","score":0.8397487429550687,"name":"price","begin":1084,"end":1091},{"dataValue":"13.00","score":0.8494694465887334,"name":"quantity","begin":1097,"end":1099},{"dataValue":"Synergistic Paper Car","score":0.8527510944759756,"name":"product","begin":1179,"end":1200},{"dataValue":"152.07","score":0.8593749137488316,"name":"price","begin":1206,"end":1213},{"dataValue":"27.00","score":0.8760227298615468,"name":"quantity","begin":1219,"end":1221},{"dataValue":"Heavy Duty Paper Coat","score":0.7272380005835879,"name":"product","begin":1279,"end":1300},{"dataValue":"253.61","score":0.8647742138958595,"name":"price","begin":1306,"end":1313},{"dataValue":"19.00","score":0.8558086911332259,"name":"quantity","begin":1319,"end":1321},{"dataValue":"42338.65","score":0.8030679446658118,"name":"total_amount","begin":1500,"end":1509}]