[{"dataValue":"Jenkins-Jenkins","score":0.777334617558841,"name":"supplier_name","begin":20,"end":35},{"dataValue":"6507378943","score":0.8577836731595242,"name":"invoice_number","begin":50,"end":60},{"dataValue":"07/03/2009","score":0.732607808244472,"name":"invoice_date","begin":70,"end":83},{"dataValue":"marjolaine.rohan@gmail.com","score":0.743496365465769,"name":"email","begin":101,"end":127},{"dataValue":"Enormous Wooden Bench","score":0.7107608499664334,"name":"product","begin":368,"end":389},{"dataValue":"354.53","score":0.8687260620465953,"name":"price","begin":395,"end":402},{"dataValue":"5.00","score":0.8963555112183109,"name":"quantity","begin":408,"end":409},{"dataValue":"Durable Silk Gloves","score":0.9117705617379949,"name":"product","begin":467,"end":486},{"dataValue":"455.45","score":0.9111511219869091,"name":"price","begin":492,"end":499},{"dataValue":"39.00","score":0.8587107150684652,"name":"quantity","begin":505,"end":507},{"dataValue":"Intelligent Concrete Table","score":0.7995962676635059,"name":"product","begin":565,"end":591},{"dataValue":"259.81","score":0.9018113931315903,"name":"price","begin":597,"end":604},{"dataValue":"19.00","score":0.8553213993334275,"name":"quantity","begin":610,"end":612},{"dataValue":"Heavy Duty Rubber Car","score":0.8243368012802238,"name":"product","begin":681,"end":702},{"dataValue":"331.79","score":0.874250291056529,"name":"price","begin":708,"end":715},{"dataValue":"49.00","score":0.9106047406874523,"name":"quantity","begin":721,"end":723},{"dataValue":"Aerodynamic Linen Knife","score":0.8091137117876425,"name":"product","begin":793,"end":816},{"dataValue":"173.73","score":0.8626827535709393,"name":"price","begin":822,"end":829},{"dataValue":"38.00","score":0.8897462955226456,"name":"quantity","begin":835,"end":837},{"dataValue":"Durable Paper Gloves","score":0.8868493805003171,"name":"product","begin":894,"end":914},{"dataValue":"383.67","score":0.877447911185812,"name":"price","begin":920,"end":927},{"dataValue":"47.00","score":0.8678298296556287,"name":"quantity","begin":933,"end":935},{"dataValue":"Lightweight Paper Chair","score":0.8887389174521095,"name":"product","begin":994,"end":1017},{"dataValue":"183.88","score":0.8731705854890558,"name":"price","begin":1023,"end":1030},{"dataValue":"45.00","score":0.9027915338408786,"name":"quantity","begin":1036,"end":1038},{"dataValue":"Rustic Wooden Table","score":0.6964863141284301,"name":"product","begin":1107,"end":1126},{"dataValue":"439.20","score":0.8623673423644284,"name":"price","begin":1132,"end":1139},{"dataValue":"36.00","score":0.8714243283064121,"name":"quantity","begin":1145,"end":1147},{"dataValue":"Mediocre Granite Hat","score":0.8521290886880329,"name":"product","begin":1218,"end":1238},{"dataValue":"396.74","score":0.8942457634353626,"name":"price","begin":1244,"end":1251},{"dataValue":"12.00","score":0.9026771607762307,"name":"quantity","begin":1257,"end":1259},{"dataValue":"113052.25","score":0.7797816290971945,"name":"total_amount","begin":1428,"end":1438}]