[{"dataValue":"Runte, Runte and Runte","score":0.7395136779226247,"name":"supplier_name","begin":20,"end":42},{"dataValue":"1476606211","score":0.8377284415393986,"name":"invoice_number","begin":57,"end":67},{"dataValue":"11/09/1971","score":0.7401572663372316,"name":"invoice_date","begin":77,"end":94},{"dataValue":"krystel.bradtke@yahoo.com","score":0.7434321288558098,"name":"email","begin":112,"end":137},{"dataValue":"Practical Paper Car","score":0.8595265607673794,"name":"product","begin":374,"end":393},{"dataValue":"472.91","score":0.9201162401435314,"name":"price","begin":399,"end":406},{"dataValue":"2.00","score":0.908714138248538,"name":"quantity","begin":412,"end":413},{"dataValue":"Rustic Bronze Watch","score":0.7969047039417656,"name":"product","begin":481,"end":500},{"dataValue":"296.15","score":0.8852874707473447,"name":"price","begin":506,"end":513},{"dataValue":"29.00","score":0.8501741236627165,"name":"quantity","begin":519,"end":521},{"dataValue":"Awesome Wooden Watch","score":0.855531253781413,"name":"product","begin":591,"end":611},{"dataValue":"270.65","score":0.8689496254272395,"name":"price","begin":617,"end":624},{"dataValue":"47.00","score":0.9230858229432247,"name":"quantity","begin":630,"end":632},{"dataValue":"Small Concrete Bag","score":0.7897731138520314,"name":"product","begin":702,"end":720},{"dataValue":"247.31","score":0.8347501428475933,"name":"price","begin":726,"end":733},{"dataValue":"24.00","score":0.9062205026283872,"name":"quantity","begin":739,"end":741},{"dataValue":"Ergonomic Linen Table","score":0.8439822772883462,"name":"product","begin":810,"end":831},{"dataValue":"179.79","score":0.8381507897865456,"name":"price","begin":837,"end":844},{"dataValue":"29.00","score":0.8495543935462496,"name":"quantity","begin":850,"end":852},{"dataValue":"Mediocre Bronze Coat","score":0.8532194718317286,"name":"product","begin":910,"end":930},{"dataValue":"215.41","score":0.8766854953727687,"name":"price","begin":936,"end":943},{"dataValue":"24.00","score":0.8550850010126296,"name":"quantity","begin":949,"end":951},{"dataValue":"Awesome Rubber Car","score":0.9001485232979722,"name":"product","begin":1008,"end":1026},{"dataValue":"342.20","score":0.8756883857317398,"name":"price","begin":1032,"end":1039},{"dataValue":"53.00","score":0.8829400649974011,"name":"quantity","begin":1045,"end":1047},{"dataValue":"Aerodynamic Rubber Plate","score":0.8813884696686737,"name":"product","begin":1106,"end":1130},{"dataValue":"214.83","score":0.9099994898306739,"name":"price","begin":1136,"end":1143},{"dataValue":"16.00","score":0.8664853360241773,"name":"quantity","begin":1149,"end":1151},{"dataValue":"72177.35","score":0.8334971102594578,"name":"total_amount","begin":1331,"end":1340}]