[{"dataValue":"Gusikowski-Gusikowski","score":0.7153298500116785,"name":"supplier_name","begin":20,"end":41},{"dataValue":"9937850024","score":0.8769022314575571,"name":"invoice_number","begin":56,"end":66},{"dataValue":"01/15/2010","score":0.7857953644668085,"name":"invoice_date","begin":76,"end":92},{"dataValue":"christ.hirthe@yahoo.com","score":0.7417344674326344,"name":"email","begin":110,"end":133},{"dataValue":"Enormous Leather Car","score":0.7744914586461394,"name":"product","begin":381,"end":401},{"dataValue":"40.18","score":0.9388124989798861,"name":"price","begin":407,"end":413},{"dataValue":"43.00","score":0.9395848840796199,"name":"quantity","begin":419,"end":421},{"dataValue":"Durable Leather Chair","score":0.9054868210473299,"name":"product","begin":490,"end":511},{"dataValue":"271.56","score":0.8959211266904137,"name":"price","begin":517,"end":524},{"dataValue":"27.00","score":0.8520731057496072,"name":"quantity","begin":530,"end":532},{"dataValue":"Ergonomic Granite Gloves","score":0.8501984249329966,"name":"product","begin":602,"end":626},{"dataValue":"10.64","score":0.8569920339852156,"name":"price","begin":632,"end":638},{"dataValue":"3.00","score":0.7940838145408661,"name":"quantity","begin":644,"end":645},{"dataValue":"10910.14","score":0.8520091079546184,"name":"total_amount","begin":810,"end":819}]