[{"dataValue":"Johnston-Johnston","score":0.795706548067675,"name":"supplier_name","begin":20,"end":37},{"dataValue":"0946851758","score":0.863223263419633,"name":"invoice_number","begin":52,"end":62},{"dataValue":"08/21/1977","score":0.773033056153493,"name":"invoice_date","begin":72,"end":87},{"dataValue":"linnie.brakus@gmail.com","score":0.7363985705666808,"name":"email","begin":105,"end":128},{"dataValue":"Lightweight Bronze Pants","score":0.9320259328617669,"name":"product","begin":377,"end":401},{"dataValue":"113.87","score":0.941832180211959,"name":"price","begin":407,"end":414},{"dataValue":"11.00","score":0.9344746612657991,"name":"quantity","begin":420,"end":422},{"dataValue":"Lightweight Linen Lamp","score":0.9425001976131384,"name":"product","begin":491,"end":513},{"dataValue":"151.69","score":0.9382643652265725,"name":"price","begin":519,"end":526},{"dataValue":"16.00","score":0.9081265707496282,"name":"quantity","begin":532,"end":534},{"dataValue":"Intelligent Steel Pants","score":0.8650961756547476,"name":"product","begin":614,"end":637},{"dataValue":"323.84","score":0.89171047385491,"name":"price","begin":643,"end":650},{"dataValue":"24.00","score":0.9124312210238665,"name":"quantity","begin":656,"end":658},{"dataValue":"Awesome Bronze Shirt","score":0.8593379119802596,"name":"product","begin":727,"end":747},{"dataValue":"25.07","score":0.9307904043656965,"name":"price","begin":753,"end":759},{"dataValue":"32.00","score":0.9004588215277988,"name":"quantity","begin":765,"end":767},{"dataValue":"Ergonomic Linen Shirt","score":0.7422151652599299,"name":"product","begin":834,"end":855},{"dataValue":"192.48","score":0.8481170884547591,"name":"price","begin":861,"end":868},{"dataValue":"20.00","score":0.8817600216287389,"name":"quantity","begin":874,"end":876},{"dataValue":"Intelligent Granite Bag","score":0.7877065764221854,"name":"product","begin":934,"end":957},{"dataValue":"257.23","score":0.8286097990718215,"name":"price","begin":963,"end":970},{"dataValue":"3.00","score":0.7515344563188578,"name":"quantity","begin":976,"end":977},{"dataValue":"20250.36","score":0.8378427552936116,"name":"total_amount","begin":1154,"end":1163}]