[{"dataValue":"Grseaeme Dusckett Freelance Design And Development","score":0.5762574400731353,"name":"supplier_name","begin":13,"end":72},{"dataValue":"Template Development","score":0.6483958357595162,"name":"product","begin":524,"end":544},{"dataValue":"Saw XMTML CSS. a-d PHP walk neOvw Vtfudci yngle aulo reipcvtfng ccmaci","score":0.42403691553530803,"name":"product","begin":549,"end":620},{"dataValue":"15.00","score":0.6132674053370536,"name":"quantity","begin":636,"end":638},{"dataValue":"2.00","score":0.6476538864082922,"name":"quantity","begin":713,"end":714},{"dataValue":"2400.00","score":0.6427341121101926,"name":"total_amount","begin":828,"end":835}]