[{"dataValue":"INV10100005","score":0.5684185875903711,"name":"invoice_number","begin":61,"end":72},{"dataValue":"19-00t-2010","score":0.5524993323118917,"name":"invoice_date","begin":813,"end":824},{"dataValue":"PS.V860.05","score":0.48320100062901733,"name":"product","begin":1058,"end":1068},{"dataValue":"580.00","score":0.6861183304692018,"name":"price","begin":1245,"end":1251},{"dataValue":"645.00","score":0.5302491394702222,"name":"price","begin":1256,"end":1262},{"dataValue":"230.00","score":0.4594940388101541,"name":"price","begin":1267,"end":1273},{"dataValue":"6.00","score":0.496315762921881,"name":"quantity","begin":1298,"end":1302},{"dataValue":"4.00","score":0.469477951180033,"name":"quantity","begin":1307,"end":1311},{"dataValue":"4.00","score":0.5397377349881818,"name":"price","begin":1307,"end":1311},{"dataValue":"1.00","score":0.5473544580121424,"name":"quantity","begin":1326,"end":1330},{"dataValue":"9933.00","score":0.5566118794923723,"name":"total_amount","begin":1799,"end":1807}]