[{"dataValue":"AL\u0027S","score":0.38453271975701386,"name":"supplier_name","begin":13,"end":17},{"dataValue":"alscarpet@vahoo.com","score":0.7122170147770303,"name":"email","begin":108,"end":127},{"dataValue":"03/02/2011","score":0.6010595654190084,"name":"invoice_date","begin":331,"end":343},{"dataValue":"1.00","score":0.8656878546742303,"name":"quantity","begin":702,"end":703},{"dataValue":"Carpet Cleaning","score":0.2937652517141142,"name":"product","begin":747,"end":762},{"dataValue":"S89.00","score":0.8817025421460496,"name":"price","begin":774,"end":780},{"dataValue":"3.00","score":0.539998793123552,"name":"quantity","begin":1016,"end":1017},{"dataValue":"5.00","score":0.5239001815658201,"name":"price","begin":1044,"end":1048},{"dataValue":"104.00","score":0.5775901114202706,"name":"total_amount","begin":1137,"end":1144}]