[{"dataValue":"00000456","score":0.5534581035231604,"name":"invoice_number","begin":685,"end":693},{"dataValue":"02/11/2013","score":0.7001342430774303,"name":"invoice_date","begin":739,"end":755},{"dataValue":"Penjualan Jasa Service","score":0.6865981673893017,"name":"product","begin":1117,"end":1139},{"dataValue":"Periode Januari 2013","score":0.6284544337504313,"name":"product","begin":1140,"end":1160},{"dataValue":"1.00","score":0.7107856864522859,"name":"quantity","begin":1172,"end":1173},{"dataValue":"Un1t.00","score":0.5721377769846022,"name":"quantity","begin":1174,"end":1178},{"dataValue":"1000000.00","score":0.6448319884407957,"name":"price","begin":1190,"end":1202}]