[{"dataValue":"08/20/2006","score":0.6692157114916948,"name":"invoice_date","begin":171,"end":185},{"dataValue":"INV1048","score":0.9221573406519527,"name":"invoice_number","begin":202,"end":209},{"dataValue":"Very long product description that occupies more than 1 line - in fact, it occupies 2 lines","score":0.7597151279192168,"name":"product","begin":745,"end":840},{"dataValue":"1.00","score":0.771987388467407,"name":"quantity","begin":852,"end":853},{"dataValue":"199.99","score":0.7426344866674551,"name":"price","begin":865,"end":871},{"dataValue":"420.00","score":0.8001956700341339,"name":"price","begin":966,"end":972}]