{"finalScore":0.6567371518857156,"metaInfo":{"model":{"coreVersion":"9.3.0.9"}},"sumScore":3.9404229113142932,"tagsCounter":6.0,"taggedText":"\u003chtml\u003e\u003chead\u003e\u003cscript src\u003d\"https://ajax.googleapis.com/ajax/libs/jquery/2.2.0/jquery.min.js\"\u003e\u003c/script\u003e\u003c/head\u003e\u003cbody\u003e\u003cdocument languages\u003d\"\" producer\u003d\"Workfusion\" schemalocation\u003d\"http://ocr.crowdcomputingsystems.com/xml/schema-v1.xml\" version\u003d\"1.0\" xmlns\u003d\"http://ocr.crowdcomputingsystems.com/xml/schema-v1.xml\" xsi\u003d\"http://www.w3.org/2001/XMLSchema-instance\"\u003e \u003clink href\u003d\"https://s3.amazonaws.com/workfusion-resources/ocr/ocr-xml-viewer-0.3-scale-to-width.css\" rel\u003d\"stylesheet\" type\u003d\"text/css\"\u003e\u003c/link\u003e \u003cscript src\u003d\"https://s3.amazonaws.com/workfusion-resources/jquery/core/1.8.3/jquery.min.js\" type\u003d\"text/javascript\"\u003e\u003c/script\u003e\u003cscript src\u003d\"https://s3.amazonaws.com/workfusion-resources/ocr/ocr-xml-viewer-0.3-scale-to-width.js\"\u003e\u003c/script\u003e\u003cscript\u003e\u003c/script\u003e\u003cstyle\u003e\u003c/style\u003e\u003cstyle\u003e\u003c/style\u003e\u003cscript\u003e\u003c/script\u003e\u003cpage data-pages\u003d\"1\" h\u003d\"4400\" resolution\u003d\"400\" style\u003d\"height: 1080px;\" w\u003d\"3400\"\u003e \u003cblock b\u003d\"182\" blockname\u003d\"\" blocktype\u003d\"Text\" l\u003d\"573\" r\u003d\"1149\" style\u003d\"transform: translate(277px, 34px); position: absolute; width: 278.513px; height: 11.75px;\" t\u003d\"135\"\u003e \u003cregion\u003e \u003crect b\u003d\"182\" l\u003d\"573\" r\u003d\"1149\" t\u003d\"135\"\u003e\u003c/rect\u003e  \u003c/region\u003e  \u003ctext\u003e \u003cpar align\u003d\"Justified\" linespacing\u003d\"520\"\u003e \u003cline b\u003d\"174\" baseline\u003d\"172\" l\u003d\"573\" r\u003d\"1149\" style\u003d\"transform: translate(0px, 2px); position: absolute;\" t\u003d\"143\"\u003e \u003cformatting lang\u003d\"EnglishUnitedStates\"\u003e ] REMIT PAYMENT T0: [ \u003c/formatting\u003e  \u003c/line\u003e  \u003c/par\u003e  \u003c/text\u003e  \u003c/block\u003e  \u003cblock b\u003d\"515\" blockname\u003d\"\" blocktype\u003d\"Text\" l\u003d\"356\" r\u003d\"1289\" style\u003d\"transform: translate(172px, 71px); position: absolute; width: 451.133px; height: 58px;\" t\u003d\"283\"\u003e \u003cregion\u003e \u003crect b\u003d\"474\" l\u003d\"744\" r\u003d\"1289\" t\u003d\"283\"\u003e\u003c/rect\u003e  \u003crect b\u003d\"515\" l\u003d\"356\" r\u003d\"1289\" t\u003d\"474\"\u003e\u003c/rect\u003e  \u003c/region\u003e  \u003ctext\u003e \u003cpar linespacing\u003d\"900\"\u003e \u003cline b\u003d\"329\" baseline\u003d\"329\" l\u003d\"752\" r\u003d\"1023\" style\u003d\"transform: translate(191px, 2px); position: absolute;\" t\u003d\"291\"\u003e \u003cformatting lang\u003d\"EnglishUnitedStates\"\u003e Barnes PLC \u003c/formatting\u003e  \u003c/line\u003e  \u003c/par\u003e  \u003cpar linespacing\u003d\"900\"\u003e \u003cline b\u003d\"379\" baseline\u003d\"379\" l\u003d\"755\" r\u003d\"1072\" style\u003d\"transform: translate(193px, 15px); position: absolute;\" t\u003d\"341\"\u003e \u003cformatting lang\u003d\"EnglishUnitedStates\"\u003e PO Box 75723 \u003c/formatting\u003e  \u003c/line\u003e  \u003cline b\u003d\"439\" baseline\u003d\"429\" l\u003d\"752\" r\u003d\"1281\" style\u003d\"transform: translate(191px, 27px); position: absolute;\" t\u003d\"391\"\u003e \u003cformatting lang\u003d\"EnglishUnitedStates\"\u003e Chicago, IL 60675-5723 \u003c/formatting\u003e  \u003c/line\u003e  \u003c/par\u003e  \u003cpar linespacing\u003d\"450\"\u003e \u003cline b\u003d\"507\" baseline\u003d\"506\" l\u003d\"364\" r\u003d\"871\" style\u003d\"transform: translate(4px, 50px); position: absolute;\" t\u003d\"481\"\u003e \u003cformatting lang\u003d\"EnglishUnitedStates\"\u003e RETURN SERVICE REQUESTED \u003c/formatting\u003e  \u003c/line\u003e  \u003c/par\u003e  \u003c/text\u003e  \u003c/block\u003e  \u003cblock b\u003d\"437\" blockname\u003d\"\" blocktype\u003d\"Text\" l\u003d\"392\" r\u003d\"687\" style\u003d\"transform: translate(190px, 71px); position: absolute; width: 142.641px; height: 38.25px;\" t\u003d\"284\"\u003e \u003cregion\u003e \u003crect b\u003d\"437\" l\u003d\"392\" r\u003d\"687\" t\u003d\"284\"\u003e\u003c/rect\u003e  \u003c/region\u003e  \u003ctext\u003e \u003cpar linespacing\u003d\"1570\"\u003e \u003cline b\u003d\"401\" baseline\u003d\"374\" l\u003d\"393\" r\u003d\"675\" style\u003d\"transform: translate(0px, 1px); position: absolute;\" t\u003d\"287\"\u003e \u003cformatting lang\u003d\"EnglishUnitedStates\"\u003e CDW} \u003c/formatting\u003e  \u003c/line\u003e  \u003c/par\u003e  \u003c/text\u003e  \u003c/block\u003e  \u003cblock b\u003d\"187\" blockname\u003d\"\" blocktype\u003d\"Text\" l\u003d\"1572\" r\u003d\"1810\" style\u003d\"transform: translate(760px, 32px); position: absolute; width: 115.08px; height: 14.5px;\" t\u003d\"129\"\u003e \u003cregion\u003e \u003crect b\u003d\"187\" l\u003d\"1572\" r\u003d\"1810\" t\u003d\"129\"\u003e\u003c/rect\u003e  \u003c/region\u003e  \u003ctext\u003e \u003cpar linespacing\u003d\"740\"\u003e \u003cline b\u003d\"179\" baseline\u003d\"178\" l\u003d\"1580\" r\u003d\"1802\" style\u003d\"transform: translate(4px, 2px); position: absolute;\" t\u003d\"137\"\u003e \u003cformatting lang\u003d\"EnglishUnitedStates\"\u003e INVOICE \u003c/formatting\u003e  \u003c/line\u003e  \u003c/par\u003e  \u003c/text\u003e  \u003c/block\u003e  \u003cblock b\u003d\"336\" blockname\u003d\"\" blocktype\u003d\"Text\" l\u003d\"1555\" r\u003d\"1889\" style\u003d\"transform: translate(752px, 51px); position: absolute; width: 161.499px; height: 32.75px;\" t\u003d\"205\"\u003e \u003cregion\u003e \u003crect b\u003d\"336\" l\u003d\"1555\" r\u003d\"1889\" t\u003d\"205\"\u003e\u003c/rect\u003e  \u003c/region\u003e  \u003ctext\u003e \u003cpar linespacing\u003d\"-1\"\u003e\u003c/par\u003e  \u003c/text\u003e  \u003c/block\u003e  \u003cblock b\u003d\"264\" blockname\u003d\"\" blocktype\u003d\"Text\" l\u003d\"1936\" r\u003d\"3266\" style\u003d\"transform: translate(936px, 25px); position: absolute; width: 643.094px; height: 41px;\" t\u003d\"100\"\u003e \u003cregion\u003e \u003crect b\u003d\"264\" l\u003d\"1936\" r\u003d\"3266\" t\u003d\"100\"\u003e\u003c/rect\u003e  \u003c/region\u003e  \u003ctext\u003e \u003cpar align\u003d\"Justified\" linespacing\u003d\"450\"\u003e \u003cline b\u003d\"138\" baseline\u003d\"133\" l\u003d\"1945\" r\u003d\"3258\" style\u003d\"transform: translate(4px, 2px); position: absolute;\" t\u003d\"108\"\u003e \u003cformatting lang\u003d\"EnglishUnitedStates\"\u003e ACH INFORMATION E-mail Remittance To: \u003cemail begin\u003d\"277\" class\u003d\"extraction-tag ml-tag\" data-text\u003d\"achremittance@cdw.com\" data-value\u003d\"achremittance@cdw.com\" end\u003d\"298\" estimated-accuracy\u003d\"1.0\" ml-tagorder\u003d\"0\" score\u003d\"0.7319974024421496\" style\u003d\"border: 2px solid rgb(125, 157, 1);\" tagorder\u003d\"0\"\u003eachremittance@cdw.com\u003c/email\u003e \u003c/formatting\u003e  \u003c/line\u003e  \u003c/par\u003e  \u003c/text\u003e  \u003ctext\u003e \u003cpar align\u003d\"Justified\" linespacing\u003d\"612\"\u003e \u003cline b\u003d\"184\" baseline\u003d\"183\" l\u003d\"1944\" r\u003d\"2917\" style\u003d\"transform: translate(4px, 15px); position: absolute;\" t\u003d\"158\"\u003e \u003cformatting lang\u003d\"EnglishUnitedStates\"\u003e THE NORTHERN TRUST ROUTING NO.: 071000152 \u003c/formatting\u003e  \u003c/line\u003e  \u003c/par\u003e  \u003cpar linespacing\u003d\"612\" rightindent\u003d\"4700\"\u003e \u003cline b\u003d\"218\" baseline\u003d\"217\" l\u003d\"1945\" r\u003d\"3007\" style\u003d\"transform: translate(4px, 23px); position: absolute;\" t\u003d\"192\"\u003e \u003cformatting lang\u003d\"EnglishUnitedStates\"\u003e 50 SOUTH LASALLE STREET ACCOUNT NAME: Barnes PLC \u003c/formatting\u003e  \u003c/line\u003e  \u003cline b\u003d\"256\" baseline\u003d\"251\" l\u003d\"1945\" r\u003d\"2847\" style\u003d\"transform: translate(4px, 31px); position: absolute;\" t\u003d\"225\"\u003e \u003cformatting lang\u003d\"EnglishUnitedStates\"\u003e CHICAGO, IL 60675 ACCOUNT NO.: 47910 \u003c/formatting\u003e  \u003c/line\u003e  \u003c/par\u003e  \u003c/text\u003e  \u003c/block\u003e  \u003cregion xmlns\u003d\"http://ocr.crowdcomputingsystems.com/xml/schema-v1.xml\"\u003e \u003crect b\u003d\"713\" l\u003d\"1943\" r\u003d\"3335\" t\u003d\"276\"\u003e\u003c/rect\u003e  \u003c/region\u003e \u003ctable b\u003d\"713\" blockname\u003d\"\" blocktype\u003d\"Table\" l\u003d\"1943\" r\u003d\"3335\" style\u003d\"transform: translate(939px, 69px); position: absolute;\" t\u003d\"276\" xmlns\u003d\"\"\u003e \u003ctbody\u003e\u003ctr\u003e \u003ctd h\u003d\"63\" w\u003d\"462\"\u003e \u003ctext xmlns\u003d\"http://ocr.crowdcomputingsystems.com/xml/schema-v1.xml\"\u003e \u003cpar align\u003d\"Center\" linespacing\u003d\"520\"\u003e \u003cline b\u003d\"323\" baseline\u003d\"322\" l\u003d\"2006\" r\u003d\"2344\" t\u003d\"293\"\u003e \u003cformatting lang\u003d\"EnglishUnitedStates\"\u003e INVOICE NUMBER \u003c/formatting\u003e  \u003c/line\u003e  \u003c/par\u003e  \u003c/text\u003e  \u003c/td\u003e   \u003ctd colspan\u003d\"2\" h\u003d\"63\" w\u003d\"462\"\u003e \u003ctext xmlns\u003d\"http://ocr.crowdcomputingsystems.com/xml/schema-v1.xml\"\u003e \u003cpar align\u003d\"Center\" linespacing\u003d\"520\"\u003e \u003cline b\u003d\"323\" baseline\u003d\"322\" l\u003d\"2500\" r\u003d\"2772\" t\u003d\"293\"\u003e \u003cformatting lang\u003d\"EnglishUnitedStates\"\u003e INVOICE DATE \u003c/formatting\u003e  \u003c/line\u003e  \u003c/par\u003e  \u003c/text\u003e  \u003c/td\u003e   \u003ctd h\u003d\"63\" w\u003d\"468\"\u003e \u003ctext xmlns\u003d\"http://ocr.crowdcomputingsystems.com/xml/schema-v1.xml\"\u003e \u003cpar linespacing\u003d\"520\"\u003e \u003cline b\u003d\"323\" baseline\u003d\"322\" l\u003d\"2900\" r\u003d\"3300\" t\u003d\"293\"\u003e \u003cformatting lang\u003d\"EnglishUnitedStates\"\u003e CUSTOMER NUMBER \u003c/formatting\u003e  \u003c/line\u003e  \u003c/par\u003e  \u003c/text\u003e  \u003c/td\u003e   \u003c/tr\u003e \n \u003ctr\u003e \u003ctd h\u003d\"83\" w\u003d\"462\"\u003e \u003ctext xmlns\u003d\"http://ocr.crowdcomputingsystems.com/xml/schema-v1.xml\"\u003e \u003cpar align\u003d\"Center\" linespacing\u003d\"610\"\u003e \u003cline b\u003d\"399\" baseline\u003d\"398\" l\u003d\"2080\" r\u003d\"2270\" t\u003d\"364\"\u003e \u003cformatting lang\u003d\"EnglishUnitedStates\"\u003e \u003cinvoice_number begin\u003d\"571\" class\u003d\"extraction-tag ml-tag\" data-text\u003d\"PII9506\" data-value\u003d\"PII9506\" end\u003d\"578\" estimated-accuracy\u003d\"0.9827586206896551\" ml-tagorder\u003d\"1\" score\u003d\"0.6854309776775825\" style\u003d\"border: 2px solid rgb(125, 157, 1);\" tagorder\u003d\"1\"\u003ePII9506\u003c/invoice_number\u003e \u003c/formatting\u003e  \u003c/line\u003e  \u003c/par\u003e  \u003c/text\u003e  \u003c/td\u003e   \u003ctd colspan\u003d\"2\" h\u003d\"83\" w\u003d\"462\"\u003e \u003ctext xmlns\u003d\"http://ocr.crowdcomputingsystems.com/xml/schema-v1.xml\"\u003e \u003cpar align\u003d\"Center\" linespacing\u003d\"590\"\u003e \u003cline b\u003d\"398\" baseline\u003d\"398\" l\u003d\"2552\" r\u003d\"2721\" t\u003d\"365\"\u003e \u003cformatting lang\u003d\"EnglishUnitedStates\"\u003e \u003cinvoice_date begin\u003d\"595\" class\u003d\"extraction-tag ml-tag\" data-text\u003d\"08/29/96\" data-value\u003d\"08/29/1996\" end\u003d\"603\" estimated-accuracy\u003d\"1.0\" ml-tagorder\u003d\"2\" score\u003d\"0.734124585169787\" style\u003d\"border: 2px solid rgb(125, 157, 1);\" tagorder\u003d\"2\"\u003e08/29/96\u003c/invoice_date\u003e \u003c/formatting\u003e  \u003c/line\u003e  \u003c/par\u003e  \u003c/text\u003e  \u003c/td\u003e   \u003ctd h\u003d\"83\" w\u003d\"468\"\u003e \u003ctext xmlns\u003d\"http://ocr.crowdcomputingsystems.com/xml/schema-v1.xml\"\u003e \u003cpar align\u003d\"Center\" linespacing\u003d\"580\"\u003e \u003cline b\u003d\"398\" baseline\u003d\"398\" l\u003d\"3015\" r\u003d\"3185\" t\u003d\"366\"\u003e \u003cformatting lang\u003d\"EnglishUnitedStates\"\u003e 3518506 \u003c/formatting\u003e  \u003c/line\u003e  \u003c/par\u003e  \u003c/text\u003e  \u003c/td\u003e   \u003c/tr\u003e \n \u003ctr\u003e \u003ctd h\u003d\"61\" w\u003d\"462\"\u003e \u003ctext xmlns\u003d\"http://ocr.crowdcomputingsystems.com/xml/schema-v1.xml\"\u003e \u003cpar align\u003d\"Center\" linespacing\u003d\"520\"\u003e \u003cline b\u003d\"468\" baseline\u003d\"467\" l\u003d\"2070\" r\u003d\"2280\" t\u003d\"438\"\u003e \u003cformatting lang\u003d\"EnglishUnitedStates\"\u003e SUBTOTAL \u003c/formatting\u003e  \u003c/line\u003e  \u003c/par\u003e  \u003c/text\u003e  \u003c/td\u003e   \u003ctd colspan\u003d\"2\" h\u003d\"61\" w\u003d\"462\"\u003e \u003ctext xmlns\u003d\"http://ocr.crowdcomputingsystems.com/xml/schema-v1.xml\"\u003e \u003cpar align\u003d\"Center\" linespacing\u003d\"540\"\u003e \u003cline b\u003d\"468\" baseline\u003d\"468\" l\u003d\"2544\" r\u003d\"2727\" t\u003d\"438\"\u003e \u003cformatting lang\u003d\"EnglishUnitedStates\"\u003e SHIPPING \u003c/formatting\u003e  \u003c/line\u003e  \u003c/par\u003e  \u003c/text\u003e  \u003c/td\u003e   \u003ctd h\u003d\"61\" w\u003d\"468\"\u003e \u003ctext xmlns\u003d\"http://ocr.crowdcomputingsystems.com/xml/schema-v1.xml\"\u003e \u003cpar align\u003d\"Center\" linespacing\u003d\"540\"\u003e \u003cline b\u003d\"468\" baseline\u003d\"468\" l\u003d\"2992\" r\u003d\"3208\" t\u003d\"438\"\u003e \u003cformatting lang\u003d\"EnglishUnitedStates\"\u003e SALES TAX \u003c/formatting\u003e  \u003c/line\u003e  \u003c/par\u003e  \u003c/text\u003e  \u003c/td\u003e   \u003c/tr\u003e \n \u003ctr\u003e \u003ctd h\u003d\"84\" w\u003d\"462\"\u003e \u003ctext xmlns\u003d\"http://ocr.crowdcomputingsystems.com/xml/schema-v1.xml\"\u003e \u003cpar align\u003d\"Center\" linespacing\u003d\"630\"\u003e \u003cline b\u003d\"548\" baseline\u003d\"543\" l\u003d\"2097\" r\u003d\"2254\" t\u003d\"508\"\u003e \u003cformatting lang\u003d\"EnglishUnitedStates\"\u003e $744.95 \u003c/formatting\u003e  \u003c/line\u003e  \u003c/par\u003e  \u003c/text\u003e  \u003c/td\u003e   \u003ctd colspan\u003d\"2\" h\u003d\"84\" w\u003d\"462\"\u003e \u003ctext xmlns\u003d\"http://ocr.crowdcomputingsystems.com/xml/schema-v1.xml\"\u003e \u003cpar align\u003d\"Center\" linespacing\u003d\"630\"\u003e \u003cline b\u003d\"548\" baseline\u003d\"543\" l\u003d\"2570\" r\u003d\"2701\" t\u003d\"508\"\u003e \u003cformatting lang\u003d\"EnglishUnitedStates\"\u003e $19.03 \u003c/formatting\u003e  \u003c/line\u003e  \u003c/par\u003e  \u003c/text\u003e  \u003c/td\u003e   \u003ctd h\u003d\"84\" w\u003d\"468\"\u003e \u003ctext xmlns\u003d\"http://ocr.crowdcomputingsystems.com/xml/schema-v1.xml\"\u003e \u003cpar align\u003d\"Center\" linespacing\u003d\"630\"\u003e \u003cline b\u003d\"548\" baseline\u003d\"543\" l\u003d\"3034\" r\u003d\"3166\" t\u003d\"508\"\u003e \u003cformatting lang\u003d\"EnglishUnitedStates\"\u003e $979 \u003c/formatting\u003e  \u003c/line\u003e  \u003c/par\u003e  \u003c/text\u003e  \u003c/td\u003e   \u003c/tr\u003e \n \u003ctr\u003e \u003ctd colspan\u003d\"2\" h\u003d\"61\" w\u003d\"696\"\u003e \u003ctext xmlns\u003d\"http://ocr.crowdcomputingsystems.com/xml/schema-v1.xml\"\u003e \u003cpar align\u003d\"Center\" linespacing\u003d\"500\"\u003e \u003cline b\u003d\"612\" baseline\u003d\"611\" l\u003d\"2195\" r\u003d\"2389\" t\u003d\"583\"\u003e \u003cformatting lang\u003d\"EnglishUnitedStates\"\u003e DUE DATE \u003c/formatting\u003e  \u003c/line\u003e  \u003c/par\u003e  \u003c/text\u003e  \u003c/td\u003e   \u003ctd colspan\u003d\"2\" h\u003d\"61\" w\u003d\"696\"\u003e \u003ctext xmlns\u003d\"http://ocr.crowdcomputingsystems.com/xml/schema-v1.xml\"\u003e \u003cpar align\u003d\"Center\" linespacing\u003d\"590\"\u003e \u003cline b\u003d\"615\" baseline\u003d\"614\" l\u003d\"2837\" r\u003d\"3135\" t\u003d\"581\"\u003e \u003cformatting lang\u003d\"EnglishUnitedStates\"\u003e AMOUNT DUE \u003c/formatting\u003e  \u003c/line\u003e  \u003c/par\u003e  \u003c/text\u003e  \u003c/td\u003e   \u003c/tr\u003e \n \u003ctr\u003e \u003ctd colspan\u003d\"2\" h\u003d\"85\" w\u003d\"696\"\u003e \u003ctext xmlns\u003d\"http://ocr.crowdcomputingsystems.com/xml/schema-v1.xml\"\u003e \u003cpar align\u003d\"Center\" linespacing\u003d\"590\"\u003e \u003cline b\u003d\"687\" baseline\u003d\"687\" l\u003d\"2207\" r\u003d\"2376\" t\u003d\"654\"\u003e \u003cformatting lang\u003d\"EnglishUnitedStates\"\u003e 02/19/16 \u003c/formatting\u003e  \u003c/line\u003e  \u003c/par\u003e  \u003c/text\u003e  \u003c/td\u003e   \u003ctd colspan\u003d\"2\" h\u003d\"85\" w\u003d\"696\"\u003e \u003ctext xmlns\u003d\"http://ocr.crowdcomputingsystems.com/xml/schema-v1.xml\"\u003e \u003cpar align\u003d\"Center\" linespacing\u003d\"700\"\u003e \u003cline b\u003d\"695\" baseline\u003d\"690\" l\u003d\"2897\" r\u003d\"3075\" t\u003d\"651\"\u003e \u003cformatting lang\u003d\"EnglishUnitedStates\"\u003e $1834 \u003c/formatting\u003e  \u003c/line\u003e  \u003c/par\u003e  \u003c/text\u003e  \u003c/td\u003e   \u003c/tr\u003e \n \u003c/tbody\u003e\u003c/table\u003e\n \u003cblock b\u003d\"1303\" blockname\u003d\"\" blocktype\u003d\"Text\" l\u003d\"368\" r\u003d\"890\" style\u003d\"transform: translate(178px, 270px); position: absolute; width: 252.402px; height: 55.75px;\" t\u003d\"1080\"\u003e \u003cregion\u003e \u003crect b\u003d\"1303\" l\u003d\"368\" r\u003d\"890\" t\u003d\"1080\"\u003e\u003c/rect\u003e  \u003c/region\u003e  \u003ctext\u003e \u003cpar linespacing\u003d\"792\" rightindent\u003d\"7400\"\u003e \u003cline b\u003d\"1123\" baseline\u003d\"1117\" l\u003d\"378\" r\u003d\"710\" style\u003d\"transform: translate(5px, 2px); position: absolute;\" t\u003d\"1088\"\u003e \u003cformatting lang\u003d\"EnglishUnitedStates\"\u003e KHAN LTD. \u003c/formatting\u003e  \u003c/line\u003e  \u003cline b\u003d\"1162\" baseline\u003d\"1162\" l\u003d\"376\" r\u003d\"779\" style\u003d\"transform: translate(4px, 13px); position: absolute;\" t\u003d\"1132\"\u003e \u003cformatting lang\u003d\"EnglishUnitedStates\"\u003e ACCOUNTS PAYABLE \u003c/formatting\u003e  \u003c/line\u003e  \u003cline b\u003d\"1208\" baseline\u003d\"1206\" l\u003d\"379\" r\u003d\"882\" style\u003d\"transform: translate(5px, 24px); position: absolute;\" t\u003d\"1177\"\u003e \u003cformatting lang\u003d\"EnglishUnitedStates\"\u003e 1 UNIVERSITY SQUARE DR \u003c/formatting\u003e  \u003c/line\u003e  \u003cline b\u003d\"1251\" baseline\u003d\"1250\" l\u003d\"379\" r\u003d\"879\" style\u003d\"transform: translate(5px, 35px); position: absolute;\" t\u003d\"1221\"\u003e \u003cformatting lang\u003d\"EnglishUnitedStates\"\u003e PRINCETON NJ 08540-6492 \u003c/formatting\u003e  \u003c/line\u003e  \u003cline b\u003d\"1295\" baseline\u003d\"1294\" l\u003d\"378\" r\u003d\"454\" style\u003d\"transform: translate(5px, 46px); position: absolute;\" t\u003d\"1265\"\u003e \u003cformatting lang\u003d\"EnglishUnitedStates\"\u003e USA \u003c/formatting\u003e  \u003c/line\u003e  \u003c/par\u003e  \u003c/text\u003e  \u003c/block\u003e  \u003cblock b\u003d\"1211\" blockname\u003d\"\" blocktype\u003d\"Text\" l\u003d\"1938\" r\u003d\"2497\" style\u003d\"transform: translate(937px, 259px); position: absolute; width: 270.293px; height: 43.75px;\" t\u003d\"1036\"\u003e \u003cregion\u003e \u003crect b\u003d\"1211\" l\u003d\"1938\" r\u003d\"2497\" t\u003d\"1036\"\u003e\u003c/rect\u003e  \u003c/region\u003e  \u003ctext\u003e \u003cpar linespacing\u003d\"1008\"\u003e \u003cline b\u003d\"1082\" baseline\u003d\"1082\" l\u003d\"1946\" r\u003d\"2207\" style\u003d\"transform: translate(4px, 2px); position: absolute;\" t\u003d\"1044\"\u003e \u003cformatting lang\u003d\"EnglishUnitedStates\"\u003e Barnes PLC \u003c/formatting\u003e  \u003c/line\u003e  \u003cline b\u003d\"1137\" baseline\u003d\"1137\" l\u003d\"1949\" r\u003d\"2295\" style\u003d\"transform: translate(5px, 16px); position: absolute;\" t\u003d\"1099\"\u003e \u003cformatting lang\u003d\"EnglishUnitedStates\"\u003e P.O. Box 75723 \u003c/formatting\u003e  \u003c/line\u003e  \u003cline b\u003d\"1203\" baseline\u003d\"1193\" l\u003d\"1946\" r\u003d\"2489\" style\u003d\"transform: translate(4px, 30px); position: absolute;\" t\u003d\"1155\"\u003e \u003cformatting lang\u003d\"EnglishUnitedStates\"\u003e Chicago, IL 60675-5723 \u003c/formatting\u003e  \u003c/line\u003e  \u003c/par\u003e  \u003c/text\u003e  \u003c/block\u003e  \u003cblock b\u003d\"1381\" blockname\u003d\"\" blocktype\u003d\"Text\" l\u003d\"2034\" r\u003d\"3246\" style\u003d\"transform: translate(983px, 333px); position: absolute; width: 586.038px; height: 12.5px;\" t\u003d\"1331\"\u003e \u003cregion\u003e \u003crect b\u003d\"1381\" l\u003d\"2034\" r\u003d\"3246\" t\u003d\"1331\"\u003e\u003c/rect\u003e  \u003c/region\u003e  \u003ctext\u003e \u003cpar leftindent\u003d\"35100\" linespacing\u003d\"590\"\u003e \u003cline b\u003d\"1373\" baseline\u003d\"1372\" l\u003d\"2042\" r\u003d\"3238\" style\u003d\"transform: translate(4px, 2px); position: absolute;\" t\u003d\"1339\"\u003e \u003cformatting lang\u003d\"EnglishUnitedStates\"\u003e PLEASE RETURN THIS PORTION WITH YOUR PAYMENT \u003c/formatting\u003e  \u003c/line\u003e  \u003c/par\u003e  \u003c/text\u003e  \u003c/block\u003e  \u003cblock b\u003d\"1492\" blockname\u003d\"\" blocktype\u003d\"Text\" l\u003d\"168\" r\u003d\"472\" style\u003d\"transform: translate(81px, 363px); position: absolute; width: 146.993px; height: 10px;\" t\u003d\"1452\"\u003e \u003cregion\u003e \u003crect b\u003d\"1492\" l\u003d\"168\" r\u003d\"472\" t\u003d\"1452\"\u003e\u003c/rect\u003e  \u003c/region\u003e  \u003ctext\u003e \u003cpar linespacing\u003d\"520\"\u003e \u003cline b\u003d\"1487\" baseline\u003d\"1486\" l\u003d\"183\" r\u003d\"456\" style\u003d\"transform: translate(7px, 1px); position: absolute;\" t\u003d\"1457\"\u003e \u003cformatting lang\u003d\"EnglishUnitedStates\"\u003e INVOICE DATE \u003c/formatting\u003e  \u003c/line\u003e  \u003c/par\u003e  \u003c/text\u003e  \u003c/block\u003e  \u003cblock b\u003d\"1492\" blockname\u003d\"\" blocktype\u003d\"Text\" l\u003d\"830\" r\u003d\"1198\" style\u003d\"transform: translate(401px, 363px); position: absolute; width: 177.939px; height: 10px;\" t\u003d\"1452\"\u003e \u003cregion\u003e \u003crect b\u003d\"1492\" l\u003d\"830\" r\u003d\"1198\" t\u003d\"1452\"\u003e\u003c/rect\u003e  \u003c/region\u003e  \u003ctext\u003e \u003cpar linespacing\u003d\"520\"\u003e \u003cline b\u003d\"1487\" baseline\u003d\"1486\" l\u003d\"845\" r\u003d\"1182\" style\u003d\"transform: translate(7px, 1px); position: absolute;\" t\u003d\"1457\"\u003e \u003cformatting lang\u003d\"EnglishUnitedStates\"\u003e INVOICE NUMBER \u003c/formatting\u003e  \u003c/line\u003e  \u003c/par\u003e  \u003c/text\u003e  \u003c/block\u003e  \u003cblock b\u003d\"1492\" blockname\u003d\"\" blocktype\u003d\"Text\" l\u003d\"1986\" r\u003d\"2350\" style\u003d\"transform: translate(960px, 363px); position: absolute; width: 176.005px; height: 10px;\" t\u003d\"1452\"\u003e \u003cregion\u003e \u003crect b\u003d\"1492\" l\u003d\"1986\" r\u003d\"2350\" t\u003d\"1452\"\u003e\u003c/rect\u003e  \u003c/region\u003e  \u003ctext\u003e \u003cpar linespacing\u003d\"520\"\u003e \u003cline b\u003d\"1487\" baseline\u003d\"1486\" l\u003d\"2001\" r\u003d\"2334\" style\u003d\"transform: translate(7px, 1px); position: absolute;\" t\u003d\"1457\"\u003e \u003cformatting lang\u003d\"EnglishUnitedStates\"\u003e PAYMENT TERMS \u003c/formatting\u003e  \u003c/line\u003e  \u003c/par\u003e  \u003c/text\u003e  \u003c/block\u003e  \u003cblock b\u003d\"1492\" blockname\u003d\"\" blocktype\u003d\"Text\" l\u003d\"2986\" r\u003d\"3212\" style\u003d\"transform: translate(1444px, 363px); position: absolute; width: 109.278px; height: 10px;\" t\u003d\"1452\"\u003e \u003cregion\u003e \u003crect b\u003d\"1492\" l\u003d\"2986\" r\u003d\"3212\" t\u003d\"1452\"\u003e\u003c/rect\u003e  \u003c/region\u003e  \u003ctext\u003e \u003cpar linespacing\u003d\"500\"\u003e \u003cline b\u003d\"1487\" baseline\u003d\"1486\" l\u003d\"3001\" r\u003d\"3195\" style\u003d\"transform: translate(7px, 2px); position: absolute;\" t\u003d\"1458\"\u003e \u003cformatting lang\u003d\"EnglishUnitedStates\"\u003e DUE DATE \u003c/formatting\u003e  \u003c/line\u003e  \u003c/par\u003e  \u003c/text\u003e  \u003c/block\u003e  \u003cblock b\u003d\"1556\" blockname\u003d\"\" blocktype\u003d\"Text\" l\u003d\"230\" r\u003d\"410\" style\u003d\"transform: translate(111px, 379px); position: absolute; width: 87.0353px; height: 10px;\" t\u003d\"1516\"\u003e \u003cregion\u003e \u003crect b\u003d\"1556\" l\u003d\"230\" r\u003d\"410\" t\u003d\"1516\"\u003e\u003c/rect\u003e  \u003c/region\u003e  \u003ctext\u003e \u003cpar linespacing\u003d\"520\"\u003e \u003cline b\u003d\"1551\" baseline\u003d\"1551\" l\u003d\"246\" r\u003d\"393\" style\u003d\"transform: translate(8px, 2px); position: absolute;\" t\u003d\"1522\"\u003e \u003cformatting lang\u003d\"EnglishUnitedStates\"\u003e 08/29/96 \u003c/formatting\u003e  \u003c/line\u003e  \u003c/par\u003e  \u003c/text\u003e  \u003c/block\u003e  \u003cblock b\u003d\"1556\" blockname\u003d\"\" blocktype\u003d\"Text\" l\u003d\"916\" r\u003d\"1114\" style\u003d\"transform: translate(443px, 379px); position: absolute; width: 95.7388px; height: 10px;\" t\u003d\"1516\"\u003e \u003cregion\u003e \u003crect b\u003d\"1556\" l\u003d\"916\" r\u003d\"1114\" t\u003d\"1516\"\u003e\u003c/rect\u003e  \u003c/region\u003e  \u003ctext\u003e \u003cpar linespacing\u003d\"540\"\u003e \u003cline b\u003d\"1552\" baseline\u003d\"1551\" l\u003d\"932\" r\u003d\"1098\" style\u003d\"transform: translate(8px, 1px); position: absolute;\" t\u003d\"1521\"\u003e \u003cformatting lang\u003d\"EnglishUnitedStates\"\u003e PII9506 \u003c/formatting\u003e  \u003c/line\u003e  \u003c/par\u003e  \u003c/text\u003e  \u003c/block\u003e  \u003cblock b\u003d\"1562\" blockname\u003d\"\" blocktype\u003d\"Text\" l\u003d\"2048\" r\u003d\"2288\" style\u003d\"transform: translate(990px, 379px); position: absolute; width: 116.047px; height: 12px;\" t\u003d\"1514\"\u003e \u003cregion\u003e \u003crect b\u003d\"1562\" l\u003d\"2048\" r\u003d\"2288\" t\u003d\"1514\"\u003e\u003c/rect\u003e  \u003c/region\u003e  \u003ctext\u003e \u003cpar linespacing\u003d\"520\"\u003e \u003cline b\u003d\"1558\" baseline\u003d\"1551\" l\u003d\"2063\" r\u003d\"2272\" style\u003d\"transform: translate(7px, 2px); position: absolute;\" t\u003d\"1522\"\u003e \u003cformatting lang\u003d\"EnglishUnitedStates\"\u003e Net 45 Days \u003c/formatting\u003e  \u003c/line\u003e  \u003c/par\u003e  \u003c/text\u003e  \u003c/block\u003e  \u003cblock b\u003d\"1556\" blockname\u003d\"\" blocktype\u003d\"Text\" l\u003d\"3008\" r\u003d\"3188\" style\u003d\"transform: translate(1454px, 379px); position: absolute; width: 87.0353px; height: 10px;\" t\u003d\"1516\"\u003e \u003cregion\u003e \u003crect b\u003d\"1556\" l\u003d\"3008\" r\u003d\"3188\" t\u003d\"1516\"\u003e\u003c/rect\u003e  \u003c/region\u003e  \u003ctext\u003e \u003cpar linespacing\u003d\"520\"\u003e \u003cline b\u003d\"1551\" baseline\u003d\"1551\" l\u003d\"3024\" r\u003d\"3171\" style\u003d\"transform: translate(8px, 2px); position: absolute;\" t\u003d\"1522\"\u003e \u003cformatting lang\u003d\"EnglishUnitedStates\"\u003e 02/19/16 \u003c/formatting\u003e  \u003c/line\u003e  \u003c/par\u003e  \u003c/text\u003e  \u003c/block\u003e  \u003cblock b\u003d\"1620\" blockname\u003d\"\" blocktype\u003d\"Text\" l\u003d\"178\" r\u003d\"462\" style\u003d\"transform: translate(86px, 395px); position: absolute; width: 137.322px; height: 10px;\" t\u003d\"1580\"\u003e \u003cregion\u003e \u003crect b\u003d\"1620\" l\u003d\"178\" r\u003d\"462\" t\u003d\"1580\"\u003e\u003c/rect\u003e  \u003c/region\u003e  \u003ctext\u003e \u003cpar linespacing\u003d\"520\"\u003e \u003cline b\u003d\"1615\" baseline\u003d\"1614\" l\u003d\"193\" r\u003d\"446\" style\u003d\"transform: translate(7px, 1px); position: absolute;\" t\u003d\"1585\"\u003e \u003cformatting lang\u003d\"EnglishUnitedStates\"\u003e ORDER DATE \u003c/formatting\u003e  \u003c/line\u003e  \u003c/par\u003e  \u003c/text\u003e  \u003c/block\u003e  \u003cblock b\u003d\"1620\" blockname\u003d\"\" blocktype\u003d\"Text\" l\u003d\"1014\" r\u003d\"1210\" style\u003d\"transform: translate(490px, 395px); position: absolute; width: 94.7718px; height: 10px;\" t\u003d\"1580\"\u003e \u003cregion\u003e \u003crect b\u003d\"1620\" l\u003d\"1014\" r\u003d\"1210\" t\u003d\"1580\"\u003e\u003c/rect\u003e  \u003c/region\u003e  \u003ctext\u003e \u003cpar linespacing\u003d\"520\"\u003e \u003cline b\u003d\"1615\" baseline\u003d\"1614\" l\u003d\"1029\" r\u003d\"1193\" style\u003d\"transform: translate(7px, 1px); position: absolute;\" t\u003d\"1585\"\u003e \u003cformatting lang\u003d\"EnglishUnitedStates\"\u003e SHIP VIA \u003c/formatting\u003e  \u003c/line\u003e  \u003c/par\u003e  \u003c/text\u003e  \u003c/block\u003e  \u003cblock b\u003d\"1620\" blockname\u003d\"\" blocktype\u003d\"Text\" l\u003d\"1976\" r\u003d\"2554\" style\u003d\"transform: translate(955px, 395px); position: absolute; width: 279.48px; height: 10px;\" t\u003d\"1580\"\u003e \u003cregion\u003e \u003crect b\u003d\"1620\" l\u003d\"1976\" r\u003d\"2554\" t\u003d\"1580\"\u003e\u003c/rect\u003e  \u003c/region\u003e  \u003ctext\u003e \u003cpar linespacing\u003d\"520\"\u003e \u003cline b\u003d\"1615\" baseline\u003d\"1614\" l\u003d\"1991\" r\u003d\"2537\" style\u003d\"transform: translate(7px, 1px); position: absolute;\" t\u003d\"1585\"\u003e \u003cformatting lang\u003d\"EnglishUnitedStates\"\u003e PURCHASE ORDER NUMBER \u003c/formatting\u003e  \u003c/line\u003e  \u003c/par\u003e  \u003c/text\u003e  \u003c/block\u003e  \u003cblock b\u003d\"1620\" blockname\u003d\"\" blocktype\u003d\"Text\" l\u003d\"2882\" r\u003d\"3314\" style\u003d\"transform: translate(1394px, 395px); position: absolute; width: 208.885px; height: 10px;\" t\u003d\"1580\"\u003e \u003cregion\u003e \u003crect b\u003d\"1620\" l\u003d\"2882\" r\u003d\"3314\" t\u003d\"1580\"\u003e\u003c/rect\u003e  \u003c/region\u003e  \u003ctext\u003e \u003cpar linespacing\u003d\"520\"\u003e \u003cline b\u003d\"1615\" baseline\u003d\"1614\" l\u003d\"2897\" r\u003d\"3297\" style\u003d\"transform: translate(7px, 1px); position: absolute;\" t\u003d\"1585\"\u003e \u003cformatting lang\u003d\"EnglishUnitedStates\"\u003e CUSTOMER NUMBER \u003c/formatting\u003e  \u003c/line\u003e  \u003c/par\u003e  \u003c/text\u003e  \u003c/block\u003e  \u003cblock b\u003d\"1684\" blockname\u003d\"\" blocktype\u003d\"Text\" l\u003d\"232\" r\u003d\"410\" style\u003d\"transform: translate(112px, 411px); position: absolute; width: 86.0682px; height: 10px;\" t\u003d\"1644\"\u003e \u003cregion\u003e \u003crect b\u003d\"1684\" l\u003d\"232\" r\u003d\"410\" t\u003d\"1644\"\u003e\u003c/rect\u003e  \u003c/region\u003e  \u003ctext\u003e \u003cpar linespacing\u003d\"520\"\u003e \u003cline b\u003d\"1679\" baseline\u003d\"1679\" l\u003d\"248\" r\u003d\"393\" style\u003d\"transform: translate(8px, 2px); position: absolute;\" t\u003d\"1650\"\u003e \u003cformatting lang\u003d\"EnglishUnitedStates\"\u003e 12/15/15 \u003c/formatting\u003e  \u003c/line\u003e  \u003c/par\u003e  \u003c/text\u003e  \u003c/block\u003e  \u003cblock b\u003d\"1684\" blockname\u003d\"\" blocktype\u003d\"Text\" l\u003d\"964\" r\u003d\"1260\" style\u003d\"transform: translate(466px, 411px); position: absolute; width: 143.125px; height: 10px;\" t\u003d\"1644\"\u003e \u003cregion\u003e \u003crect b\u003d\"1684\" l\u003d\"964\" r\u003d\"1260\" t\u003d\"1644\"\u003e\u003c/rect\u003e  \u003c/region\u003e  \u003ctext\u003e \u003cpar linespacing\u003d\"540\"\u003e \u003cline b\u003d\"1679\" baseline\u003d\"1679\" l\u003d\"980\" r\u003d\"1244\" style\u003d\"transform: translate(8px, 1px); position: absolute;\" t\u003d\"1649\"\u003e \u003cformatting lang\u003d\"EnglishUnitedStates\"\u003e FEDEX Ground \u003c/formatting\u003e  \u003c/line\u003e  \u003c/par\u003e  \u003c/text\u003e  \u003c/block\u003e  \u003cblock b\u003d\"1684\" blockname\u003d\"\" blocktype\u003d\"Text\" l\u003d\"2196\" r\u003d\"2332\" style\u003d\"transform: translate(1062px, 411px); position: absolute; width: 65.76px; height: 10px;\" t\u003d\"1644\"\u003e \u003cregion\u003e \u003crect b\u003d\"1684\" l\u003d\"2196\" r\u003d\"2332\" t\u003d\"1644\"\u003e\u003c/rect\u003e  \u003c/region\u003e  \u003ctext\u003e \u003cpar linespacing\u003d\"520\"\u003e \u003cline b\u003d\"1679\" baseline\u003d\"1679\" l\u003d\"2211\" r\u003d\"2316\" style\u003d\"transform: translate(7px, 2px); position: absolute;\" t\u003d\"1650\"\u003e \u003cformatting lang\u003d\"EnglishUnitedStates\"\u003e 23575 \u003c/formatting\u003e  \u003c/line\u003e  \u003c/par\u003e  \u003c/text\u003e  \u003c/block\u003e  \u003cblock b\u003d\"1684\" blockname\u003d\"\" blocktype\u003d\"Text\" l\u003d\"3008\" r\u003d\"3188\" style\u003d\"transform: translate(1454px, 411px); position: absolute; width: 87.0353px; height: 10px;\" t\u003d\"1644\"\u003e \u003cregion\u003e \u003crect b\u003d\"1684\" l\u003d\"3008\" r\u003d\"3188\" t\u003d\"1644\"\u003e\u003c/rect\u003e  \u003c/region\u003e  \u003ctext\u003e \u003cpar linespacing\u003d\"520\"\u003e \u003cline b\u003d\"1679\" baseline\u003d\"1679\" l\u003d\"3023\" r\u003d\"3171\" style\u003d\"transform: translate(7px, 2px); position: absolute;\" t\u003d\"1650\"\u003e \u003cformatting lang\u003d\"EnglishUnitedStates\"\u003e 3518506 \u003c/formatting\u003e  \u003c/line\u003e  \u003c/par\u003e  \u003c/text\u003e  \u003c/block\u003e  \u003cblock b\u003d\"1766\" blockname\u003d\"\" blocktype\u003d\"Text\" l\u003d\"168\" r\u003d\"0\" style\u003d\"transform: translate(81px, 428px); position: absolute; height: 14px;\" t\u003d\"1710\"\u003e \u003ctable class\u003d\"eddie_custom_table\" style\u003d\"position: absolute; width: 1495.2px;\"\u003e \u003ctbody\u003e\u003ctr\u003e  \u003ctd style\u003d\"width: 12%;\"\u003e ITEM NUMBER \u003c/td\u003e   \u003ctd style\u003d\"width: 46%; text-align: center;\"\u003e DESCRIPTION \u003c/td\u003e   \u003ctd style\u003d\"width: 5%;\"\u003e QTY ORD \u003c/td\u003e   \u003ctd style\u003d\"width: 5%;\"\u003e QTY SHIP \u003c/td\u003e   \u003ctd style\u003d\"width: 5%;\"\u003e QTY B/O \u003c/td\u003e   \u003ctd style\u003d\"width: 12%; text-align: right\"\u003e UNIT PRICE \u003c/td\u003e   \u003ctd style\u003d\"width: 15%; text-align: center;\"\u003e TOTAL \u003c/td\u003e   \u003c/tr\u003e \n \u003ctr style\u003d\"vertical-align: top\"\u003e \u003ctd style\u003d\"width: 12%; text-align: left; padding-left: 2%;\"\u003e 3221491 \u003c/td\u003e   \u003ctd style\u003d\"width: 46%; text-align: left;\"\u003e\u003cproduct begin\u003d\"1788\" class\u003d\"extraction-tag ml-tag\" data-text\u003d\"Exercitationem sit nam labore nesciunt. Exercitationem sit nam labore nesciunt. Quidem cupiditate eligendi.\" data-value\u003d\"Exercitationem sit nam labore nesciunt. Exercitationem sit nam labore nesciunt. Quidem cupiditate eligendi.\" end\u003d\"1895\" estimated-accuracy\u003d\"0.8149466192170819\" ml-tagorder\u003d\"3\" score\u003d\"0.4705964588950559\" style\u003d\"border: 2px solid rgb(125, 157, 1);\" tagorder\u003d\"3\"\u003eExercitationem sit nam labore nesciunt. Exercitationem sit nam labore nesciunt. Quidem cupiditate eligendi.\u003c/product\u003e\u003c/td\u003e   \u003ctd style\u003d\"width: 5%;\"\u003e \u003c/td\u003e   \u003ctd style\u003d\"width: 5%;\"\u003e \u003c/td\u003e   \u003ctd style\u003d\"width: 5%;\"\u003e \u003c/td\u003e   \u003ctd style\u003d\"width: 12%; text-align: right\"\u003e\u003cprice begin\u003d\"1910\" class\u003d\"extraction-tag ml-tag\" data-text\u003d\"55.99\" data-value\u003d\"55.99\" end\u003d\"1915\" estimated-accuracy\u003d\"0.9387315264080694\" ml-tagorder\u003d\"4\" score\u003d\"0.6217640979978311\" style\u003d\"border: 2px solid rgb(125, 157, 1);\" tagorder\u003d\"4\"\u003e55.99\u003c/price\u003e\u003c/td\u003e   \u003ctd style\u003d\"width: 15%; text-align: right;\"\u003e 21.62 \u003c/td\u003e   \u003c/tr\u003e \n \u003c/tbody\u003e\u003c/table\u003e\n  \u003c/block\u003e        \u003cblock b\u003d\"3572\" blockname\u003d\"\" blocktype\u003d\"Text\" l\u003d\"362\" r\u003d\"3068\" style\u003d\"transform: translate(175px, 789px); position: absolute; width: 1308.43px; height: 104px;\" t\u003d\"3156\"\u003e \u003cregion\u003e \u003crect b\u003d\"3572\" l\u003d\"362\" r\u003d\"3068\" t\u003d\"3156\"\u003e\u003c/rect\u003e  \u003c/region\u003e  \u003ctext\u003e \u003cpar align\u003d\"Center\" linespacing\u003d\"700\"\u003e \u003cline b\u003d\"3204\" baseline\u003d\"3203\" l\u003d\"1559\" r\u003d\"1856\" style\u003d\"transform: translate(579px, 2px); position: absolute;\" t\u003d\"3164\"\u003e \u003cformatting lang\u003d\"EnglishUnitedStates\"\u003e GO GREENS \u003c/formatting\u003e  \u003c/line\u003e  \u003c/par\u003e  \u003cpar align\u003d\"Center\" linespacing\u003d\"900\"\u003e \u003cline b\u003d\"3275\" baseline\u003d\"3265\" l\u003d\"392\" r\u003d\"3051\" style\u003d\"transform: translate(15px, 18px); position: absolute;\" t\u003d\"3227\"\u003e \u003cformatting lang\u003d\"EnglishUnitedStates\"\u003e CDW is happy to announce that paperless billing is now availablel If you would like to start receiving your invoices as an \u003c/formatting\u003e  \u003c/line\u003e  \u003cline b\u003d\"3325\" baseline\u003d\"3314\" l\u003d\"418\" r\u003d\"2999\" style\u003d\"transform: translate(27px, 30px); position: absolute;\" t\u003d\"3277\"\u003e \u003cformatting lang\u003d\"EnglishUnitedStates\"\u003e emailed PDF, please email CDW at paperlessbilling@cdw.com. Please include your Customer number or an Invoice \u003c/formatting\u003e  \u003c/line\u003e  \u003c/par\u003e  \u003cpar align\u003d\"Center\" linespacing\u003d\"900\"\u003e \u003cline b\u003d\"3375\" baseline\u003d\"3364\" l\u003d\"1239\" r\u003d\"2178\" style\u003d\"transform: translate(424px, 43px); position: absolute;\" t\u003d\"3327\"\u003e \u003cformatting lang\u003d\"EnglishUnitedStates\"\u003e number in your email for faster processing. \u003c/formatting\u003e  \u003c/line\u003e  \u003c/par\u003e  \u003cpar align\u003d\"Center\" linespacing\u003d\"670\"\u003e \u003cline b\u003d\"3445\" baseline\u003d\"3444\" l\u003d\"721\" r\u003d\"2696\" style\u003d\"transform: translate(174px, 63px); position: absolute;\" t\u003d\"3407\"\u003e \u003cformatting lang\u003d\"EnglishUnitedStates\"\u003e REDUCE PROCESSING COSTS AND ELIMINATE THE HASSLE OF PAPER CHECKS1 \u003c/formatting\u003e  \u003c/line\u003e  \u003c/par\u003e  \u003cpar align\u003d\"Center\" linespacing\u003d\"900\"\u003e \u003cline b\u003d\"3517\" baseline\u003d\"3507\" l\u003d\"377\" r\u003d\"3042\" style\u003d\"transform: translate(7px, 78px); position: absolute;\" t\u003d\"3469\"\u003e \u003cformatting lang\u003d\"EnglishUnitedStates\"\u003e Begin transmitting your payments electronically via ACH using CDW\u0026rsquo;s bank and remittance information located at the top \u003c/formatting\u003e  \u003c/line\u003e  \u003cline b\u003d\"3567\" baseline\u003d\"3557\" l\u003d\"858\" r\u003d\"2556\" style\u003d\"transform: translate(240px, 91px); position: absolute;\" t\u003d\"3519\"\u003e \u003cformatting lang\u003d\"EnglishUnitedStates\"\u003e of the attached payment coupon. Email credit@cdw.com with any questions. \u003c/formatting\u003e  \u003c/line\u003e  \u003c/par\u003e  \u003c/text\u003e  \u003c/block\u003e  \u003cregion xmlns\u003d\"http://ocr.crowdcomputingsystems.com/xml/schema-v1.xml\"\u003e \u003crect b\u003d\"4019\" l\u003d\"2248\" r\u003d\"3335\" t\u003d\"3637\"\u003e\u003c/rect\u003e  \u003c/region\u003e \u003ctable b\u003d\"4019\" blockname\u003d\"\" blocktype\u003d\"Table\" l\u003d\"2248\" r\u003d\"3335\" style\u003d\"transform: translate(1087px, 909px); position: absolute;\" t\u003d\"3637\" xmlns\u003d\"\"\u003e \u003ctbody\u003e\u003ctr\u003e \u003ctd h\u003d\"96\" w\u003d\"669\"\u003e \u003ctext xmlns\u003d\"http://ocr.crowdcomputingsystems.com/xml/schema-v1.xml\"\u003e \u003cpar align\u003d\"Center\" linespacing\u003d\"590\"\u003e \u003cline b\u003d\"3704\" baseline\u003d\"3703\" l\u003d\"2468\" r\u003d\"2700\" t\u003d\"3670\"\u003e \u003cformatting lang\u003d\"EnglishUnitedStates\"\u003e SUBTOTAL \u003c/formatting\u003e  \u003c/line\u003e  \u003c/par\u003e  \u003c/text\u003e  \u003c/td\u003e   \u003ctd h\u003d\"96\" w\u003d\"418\"\u003e \u003ctext xmlns\u003d\"http://ocr.crowdcomputingsystems.com/xml/schema-v1.xml\"\u003e \u003cpar align\u003d\"Right\" linespacing\u003d\"630\"\u003e \u003cline b\u003d\"3709\" baseline\u003d\"3704\" l\u003d\"3168\" r\u003d\"3326\" t\u003d\"3669\"\u003e \u003cformatting lang\u003d\"EnglishUnitedStates\"\u003e $744.95 \u003c/formatting\u003e  \u003c/line\u003e  \u003c/par\u003e  \u003c/text\u003e  \u003c/td\u003e   \u003c/tr\u003e \n \u003ctr\u003e \u003ctd h\u003d\"95\" w\u003d\"669\"\u003e \u003ctext xmlns\u003d\"http://ocr.crowdcomputingsystems.com/xml/schema-v1.xml\"\u003e \u003cpar align\u003d\"Center\" linespacing\u003d\"610\"\u003e \u003cline b\u003d\"3798\" baseline\u003d\"3798\" l\u003d\"2479\" r\u003d\"2686\" t\u003d\"3764\"\u003e \u003cformatting lang\u003d\"EnglishUnitedStates\"\u003e SHIPPING \u003c/formatting\u003e  \u003c/line\u003e  \u003c/par\u003e  \u003c/text\u003e  \u003c/td\u003e   \u003ctd h\u003d\"95\" w\u003d\"418\"\u003e \u003ctext xmlns\u003d\"http://ocr.crowdcomputingsystems.com/xml/schema-v1.xml\"\u003e \u003cpar align\u003d\"Right\" linespacing\u003d\"630\"\u003e \u003cline b\u003d\"3803\" baseline\u003d\"3798\" l\u003d\"3193\" r\u003d\"3326\" t\u003d\"3763\"\u003e \u003cformatting lang\u003d\"EnglishUnitedStates\"\u003e $19.03 \u003c/formatting\u003e  \u003c/line\u003e  \u003c/par\u003e  \u003c/text\u003e  \u003c/td\u003e   \u003c/tr\u003e \n \u003ctr\u003e \u003ctd h\u003d\"94\" w\u003d\"669\"\u003e \u003ctext xmlns\u003d\"http://ocr.crowdcomputingsystems.com/xml/schema-v1.xml\"\u003e \u003cpar align\u003d\"Center\" linespacing\u003d\"610\"\u003e \u003cline b\u003d\"3893\" baseline\u003d\"3893\" l\u003d\"2464\" r\u003d\"2703\" t\u003d\"3859\"\u003e \u003cformatting lang\u003d\"EnglishUnitedStates\"\u003e SALES TAX \u003c/formatting\u003e  \u003c/line\u003e  \u003c/par\u003e  \u003c/text\u003e  \u003c/td\u003e   \u003ctd h\u003d\"94\" w\u003d\"418\"\u003e \u003ctext xmlns\u003d\"http://ocr.crowdcomputingsystems.com/xml/schema-v1.xml\"\u003e \u003cpar align\u003d\"Right\" linespacing\u003d\"630\"\u003e \u003cline b\u003d\"3898\" baseline\u003d\"3893\" l\u003d\"3193\" r\u003d\"3326\" t\u003d\"3858\"\u003e \u003cformatting lang\u003d\"EnglishUnitedStates\"\u003e $979 \u003c/formatting\u003e  \u003c/line\u003e  \u003c/par\u003e  \u003c/text\u003e  \u003c/td\u003e   \u003c/tr\u003e \n \u003ctr\u003e \u003ctd h\u003d\"97\" w\u003d\"669\"\u003e \u003ctext xmlns\u003d\"http://ocr.crowdcomputingsystems.com/xml/schema-v1.xml\"\u003e \u003cpar align\u003d\"Center\" linespacing\u003d\"590\"\u003e \u003cline b\u003d\"3987\" baseline\u003d\"3986\" l\u003d\"2434\" r\u003d\"2732\" t\u003d\"3953\"\u003e \u003cformatting lang\u003d\"EnglishUnitedStates\"\u003e AMOUNT DUE \u003c/formatting\u003e  \u003c/line\u003e  \u003c/par\u003e  \u003c/text\u003e  \u003c/td\u003e   \u003ctd h\u003d\"97\" w\u003d\"418\"\u003e \u003ctext xmlns\u003d\"http://ocr.crowdcomputingsystems.com/xml/schema-v1.xml\"\u003e \u003cpar align\u003d\"Right\" linespacing\u003d\"630\"\u003e \u003cline b\u003d\"3992\" baseline\u003d\"3987\" l\u003d\"3168\" r\u003d\"3326\" t\u003d\"3952\"\u003e \u003cformatting lang\u003d\"EnglishUnitedStates\"\u003e $\u003ctotal_amount begin\u003d\"2749\" class\u003d\"extraction-tag ml-tag\" data-text\u003d\"1834\" data-value\u003d\"1834.00\" end\u003d\"2753\" estimated-accuracy\u003d\"0.9591836734693877\" ml-tagorder\u003d\"5\" score\u003d\"0.6965093891318874\" style\u003d\"border: 2px solid rgb(125, 157, 1);\" tagorder\u003d\"5\"\u003e1834\u003c/total_amount\u003e \u003c/formatting\u003e  \u003c/line\u003e  \u003c/par\u003e  \u003c/text\u003e  \u003c/td\u003e   \u003c/tr\u003e \n \u003c/tbody\u003e\u003c/table\u003e\n \u003cblock b\u003d\"3694\" blockname\u003d\"\" blocktype\u003d\"Text\" l\u003d\"378\" r\u003d\"872\" style\u003d\"transform: translate(183px, 913px); position: absolute; width: 238.864px; height: 11px;\" t\u003d\"3650\"\u003e \u003cregion\u003e \u003crect b\u003d\"3694\" l\u003d\"378\" r\u003d\"872\" t\u003d\"3650\"\u003e\u003c/rect\u003e  \u003c/region\u003e  \u003ctext\u003e \u003cpar linespacing\u003d\"590\"\u003e \u003cline b\u003d\"3690\" baseline\u003d\"3689\" l\u003d\"394\" r\u003d\"855\" style\u003d\"transform: translate(8px, 2px); position: absolute;\" t\u003d\"3656\"\u003e \u003cformatting lang\u003d\"EnglishUnitedStates\"\u003e ACCOUNT MANAGER \u003c/formatting\u003e  \u003c/line\u003e  \u003c/par\u003e  \u003c/text\u003e  \u003c/block\u003e  \u003cblock b\u003d\"3876\" blockname\u003d\"\" blocktype\u003d\"Text\" l\u003d\"90\" r\u003d\"546\" style\u003d\"transform: translate(44px, 929px); position: absolute; width: 220.489px; height: 40.5px;\" t\u003d\"3714\"\u003e \u003cregion\u003e \u003crect b\u003d\"3876\" l\u003d\"90\" r\u003d\"546\" t\u003d\"3714\"\u003e\u003c/rect\u003e  \u003c/region\u003e  \u003ctext\u003e \u003cpar linespacing\u003d\"1008\"\u003e \u003cline b\u003d\"3751\" baseline\u003d\"3750\" l\u003d\"95\" r\u003d\"529\" style\u003d\"transform: translate(2px, 1px); position: absolute;\" t\u003d\"3717\"\u003e \u003cformatting lang\u003d\"EnglishUnitedStates\"\u003e JONATHAN HUNTER \u003c/formatting\u003e  \u003c/line\u003e  \u003c/par\u003e  \u003cpar linespacing\u003d\"1008\"\u003e \u003cline b\u003d\"3807\" baseline\u003d\"3806\" l\u003d\"95\" r\u003d\"369\" style\u003d\"transform: translate(2px, 15px); position: absolute;\" t\u003d\"3775\"\u003e \u003cformatting lang\u003d\"EnglishUnitedStates\"\u003e 312-705-4807 \u003c/formatting\u003e  \u003c/line\u003e  \u003c/par\u003e  \u003cpar linespacing\u003d\"1008\"\u003e \u003cline b\u003d\"3871\" baseline\u003d\"3861\" l\u003d\"93\" r\u003d\"470\" style\u003d\"transform: translate(1px, 29px); position: absolute;\" t\u003d\"3828\"\u003e \u003cformatting lang\u003d\"EnglishUnitedStates\"\u003e jonahun@cdw.com \u003c/formatting\u003e  \u003c/line\u003e  \u003c/par\u003e  \u003c/text\u003e  \u003c/block\u003e  \u003cblock b\u003d\"3934\" blockname\u003d\"\" blocktype\u003d\"Text\" l\u003d\"346\" r\u003d\"904\" style\u003d\"transform: translate(167px, 972px); position: absolute; width: 269.809px; height: 11.5px;\" t\u003d\"3888\"\u003e \u003cregion\u003e \u003crect b\u003d\"3934\" l\u003d\"346\" r\u003d\"904\" t\u003d\"3888\"\u003e\u003c/rect\u003e  \u003c/region\u003e  \u003ctext\u003e \u003cpar linespacing\u003d\"590\"\u003e \u003cline b\u003d\"3929\" baseline\u003d\"3928\" l\u003d\"362\" r\u003d\"887\" style\u003d\"transform: translate(8px, 2px); position: absolute;\" t\u003d\"3895\"\u003e \u003cformatting lang\u003d\"EnglishUnitedStates\"\u003e SALES ORDER NUMBER \u003c/formatting\u003e  \u003c/line\u003e  \u003c/par\u003e  \u003c/text\u003e  \u003c/block\u003e  \u003cblock b\u003d\"4000\" blockname\u003d\"\" blocktype\u003d\"Text\" l\u003d\"508\" r\u003d\"744\" style\u003d\"transform: translate(246px, 989px); position: absolute; width: 114.113px; height: 11.5px;\" t\u003d\"3954\"\u003e \u003cregion\u003e \u003crect b\u003d\"4000\" l\u003d\"508\" r\u003d\"744\" t\u003d\"3954\"\u003e\u003c/rect\u003e  \u003c/region\u003e  \u003ctext\u003e \u003cpar linespacing\u003d\"610\"\u003e \u003cline b\u003d\"3995\" baseline\u003d\"3995\" l\u003d\"523\" r\u003d\"727\" style\u003d\"transform: translate(7px, 2px); position: absolute;\" t\u003d\"3961\"\u003e \u003cformatting lang\u003d\"EnglishUnitedStates\"\u003e GRKM368 \u003c/formatting\u003e  \u003c/line\u003e  \u003c/par\u003e  \u003c/text\u003e  \u003c/block\u003e  \u003cblock b\u003d\"3694\" blockname\u003d\"\" blocktype\u003d\"Text\" l\u003d\"1466\" r\u003d\"1950\" style\u003d\"transform: translate(709px, 913px); position: absolute; width: 234.028px; height: 11px;\" t\u003d\"3650\"\u003e \u003cregion\u003e \u003crect b\u003d\"3694\" l\u003d\"1466\" r\u003d\"1950\" t\u003d\"3650\"\u003e\u003c/rect\u003e  \u003c/region\u003e  \u003ctext\u003e \u003cpar linespacing\u003d\"610\"\u003e \u003cline b\u003d\"3690\" baseline\u003d\"3690\" l\u003d\"1481\" r\u003d\"1934\" style\u003d\"transform: translate(7px, 2px); position: absolute;\" t\u003d\"3656\"\u003e \u003cformatting lang\u003d\"EnglishUnitedStates\"\u003e SHIPPING ADDRESS: \u003c/formatting\u003e  \u003c/line\u003e  \u003c/par\u003e  \u003c/text\u003e  \u003c/block\u003e  \u003cblock b\u003d\"3888\" blockname\u003d\"\" blocktype\u003d\"Text\" l\u003d\"1176\" r\u003d\"1938\" style\u003d\"transform: translate(569px, 929px); position: absolute; width: 368.449px; height: 43.5px;\" t\u003d\"3714\"\u003e \u003cregion\u003e \u003crect b\u003d\"3888\" l\u003d\"1176\" r\u003d\"1938\" t\u003d\"3714\"\u003e\u003c/rect\u003e  \u003c/region\u003e  \u003ctext\u003e \u003cpar linespacing\u003d\"792\"\u003e \u003cline b\u003d\"3751\" baseline\u003d\"3750\" l\u003d\"1181\" r\u003d\"1451\" style\u003d\"transform: translate(2px, 1px); position: absolute;\" t\u003d\"3717\"\u003e \u003cformatting lang\u003d\"EnglishUnitedStates\"\u003e KHAN LTD \u003c/formatting\u003e  \u003c/line\u003e  \u003c/par\u003e  \u003cpar linespacing\u003d\"792\"\u003e \u003cline b\u003d\"3795\" baseline\u003d\"3794\" l\u003d\"1182\" r\u003d\"1519\" style\u003d\"transform: translate(3px, 12px); position: absolute;\" t\u003d\"3761\"\u003e \u003cformatting lang\u003d\"EnglishUnitedStates\"\u003e PHILLIP MUNAO \u003c/formatting\u003e  \u003c/line\u003e  \u003c/par\u003e  \u003c/text\u003e  \u003c/block\u003e  \u003cblock b\u003d\"4234\" blockname\u003d\"\" blocktype\u003d\"Text\" l\u003d\"162\" r\u003d\"383\" style\u003d\"transform: translate(78px, 1030px); position: absolute; width: 106.86px; height: 29px;\" t\u003d\"4118\"\u003e \u003cregion\u003e \u003crect b\u003d\"4234\" l\u003d\"162\" r\u003d\"383\" t\u003d\"4118\"\u003e\u003c/rect\u003e  \u003c/region\u003e  \u003ctext\u003e \u003cpar linespacing\u003d\"1130\"\u003e \u003cline b\u003d\"4205\" baseline\u003d\"4186\" l\u003d\"163\" r\u003d\"375\" style\u003d\"transform: translate(0px, 1px); position: absolute;\" t\u003d\"4123\"\u003e \u003cformatting lang\u003d\"EnglishUnitedStates\"\u003e com) \u003c/formatting\u003e  \u003c/line\u003e  \u003c/par\u003e  \u003c/text\u003e  \u003c/block\u003e  \u003cblock b\u003d\"4319\" blockname\u003d\"\" blocktype\u003d\"Text\" l\u003d\"2290\" r\u003d\"3331\" style\u003d\"transform: translate(1107px, 1016px); position: absolute; width: 503.354px; height: 63.5px;\" t\u003d\"4065\"\u003e \u003cregion\u003e \u003crect b\u003d\"4319\" l\u003d\"2290\" r\u003d\"3331\" t\u003d\"4065\"\u003e\u003c/rect\u003e  \u003c/region\u003e  \u003ctext\u003e \u003cpar align\u003d\"Center\" leftindent\u003d\"100\" linespacing\u003d\"900\"\u003e \u003cline b\u003d\"4108\" baseline\u003d\"4106\" l\u003d\"2309\" r\u003d\"3275\" style\u003d\"transform: translate(9px, 2px); position: absolute;\" t\u003d\"4073\"\u003e \u003cformatting lang\u003d\"EnglishUnitedStates\"\u003e HAVE QUESTIONS ABOUT YOUR ACCOUNT7 \u003c/formatting\u003e  \u003c/line\u003e  \u003cline b\u003d\"4162\" baseline\u003d\"4156\" l\u003d\"2374\" r\u003d\"3209\" style\u003d\"transform: translate(41px, 15px); position: absolute;\" t\u003d\"4123\"\u003e \u003cformatting lang\u003d\"EnglishUnitedStates\"\u003e PLEASE EMAIL US AT credit@cdw.com \u003c/formatting\u003e  \u003c/line\u003e  \u003c/par\u003e  \u003cpar linespacing\u003d\"590\"\u003e \u003cline b\u003d\"4223\" baseline\u003d\"4222\" l\u003d\"2298\" r\u003d\"3283\" style\u003d\"transform: translate(4px, 31px); position: absolute;\" t\u003d\"4189\"\u003e \u003cformatting lang\u003d\"EnglishUnitedStates\"\u003e VISIT US ON THE INTERNET AT www.cdw.com \u003c/formatting\u003e  \u003c/line\u003e  \u003c/par\u003e  \u003cpar align\u003d\"Right\" linespacing\u003d\"680\"\u003e \u003cline b\u003d\"4311\" baseline\u003d\"4301\" l\u003d\"3083\" r\u003d\"3323\" style\u003d\"transform: translate(383px, 50px); position: absolute;\" t\u003d\"4263\"\u003e \u003cformatting lang\u003d\"EnglishUnitedStates\"\u003e Page 1 of 1 \u003c/formatting\u003e  \u003c/line\u003e  \u003c/par\u003e  \u003c/text\u003e  \u003c/block\u003e  \u003cblock b\u003d\"4292\" blockname\u003d\"\" blocktype\u003d\"Text\" l\u003d\"1411\" r\u003d\"2032\" style\u003d\"transform: translate(682px, 1048px); position: absolute; width: 300.272px; height: 25.25px;\" t\u003d\"4191\"\u003e \u003cregion\u003e \u003crect b\u003d\"4292\" l\u003d\"1411\" r\u003d\"2032\" t\u003d\"4191\"\u003e\u003c/rect\u003e  \u003c/region\u003e  \u003ctext\u003e \u003cpar align\u003d\"Center\" linespacing\u003d\"972\"\u003e \u003cline b\u003d\"4229\" baseline\u003d\"4229\" l\u003d\"1419\" r\u003d\"2024\" style\u003d\"transform: translate(4px, 2px); position: absolute;\" t\u003d\"4199\"\u003e \u003cformatting lang\u003d\"EnglishUnitedStates\"\u003e ISO 9001 and ISO 14001 Certified \u003c/formatting\u003e  \u003c/line\u003e  \u003cline b\u003d\"4284\" baseline\u003d\"4283\" l\u003d\"1441\" r\u003d\"2004\" style\u003d\"transform: translate(15px, 16px); position: absolute;\" t\u003d\"4254\"\u003e \u003cformatting lang\u003d\"EnglishUnitedStates\"\u003e Barnes PLC FEIN 36-4530079 \u003c/formatting\u003e  \u003c/line\u003e  \u003c/par\u003e  \u003c/text\u003e  \u003c/block\u003e  \u003cblock b\u003d\"4019\" blockname\u003d\"\" blocktype\u003d\"SeparatorsBox\" class\u003d\"hidden\" l\u003d\"81\" r\u003d\"3335\" style\u003d\"transform: translate(39px, 361px); position: absolute;\" t\u003d\"1443\"\u003e \u003cregion\u003e \u003crect b\u003d\"1446\" l\u003d\"81\" r\u003d\"3335\" t\u003d\"1443\"\u003e\u003c/rect\u003e  \u003crect b\u003d\"4015\" l\u003d\"81\" r\u003d\"3335\" t\u003d\"1446\"\u003e\u003c/rect\u003e  \u003crect b\u003d\"4019\" l\u003d\"81\" r\u003d\"3335\" t\u003d\"4015\"\u003e\u003c/rect\u003e  \u003c/region\u003e  \u003cseparatorsbox\u003e \u003cseparator thickness\u003d\"3\" type\u003d\"Black\"\u003e \u003cstart x\u003d\"81\" y\u003d\"1444\"\u003e\u003c/start\u003e \u003cend x\u003d\"3335\" y\u003d\"1444\"\u003e\u003c/end\u003e \u003c/separator\u003e \u003cseparator thickness\u003d\"4\" type\u003d\"Black\"\u003e \u003cstart x\u003d\"81\" y\u003d\"4017\"\u003e\u003c/start\u003e \u003cend x\u003d\"3335\" y\u003d\"4017\"\u003e\u003c/end\u003e \u003c/separator\u003e \u003cseparator thickness\u003d\"4\" type\u003d\"Black\"\u003e \u003cstart x\u003d\"83\" y\u003d\"1443\"\u003e\u003c/start\u003e \u003cend x\u003d\"83\" y\u003d\"4019\"\u003e\u003c/end\u003e \u003c/separator\u003e \u003cseparator thickness\u003d\"4\" type\u003d\"Black\"\u003e \u003cstart x\u003d\"3333\" y\u003d\"1443\"\u003e\u003c/start\u003e \u003cend x\u003d\"3333\" y\u003d\"4019\"\u003e\u003c/end\u003e \u003c/separator\u003e \u003c/separatorsbox\u003e \u003c/block\u003e  \u003cblock b\u003d\"713\" blockname\u003d\"\" blocktype\u003d\"SeparatorsBox\" class\u003d\"hidden\" l\u003d\"1943\" r\u003d\"3335\" style\u003d\"transform: translate(939px, 69px); position: absolute;\" t\u003d\"276\"\u003e \u003cregion\u003e \u003crect b\u003d\"280\" l\u003d\"1943\" r\u003d\"3335\" t\u003d\"276\"\u003e\u003c/rect\u003e  \u003crect b\u003d\"709\" l\u003d\"1943\" r\u003d\"3335\" t\u003d\"280\"\u003e\u003c/rect\u003e  \u003crect b\u003d\"713\" l\u003d\"1943\" r\u003d\"3335\" t\u003d\"709\"\u003e\u003c/rect\u003e  \u003c/region\u003e  \u003cseparatorsbox\u003e \u003cseparator thickness\u003d\"4\" type\u003d\"Black\"\u003e \u003cstart x\u003d\"1943\" y\u003d\"278\"\u003e\u003c/start\u003e \u003cend x\u003d\"3335\" y\u003d\"278\"\u003e\u003c/end\u003e \u003c/separator\u003e \u003cseparator thickness\u003d\"4\" type\u003d\"Black\"\u003e \u003cstart x\u003d\"1943\" y\u003d\"711\"\u003e\u003c/start\u003e \u003cend x\u003d\"3335\" y\u003d\"711\"\u003e\u003c/end\u003e \u003c/separator\u003e \u003cseparator thickness\u003d\"3\" type\u003d\"Black\"\u003e \u003cstart x\u003d\"1944\" y\u003d\"276\"\u003e\u003c/start\u003e \u003cend x\u003d\"1944\" y\u003d\"713\"\u003e\u003c/end\u003e \u003c/separator\u003e \u003cseparator thickness\u003d\"4\" type\u003d\"Black\"\u003e \u003cstart x\u003d\"3333\" y\u003d\"276\"\u003e\u003c/start\u003e \u003cend x\u003d\"3333\" y\u003d\"713\"\u003e\u003c/end\u003e \u003c/separator\u003e \u003c/separatorsbox\u003e \u003c/block\u003e  \u003cblock b\u003d\"146\" blockname\u003d\"\" blocktype\u003d\"Separator\" class\u003d\"hidden\" l\u003d\"359\" r\u003d\"585\" style\u003d\"transform: translate(174px, 36px); position: absolute;\" t\u003d\"143\"\u003e \u003cregion\u003e \u003crect b\u003d\"146\" l\u003d\"359\" r\u003d\"585\" t\u003d\"143\"\u003e\u003c/rect\u003e  \u003c/region\u003e  \u003cseparator thickness\u003d\"3\" type\u003d\"Black\"\u003e \u003cstart x\u003d\"359\" y\u003d\"144\"\u003e\u003c/start\u003e \u003cend x\u003d\"585\" y\u003d\"144\"\u003e\u003c/end\u003e \u003c/separator\u003e \u003c/block\u003e  \u003cblock b\u003d\"146\" blockname\u003d\"\" blocktype\u003d\"Separator\" class\u003d\"hidden\" l\u003d\"1137\" r\u003d\"1363\" style\u003d\"transform: translate(550px, 36px); position: absolute;\" t\u003d\"143\"\u003e \u003cregion\u003e \u003crect b\u003d\"146\" l\u003d\"1137\" r\u003d\"1363\" t\u003d\"143\"\u003e\u003c/rect\u003e  \u003c/region\u003e  \u003cseparator thickness\u003d\"3\" type\u003d\"Black\"\u003e \u003cstart x\u003d\"1137\" y\u003d\"144\"\u003e\u003c/start\u003e \u003cend x\u003d\"1363\" y\u003d\"144\"\u003e\u003c/end\u003e \u003c/separator\u003e \u003c/block\u003e  \u003cblock b\u003d\"174\" blockname\u003d\"\" blocktype\u003d\"Separator\" class\u003d\"hidden\" l\u003d\"359\" r\u003d\"585\" style\u003d\"transform: translate(174px, 43px); position: absolute;\" t\u003d\"170\"\u003e \u003cregion\u003e \u003crect b\u003d\"174\" l\u003d\"359\" r\u003d\"585\" t\u003d\"170\"\u003e\u003c/rect\u003e  \u003c/region\u003e  \u003cseparator thickness\u003d\"4\" type\u003d\"Black\"\u003e \u003cstart x\u003d\"359\" y\u003d\"172\"\u003e\u003c/start\u003e \u003cend x\u003d\"585\" y\u003d\"172\"\u003e\u003c/end\u003e \u003c/separator\u003e \u003c/block\u003e  \u003cblock b\u003d\"174\" blockname\u003d\"\" blocktype\u003d\"Separator\" class\u003d\"hidden\" l\u003d\"1137\" r\u003d\"1363\" style\u003d\"transform: translate(550px, 43px); position: absolute;\" t\u003d\"170\"\u003e \u003cregion\u003e \u003crect b\u003d\"174\" l\u003d\"1137\" r\u003d\"1363\" t\u003d\"170\"\u003e\u003c/rect\u003e  \u003c/region\u003e  \u003cseparator thickness\u003d\"4\" type\u003d\"Black\"\u003e \u003cstart x\u003d\"1137\" y\u003d\"172\"\u003e\u003c/start\u003e \u003cend x\u003d\"1363\" y\u003d\"172\"\u003e\u003c/end\u003e \u003c/separator\u003e \u003c/block\u003e  \u003cblock b\u003d\"341\" blockname\u003d\"\" blocktype\u003d\"Separator\" l\u003d\"1943\" r\u003d\"3335\" style\u003d\"transform: translate(939px, 84px); position: absolute;\" t\u003d\"337\"\u003e \u003cregion\u003e \u003crect b\u003d\"341\" l\u003d\"1943\" r\u003d\"3335\" t\u003d\"337\"\u003e\u003c/rect\u003e  \u003c/region\u003e  \u003cseparator thickness\u003d\"4\" type\u003d\"Black\"\u003e \u003cstart x\u003d\"1943\" y\u003d\"339\"\u003e\u003c/start\u003e \u003cend x\u003d\"3335\" y\u003d\"339\"\u003e\u003c/end\u003e \u003c/separator\u003e \u003c/block\u003e  \u003cblock b\u003d\"424\" blockname\u003d\"\" blocktype\u003d\"Separator\" l\u003d\"1943\" r\u003d\"3335\" style\u003d\"transform: translate(939px, 105px); position: absolute;\" t\u003d\"420\"\u003e \u003cregion\u003e \u003crect b\u003d\"424\" l\u003d\"1943\" r\u003d\"3335\" t\u003d\"420\"\u003e\u003c/rect\u003e  \u003c/region\u003e  \u003cseparator thickness\u003d\"4\" type\u003d\"Black\"\u003e \u003cstart x\u003d\"1943\" y\u003d\"422\"\u003e\u003c/start\u003e \u003cend x\u003d\"3335\" y\u003d\"422\"\u003e\u003c/end\u003e \u003c/separator\u003e \u003c/block\u003e  \u003cblock b\u003d\"485\" blockname\u003d\"\" blocktype\u003d\"Separator\" l\u003d\"1943\" r\u003d\"3335\" style\u003d\"transform: translate(939px, 120px); position: absolute;\" t\u003d\"481\"\u003e \u003cregion\u003e \u003crect b\u003d\"485\" l\u003d\"1943\" r\u003d\"3335\" t\u003d\"481\"\u003e\u003c/rect\u003e  \u003c/region\u003e  \u003cseparator thickness\u003d\"4\" type\u003d\"Black\"\u003e \u003cstart x\u003d\"1943\" y\u003d\"483\"\u003e\u003c/start\u003e \u003cend x\u003d\"3335\" y\u003d\"483\"\u003e\u003c/end\u003e \u003c/separator\u003e \u003c/block\u003e  \u003cblock b\u003d\"569\" blockname\u003d\"\" blocktype\u003d\"Separator\" l\u003d\"1943\" r\u003d\"3335\" style\u003d\"transform: translate(939px, 141px); position: absolute;\" t\u003d\"565\"\u003e \u003cregion\u003e \u003crect b\u003d\"569\" l\u003d\"1943\" r\u003d\"3335\" t\u003d\"565\"\u003e\u003c/rect\u003e  \u003c/region\u003e  \u003cseparator thickness\u003d\"4\" type\u003d\"Black\"\u003e \u003cstart x\u003d\"1943\" y\u003d\"567\"\u003e\u003c/start\u003e \u003cend x\u003d\"3335\" y\u003d\"567\"\u003e\u003c/end\u003e \u003c/separator\u003e \u003c/block\u003e  \u003cblock b\u003d\"630\" blockname\u003d\"\" blocktype\u003d\"Separator\" l\u003d\"1943\" r\u003d\"3335\" style\u003d\"transform: translate(939px, 157px); position: absolute;\" t\u003d\"626\"\u003e \u003cregion\u003e \u003crect b\u003d\"630\" l\u003d\"1943\" r\u003d\"3335\" t\u003d\"626\"\u003e\u003c/rect\u003e  \u003c/region\u003e  \u003cseparator thickness\u003d\"4\" type\u003d\"Black\"\u003e \u003cstart x\u003d\"1943\" y\u003d\"628\"\u003e\u003c/start\u003e \u003cend x\u003d\"3335\" y\u003d\"628\"\u003e\u003c/end\u003e \u003c/separator\u003e \u003c/block\u003e  \u003cblock b\u003d\"1502\" blockname\u003d\"\" blocktype\u003d\"Separator\" l\u003d\"81\" r\u003d\"3335\" style\u003d\"transform: translate(39px, 375px); position: absolute;\" t\u003d\"1498\"\u003e \u003cregion\u003e \u003crect b\u003d\"1502\" l\u003d\"81\" r\u003d\"3335\" t\u003d\"1498\"\u003e\u003c/rect\u003e  \u003c/region\u003e  \u003cseparator thickness\u003d\"4\" type\u003d\"Black\"\u003e \u003cstart x\u003d\"81\" y\u003d\"1500\"\u003e\u003c/start\u003e \u003cend x\u003d\"3335\" y\u003d\"1500\"\u003e\u003c/end\u003e \u003c/separator\u003e \u003c/block\u003e  \u003cblock b\u003d\"1574\" blockname\u003d\"\" blocktype\u003d\"Separator\" l\u003d\"81\" r\u003d\"3335\" style\u003d\"transform: translate(39px, 393px); position: absolute;\" t\u003d\"1570\"\u003e \u003cregion\u003e \u003crect b\u003d\"1574\" l\u003d\"81\" r\u003d\"3335\" t\u003d\"1570\"\u003e\u003c/rect\u003e  \u003c/region\u003e  \u003cseparator thickness\u003d\"4\" type\u003d\"Black\"\u003e \u003cstart x\u003d\"81\" y\u003d\"1572\"\u003e\u003c/start\u003e \u003cend x\u003d\"3335\" y\u003d\"1572\"\u003e\u003c/end\u003e \u003c/separator\u003e \u003c/block\u003e  \u003cblock b\u003d\"1630\" blockname\u003d\"\" blocktype\u003d\"Separator\" l\u003d\"81\" r\u003d\"3335\" style\u003d\"transform: translate(39px, 407px); position: absolute;\" t\u003d\"1626\"\u003e \u003cregion\u003e \u003crect b\u003d\"1630\" l\u003d\"81\" r\u003d\"3335\" t\u003d\"1626\"\u003e\u003c/rect\u003e  \u003c/region\u003e  \u003cseparator thickness\u003d\"4\" type\u003d\"Black\"\u003e \u003cstart x\u003d\"81\" y\u003d\"1628\"\u003e\u003c/start\u003e \u003cend x\u003d\"3335\" y\u003d\"1628\"\u003e\u003c/end\u003e \u003c/separator\u003e \u003c/block\u003e  \u003cblock b\u003d\"1702\" blockname\u003d\"\" blocktype\u003d\"Separator\" l\u003d\"81\" r\u003d\"3335\" style\u003d\"transform: translate(39px, 425px); position: absolute;\" t\u003d\"1698\"\u003e \u003cregion\u003e \u003crect b\u003d\"1702\" l\u003d\"81\" r\u003d\"3335\" t\u003d\"1698\"\u003e\u003c/rect\u003e  \u003c/region\u003e  \u003cseparator thickness\u003d\"4\" type\u003d\"Black\"\u003e \u003cstart x\u003d\"81\" y\u003d\"1700\"\u003e\u003c/start\u003e \u003cend x\u003d\"3335\" y\u003d\"1700\"\u003e\u003c/end\u003e \u003c/separator\u003e \u003c/block\u003e  \u003cblock b\u003d\"1796\" blockname\u003d\"\" blocktype\u003d\"Separator\" l\u003d\"81\" r\u003d\"3335\" style\u003d\"transform: translate(39px, 448px); position: absolute;\" t\u003d\"1793\"\u003e \u003cregion\u003e \u003crect b\u003d\"1796\" l\u003d\"81\" r\u003d\"3335\" t\u003d\"1793\"\u003e\u003c/rect\u003e  \u003c/region\u003e  \u003cseparator thickness\u003d\"3\" type\u003d\"Black\"\u003e \u003cstart x\u003d\"81\" y\u003d\"1794\"\u003e\u003c/start\u003e \u003cend x\u003d\"3335\" y\u003d\"1794\"\u003e\u003c/end\u003e \u003c/separator\u003e \u003c/block\u003e  \u003cblock b\u003d\"3147\" blockname\u003d\"\" blocktype\u003d\"Separator\" l\u003d\"304\" r\u003d\"3113\" style\u003d\"transform: translate(147px, 784px); position: absolute;\" t\u003d\"3137\"\u003e \u003cregion\u003e \u003crect b\u003d\"3147\" l\u003d\"304\" r\u003d\"3113\" t\u003d\"3137\"\u003e\u003c/rect\u003e  \u003c/region\u003e  \u003cseparator thickness\u003d\"10\" type\u003d\"Black\"\u003e \u003cstart x\u003d\"304\" y\u003d\"3142\"\u003e\u003c/start\u003e \u003cend x\u003d\"3113\" y\u003d\"3142\"\u003e\u003c/end\u003e \u003c/separator\u003e \u003c/block\u003e  \u003cblock b\u003d\"3613\" blockname\u003d\"\" blocktype\u003d\"Separator\" l\u003d\"304\" r\u003d\"3113\" style\u003d\"transform: translate(147px, 901px); position: absolute;\" t\u003d\"3603\"\u003e \u003cregion\u003e \u003crect b\u003d\"3613\" l\u003d\"304\" r\u003d\"3113\" t\u003d\"3603\"\u003e\u003c/rect\u003e  \u003c/region\u003e  \u003cseparator thickness\u003d\"10\" type\u003d\"Black\"\u003e \u003cstart x\u003d\"304\" y\u003d\"3608\"\u003e\u003c/start\u003e \u003cend x\u003d\"3113\" y\u003d\"3608\"\u003e\u003c/end\u003e \u003c/separator\u003e \u003c/block\u003e  \u003cblock b\u003d\"3641\" blockname\u003d\"\" blocktype\u003d\"Separator\" l\u003d\"81\" r\u003d\"3335\" style\u003d\"transform: translate(39px, 909px); position: absolute;\" t\u003d\"3637\"\u003e \u003cregion\u003e \u003crect b\u003d\"3641\" l\u003d\"81\" r\u003d\"3335\" t\u003d\"3637\"\u003e\u003c/rect\u003e  \u003c/region\u003e  \u003cseparator thickness\u003d\"4\" type\u003d\"Black\"\u003e \u003cstart x\u003d\"81\" y\u003d\"3639\"\u003e\u003c/start\u003e \u003cend x\u003d\"3335\" y\u003d\"3639\"\u003e\u003c/end\u003e \u003c/separator\u003e \u003c/block\u003e  \u003cblock b\u003d\"3707\" blockname\u003d\"\" blocktype\u003d\"Separator\" l\u003d\"81\" r\u003d\"2252\" style\u003d\"transform: translate(39px, 926px); position: absolute;\" t\u003d\"3704\"\u003e \u003cregion\u003e \u003crect b\u003d\"3707\" l\u003d\"81\" r\u003d\"2252\" t\u003d\"3704\"\u003e\u003c/rect\u003e  \u003c/region\u003e  \u003cseparator thickness\u003d\"3\" type\u003d\"Black\"\u003e \u003cstart x\u003d\"81\" y\u003d\"3705\"\u003e\u003c/start\u003e \u003cend x\u003d\"2252\" y\u003d\"3705\"\u003e\u003c/end\u003e \u003c/separator\u003e \u003c/block\u003e  \u003cblock b\u003d\"3735\" blockname\u003d\"\" blocktype\u003d\"Separator\" l\u003d\"2248\" r\u003d\"3335\" style\u003d\"transform: translate(1087px, 933px); position: absolute;\" t\u003d\"3731\"\u003e \u003cregion\u003e \u003crect b\u003d\"3735\" l\u003d\"2248\" r\u003d\"3335\" t\u003d\"3731\"\u003e\u003c/rect\u003e  \u003c/region\u003e  \u003cseparator thickness\u003d\"4\" type\u003d\"Black\"\u003e \u003cstart x\u003d\"2248\" y\u003d\"3733\"\u003e\u003c/start\u003e \u003cend x\u003d\"3335\" y\u003d\"3733\"\u003e\u003c/end\u003e \u003c/separator\u003e \u003c/block\u003e  \u003cblock b\u003d\"3830\" blockname\u003d\"\" blocktype\u003d\"Separator\" l\u003d\"2248\" r\u003d\"3335\" style\u003d\"transform: translate(1087px, 957px); position: absolute;\" t\u003d\"3826\"\u003e \u003cregion\u003e \u003crect b\u003d\"3830\" l\u003d\"2248\" r\u003d\"3335\" t\u003d\"3826\"\u003e\u003c/rect\u003e  \u003c/region\u003e  \u003cseparator thickness\u003d\"4\" type\u003d\"Black\"\u003e \u003cstart x\u003d\"2248\" y\u003d\"3828\"\u003e\u003c/start\u003e \u003cend x\u003d\"3335\" y\u003d\"3828\"\u003e\u003c/end\u003e \u003c/separator\u003e \u003c/block\u003e  \u003cblock b\u003d\"3880\" blockname\u003d\"\" blocktype\u003d\"Separator\" l\u003d\"81\" r\u003d\"1169\" style\u003d\"transform: translate(39px, 969px); position: absolute;\" t\u003d\"3876\"\u003e \u003cregion\u003e \u003crect b\u003d\"3880\" l\u003d\"81\" r\u003d\"1169\" t\u003d\"3876\"\u003e\u003c/rect\u003e  \u003c/region\u003e  \u003cseparator thickness\u003d\"4\" type\u003d\"Black\"\u003e \u003cstart x\u003d\"81\" y\u003d\"3878\"\u003e\u003c/start\u003e \u003cend x\u003d\"1169\" y\u003d\"3878\"\u003e\u003c/end\u003e \u003c/separator\u003e \u003c/block\u003e  \u003cblock b\u003d\"3924\" blockname\u003d\"\" blocktype\u003d\"Separator\" l\u003d\"2248\" r\u003d\"3335\" style\u003d\"transform: translate(1087px, 980px); position: absolute;\" t\u003d\"3920\"\u003e \u003cregion\u003e \u003crect b\u003d\"3924\" l\u003d\"2248\" r\u003d\"3335\" t\u003d\"3920\"\u003e\u003c/rect\u003e  \u003c/region\u003e  \u003cseparator thickness\u003d\"4\" type\u003d\"Black\"\u003e \u003cstart x\u003d\"2248\" y\u003d\"3922\"\u003e\u003c/start\u003e \u003cend x\u003d\"3335\" y\u003d\"3922\"\u003e\u003c/end\u003e \u003c/separator\u003e \u003c/block\u003e  \u003cblock b\u003d\"3946\" blockname\u003d\"\" blocktype\u003d\"Separator\" l\u003d\"81\" r\u003d\"1169\" style\u003d\"transform: translate(39px, 986px); position: absolute;\" t\u003d\"3943\"\u003e \u003cregion\u003e \u003crect b\u003d\"3946\" l\u003d\"81\" r\u003d\"1169\" t\u003d\"3943\"\u003e\u003c/rect\u003e  \u003c/region\u003e  \u003cseparator thickness\u003d\"3\" type\u003d\"Black\"\u003e \u003cstart x\u003d\"81\" y\u003d\"3944\"\u003e\u003c/start\u003e \u003cend x\u003d\"1169\" y\u003d\"3944\"\u003e\u003c/end\u003e \u003c/separator\u003e \u003c/block\u003e  \u003cblock b\u003d\"3613\" blockname\u003d\"\" blocktype\u003d\"Separator\" l\u003d\"304\" r\u003d\"314\" style\u003d\"transform: translate(147px, 784px); position: absolute;\" t\u003d\"3137\"\u003e \u003cregion\u003e \u003crect b\u003d\"3613\" l\u003d\"304\" r\u003d\"314\" t\u003d\"3137\"\u003e\u003c/rect\u003e  \u003c/region\u003e  \u003cseparator thickness\u003d\"10\" type\u003d\"Black\"\u003e \u003cstart x\u003d\"309\" y\u003d\"3137\"\u003e\u003c/start\u003e \u003cend x\u003d\"309\" y\u003d\"3613\"\u003e\u003c/end\u003e \u003c/separator\u003e \u003c/block\u003e  \u003cblock b\u003d\"3146\" blockname\u003d\"\" blocktype\u003d\"Separator\" l\u003d\"553\" r\u003d\"558\" style\u003d\"transform: translate(267px, 361px); position: absolute;\" t\u003d\"1443\"\u003e \u003cregion\u003e \u003crect b\u003d\"3137\" l\u003d\"554\" r\u003d\"557\" t\u003d\"1443\"\u003e\u003c/rect\u003e  \u003crect b\u003d\"3146\" l\u003d\"553\" r\u003d\"558\" t\u003d\"3137\"\u003e\u003c/rect\u003e  \u003c/region\u003e  \u003cseparator thickness\u003d\"4\" type\u003d\"Black\"\u003e \u003cstart x\u003d\"555\" y\u003d\"1443\"\u003e\u003c/start\u003e \u003cend x\u003d\"555\" y\u003d\"3146\"\u003e\u003c/end\u003e \u003c/separator\u003e \u003c/block\u003e  \u003cblock b\u003d\"4019\" blockname\u003d\"\" blocktype\u003d\"Separator\" l\u003d\"1165\" r\u003d\"1169\" style\u003d\"transform: translate(563px, 909px); position: absolute;\" t\u003d\"3637\"\u003e \u003cregion\u003e \u003crect b\u003d\"4019\" l\u003d\"1165\" r\u003d\"1169\" t\u003d\"3637\"\u003e\u003c/rect\u003e  \u003c/region\u003e  \u003cseparator thickness\u003d\"4\" type\u003d\"Black\"\u003e \u003cstart x\u003d\"1167\" y\u003d\"3637\"\u003e\u003c/start\u003e \u003cend x\u003d\"1167\" y\u003d\"4019\"\u003e\u003c/end\u003e \u003c/separator\u003e \u003c/block\u003e  \u003cblock b\u003d\"1574\" blockname\u003d\"\" blocktype\u003d\"Separator\" l\u003d\"1470\" r\u003d\"1474\" style\u003d\"transform: translate(711px, 361px); position: absolute;\" t\u003d\"1443\"\u003e \u003cregion\u003e \u003crect b\u003d\"1574\" l\u003d\"1470\" r\u003d\"1474\" t\u003d\"1443\"\u003e\u003c/rect\u003e  \u003c/region\u003e  \u003cseparator thickness\u003d\"4\" type\u003d\"Black\"\u003e \u003cstart x\u003d\"1472\" y\u003d\"1443\"\u003e\u003c/start\u003e \u003cend x\u003d\"1472\" y\u003d\"1574\"\u003e\u003c/end\u003e \u003c/separator\u003e \u003c/block\u003e  \u003cblock b\u003d\"333\" blockname\u003d\"\" blocktype\u003d\"Separator\" l\u003d\"1555\" r\u003d\"1561\" style\u003d\"transform: translate(752px, 52px); position: absolute;\" t\u003d\"207\"\u003e \u003cregion\u003e \u003crect b\u003d\"333\" l\u003d\"1555\" r\u003d\"1561\" t\u003d\"207\"\u003e\u003c/rect\u003e  \u003c/region\u003e  \u003cseparator thickness\u003d\"6\" type\u003d\"Black\"\u003e \u003cstart x\u003d\"1558\" y\u003d\"207\"\u003e\u003c/start\u003e \u003cend x\u003d\"1558\" y\u003d\"333\"\u003e\u003c/end\u003e \u003c/separator\u003e \u003c/block\u003e  \u003cblock b\u003d\"333\" blockname\u003d\"\" blocktype\u003d\"Separator\" l\u003d\"1564\" r\u003d\"1567\" style\u003d\"transform: translate(756px, 52px); position: absolute;\" t\u003d\"207\"\u003e \u003cregion\u003e \u003crect b\u003d\"333\" l\u003d\"1564\" r\u003d\"1567\" t\u003d\"207\"\u003e\u003c/rect\u003e  \u003c/region\u003e  \u003cseparator thickness\u003d\"3\" type\u003d\"Black\"\u003e \u003cstart x\u003d\"1565\" y\u003d\"207\"\u003e\u003c/start\u003e \u003cend x\u003d\"1565\" y\u003d\"333\"\u003e\u003c/end\u003e \u003c/separator\u003e \u003c/block\u003e  \u003cblock b\u003d\"333\" blockname\u003d\"\" blocktype\u003d\"Separator\" l\u003d\"1573\" r\u003d\"1576\" style\u003d\"transform: translate(761px, 52px); position: absolute;\" t\u003d\"207\"\u003e \u003cregion\u003e \u003crect b\u003d\"333\" l\u003d\"1573\" r\u003d\"1576\" t\u003d\"207\"\u003e\u003c/rect\u003e  \u003c/region\u003e  \u003cseparator thickness\u003d\"3\" type\u003d\"Black\"\u003e \u003cstart x\u003d\"1574\" y\u003d\"207\"\u003e\u003c/start\u003e \u003cend x\u003d\"1574\" y\u003d\"333\"\u003e\u003c/end\u003e \u003c/separator\u003e \u003c/block\u003e  \u003cblock b\u003d\"333\" blockname\u003d\"\" blocktype\u003d\"Separator\" l\u003d\"1588\" r\u003d\"1591\" style\u003d\"transform: translate(768px, 52px); position: absolute;\" t\u003d\"207\"\u003e \u003cregion\u003e \u003crect b\u003d\"333\" l\u003d\"1588\" r\u003d\"1591\" t\u003d\"207\"\u003e\u003c/rect\u003e  \u003c/region\u003e  \u003cseparator thickness\u003d\"3\" type\u003d\"Black\"\u003e \u003cstart x\u003d\"1589\" y\u003d\"207\"\u003e\u003c/start\u003e \u003cend x\u003d\"1589\" y\u003d\"333\"\u003e\u003c/end\u003e \u003c/separator\u003e \u003c/block\u003e  \u003cblock b\u003d\"333\" blockname\u003d\"\" blocktype\u003d\"Separator\" l\u003d\"1600\" r\u003d\"1603\" style\u003d\"transform: translate(774px, 52px); position: absolute;\" t\u003d\"207\"\u003e \u003cregion\u003e \u003crect b\u003d\"333\" l\u003d\"1600\" r\u003d\"1603\" t\u003d\"207\"\u003e\u003c/rect\u003e  \u003c/region\u003e  \u003cseparator thickness\u003d\"3\" type\u003d\"Black\"\u003e \u003cstart x\u003d\"1601\" y\u003d\"207\"\u003e\u003c/start\u003e \u003cend x\u003d\"1601\" y\u003d\"333\"\u003e\u003c/end\u003e \u003c/separator\u003e \u003c/block\u003e  \u003cblock b\u003d\"333\" blockname\u003d\"\" blocktype\u003d\"Separator\" l\u003d\"1606\" r\u003d\"1612\" style\u003d\"transform: translate(777px, 52px); position: absolute;\" t\u003d\"207\"\u003e \u003cregion\u003e \u003crect b\u003d\"333\" l\u003d\"1606\" r\u003d\"1612\" t\u003d\"207\"\u003e\u003c/rect\u003e  \u003c/region\u003e  \u003cseparator thickness\u003d\"6\" type\u003d\"Black\"\u003e \u003cstart x\u003d\"1609\" y\u003d\"207\"\u003e\u003c/start\u003e \u003cend x\u003d\"1609\" y\u003d\"333\"\u003e\u003c/end\u003e \u003c/separator\u003e \u003c/block\u003e  \u003cblock b\u003d\"333\" blockname\u003d\"\" blocktype\u003d\"Separator\" l\u003d\"1620\" r\u003d\"1626\" style\u003d\"transform: translate(783px, 52px); position: absolute;\" t\u003d\"207\"\u003e \u003cregion\u003e \u003crect b\u003d\"333\" l\u003d\"1620\" r\u003d\"1626\" t\u003d\"207\"\u003e\u003c/rect\u003e  \u003c/region\u003e  \u003cseparator thickness\u003d\"6\" type\u003d\"Black\"\u003e \u003cstart x\u003d\"1623\" y\u003d\"207\"\u003e\u003c/start\u003e \u003cend x\u003d\"1623\" y\u003d\"333\"\u003e\u003c/end\u003e \u003c/separator\u003e \u003c/block\u003e  \u003cblock b\u003d\"333\" blockname\u003d\"\" blocktype\u003d\"Separator\" l\u003d\"1629\" r\u003d\"1632\" style\u003d\"transform: translate(788px, 52px); position: absolute;\" t\u003d\"207\"\u003e \u003cregion\u003e \u003crect b\u003d\"333\" l\u003d\"1629\" r\u003d\"1632\" t\u003d\"207\"\u003e\u003c/rect\u003e  \u003c/region\u003e  \u003cseparator thickness\u003d\"3\" type\u003d\"Black\"\u003e \u003cstart x\u003d\"1630\" y\u003d\"207\"\u003e\u003c/start\u003e \u003cend x\u003d\"1630\" y\u003d\"333\"\u003e\u003c/end\u003e \u003c/separator\u003e \u003c/block\u003e  \u003cblock b\u003d\"333\" blockname\u003d\"\" blocktype\u003d\"Separator\" l\u003d\"1653\" r\u003d\"1659\" style\u003d\"transform: translate(799px, 52px); position: absolute;\" t\u003d\"207\"\u003e \u003cregion\u003e \u003crect b\u003d\"333\" l\u003d\"1653\" r\u003d\"1659\" t\u003d\"207\"\u003e\u003c/rect\u003e  \u003c/region\u003e  \u003cseparator thickness\u003d\"6\" type\u003d\"Black\"\u003e \u003cstart x\u003d\"1656\" y\u003d\"207\"\u003e\u003c/start\u003e \u003cend x\u003d\"1656\" y\u003d\"333\"\u003e\u003c/end\u003e \u003c/separator\u003e \u003c/block\u003e  \u003cblock b\u003d\"1702\" blockname\u003d\"\" blocktype\u003d\"Separator\" l\u003d\"1665\" r\u003d\"1669\" style\u003d\"transform: translate(805px, 393px); position: absolute;\" t\u003d\"1570\"\u003e \u003cregion\u003e \u003crect b\u003d\"1702\" l\u003d\"1665\" r\u003d\"1669\" t\u003d\"1570\"\u003e\u003c/rect\u003e  \u003c/region\u003e  \u003cseparator thickness\u003d\"4\" type\u003d\"Black\"\u003e \u003cstart x\u003d\"1667\" y\u003d\"1570\"\u003e\u003c/start\u003e \u003cend x\u003d\"1667\" y\u003d\"1702\"\u003e\u003c/end\u003e \u003c/separator\u003e \u003c/block\u003e  \u003cblock b\u003d\"333\" blockname\u003d\"\" blocktype\u003d\"Separator\" l\u003d\"1668\" r\u003d\"1671\" style\u003d\"transform: translate(807px, 52px); position: absolute;\" t\u003d\"207\"\u003e \u003cregion\u003e \u003crect b\u003d\"333\" l\u003d\"1668\" r\u003d\"1671\" t\u003d\"207\"\u003e\u003c/rect\u003e  \u003c/region\u003e  \u003cseparator thickness\u003d\"3\" type\u003d\"Black\"\u003e \u003cstart x\u003d\"1669\" y\u003d\"207\"\u003e\u003c/start\u003e \u003cend x\u003d\"1669\" y\u003d\"333\"\u003e\u003c/end\u003e \u003c/separator\u003e \u003c/block\u003e  \u003cblock b\u003d\"333\" blockname\u003d\"\" blocktype\u003d\"Separator\" l\u003d\"1674\" r\u003d\"1677\" style\u003d\"transform: translate(809px, 52px); position: absolute;\" t\u003d\"207\"\u003e \u003cregion\u003e \u003crect b\u003d\"333\" l\u003d\"1674\" r\u003d\"1677\" t\u003d\"207\"\u003e\u003c/rect\u003e  \u003c/region\u003e  \u003cseparator thickness\u003d\"3\" type\u003d\"Black\"\u003e \u003cstart x\u003d\"1675\" y\u003d\"207\"\u003e\u003c/start\u003e \u003cend x\u003d\"1675\" y\u003d\"333\"\u003e\u003c/end\u003e \u003c/separator\u003e \u003c/block\u003e  \u003cblock b\u003d\"333\" blockname\u003d\"\" blocktype\u003d\"Separator\" l\u003d\"1701\" r\u003d\"1704\" style\u003d\"transform: translate(822px, 52px); position: absolute;\" t\u003d\"207\"\u003e \u003cregion\u003e \u003crect b\u003d\"333\" l\u003d\"1701\" r\u003d\"1704\" t\u003d\"207\"\u003e\u003c/rect\u003e  \u003c/region\u003e  \u003cseparator thickness\u003d\"3\" type\u003d\"Black\"\u003e \u003cstart x\u003d\"1702\" y\u003d\"207\"\u003e\u003c/start\u003e \u003cend x\u003d\"1702\" y\u003d\"333\"\u003e\u003c/end\u003e \u003c/separator\u003e \u003c/block\u003e  \u003cblock b\u003d\"333\" blockname\u003d\"\" blocktype\u003d\"Separator\" l\u003d\"1707\" r\u003d\"1713\" style\u003d\"transform: translate(825px, 52px); position: absolute;\" t\u003d\"207\"\u003e \u003cregion\u003e \u003crect b\u003d\"333\" l\u003d\"1707\" r\u003d\"1713\" t\u003d\"207\"\u003e\u003c/rect\u003e  \u003c/region\u003e  \u003cseparator thickness\u003d\"6\" type\u003d\"Black\"\u003e \u003cstart x\u003d\"1710\" y\u003d\"207\"\u003e\u003c/start\u003e \u003cend x\u003d\"1710\" y\u003d\"333\"\u003e\u003c/end\u003e \u003c/separator\u003e \u003c/block\u003e  \u003cblock b\u003d\"333\" blockname\u003d\"\" blocktype\u003d\"Separator\" l\u003d\"1719\" r\u003d\"1725\" style\u003d\"transform: translate(831px, 52px); position: absolute;\" t\u003d\"207\"\u003e \u003cregion\u003e \u003crect b\u003d\"333\" l\u003d\"1719\" r\u003d\"1725\" t\u003d\"207\"\u003e\u003c/rect\u003e  \u003c/region\u003e  \u003cseparator thickness\u003d\"6\" type\u003d\"Black\"\u003e \u003cstart x\u003d\"1722\" y\u003d\"207\"\u003e\u003c/start\u003e \u003cend x\u003d\"1722\" y\u003d\"333\"\u003e\u003c/end\u003e \u003c/separator\u003e \u003c/block\u003e  \u003cblock b\u003d\"333\" blockname\u003d\"\" blocktype\u003d\"Separator\" l\u003d\"1731\" r\u003d\"1734\" style\u003d\"transform: translate(837px, 52px); position: absolute;\" t\u003d\"207\"\u003e \u003cregion\u003e \u003crect b\u003d\"333\" l\u003d\"1731\" r\u003d\"1734\" t\u003d\"207\"\u003e\u003c/rect\u003e  \u003c/region\u003e  \u003cseparator thickness\u003d\"3\" type\u003d\"Black\"\u003e \u003cstart x\u003d\"1732\" y\u003d\"207\"\u003e\u003c/start\u003e \u003cend x\u003d\"1732\" y\u003d\"333\"\u003e\u003c/end\u003e \u003c/separator\u003e \u003c/block\u003e  \u003cblock b\u003d\"333\" blockname\u003d\"\" blocktype\u003d\"Separator\" l\u003d\"1752\" r\u003d\"1755\" style\u003d\"transform: translate(847px, 52px); position: absolute;\" t\u003d\"207\"\u003e \u003cregion\u003e \u003crect b\u003d\"333\" l\u003d\"1752\" r\u003d\"1755\" t\u003d\"207\"\u003e\u003c/rect\u003e  \u003c/region\u003e  \u003cseparator thickness\u003d\"3\" type\u003d\"Black\"\u003e \u003cstart x\u003d\"1753\" y\u003d\"207\"\u003e\u003c/start\u003e \u003cend x\u003d\"1753\" y\u003d\"333\"\u003e\u003c/end\u003e \u003c/separator\u003e \u003c/block\u003e  \u003cblock b\u003d\"333\" blockname\u003d\"\" blocktype\u003d\"Separator\" l\u003d\"1773\" r\u003d\"1779\" style\u003d\"transform: translate(857px, 52px); position: absolute;\" t\u003d\"207\"\u003e \u003cregion\u003e \u003crect b\u003d\"333\" l\u003d\"1773\" r\u003d\"1779\" t\u003d\"207\"\u003e\u003c/rect\u003e  \u003c/region\u003e  \u003cseparator thickness\u003d\"6\" type\u003d\"Black\"\u003e \u003cstart x\u003d\"1776\" y\u003d\"207\"\u003e\u003c/start\u003e \u003cend x\u003d\"1776\" y\u003d\"333\"\u003e\u003c/end\u003e \u003c/separator\u003e \u003c/block\u003e  \u003cblock b\u003d\"333\" blockname\u003d\"\" blocktype\u003d\"Separator\" l\u003d\"1784\" r\u003d\"1787\" style\u003d\"transform: translate(863px, 52px); position: absolute;\" t\u003d\"207\"\u003e \u003cregion\u003e \u003crect b\u003d\"333\" l\u003d\"1784\" r\u003d\"1787\" t\u003d\"207\"\u003e\u003c/rect\u003e  \u003c/region\u003e  \u003cseparator thickness\u003d\"3\" type\u003d\"Black\"\u003e \u003cstart x\u003d\"1785\" y\u003d\"207\"\u003e\u003c/start\u003e \u003cend x\u003d\"1785\" y\u003d\"333\"\u003e\u003c/end\u003e \u003c/separator\u003e \u003c/block\u003e  \u003cblock b\u003d\"333\" blockname\u003d\"\" blocktype\u003d\"Separator\" l\u003d\"1805\" r\u003d\"1811\" style\u003d\"transform: translate(873px, 52px); position: absolute;\" t\u003d\"207\"\u003e \u003cregion\u003e \u003crect b\u003d\"333\" l\u003d\"1805\" r\u003d\"1811\" t\u003d\"207\"\u003e\u003c/rect\u003e  \u003c/region\u003e  \u003cseparator thickness\u003d\"6\" type\u003d\"Black\"\u003e \u003cstart x\u003d\"1808\" y\u003d\"207\"\u003e\u003c/start\u003e \u003cend x\u003d\"1808\" y\u003d\"333\"\u003e\u003c/end\u003e \u003c/separator\u003e \u003c/block\u003e  \u003cblock b\u003d\"333\" blockname\u003d\"\" blocktype\u003d\"Separator\" l\u003d\"1817\" r\u003d\"1820\" style\u003d\"transform: translate(879px, 52px); position: absolute;\" t\u003d\"207\"\u003e \u003cregion\u003e \u003crect b\u003d\"333\" l\u003d\"1817\" r\u003d\"1820\" t\u003d\"207\"\u003e\u003c/rect\u003e  \u003c/region\u003e  \u003cseparator thickness\u003d\"3\" type\u003d\"Black\"\u003e \u003cstart x\u003d\"1818\" y\u003d\"207\"\u003e\u003c/start\u003e \u003cend x\u003d\"1818\" y\u003d\"333\"\u003e\u003c/end\u003e \u003c/separator\u003e \u003c/block\u003e  \u003cblock b\u003d\"333\" blockname\u003d\"\" blocktype\u003d\"Separator\" l\u003d\"1823\" r\u003d\"1829\" style\u003d\"transform: translate(881px, 52px); position: absolute;\" t\u003d\"207\"\u003e \u003cregion\u003e \u003crect b\u003d\"333\" l\u003d\"1823\" r\u003d\"1829\" t\u003d\"207\"\u003e\u003c/rect\u003e  \u003c/region\u003e  \u003cseparator thickness\u003d\"6\" type\u003d\"Black\"\u003e \u003cstart x\u003d\"1826\" y\u003d\"207\"\u003e\u003c/start\u003e \u003cend x\u003d\"1826\" y\u003d\"333\"\u003e\u003c/end\u003e \u003c/separator\u003e \u003c/block\u003e  \u003cblock b\u003d\"333\" blockname\u003d\"\" blocktype\u003d\"Separator\" l\u003d\"1850\" r\u003d\"1856\" style\u003d\"transform: translate(895px, 52px); position: absolute;\" t\u003d\"207\"\u003e \u003cregion\u003e \u003crect b\u003d\"333\" l\u003d\"1850\" r\u003d\"1856\" t\u003d\"207\"\u003e\u003c/rect\u003e  \u003c/region\u003e  \u003cseparator thickness\u003d\"6\" type\u003d\"Black\"\u003e \u003cstart x\u003d\"1853\" y\u003d\"207\"\u003e\u003c/start\u003e \u003cend x\u003d\"1853\" y\u003d\"333\"\u003e\u003c/end\u003e \u003c/separator\u003e \u003c/block\u003e  \u003cblock b\u003d\"333\" blockname\u003d\"\" blocktype\u003d\"Separator\" l\u003d\"1877\" r\u003d\"1880\" style\u003d\"transform: translate(908px, 52px); position: absolute;\" t\u003d\"207\"\u003e \u003cregion\u003e \u003crect b\u003d\"333\" l\u003d\"1877\" r\u003d\"1880\" t\u003d\"207\"\u003e\u003c/rect\u003e  \u003c/region\u003e  \u003cseparator thickness\u003d\"3\" type\u003d\"Black\"\u003e \u003cstart x\u003d\"1878\" y\u003d\"207\"\u003e\u003c/start\u003e \u003cend x\u003d\"1878\" y\u003d\"333\"\u003e\u003c/end\u003e \u003c/separator\u003e \u003c/block\u003e  \u003cblock b\u003d\"333\" blockname\u003d\"\" blocktype\u003d\"Separator\" l\u003d\"1883\" r\u003d\"1889\" style\u003d\"transform: translate(910px, 52px); position: absolute;\" t\u003d\"207\"\u003e \u003cregion\u003e \u003crect b\u003d\"333\" l\u003d\"1883\" r\u003d\"1889\" t\u003d\"207\"\u003e\u003c/rect\u003e  \u003c/region\u003e  \u003cseparator thickness\u003d\"6\" type\u003d\"Black\"\u003e \u003cstart x\u003d\"1886\" y\u003d\"207\"\u003e\u003c/start\u003e \u003cend x\u003d\"1886\" y\u003d\"333\"\u003e\u003c/end\u003e \u003c/separator\u003e \u003c/block\u003e  \u003cblock b\u003d\"3146\" blockname\u003d\"\" blocktype\u003d\"Separator\" l\u003d\"1997\" r\u003d\"2003\" style\u003d\"transform: translate(966px, 425px); position: absolute;\" t\u003d\"1698\"\u003e \u003cregion\u003e \u003crect b\u003d\"3137\" l\u003d\"1998\" r\u003d\"2002\" t\u003d\"1698\"\u003e\u003c/rect\u003e  \u003crect b\u003d\"3146\" l\u003d\"1997\" r\u003d\"2003\" t\u003d\"3137\"\u003e\u003c/rect\u003e  \u003c/region\u003e  \u003cseparator thickness\u003d\"5\" type\u003d\"Black\"\u003e \u003cstart x\u003d\"2000\" y\u003d\"1698\"\u003e\u003c/start\u003e \u003cend x\u003d\"2000\" y\u003d\"3146\"\u003e\u003c/end\u003e \u003c/separator\u003e \u003c/block\u003e  \u003cblock b\u003d\"4019\" blockname\u003d\"\" blocktype\u003d\"Separator\" l\u003d\"2248\" r\u003d\"2252\" style\u003d\"transform: translate(1087px, 909px); position: absolute;\" t\u003d\"3637\"\u003e \u003cregion\u003e \u003crect b\u003d\"4019\" l\u003d\"2248\" r\u003d\"2252\" t\u003d\"3637\"\u003e\u003c/rect\u003e  \u003c/region\u003e  \u003cseparator thickness\u003d\"4\" type\u003d\"Black\"\u003e \u003cstart x\u003d\"2250\" y\u003d\"3637\"\u003e\u003c/start\u003e \u003cend x\u003d\"2250\" y\u003d\"4019\"\u003e\u003c/end\u003e \u003c/separator\u003e \u003c/block\u003e  \u003cblock b\u003d\"569\" blockname\u003d\"\" blocktype\u003d\"Separator\" l\u003d\"2404\" r\u003d\"2407\" style\u003d\"transform: translate(1162px, 69px); position: absolute;\" t\u003d\"276\"\u003e \u003cregion\u003e \u003crect b\u003d\"569\" l\u003d\"2404\" r\u003d\"2407\" t\u003d\"276\"\u003e\u003c/rect\u003e  \u003c/region\u003e  \u003cseparator thickness\u003d\"3\" type\u003d\"Black\"\u003e \u003cstart x\u003d\"2405\" y\u003d\"276\"\u003e\u003c/start\u003e \u003cend x\u003d\"2405\" y\u003d\"569\"\u003e\u003c/end\u003e \u003c/separator\u003e \u003c/block\u003e  \u003cblock b\u003d\"3146\" blockname\u003d\"\" blocktype\u003d\"Separator\" l\u003d\"2497\" r\u003d\"2503\" style\u003d\"transform: translate(1207px, 425px); position: absolute;\" t\u003d\"1698\"\u003e \u003cregion\u003e \u003crect b\u003d\"3137\" l\u003d\"2498\" r\u003d\"2502\" t\u003d\"1698\"\u003e\u003c/rect\u003e  \u003crect b\u003d\"3146\" l\u003d\"2497\" r\u003d\"2503\" t\u003d\"3137\"\u003e\u003c/rect\u003e  \u003c/region\u003e  \u003cseparator thickness\u003d\"5\" type\u003d\"Black\"\u003e \u003cstart x\u003d\"2500\" y\u003d\"1698\"\u003e\u003c/start\u003e \u003cend x\u003d\"2500\" y\u003d\"3146\"\u003e\u003c/end\u003e \u003c/separator\u003e \u003c/block\u003e  \u003cblock b\u003d\"713\" blockname\u003d\"\" blocktype\u003d\"Separator\" l\u003d\"2637\" r\u003d\"2641\" style\u003d\"transform: translate(1275px, 141px); position: absolute;\" t\u003d\"565\"\u003e \u003cregion\u003e \u003crect b\u003d\"713\" l\u003d\"2637\" r\u003d\"2641\" t\u003d\"565\"\u003e\u003c/rect\u003e  \u003c/region\u003e  \u003cseparator thickness\u003d\"4\" type\u003d\"Black\"\u003e \u003cstart x\u003d\"2639\" y\u003d\"565\"\u003e\u003c/start\u003e \u003cend x\u003d\"2639\" y\u003d\"713\"\u003e\u003c/end\u003e \u003c/separator\u003e \u003c/block\u003e  \u003cblock b\u003d\"3146\" blockname\u003d\"\" blocktype\u003d\"Separator\" l\u003d\"2858\" r\u003d\"2864\" style\u003d\"transform: translate(1382px, 361px); position: absolute;\" t\u003d\"1443\"\u003e \u003cregion\u003e \u003crect b\u003d\"3137\" l\u003d\"2859\" r\u003d\"2863\" t\u003d\"1443\"\u003e\u003c/rect\u003e  \u003crect b\u003d\"3146\" l\u003d\"2858\" r\u003d\"2864\" t\u003d\"3137\"\u003e\u003c/rect\u003e  \u003c/region\u003e  \u003cseparator thickness\u003d\"5\" type\u003d\"Black\"\u003e \u003cstart x\u003d\"2861\" y\u003d\"1443\"\u003e\u003c/start\u003e \u003cend x\u003d\"2861\" y\u003d\"3146\"\u003e\u003c/end\u003e \u003c/separator\u003e \u003c/block\u003e  \u003cblock b\u003d\"569\" blockname\u003d\"\" blocktype\u003d\"Separator\" l\u003d\"2865\" r\u003d\"2869\" style\u003d\"transform: translate(1385px, 69px); position: absolute;\" t\u003d\"276\"\u003e \u003cregion\u003e \u003crect b\u003d\"569\" l\u003d\"2865\" r\u003d\"2869\" t\u003d\"276\"\u003e\u003c/rect\u003e  \u003c/region\u003e  \u003cseparator thickness\u003d\"4\" type\u003d\"Black\"\u003e \u003cstart x\u003d\"2867\" y\u003d\"276\"\u003e\u003c/start\u003e \u003cend x\u003d\"2867\" y\u003d\"569\"\u003e\u003c/end\u003e \u003c/separator\u003e \u003c/block\u003e  \u003cblock b\u003d\"4019\" blockname\u003d\"\" blocktype\u003d\"Separator\" l\u003d\"2915\" r\u003d\"2919\" style\u003d\"transform: translate(1409px, 909px); position: absolute;\" t\u003d\"3637\"\u003e \u003cregion\u003e \u003crect b\u003d\"4019\" l\u003d\"2915\" r\u003d\"2919\" t\u003d\"3637\"\u003e\u003c/rect\u003e  \u003c/region\u003e  \u003cseparator thickness\u003d\"4\" type\u003d\"Black\"\u003e \u003cstart x\u003d\"2917\" y\u003d\"3637\"\u003e\u003c/start\u003e \u003cend x\u003d\"2917\" y\u003d\"4019\"\u003e\u003c/end\u003e \u003c/separator\u003e \u003c/block\u003e  \u003cblock b\u003d\"3613\" blockname\u003d\"\" blocktype\u003d\"Separator\" l\u003d\"3103\" r\u003d\"3113\" style\u003d\"transform: translate(1500px, 784px); position: absolute;\" t\u003d\"3137\"\u003e \u003cregion\u003e \u003crect b\u003d\"3613\" l\u003d\"3103\" r\u003d\"3113\" t\u003d\"3137\"\u003e\u003c/rect\u003e  \u003c/region\u003e  \u003cseparator thickness\u003d\"10\" type\u003d\"Black\"\u003e \u003cstart x\u003d\"3108\" y\u003d\"3137\"\u003e\u003c/start\u003e \u003cend x\u003d\"3108\" y\u003d\"3613\"\u003e\u003c/end\u003e \u003c/separator\u003e \u003c/block\u003e  \u003cblock b\u003d\"1796\" blockname\u003d\"\" blocktype\u003d\"Separator\" l\u003d\"2165\" r\u003d\"2169\" style\u003d\"transform: translate(1047px, 425px); position: absolute;\" t\u003d\"1698\"\u003e \u003cregion\u003e \u003crect b\u003d\"1796\" l\u003d\"2165\" r\u003d\"2169\" t\u003d\"1698\"\u003e\u003c/rect\u003e  \u003c/region\u003e  \u003cseparator thickness\u003d\"4\" type\u003d\"Black\"\u003e \u003cstart x\u003d\"2167\" y\u003d\"1698\"\u003e\u003c/start\u003e \u003cend x\u003d\"2167\" y\u003d\"1796\"\u003e\u003c/end\u003e \u003c/separator\u003e \u003c/block\u003e  \u003cblock b\u003d\"1796\" blockname\u003d\"\" blocktype\u003d\"Separator\" l\u003d\"2331\" r\u003d\"2335\" style\u003d\"transform: translate(1127px, 425px); position: absolute;\" t\u003d\"1698\"\u003e \u003cregion\u003e \u003crect b\u003d\"1796\" l\u003d\"2331\" r\u003d\"2335\" t\u003d\"1698\"\u003e\u003c/rect\u003e  \u003c/region\u003e  \u003cseparator thickness\u003d\"4\" type\u003d\"Black\"\u003e \u003cstart x\u003d\"2333\" y\u003d\"1698\"\u003e\u003c/start\u003e \u003cend x\u003d\"2333\" y\u003d\"1796\"\u003e\u003c/end\u003e \u003c/separator\u003e \u003c/block\u003e  \u003cblock b\u003d\"1402\" blockname\u003d\"\" blocktype\u003d\"Separator\" l\u003d\"55\" r\u003d\"3283\" style\u003d\"transform: translate(27px, 350px); position: absolute;\" t\u003d\"1398\"\u003e \u003cregion\u003e \u003crect b\u003d\"1402\" l\u003d\"55\" r\u003d\"3283\" t\u003d\"1398\"\u003e\u003c/rect\u003e  \u003c/region\u003e  \u003cseparator thickness\u003d\"4\" type\u003d\"Dotted\"\u003e \u003cstart x\u003d\"55\" y\u003d\"1400\"\u003e\u003c/start\u003e \u003cend x\u003d\"3283\" y\u003d\"1400\"\u003e\u003c/end\u003e \u003c/separator\u003e \u003c/block\u003e  \u003cblock b\u003d\"336\" blockname\u003d\"\" blocktype\u003d\"Text\" l\u003d\"1684\" r\u003d\"1841\" style\u003d\"transform: translate(814px, 51px); position: absolute; width: 75.9141px; height: 32.75px;\" t\u003d\"205\"\u003e \u003cregion\u003e \u003crect b\u003d\"336\" l\u003d\"1684\" r\u003d\"1841\" t\u003d\"205\"\u003e\u003c/rect\u003e  \u003c/region\u003e  \u003ctext\u003e \u003cpar linespacing\u003d\"-1\"\u003e\u003c/par\u003e  \u003c/text\u003e  \u003c/block\u003e  \u003c/page\u003e \u003c/document\u003e\u003c/body\u003e\u003c/html\u003e","tags":[{"score":0.7319974024421496,"end":298,"tag":"email","text":"achremittance@cdw.com","estimatedAccuracy":1.0,"begin":277},{"score":0.6854309776775825,"end":578,"tag":"invoice_number","text":"PII9506","estimatedAccuracy":0.9827586206896551,"begin":571},{"score":0.734124585169787,"end":603,"tag":"invoice_date","text":"08/29/1996","estimatedAccuracy":1.0,"begin":595},{"score":0.4705964588950559,"end":1895,"tag":"product","text":"Exercitationem sit nam labore nesciunt. Exercitationem sit nam labore nesciunt. Quidem cupiditate eligendi.","estimatedAccuracy":0.8149466192170819,"begin":1788},{"score":0.6217640979978311,"end":1915,"tag":"price","text":"55.99","estimatedAccuracy":0.9387315264080694,"begin":1910},{"score":0.6965093891318874,"end":2753,"tag":"total_amount","text":"1834.00","estimatedAccuracy":0.9591836734693877,"begin":2749}],"group":"email|invoice_date|invoice_number|price|product|total_amount"}