{"finalScore":0.7182015859839859,"metaInfo":{"model":{"coreVersion":"9.3.0.9"}},"sumScore":13.645830133695732,"tagsCounter":19.0,"taggedText":"\u003cbase\u003e\u003c/base\u003e\u003cstyle type\u003d\"text/css\"\u003e\u003c/style\u003e\u003cmeta content\u003d\"text-html; charset\u003dutf-8\"\u003e\u003c/meta\u003e\u003cdocument\u003e\u003cpage height\u003d\"3520\" resolution\u003d\"300\" width\u003d\"2454\" data-scale\u003d\"0\" style\u003d\"height: 1347px;\"\u003e \u003cblock\u003e\u003ctext\u003e\u003cp\u003e\u003cpar\u003e\u003cspan\u003e\u003cline\u003e\u003cspan\u003e\u003cformatting\u003eINVOICE# \u003cinvoice_number begin\u003d\"9\" class\u003d\"extraction-tag ml-tag\" data-text\u003d\"1759339126\" data-value\u003d\"1759339126\" end\u003d\"19\" estimated-accuracy\u003d\"0.9827586206896551\" ml-tagorder\u003d\"0\" score\u003d\"0.6670129505988124\" style\u003d\"border: 2px solid rgb(125, 157, 1);\" tagorder\u003d\"0\"\u003e1759339126\u003c/invoice_number\u003e\u003c/formatting\u003e \u003c/span\u003e\u003c/line\u003e \u003c/span\u003e\u003c/par\u003e \u003c/p\u003e \n\u003c/text\u003e \u003c/block\u003e \u003ctable border\u003d\"1\" style\u003d\"user-select: auto;\"\u003e\u003ctbody\u003e\u003ctr\u003e\u003ctd colspan\u003d\"2\"\u003e\u003ctext\u003e\u003cp\u003e\u003cpar\u003e\u003cspan\u003e\u003cline\u003e\u003cspan\u003e\u003cformatting\u003eproject Cognitive Bot Development\u003c/formatting\u003e \u003c/span\u003e\u003c/line\u003e \u003cline\u003e\u003cspan\u003e\u003cformatting\u003eclient Lara Harrow\u003c/formatting\u003e \u003c/span\u003e\u003c/line\u003e \u003c/span\u003e\u003c/par\u003e \u003cpar\u003e\u003cspan\u003e\u003cline\u003e\u003cspan\u003e\u003cformatting\u003eaddress California Route 2, CA, 94129, USA\u003c/formatting\u003e \u003c/span\u003e\u003c/line\u003e \u003c/span\u003e\u003c/par\u003e \u003cpar\u003e\u003cspan\u003e\u003cline\u003e\u003cspan\u003e\u003cformatting\u003eemail \u003cemail begin\u003d\"133\" class\u003d\"extraction-tag ml-tag\" data-text\u003d\"jack\" data-value\u003d\"jack\" end\u003d\"137\" estimated-accuracy\u003d\"0.9347826086956522\" ml-tagorder\u003d\"1\" score\u003d\"0.37472274619417184\" style\u003d\"border: 2px solid rgb(125, 157, 1);\" tagorder\u003d\"1\"\u003ejack\u003c/email\u003e harrowtS)examDle.com\u003c/formatting\u003e \u003c/span\u003e\u003c/line\u003e \u003c/span\u003e\u003c/par\u003e \u003c/p\u003e \n\u003c/text\u003e \u003c/td\u003e  \u003ctd style\u003d\"vertical-align:middle;\"\u003e\u003ctext\u003e\u003cp\u003e\u003cpar\u003e\u003cspan\u003e\u003cline\u003e\u003cspan\u003e\u003cformatting\u003eWorkf\u003c/formatting\u003e \u003c/span\u003e\u003c/line\u003e \u003c/span\u003e\u003c/par\u003e \u003cpar\u003e\u003cspan\u003e\u003cline\u003e\u003cspan\u003e\u003cformatting\u003e48 Wall Street, 7th\u003c/formatting\u003e \u003c/span\u003e\u003c/line\u003e \u003cline\u003e\u003cspan\u003e\u003cformatting\u003eNY 10005,\u003c/formatting\u003e \u003c/span\u003e\u003c/line\u003e \u003cline\u003e\u003cspan\u003e\u003cformatting\u003e+1 646.453.\u003c/formatting\u003e \u003c/span\u003e\u003c/line\u003e \u003c/span\u003e\u003c/par\u003e \u003c/p\u003e \n\u003c/text\u003e \u003c/td\u003e  \u003c/tr\u003e \n\u003ctr\u003e\u003ctd style\u003d\"vertical-align:middle;\"\u003e\u003ctext\u003e\u003cp\u003e\u003cpar\u003e\u003cspan\u003e\u003cline\u003e\u003cspan\u003e\u003cformatting\u003edate \u003cinvoice_date begin\u003d\"232\" class\u003d\"extraction-tag ml-tag\" data-text\u003d\"January 16,\" data-value\u003d\"01/16/2018\" end\u003d\"255\" estimated-accuracy\u003d\"1.0\" ml-tagorder\u003d\"17\" score\u003d\"0.7266588090769932\" style\u003d\"border: 2px solid rgb(125, 157, 1);\" tagorder\u003d\"17\"\u003eJanuary 16,\u003c/invoice_date\u003e\u003c/formatting\u003e\u003cinvoice_date begin\u003d\"232\" class\u003d\"extraction-tag ml-tag\" data-text\u003d\"January 16,\" data-value\u003d\"01/16/2018\" end\u003d\"255\" estimated-accuracy\u003d\"1.0\" ml-tagorder\u003d\"17\" score\u003d\"0.7266588090769932\" style\u003d\"border: 2px solid rgb(125, 157, 1);\" tagorder\u003d\"17\"\u003e \u003c/invoice_date\u003e\u003c/span\u003e\u003c/line\u003e\u003cinvoice_date begin\u003d\"232\" class\u003d\"extraction-tag ml-tag\" data-text\u003d\"January 16,\" data-value\u003d\"01/16/2018\" end\u003d\"255\" estimated-accuracy\u003d\"1.0\" ml-tagorder\u003d\"17\" score\u003d\"0.7266588090769932\" style\u003d\"border: 2px solid rgb(125, 157, 1);\" tagorder\u003d\"17\"\u003e \u003c/invoice_date\u003e\u003c/span\u003e\u003c/par\u003e\u003cinvoice_date begin\u003d\"232\" class\u003d\"extraction-tag ml-tag\" data-text\u003d\"January 16,\" data-value\u003d\"01/16/2018\" end\u003d\"255\" estimated-accuracy\u003d\"1.0\" ml-tagorder\u003d\"17\" score\u003d\"0.7266588090769932\" style\u003d\"border: 2px solid rgb(125, 157, 1);\" tagorder\u003d\"17\"\u003e \u003c/invoice_date\u003e\u003c/p\u003e\u003cinvoice_date begin\u003d\"232\" class\u003d\"extraction-tag ml-tag\" data-text\u003d\"January 16,\" data-value\u003d\"01/16/2018\" end\u003d\"255\" estimated-accuracy\u003d\"1.0\" ml-tagorder\u003d\"17\" score\u003d\"0.7266588090769932\" style\u003d\"border: 2px solid rgb(125, 157, 1);\" tagorder\u003d\"17\"\u003e \n\u003c/invoice_date\u003e\u003c/text\u003e\u003cinvoice_date begin\u003d\"232\" class\u003d\"extraction-tag ml-tag\" data-text\u003d\"January 16,\" data-value\u003d\"01/16/2018\" end\u003d\"255\" estimated-accuracy\u003d\"1.0\" ml-tagorder\u003d\"17\" score\u003d\"0.7266588090769932\" style\u003d\"border: 2px solid rgb(125, 157, 1);\" tagorder\u003d\"17\"\u003e \u003c/invoice_date\u003e\u003c/td\u003e\u003cinvoice_date begin\u003d\"232\" class\u003d\"extraction-tag ml-tag\" data-text\u003d\"January 16,\" data-value\u003d\"01/16/2018\" end\u003d\"255\" estimated-accuracy\u003d\"1.0\" ml-tagorder\u003d\"17\" score\u003d\"0.7266588090769932\" style\u003d\"border: 2px solid rgb(125, 157, 1);\" tagorder\u003d\"17\"\u003e  \u003c/invoice_date\u003e\u003ctd style\u003d\"vertical-align:middle;\"\u003e\u003ctext\u003e\u003cp\u003e\u003cpar\u003e\u003cspan\u003e\u003cline\u003e\u003cspan\u003e\u003cformatting\u003e\u003cinvoice_date begin\u003d\"232\" class\u003d\"extraction-tag ml-tag\" data-text\u003d\"January 16,\" data-value\u003d\"01/16/2018\" end\u003d\"255\" estimated-accuracy\u003d\"1.0\" ml-tagorder\u003d\"17\" score\u003d\"0.7266588090769932\" style\u003d\"border: 2px solid rgb(125, 157, 1);\" tagorder\u003d\"17\"\u003e2018\u003c/invoice_date\u003e\u003c/formatting\u003e \u003c/span\u003e\u003c/line\u003e \u003c/span\u003e\u003c/par\u003e \u003c/p\u003e \n\u003c/text\u003e \u003c/td\u003e  \u003ctd style\u003d\"vertical-align:middle;\"\u003e\u003ctext\u003e\u003cp\u003e\u003cpar\u003e\u003cspan\u003e\u003cline\u003e\u003cspan\u003e\u003cformatting\u003eworkfusion\u003c/formatting\u003e \u003c/span\u003e\u003c/line\u003e \u003c/span\u003e\u003c/par\u003e \u003c/p\u003e \n\u003c/text\u003e \u003c/td\u003e  \u003c/tr\u003e \n\u003ctr\u003e\u003ctd style\u003d\"vertical-align:middle;\"\u003e\u003ctext\u003e\u003cp\u003e\u003cpar\u003e\u003cspan\u003e\u003cline\u003e\u003cspan\u003e\u003cformatting\u003eSERVICE\u003c/formatting\u003e \u003c/span\u003e\u003c/line\u003e \u003c/span\u003e\u003c/par\u003e \u003c/p\u003e \n\u003c/text\u003e \u003c/td\u003e  \u003ctd style\u003d\"vertical-align:middle;\"\u003e\u003ctext\u003e\u003cp\u003e\u003cpar\u003e\u003cspan\u003e\u003cline\u003e\u003cspan\u003e\u003cformatting\u003eDESCRIPTION\u003c/formatting\u003e \u003c/span\u003e\u003c/line\u003e \u003c/span\u003e\u003c/par\u003e \u003c/p\u003e \n\u003c/text\u003e \u003c/td\u003e  \u003ctd style\u003d\"vertical-align:middle;\"\u003e\u003ctext\u003e\u003cp\u003e\u003cpar\u003e\u003cspan\u003e\u003cline\u003e\u003cspan\u003e\u003cformatting\u003ePRICE\u003c/formatting\u003e \u003c/span\u003e\u003c/line\u003e \u003c/span\u003e\u003c/par\u003e \u003c/p\u003e \n\u003c/text\u003e \u003c/td\u003e  \u003ctd style\u003d\"vertical-align:middle;\"\u003e\u003ctext\u003e\u003cp\u003e\u003cpar\u003e\u003cspan\u003e\u003cline\u003e\u003cspan\u003e\u003cformatting\u003eQTY\u003c/formatting\u003e \u003c/span\u003e\u003c/line\u003e \u003c/span\u003e\u003c/par\u003e \u003cpar\u003e\u003cspan\u003e\u003cline\u003e\u003cspan\u003e\u003cformatting\u003e(FTE)\u003c/formatting\u003e \u003c/span\u003e\u003c/line\u003e \u003c/span\u003e\u003c/par\u003e \u003c/p\u003e \n\u003c/text\u003e \u003c/td\u003e  \u003ctd style\u003d\"vertical-align:middle;\"\u003e\u003ctext\u003e\u003cp\u003e\u003cpar\u003e\u003cspan\u003e\u003cline\u003e\u003cspan\u003e\u003cformatting\u003eTOTA\u003c/formatting\u003e \u003c/span\u003e\u003c/line\u003e \u003c/span\u003e\u003c/par\u003e \u003c/p\u003e \n\u003c/text\u003e \u003c/td\u003e  \u003c/tr\u003e \n\u003ctr\u003e\u003ctd style\u003d\"vertical-align:middle;\"\u003e\u003ctext\u003e\u003cp\u003e\u003cpar\u003e\u003cspan\u003e\u003cline\u003e\u003cspan\u003e\u003cformatting\u003e\u003cproduct begin\u003d\"363\" class\u003d\"extraction-tag ml-tag\" data-text\u003d\"Social Media\" data-value\u003d\"Social Media Marketing\" end\u003d\"386\" estimated-accuracy\u003d\"0.9292820834515103\" ml-tagorder\u003d\"18\" score\u003d\"0.6520399047439832\" style\u003d\"border: 2px solid rgb(125, 157, 1);\" tagorder\u003d\"18\"\u003eSocial Media\u003c/product\u003e\u003c/formatting\u003e\u003cproduct begin\u003d\"363\" class\u003d\"extraction-tag ml-tag\" data-text\u003d\"Social Media\" data-value\u003d\"Social Media Marketing\" end\u003d\"386\" estimated-accuracy\u003d\"0.9292820834515103\" ml-tagorder\u003d\"18\" score\u003d\"0.6520399047439832\" style\u003d\"border: 2px solid rgb(125, 157, 1);\" tagorder\u003d\"18\"\u003e \u003c/product\u003e\u003c/span\u003e\u003c/line\u003e\u003cproduct begin\u003d\"363\" class\u003d\"extraction-tag ml-tag\" data-text\u003d\"Social Media\" data-value\u003d\"Social Media Marketing\" end\u003d\"386\" estimated-accuracy\u003d\"0.9292820834515103\" ml-tagorder\u003d\"18\" score\u003d\"0.6520399047439832\" style\u003d\"border: 2px solid rgb(125, 157, 1);\" tagorder\u003d\"18\"\u003e \u003c/product\u003e\u003cline\u003e\u003cspan\u003e\u003cformatting\u003e\u003cproduct begin\u003d\"363\" class\u003d\"extraction-tag ml-tag\" data-text\u003d\"Social Media\" data-value\u003d\"Social Media Marketing\" end\u003d\"386\" estimated-accuracy\u003d\"0.9292820834515103\" ml-tagorder\u003d\"18\" score\u003d\"0.6520399047439832\" style\u003d\"border: 2px solid rgb(125, 157, 1);\" tagorder\u003d\"18\"\u003eMarketing\u003c/product\u003e\u003c/formatting\u003e \u003c/span\u003e\u003c/line\u003e \u003c/span\u003e\u003c/par\u003e \u003c/p\u003e \n\u003c/text\u003e \u003c/td\u003e  \u003ctd style\u003d\"vertical-align:middle;\"\u003e\u003ctext\u003e\u003cp\u003e\u003cpar\u003e\u003cspan\u003e\u003cline\u003e\u003cspan\u003e\u003cformatting\u003eFacebook and Twitter marketing campaign\u003c/formatting\u003e \u003c/span\u003e\u003c/line\u003e \u003c/span\u003e\u003c/par\u003e \u003c/p\u003e \n\u003c/text\u003e \u003c/td\u003e  \u003ctd style\u003d\"vertical-align:middle;\"\u003e\u003ctext\u003e\u003cp\u003e\u003cpar\u003e\u003cspan\u003e\u003cline\u003e\u003cspan\u003e\u003cformatting\u003e\u003cprice begin\u003d\"441\" class\u003d\"extraction-tag ml-tag\" data-text\u003d\"$1.00\" data-value\u003d\"1.00\" end\u003d\"446\" estimated-accuracy\u003d\"0.9893617021276596\" ml-tagorder\u003d\"2\" score\u003d\"0.7700532681541374\" style\u003d\"border: 2px solid rgb(125, 157, 1);\" tagorder\u003d\"2\"\u003e$1.00\u003c/price\u003e\u003c/formatting\u003e \u003c/span\u003e\u003c/line\u003e \u003c/span\u003e\u003c/par\u003e \u003c/p\u003e \n\u003c/text\u003e \u003c/td\u003e  \u003ctd style\u003d\"vertical-align:middle;\"\u003e\u003ctext\u003e\u003cp\u003e\u003cpar\u003e\u003cspan\u003e\u003cline\u003e\u003cspan\u003e\u003cformatting\u003e\u003cspan\u003e\u003cquantity begin\u003d\"454\" class\u003d\"extraction-tag ml-tag\" data-text\u003d\"93\" data-value\u003d\"93.00\" end\u003d\"456\" estimated-accuracy\u003d\"1.0\" ml-tagorder\u003d\"3\" score\u003d\"0.7713987350005774\" style\u003d\"border: 2px solid rgb(125, 157, 1);\" tagorder\u003d\"3\"\u003e93\u003c/quantity\u003e\u003c/span\u003e\u003c/formatting\u003e \u003c/span\u003e\u003c/line\u003e \u003c/span\u003e\u003c/par\u003e \u003c/p\u003e \n\u003c/text\u003e \u003c/td\u003e  \u003ctd style\u003d\"vertical-align:middle;\"\u003e\u003ctext\u003e\u003cp\u003e\u003cpar\u003e\u003cspan\u003e\u003cline\u003e\u003cspan\u003e\u003cformatting\u003e$93.0\u003c/formatting\u003e \u003c/span\u003e\u003c/line\u003e \u003c/span\u003e\u003c/par\u003e \u003c/p\u003e \n\u003c/text\u003e \u003c/td\u003e  \u003c/tr\u003e \n\u003ctr\u003e\u003ctd style\u003d\"vertical-align:middle;\"\u003e\u003ctext\u003e\u003cp\u003e\u003cpar\u003e\u003cspan\u003e\u003cline\u003e\u003cspan\u003e\u003cformatting\u003e\u003cproduct begin\u003d\"479\" class\u003d\"extraction-tag ml-tag\" data-text\u003d\"Development\" data-value\u003d\"Development\" end\u003d\"490\" estimated-accuracy\u003d\"0.9447236180904522\" ml-tagorder\u003d\"4\" score\u003d\"0.6839843953321191\" style\u003d\"border: 2px solid rgb(125, 157, 1);\" tagorder\u003d\"4\"\u003eDevelopment\u003c/product\u003e\u003c/formatting\u003e \u003c/span\u003e\u003c/line\u003e \u003c/span\u003e\u003c/par\u003e \u003c/p\u003e \n\u003c/text\u003e \u003c/td\u003e  \u003ctd style\u003d\"vertical-align:middle;\"\u003e\u003ctext\u003e\u003cp\u003e\u003cpar\u003e\u003cspan\u003e\u003cline\u003e\u003cspan\u003e\u003cformatting\u003eDeveloping a Content Management System-\u003c/formatting\u003e \u003c/span\u003e\u003c/line\u003e \u003cline\u003e\u003cspan\u003e\u003cformatting\u003ebased Website\u003c/formatting\u003e \u003c/span\u003e\u003c/line\u003e \u003c/span\u003e\u003c/par\u003e \u003c/p\u003e \n\u003c/text\u003e \u003c/td\u003e  \u003ctd style\u003d\"vertical-align:middle;\"\u003e\u003ctext\u003e\u003cp\u003e\u003cpar\u003e\u003cspan\u003e\u003cline\u003e\u003cspan\u003e\u003cformatting\u003e\u003cprice begin\u003d\"560\" class\u003d\"extraction-tag ml-tag\" data-text\u003d\"$60.00\" data-value\u003d\"60.00\" end\u003d\"566\" estimated-accuracy\u003d\"0.994535519125683\" ml-tagorder\u003d\"5\" score\u003d\"0.8045473695628322\" style\u003d\"border: 2px solid rgb(125, 157, 1);\" tagorder\u003d\"5\"\u003e$60.00\u003c/price\u003e\u003c/formatting\u003e \u003c/span\u003e\u003c/line\u003e \u003c/span\u003e\u003c/par\u003e \u003c/p\u003e \n\u003c/text\u003e \u003c/td\u003e  \u003ctd style\u003d\"vertical-align:middle;\"\u003e\u003ctext\u003e\u003cp\u003e\u003cpar\u003e\u003cspan\u003e\u003cline\u003e\u003cspan\u003e\u003cformatting\u003e\u003cspan\u003e\u003cquantity begin\u003d\"574\" class\u003d\"extraction-tag ml-tag\" data-text\u003d\"6\" data-value\u003d\"6.00\" end\u003d\"575\" estimated-accuracy\u003d\"1.0\" ml-tagorder\u003d\"6\" score\u003d\"0.8697314561899272\" style\u003d\"border: 2px solid rgb(125, 157, 1);\" tagorder\u003d\"6\"\u003e6\u003c/quantity\u003e\u003c/span\u003e\u003c/formatting\u003e \u003c/span\u003e\u003c/line\u003e \u003c/span\u003e\u003c/par\u003e \u003c/p\u003e \n\u003c/text\u003e \u003c/td\u003e  \u003ctd style\u003d\"vertical-align:middle;\"\u003e\u003ctext\u003e\u003cp\u003e\u003cpar\u003e\u003cspan\u003e\u003cline\u003e\u003cspan\u003e\u003cformatting\u003e$360.0\u003c/formatting\u003e \u003c/span\u003e\u003c/line\u003e \u003c/span\u003e\u003c/par\u003e \u003c/p\u003e \n\u003c/text\u003e \u003c/td\u003e  \u003c/tr\u003e \n\u003ctr\u003e\u003ctd style\u003d\"vertical-align:middle;\"\u003e\u003ctext\u003e\u003cp\u003e\u003cpar\u003e\u003cspan\u003e\u003cline\u003e\u003cspan\u003e\u003cformatting\u003e\u003cproduct begin\u003d\"599\" class\u003d\"extraction-tag ml-tag\" data-text\u003d\"Pilot Development\" data-value\u003d\"Pilot Development\" end\u003d\"616\" estimated-accuracy\u003d\"0.9518409807140469\" ml-tagorder\u003d\"7\" score\u003d\"0.69375131862046\" style\u003d\"border: 2px solid rgb(125, 157, 1);\" tagorder\u003d\"7\"\u003ePilot Development\u003c/product\u003e\u003c/formatting\u003e \u003c/span\u003e\u003c/line\u003e \u003c/span\u003e\u003c/par\u003e \u003c/p\u003e \n\u003c/text\u003e \u003c/td\u003e  \u003ctd style\u003d\"vertical-align:middle;\"\u003e\u003ctext\u003e\u003cp\u003e\u003cpar\u003e\u003cspan\u003e\u003cline\u003e\u003cspan\u003e\u003cformatting\u003eDetailed Architectural Design\u003c/formatting\u003e \u003c/span\u003e\u003c/line\u003e \u003c/span\u003e\u003c/par\u003e \u003c/p\u003e \n\u003c/text\u003e \u003c/td\u003e  \u003ctd style\u003d\"vertical-align:middle;\"\u003e\u003ctext\u003e\u003cp\u003e\u003cpar\u003e\u003cspan\u003e\u003cline\u003e\u003cspan\u003e\u003cformatting\u003e\u003cprice begin\u003d\"661\" class\u003d\"extraction-tag ml-tag\" data-text\u003d\"$150.00\" data-value\u003d\"150.00\" end\u003d\"668\" estimated-accuracy\u003d\"0.9774774774774775\" ml-tagorder\u003d\"8\" score\u003d\"0.7240272687152007\" style\u003d\"border: 2px solid rgb(125, 157, 1);\" tagorder\u003d\"8\"\u003e$150.00\u003c/price\u003e\u003c/formatting\u003e \u003c/span\u003e\u003c/line\u003e \u003c/span\u003e\u003c/par\u003e \u003c/p\u003e \n\u003c/text\u003e \u003c/td\u003e  \u003ctd style\u003d\"vertical-align:middle;\"\u003e\u003ctext\u003e\u003cp\u003e\u003cpar\u003e\u003cspan\u003e\u003cline\u003e\u003cspan\u003e\u003cformatting\u003e\u003cspan\u003e\u003cquantity begin\u003d\"676\" class\u003d\"extraction-tag ml-tag\" data-text\u003d\"16\" data-value\u003d\"16.00\" end\u003d\"678\" estimated-accuracy\u003d\"1.0\" ml-tagorder\u003d\"9\" score\u003d\"0.8475633127382872\" style\u003d\"border: 2px solid rgb(125, 157, 1);\" tagorder\u003d\"9\"\u003e16\u003c/quantity\u003e\u003c/span\u003e\u003c/formatting\u003e \u003c/span\u003e\u003c/line\u003e \u003c/span\u003e\u003c/par\u003e \u003c/p\u003e \n\u003c/text\u003e \u003c/td\u003e  \u003ctd style\u003d\"vertical-align:middle;\"\u003e\u003ctext\u003e\u003cp\u003e\u003cpar\u003e\u003cspan\u003e\u003cline\u003e\u003cspan\u003e\u003cformatting\u003e$2,400.0\u003c/formatting\u003e \u003c/span\u003e\u003c/line\u003e \u003c/span\u003e\u003c/par\u003e \u003c/p\u003e \n\u003c/text\u003e \u003c/td\u003e  \u003c/tr\u003e \n\u003ctr\u003e\u003ctd style\u003d\"vertical-align:middle;\"\u003e\u003ctext\u003e\u003cp\u003e\u003cpar\u003e\u003cspan\u003e\u003cline\u003e\u003cspan\u003e\u003cformatting\u003e\u003cproduct begin\u003d\"704\" class\u003d\"extraction-tag ml-tag\" data-text\u003d\"Customer Support\" data-value\u003d\"Customer Support\" end\u003d\"720\" estimated-accuracy\u003d\"0.9529504634731141\" ml-tagorder\u003d\"10\" score\u003d\"0.7060835771776953\" style\u003d\"border: 2px solid rgb(125, 157, 1);\" tagorder\u003d\"10\"\u003eCustomer Support\u003c/product\u003e\u003c/formatting\u003e \u003c/span\u003e\u003c/line\u003e \u003c/span\u003e\u003c/par\u003e \u003c/p\u003e \n\u003c/text\u003e \u003c/td\u003e  \u003ctd style\u003d\"vertical-align:middle;\"\u003e\u003ctext\u003e\u003cp\u003e\u003cpar\u003e\u003cspan\u003e\u003cline\u003e\u003cspan\u003e\u003cformatting\u003eL1/L2 Support Activities\u003c/formatting\u003e \u003c/span\u003e\u003c/line\u003e \u003c/span\u003e\u003c/par\u003e \u003c/p\u003e \n\u003c/text\u003e \u003c/td\u003e  \u003ctd style\u003d\"vertical-align:middle;\"\u003e\u003ctext\u003e\u003cp\u003e\u003cpar\u003e\u003cspan\u003e\u003cline\u003e\u003cspan\u003e\u003cformatting\u003e\u003cprice begin\u003d\"760\" class\u003d\"extraction-tag ml-tag\" data-text\u003d\"$20.00\" data-value\u003d\"20.00\" end\u003d\"766\" estimated-accuracy\u003d\"0.9893617021276596\" ml-tagorder\u003d\"11\" score\u003d\"0.7697528985566224\" style\u003d\"border: 2px solid rgb(125, 157, 1);\" tagorder\u003d\"11\"\u003e$20.00\u003c/price\u003e\u003c/formatting\u003e \u003c/span\u003e\u003c/line\u003e \u003c/span\u003e\u003c/par\u003e \u003c/p\u003e \n\u003c/text\u003e \u003c/td\u003e  \u003ctd style\u003d\"vertical-align:middle;\"\u003e\u003ctext\u003e\u003cp\u003e\u003cpar\u003e\u003cspan\u003e\u003cline\u003e\u003cspan\u003e\u003cformatting\u003e\u003cspan\u003e\u003cquantity begin\u003d\"774\" class\u003d\"extraction-tag ml-tag\" data-text\u003d\"1\" data-value\u003d\"1.00\" end\u003d\"775\" estimated-accuracy\u003d\"1.0\" ml-tagorder\u003d\"12\" score\u003d\"0.8597905262304884\" style\u003d\"border: 2px solid rgb(125, 157, 1);\" tagorder\u003d\"12\"\u003e1\u003c/quantity\u003e\u003c/span\u003e\u003c/formatting\u003e \u003c/span\u003e\u003c/line\u003e \u003c/span\u003e\u003c/par\u003e \u003c/p\u003e \n\u003c/text\u003e \u003c/td\u003e  \u003ctd style\u003d\"vertical-align:middle;\"\u003e\u003ctext\u003e\u003cp\u003e\u003cpar\u003e\u003cspan\u003e\u003cline\u003e\u003cspan\u003e\u003cformatting\u003e$20.0\u003c/formatting\u003e \u003c/span\u003e\u003c/line\u003e \u003c/span\u003e\u003c/par\u003e \u003c/p\u003e \n\u003c/text\u003e \u003c/td\u003e  \u003c/tr\u003e \n\u003ctr\u003e\u003ctd style\u003d\"vertical-align:middle;\"\u003e\u003ctext\u003e\u003cp\u003e\u003cpar\u003e\u003cspan\u003e\u003cline\u003e\u003cspan\u003e\u003cformatting\u003e\u003cproduct begin\u003d\"798\" class\u003d\"extraction-tag ml-tag\" data-text\u003d\"Video Marketing\" data-value\u003d\"Video Marketing\" end\u003d\"813\" estimated-accuracy\u003d\"0.86328125\" ml-tagorder\u003d\"13\" score\u003d\"0.5449536875513953\" style\u003d\"border: 2px solid rgb(125, 157, 1);\" tagorder\u003d\"13\"\u003eVideo Marketing\u003c/product\u003e\u003c/formatting\u003e \u003c/span\u003e\u003c/line\u003e \u003c/span\u003e\u003c/par\u003e \u003c/p\u003e \n\u003c/text\u003e \u003c/td\u003e  \u003ctd style\u003d\"vertical-align:middle;\"\u003e\u003ctext\u003e\u003cp\u003e\u003cpar\u003e\u003cspan\u003e\u003cline\u003e\u003cspan\u003e\u003cformatting\u003eTwitch TV advertisement\u003c/formatting\u003e \u003c/span\u003e\u003c/line\u003e \u003c/span\u003e\u003c/par\u003e \u003c/p\u003e \n\u003c/text\u003e \u003c/td\u003e  \u003ctd style\u003d\"vertical-align:middle;\"\u003e\u003ctext\u003e\u003cp\u003e\u003cpar\u003e\u003cspan\u003e\u003cline\u003e\u003cspan\u003e\u003cformatting\u003e\u003cprice begin\u003d\"852\" class\u003d\"extraction-tag ml-tag\" data-text\u003d\"$5.00\" data-value\u003d\"5.00\" end\u003d\"857\" estimated-accuracy\u003d\"0.994535519125683\" ml-tagorder\u003d\"14\" score\u003d\"0.7895238653466294\" style\u003d\"border: 2px solid rgb(125, 157, 1);\" tagorder\u003d\"14\"\u003e$5.00\u003c/price\u003e\u003c/formatting\u003e \u003c/span\u003e\u003c/line\u003e \u003c/span\u003e\u003c/par\u003e \u003c/p\u003e \n\u003c/text\u003e \u003c/td\u003e  \u003ctd style\u003d\"vertical-align:middle;\"\u003e\u003ctext\u003e\u003cp\u003e\u003cpar\u003e\u003cspan\u003e\u003cline\u003e\u003cspan\u003e\u003cformatting\u003e\u003cspan\u003e\u003cquantity begin\u003d\"865\" class\u003d\"extraction-tag ml-tag\" data-text\u003d\"15\" data-value\u003d\"15.00\" end\u003d\"867\" estimated-accuracy\u003d\"1.0\" ml-tagorder\u003d\"15\" score\u003d\"0.8636833830318111\" style\u003d\"border: 2px solid rgb(125, 157, 1);\" tagorder\u003d\"15\"\u003e15\u003c/quantity\u003e\u003c/span\u003e\u003c/formatting\u003e \u003c/span\u003e\u003c/line\u003e \u003c/span\u003e\u003c/par\u003e \u003c/p\u003e \n\u003c/text\u003e \u003c/td\u003e  \u003ctd style\u003d\"vertical-align:middle;\"\u003e\u003ctext\u003e\u003cp\u003e\u003cpar\u003e\u003cspan\u003e\u003cline\u003e\u003cspan\u003e\u003cformatting\u003e$75.0\u003c/formatting\u003e \u003c/span\u003e\u003c/line\u003e \u003c/span\u003e\u003c/par\u003e \u003c/p\u003e \n\u003c/text\u003e \u003c/td\u003e  \u003c/tr\u003e \n\u003ctr\u003e\u003ctd style\u003d\"vertical-align:middle;\"\u003e\u003ctext\u003e\u003cp\u003e\u003cpar\u003e\u003cspan\u003e\u003cline\u003e\u003cspan\u003e\u003cformatting\u003eSUBTOTAL\u003c/formatting\u003e \u003c/span\u003e\u003c/line\u003e \u003c/span\u003e\u003c/par\u003e \u003c/p\u003e \n\u003c/text\u003e \u003c/td\u003e  \u003ctd style\u003d\"vertical-align:middle;\"\u003e\u003ctext\u003e\u003cp\u003e\u003cpar\u003e\u003cspan\u003e\u003cline\u003e\u003cspan\u003e\u003cformatting\u003e$2,948.0\u003c/formatting\u003e \u003c/span\u003e\u003c/line\u003e \u003c/span\u003e\u003c/par\u003e \u003c/p\u003e \n\u003c/text\u003e \u003c/td\u003e  \u003c/tr\u003e \n\u003ctr\u003e\u003ctd style\u003d\"vertical-align:middle;\"\u003e\u003ctext\u003e\u003cp\u003e\u003cpar\u003e\u003cspan\u003e\u003cline\u003e\u003cspan\u003e\u003cformatting\u003eTAX 20%\u003c/formatting\u003e \u003c/span\u003e\u003c/line\u003e \u003c/span\u003e\u003c/par\u003e \u003c/p\u003e \n\u003c/text\u003e \u003c/td\u003e  \u003ctd style\u003d\"vertical-align:middle;\"\u003e\u003ctext\u003e\u003cp\u003e\u003cpar\u003e\u003cspan\u003e\u003cline\u003e\u003cspan\u003e\u003cformatting\u003e$589.6\u003c/formatting\u003e \u003c/span\u003e\u003c/line\u003e \u003c/span\u003e\u003c/par\u003e \u003c/p\u003e \n\u003c/text\u003e \u003c/td\u003e  \u003c/tr\u003e \n\u003ctr\u003e\u003ctd style\u003d\"vertical-align:middle;\"\u003e\u003ctext\u003e\u003cp\u003e\u003cpar\u003e\u003cspan\u003e\u003cline\u003e\u003cspan\u003e\u003cformatting\u003eTOTAL\u003c/formatting\u003e \u003c/span\u003e\u003c/line\u003e \u003c/span\u003e\u003c/par\u003e \u003c/p\u003e \n\u003c/text\u003e \u003c/td\u003e  \u003ctd style\u003d\"vertical-align:middle;\"\u003e\u003ctext\u003e\u003cp\u003e\u003cpar\u003e\u003cspan\u003e\u003cline\u003e\u003cspan\u003e\u003cformatting\u003e$\u003cspan\u003e\u003ctotal_amount begin\u003d\"969\" class\u003d\"extraction-tag ml-tag\" data-text\u003d\"3,537.6\" data-value\u003d\"3537.60\" end\u003d\"976\" estimated-accuracy\u003d\"0.9044112182069137\" ml-tagorder\u003d\"16\" score\u003d\"0.5265506608735877\" style\u003d\"border: 2px solid rgb(125, 157, 1);\" tagorder\u003d\"16\"\u003e3,537.6\u003c/total_amount\u003e\u003c/span\u003e\u003c/formatting\u003e \u003c/span\u003e\u003c/line\u003e \u003c/span\u003e\u003c/par\u003e \u003c/p\u003e \n\u003c/text\u003e \u003c/td\u003e  \u003c/tr\u003e \n\u003c/tbody\u003e\u003c/table\u003e\n\u003cblock\u003e\u003ctext\u003e\u003cp\u003e\u003cpar\u003e\u003cspan\u003e\u003cline\u003e\u003cspan\u003e\u003cformatting\u003eNOTICE:\u003c/formatting\u003e \u003c/span\u003e\u003c/line\u003e \u003c/span\u003e\u003c/par\u003e \u003cpar\u003e\u003cspan\u003e\u003cline\u003e\u003cspan\u003e\u003cformatting\u003eA finance charge of 1.5% will be made on unpaid balances after 30 days.\u003c/formatting\u003e \u003c/span\u003e\u003c/line\u003e \u003c/span\u003e\u003c/par\u003e \u003c/p\u003e \n\u003c/text\u003e \u003c/block\u003e \u003c/page\u003e\u003c/document\u003e","tags":[{"score":0.6670129505988124,"end":19,"tag":"invoice_number","text":"1759339126","estimatedAccuracy":0.9827586206896551,"begin":9},{"score":0.37472274619417184,"end":137,"tag":"email","text":"jack","estimatedAccuracy":0.9347826086956522,"begin":133},{"score":0.7266588090769932,"end":255,"tag":"invoice_date","text":"01/16/2018","estimatedAccuracy":1.0,"begin":232},{"score":0.6520399047439832,"end":386,"tag":"product","text":"Social Media Marketing","estimatedAccuracy":0.9292820834515103,"begin":363},{"score":0.7700532681541374,"end":446,"tag":"price","text":"1.00","estimatedAccuracy":0.9893617021276596,"begin":441},{"score":0.7713987350005774,"end":456,"tag":"quantity","text":"93.00","estimatedAccuracy":1.0,"begin":454},{"score":0.6839843953321191,"end":490,"tag":"product","text":"Development","estimatedAccuracy":0.9447236180904522,"begin":479},{"score":0.8045473695628322,"end":566,"tag":"price","text":"60.00","estimatedAccuracy":0.994535519125683,"begin":560},{"score":0.8697314561899272,"end":575,"tag":"quantity","text":"6.00","estimatedAccuracy":1.0,"begin":574},{"score":0.69375131862046,"end":616,"tag":"product","text":"Pilot Development","estimatedAccuracy":0.9518409807140469,"begin":599},{"score":0.7240272687152007,"end":668,"tag":"price","text":"150.00","estimatedAccuracy":0.9774774774774775,"begin":661},{"score":0.8475633127382872,"end":678,"tag":"quantity","text":"16.00","estimatedAccuracy":1.0,"begin":676},{"score":0.7060835771776953,"end":720,"tag":"product","text":"Customer Support","estimatedAccuracy":0.9529504634731141,"begin":704},{"score":0.7697528985566224,"end":766,"tag":"price","text":"20.00","estimatedAccuracy":0.9893617021276596,"begin":760},{"score":0.8597905262304884,"end":775,"tag":"quantity","text":"1.00","estimatedAccuracy":1.0,"begin":774},{"score":0.5449536875513953,"end":813,"tag":"product","text":"Video Marketing","estimatedAccuracy":0.86328125,"begin":798},{"score":0.7895238653466294,"end":857,"tag":"price","text":"5.00","estimatedAccuracy":0.994535519125683,"begin":852},{"score":0.8636833830318111,"end":867,"tag":"quantity","text":"15.00","estimatedAccuracy":1.0,"begin":865},{"score":0.5265506608735877,"end":976,"tag":"total_amount","text":"3537.60","estimatedAccuracy":0.9044112182069137,"begin":969}],"group":"email|invoice_date|invoice_number|price|product|quantity|total_amount"}