{"finalScore":0.6086350357261799,"metaInfo":{"model":{"coreVersion":"9.3.0.9"}},"sumScore":3.6518102143570794,"tagsCounter":6.0,"taggedText":"\u003chtml\u003e\u003chead\u003e\u003cscript src\u003d\"https://ajax.googleapis.com/ajax/libs/jquery/2.2.0/jquery.min.js\"\u003e\u003c/script\u003e\u003c/head\u003e\u003cbody\u003e\u003cdocument languages\u003d\"\" producer\u003d\"Workfusion\" schemalocation\u003d\"http://ocr.crowdcomputingsystems.com/xml/schema-v1.xml\" version\u003d\"1.0\" xmlns\u003d\"http://ocr.crowdcomputingsystems.com/xml/schema-v1.xml\" xsi\u003d\"http://www.w3.org/2001/XMLSchema-instance\"\u003e \u003clink href\u003d\"https://s3.amazonaws.com/workfusion-resources/ocr/ocr-xml-viewer-0.3-scale-to-width.css\" rel\u003d\"stylesheet\" type\u003d\"text/css\"\u003e\u003c/link\u003e \u003cstyle\u003e\u003c/style\u003e\u003cpage data-pages\u003d\"1\" h\u003d\"825\" resolution\u003d\"96\" style\u003d\"height: 1074px;\" w\u003d\"582\"\u003e \u003cblock b\u003d\"52\" blockname\u003d\"\" blocktype\u003d\"Text\" l\u003d\"329\" r\u003d\"386\" style\u003d\"transform: translate(427px, 49px); position: absolute; width: 73.9433px; height: 21.6667px;\" t\u003d\"36\"\u003e \u003cregion\u003e \u003crect b\u003d\"52\" l\u003d\"329\" r\u003d\"386\" t\u003d\"36\"\u003e\u003c/rect\u003e  \u003c/region\u003e  \u003ctext\u003e \u003cpar linespacing\u003d\"980\"\u003e \u003cline b\u003d\"49\" baseline\u003d\"49\" l\u003d\"330\" r\u003d\"383\" style\u003d\"transform: translate(1px, 0px); position: absolute;\" t\u003d\"36\"\u003e \u003cformatting lang\u003d\"EnglishUnitedStates\"\u003e Invoice \u003c/formatting\u003e  \u003c/line\u003e  \u003c/par\u003e  \u003c/text\u003e  \u003c/block\u003e  \u003cblock b\u003d\"152\" blockname\u003d\"\" blocktype\u003d\"Text\" l\u003d\"63\" r\u003d\"138\" style\u003d\"transform: translate(82px, 129px); position: absolute; width: 97.2938px; height: 77.1875px;\" t\u003d\"95\"\u003e \u003cregion\u003e \u003crect b\u003d\"143\" l\u003d\"63\" r\u003d\"138\" t\u003d\"95\"\u003e\u003c/rect\u003e  \u003crect b\u003d\"152\" l\u003d\"63\" r\u003d\"108\" t\u003d\"143\"\u003e\u003c/rect\u003e  \u003c/region\u003e  \u003ctext\u003e \u003cpar linespacing\u003d\"450\"\u003e \u003cline b\u003d\"103\" baseline\u003d\"101\" l\u003d\"66\" r\u003d\"133\" style\u003d\"transform: translate(4px, 0px); position: absolute;\" t\u003d\"95\"\u003e \u003cformatting lang\u003d\"EnglishUnitedStates\"\u003e \u003csupplier_name begin\u003d\"43\" class\u003d\"extraction-tag ml-tag\" data-text\u003d\"Dave Steve\" data-value\u003d\"Dave Steve\" end\u003d\"53\" estimated-accuracy\u003d\"1.0\" ml-tagorder\u003d\"0\" score\u003d\"0.7392465044227521\" style\u003d\"border: 2px solid rgb(125, 157, 1);\" tagorder\u003d\"0\"\u003eDave Steve\u003c/supplier_name\u003e \u003c/formatting\u003e  \u003c/line\u003e  \u003c/par\u003e  \u003cpar linespacing\u003d\"825\"\u003e \u003cline b\u003d\"115\" baseline\u003d\"115\" l\u003d\"66\" r\u003d\"132\" style\u003d\"transform: translate(4px, 18px); position: absolute;\" t\u003d\"108\"\u003e \u003cformatting lang\u003d\"EnglishUnitedStates\"\u003e 42000 Herbert Street \u003c/formatting\u003e  \u003c/line\u003e  \u003cline b\u003d\"127\" baseline\u003d\"126\" l\u003d\"66\" r\u003d\"100\" style\u003d\"transform: translate(4px, 34px); position: absolute;\" t\u003d\"120\"\u003e \u003cformatting lang\u003d\"EnglishUnitedStates\"\u003e Knowlhii \u003c/formatting\u003e  \u003c/line\u003e  \u003cline b\u003d\"140\" baseline\u003d\"138\" l\u003d\"66\" r\u003d\"120\" style\u003d\"transform: translate(4px, 50px); position: absolute;\" t\u003d\"132\"\u003e \u003cformatting lang\u003d\"EnglishUnitedStates\"\u003e Milton Keynes \u003c/formatting\u003e  \u003c/line\u003e  \u003cline b\u003d\"150\" baseline\u003d\"150\" l\u003d\"66\" r\u003d\"103\" style\u003d\"transform: translate(4px, 66px); position: absolute;\" t\u003d\"144\"\u003e \u003cformatting lang\u003d\"EnglishUnitedStates\"\u003e MK4 601) \u003c/formatting\u003e  \u003c/line\u003e  \u003c/par\u003e  \u003c/text\u003e  \u003c/block\u003e  \u003cblock b\u003d\"193\" blockname\u003d\"\" blocktype\u003d\"Text\" l\u003d\"331\" r\u003d\"420\" style\u003d\"transform: translate(429px, 131px); position: absolute; width: 115.455px; height: 130px;\" t\u003d\"97\"\u003e \u003cregion\u003e \u003crect b\u003d\"193\" l\u003d\"331\" r\u003d\"420\" t\u003d\"97\"\u003e\u003c/rect\u003e  \u003c/region\u003e  \u003ctext\u003e \u003cpar linespacing\u003d\"900\" rightindent\u003d\"2200\"\u003e \u003cline b\u003d\"105\" baseline\u003d\"105\" l\u003d\"333\" r\u003d\"372\" style\u003d\"transform: translate(3px, 3px); position: absolute;\" t\u003d\"99\"\u003e \u003cformatting lang\u003d\"EnglishUnitedStates\"\u003e Invoice no \u003c/formatting\u003e  \u003c/line\u003e  \u003cline b\u003d\"117\" baseline\u003d\"117\" l\u003d\"333\" r\u003d\"379\" style\u003d\"transform: translate(3px, 19px); position: absolute;\" t\u003d\"111\"\u003e \u003cformatting lang\u003d\"EnglishUnitedStates\"\u003e Invoice Gate \u003c/formatting\u003e  \u003c/line\u003e  \u003cline b\u003d\"131\" baseline\u003d\"129\" l\u003d\"333\" r\u003d\"392\" style\u003d\"transform: translate(3px, 35px); position: absolute;\" t\u003d\"123\"\u003e \u003cformatting lang\u003d\"EnglishUnitedStates\"\u003e Payment tefnvsi \u003c/formatting\u003e  \u003c/line\u003e  \u003cline b\u003d\"141\" baseline\u003d\"141\" l\u003d\"333\" r\u003d\"367\" style\u003d\"transform: translate(3px, 51px); position: absolute;\" t\u003d\"135\"\u003e \u003cformatting lang\u003d\"EnglishUnitedStates\"\u003e Due date \u003c/formatting\u003e  \u003c/line\u003e  \u003c/par\u003e  \u003cpar linespacing\u003d\"900\"\u003e \u003cline b\u003d\"154\" baseline\u003d\"153\" l\u003d\"333\" r\u003d\"404\" style\u003d\"transform: translate(3px, 68px); position: absolute;\" t\u003d\"147\"\u003e \u003cformatting lang\u003d\"EnglishUnitedStates\"\u003e Reference number \u003c/formatting\u003e  \u003c/line\u003e  \u003cline b\u003d\"167\" baseline\u003d\"165\" l\u003d\"333\" r\u003d\"415\" style\u003d\"transform: translate(3px, 84px); position: absolute;\" t\u003d\"159\"\u003e \u003cformatting lang\u003d\"EnglishUnitedStates\"\u003e Late payment nterest \u003c/formatting\u003e  \u003c/line\u003e  \u003cline b\u003d\"178\" baseline\u003d\"178\" l\u003d\"332\" r\u003d\"402\" style\u003d\"transform: translate(1px, 100px); position: absolute;\" t\u003d\"171\"\u003e \u003cformatting lang\u003d\"EnglishUnitedStates\"\u003e Customer number \u003c/formatting\u003e  \u003c/line\u003e  \u003cline b\u003d\"190\" baseline\u003d\"190\" l\u003d\"332\" r\u003d\"389\" style\u003d\"transform: translate(1px, 116px); position: absolute;\" t\u003d\"183\"\u003e \u003cformatting lang\u003d\"EnglishUnitedStates\"\u003e Your reference \u003c/formatting\u003e  \u003c/line\u003e  \u003c/par\u003e  \u003c/text\u003e  \u003c/block\u003e  \u003cblock b\u003d\"194\" blockname\u003d\"\" blocktype\u003d\"Text\" l\u003d\"435\" r\u003d\"525\" style\u003d\"transform: translate(564px, 131px); position: absolute; width: 116.753px; height: 131.354px;\" t\u003d\"97\"\u003e \u003cregion\u003e \u003crect b\u003d\"194\" l\u003d\"435\" r\u003d\"525\" t\u003d\"97\"\u003e\u003c/rect\u003e  \u003c/region\u003e  \u003ctext\u003e \u003cpar linespacing\u003d\"900\"\u003e \u003cline b\u003d\"105\" baseline\u003d\"105\" l\u003d\"438\" r\u003d\"465\" style\u003d\"transform: translate(4px, 1px); position: absolute;\" t\u003d\"98\"\u003e \u003cformatting lang\u003d\"EnglishUnitedStates\"\u003e 100025 \u003c/formatting\u003e  \u003c/line\u003e  \u003cline b\u003d\"117\" baseline\u003d\"118\" l\u003d\"437\" r\u003d\"475\" style\u003d\"transform: translate(3px, 19px); position: absolute;\" t\u003d\"111\"\u003e \u003cformatting lang\u003d\"EnglishUnitedStates\"\u003e \u003cinvoice_date begin\u003d\"350\" class\u003d\"extraction-tag ml-tag\" data-text\u003d\"15.1.2016\" data-value\u003d\"01/15/2016\" end\u003d\"359\" estimated-accuracy\u003d\"0.9696969696969697\" ml-tagorder\u003d\"1\" score\u003d\"0.596234025693905\" style\u003d\"border: 2px solid rgb(125, 157, 1);\" tagorder\u003d\"1\"\u003e15.1.2016\u003c/invoice_date\u003e \u003c/formatting\u003e  \u003c/line\u003e  \u003cline b\u003d\"131\" baseline\u003d\"129\" l\u003d\"437\" r\u003d\"467\" style\u003d\"transform: translate(3px, 35px); position: absolute;\" t\u003d\"123\"\u003e \u003cformatting lang\u003d\"EnglishUnitedStates\"\u003e 14 days \u003c/formatting\u003e  \u003c/line\u003e  \u003cline b\u003d\"142\" baseline\u003d\"141\" l\u003d\"437\" r\u003d\"475\" style\u003d\"transform: translate(3px, 51px); position: absolute;\" t\u003d\"135\"\u003e \u003cformatting lang\u003d\"EnglishUnitedStates\"\u003e 291 2016 \u003c/formatting\u003e  \u003c/line\u003e  \u003cline b\u003d\"154\" baseline\u003d\"154\" l\u003d\"437\" r\u003d\"465\" style\u003d\"transform: translate(3px, 68px); position: absolute;\" t\u003d\"147\"\u003e \u003cformatting lang\u003d\"EnglishUnitedStates\"\u003e 100025 \u003c/formatting\u003e  \u003c/line\u003e  \u003cline b\u003d\"166\" baseline\u003d\"166\" l\u003d\"437\" r\u003d\"458\" style\u003d\"transform: translate(3px, 84px); position: absolute;\" t\u003d\"159\"\u003e \u003cformatting lang\u003d\"EnglishUnitedStates\"\u003e 8.0% \u003c/formatting\u003e  \u003c/line\u003e  \u003c/par\u003e  \u003cpar linespacing\u003d\"900\"\u003e \u003cline b\u003d\"178\" baseline\u003d\"179\" l\u003d\"437\" r\u003d\"441\" style\u003d\"transform: translate(3px, 100px); position: absolute;\" t\u003d\"171\"\u003e \u003cformatting lang\u003d\"EnglishUnitedStates\"\u003e 3 \u003c/formatting\u003e  \u003c/line\u003e  \u003c/par\u003e  \u003cpar linespacing\u003d\"900\"\u003e \u003cline b\u003d\"191\" baseline\u003d\"190\" l\u003d\"437\" r\u003d\"522\" style\u003d\"transform: translate(3px, 116px); position: absolute;\" t\u003d\"183\"\u003e \u003cformatting lang\u003d\"EnglishUnitedStates\"\u003e D Thompson Invoice 1 \u003c/formatting\u003e  \u003c/line\u003e  \u003c/par\u003e  \u003c/text\u003e  \u003c/block\u003e  \u003cblock b\u003d\"232\" blockname\u003d\"\" blocktype\u003d\"Text\" l\u003d\"26\" r\u003d\"135\" style\u003d\"transform: translate(34px, 297px); position: absolute; width: 141.4px; height: 17.6042px;\" t\u003d\"219\"\u003e \u003cregion\u003e \u003crect b\u003d\"232\" l\u003d\"26\" r\u003d\"135\" t\u003d\"219\"\u003e\u003c/rect\u003e  \u003c/region\u003e  \u003ctext\u003e \u003cpar linespacing\u003d\"450\"\u003e \u003cline b\u003d\"229\" baseline\u003d\"227\" l\u003d\"28\" r\u003d\"132\" style\u003d\"transform: translate(3px, 3px); position: absolute;\" t\u003d\"221\"\u003e \u003cformatting lang\u003d\"EnglishUnitedStates\"\u003e Thank you for your custom1 \u003c/formatting\u003e  \u003c/line\u003e  \u003c/par\u003e  \u003c/text\u003e  \u003c/block\u003e  \u003cblock b\u003d\"242\" blockname\u003d\"\" blocktype\u003d\"Text\" l\u003d\"227\" r\u003d\"382\" style\u003d\"transform: translate(294px, 302px); position: absolute; width: 201.074px; height: 25.7292px;\" t\u003d\"223\"\u003e \u003cregion\u003e \u003crect b\u003d\"242\" l\u003d\"227\" r\u003d\"382\" t\u003d\"223\"\u003e\u003c/rect\u003e  \u003c/region\u003e  \u003ctext\u003e \u003cpar linespacing\u003d\"1130\"\u003e \u003cline b\u003d\"239\" baseline\u003d\"239\" l\u003d\"228\" r\u003d\"379\" style\u003d\"transform: translate(1px, 1px); position: absolute;\" t\u003d\"224\"\u003e \u003cformatting lang\u003d\"EnglishUnitedStates\"\u003e Client Details \u003c/formatting\u003e  \u003c/line\u003e  \u003c/par\u003e  \u003c/text\u003e  \u003c/block\u003e  \u003cregion xmlns\u003d\"http://ocr.crowdcomputingsystems.com/xml/schema-v1.xml\"\u003e \u003crect b\u003d\"288\" l\u003d\"32\" r\u003d\"552\" t\u003d\"246\"\u003e\u003c/rect\u003e  \u003c/region\u003e \u003ctable b\u003d\"288\" blockname\u003d\"\" blocktype\u003d\"Table\" l\u003d\"32\" r\u003d\"552\" style\u003d\"transform: translate(42px, 333px); position: absolute;\" t\u003d\"246\" xmlns\u003d\"\"\u003e \u003ctbody\u003e\u003ctr\u003e \u003ctd bottomborder\u003d\"White\" h\u003d\"14\" leftborder\u003d\"White\" rightborder\u003d\"White\" topborder\u003d\"White\" w\u003d\"161\"\u003e \u003ctext xmlns\u003d\"http://ocr.crowdcomputingsystems.com/xml/schema-v1.xml\"\u003e \u003cpar linespacing\u003d\"450\"\u003e \u003cline b\u003d\"255\" baseline\u003d\"253\" l\u003d\"34\" r\u003d\"80\" t\u003d\"247\"\u003e \u003cformatting lang\u003d\"EnglishUnitedStates\"\u003e Description \u003c/formatting\u003e  \u003c/line\u003e  \u003c/par\u003e  \u003c/text\u003e  \u003c/td\u003e   \u003ctd bottomborder\u003d\"White\" h\u003d\"14\" leftborder\u003d\"White\" rightborder\u003d\"White\" topborder\u003d\"White\" w\u003d\"151\"\u003e \u003ctext xmlns\u003d\"http://ocr.crowdcomputingsystems.com/xml/schema-v1.xml\"\u003e \u003cpar align\u003d\"Right\" linespacing\u003d\"530\" rightindent\u003d\"1700\"\u003e \u003cline b\u003d\"254\" baseline\u003d\"254\" l\u003d\"304\" r\u003d\"322\" t\u003d\"247\"\u003e \u003cformatting lang\u003d\"EnglishUnitedStates\"\u003e Oate \u003c/formatting\u003e  \u003c/line\u003e  \u003c/par\u003e  \u003c/text\u003e  \u003c/td\u003e   \u003ctd bottomborder\u003d\"White\" h\u003d\"14\" leftborder\u003d\"White\" rightborder\u003d\"White\" topborder\u003d\"White\" w\u003d\"47\"\u003e \u003ctext xmlns\u003d\"http://ocr.crowdcomputingsystems.com/xml/schema-v1.xml\"\u003e \u003cpar align\u003d\"Right\" linespacing\u003d\"530\" rightindent\u003d\"800\"\u003e \u003cline b\u003d\"255\" baseline\u003d\"254\" l\u003d\"366\" r\u003d\"380\" t\u003d\"247\"\u003e \u003cformatting lang\u003d\"EnglishUnitedStates\"\u003e Qty \u003c/formatting\u003e  \u003c/line\u003e  \u003c/par\u003e  \u003c/text\u003e  \u003c/td\u003e   \u003ctd bottomborder\u003d\"White\" h\u003d\"14\" leftborder\u003d\"White\" rightborder\u003d\"White\" topborder\u003d\"White\" w\u003d\"60\"\u003e \u003ctext xmlns\u003d\"http://ocr.crowdcomputingsystems.com/xml/schema-v1.xml\"\u003e \u003cpar align\u003d\"Right\" linespacing\u003d\"530\" rightindent\u003d\"1000\"\u003e \u003cline b\u003d\"255\" baseline\u003d\"254\" l\u003d\"399\" r\u003d\"438\" t\u003d\"247\"\u003e \u003cformatting lang\u003d\"EnglishUnitedStates\"\u003e UnH price \u003c/formatting\u003e  \u003c/line\u003e  \u003c/par\u003e  \u003c/text\u003e  \u003c/td\u003e   \u003ctd bottomborder\u003d\"White\" h\u003d\"14\" leftborder\u003d\"White\" rightborder\u003d\"White\" topborder\u003d\"White\" w\u003d\"48\"\u003e \u003ctext xmlns\u003d\"http://ocr.crowdcomputingsystems.com/xml/schema-v1.xml\"\u003e \u003cpar align\u003d\"Center\" leftindent\u003d\"300\" linespacing\u003d\"450\"\u003e \u003cline b\u003d\"254\" baseline\u003d\"253\" l\u003d\"466\" r\u003d\"483\" t\u003d\"247\"\u003e \u003cformatting lang\u003d\"EnglishUnitedStates\"\u003e VAT \u003c/formatting\u003e  \u003c/line\u003e  \u003c/par\u003e  \u003c/text\u003e  \u003c/td\u003e   \u003ctd bottomborder\u003d\"White\" h\u003d\"14\" leftborder\u003d\"White\" rightborder\u003d\"White\" topborder\u003d\"White\" w\u003d\"53\"\u003e \u003ctext xmlns\u003d\"http://ocr.crowdcomputingsystems.com/xml/schema-v1.xml\"\u003e \u003cpar align\u003d\"Right\" linespacing\u003d\"450\" rightindent\u003d\"800\"\u003e \u003cline b\u003d\"254\" baseline\u003d\"253\" l\u003d\"521\" r\u003d\"541\" t\u003d\"247\"\u003e \u003cformatting lang\u003d\"EnglishUnitedStates\"\u003e Total \u003c/formatting\u003e  \u003c/line\u003e  \u003c/par\u003e  \u003c/text\u003e  \u003c/td\u003e   \u003c/tr\u003e \n \u003ctr\u003e \u003ctd bottomborder\u003d\"White\" h\u003d\"13\" leftborder\u003d\"White\" rightborder\u003d\"White\" topborder\u003d\"White\" w\u003d\"161\"\u003e \u003ctext xmlns\u003d\"http://ocr.crowdcomputingsystems.com/xml/schema-v1.xml\"\u003e \u003cpar linespacing\u003d\"530\"\u003e \u003cline b\u003d\"271\" baseline\u003d\"269\" l\u003d\"34\" r\u003d\"104\" t\u003d\"262\"\u003e\u003cproduct begin\u003d\"696\" class\u003d\"extraction-tag ml-tag\" data-text\u003d\"Example service\" data-value\u003d\"Example service\" end\u003d\"711\" estimated-accuracy\u003d\"0.9880239520958084\" ml-tagorder\u003d\"2\" score\u003d\"0.7437520899598989\" style\u003d\"border: 2px solid rgb(125, 157, 1);\" tagorder\u003d\"2\"\u003eExample service\u003c/product\u003e\u003c/line\u003e  \u003c/par\u003e  \u003c/text\u003e  \u003c/td\u003e   \u003ctd bottomborder\u003d\"White\" h\u003d\"13\" leftborder\u003d\"White\" rightborder\u003d\"White\" topborder\u003d\"White\" w\u003d\"151\"\u003e \u003ctext xmlns\u003d\"http://ocr.crowdcomputingsystems.com/xml/schema-v1.xml\"\u003e \u003cpar align\u003d\"Right\" linespacing\u003d\"600\" rightindent\u003d\"1700\"\u003e \u003cline b\u003d\"270\" baseline\u003d\"270\" l\u003d\"281\" r\u003d\"322\" t\u003d\"262\"\u003e \u003cformatting lang\u003d\"EnglishUnitedStates\"\u003e 15.1.2016 \u003c/formatting\u003e  \u003c/line\u003e  \u003c/par\u003e  \u003c/text\u003e  \u003c/td\u003e   \u003ctd bottomborder\u003d\"White\" h\u003d\"13\" leftborder\u003d\"White\" rightborder\u003d\"White\" topborder\u003d\"White\" w\u003d\"47\"\u003e \u003ctext xmlns\u003d\"http://ocr.crowdcomputingsystems.com/xml/schema-v1.xml\"\u003e \u003cpar align\u003d\"Right\" linespacing\u003d\"530\" rightindent\u003d\"800\"\u003e \u003cline b\u003d\"269\" baseline\u003d\"269\" l\u003d\"367\" r\u003d\"380\" t\u003d\"262\"\u003e4 h\u003c/line\u003e  \u003c/par\u003e  \u003c/text\u003e  \u003c/td\u003e   \u003ctd bottomborder\u003d\"White\" h\u003d\"13\" leftborder\u003d\"White\" rightborder\u003d\"White\" topborder\u003d\"White\" w\u003d\"60\"\u003e \u003ctext xmlns\u003d\"http://ocr.crowdcomputingsystems.com/xml/schema-v1.xml\"\u003e \u003cpar align\u003d\"Right\" linespacing\u003d\"600\" rightindent\u003d\"1000\"\u003e \u003cline b\u003d\"270\" baseline\u003d\"270\" l\u003d\"415\" r\u003d\"438\" t\u003d\"262\"\u003e\u003cprice begin\u003d\"764\" class\u003d\"extraction-tag ml-tag\" data-text\u003d\"75.00\" data-value\u003d\"75.00\" end\u003d\"769\" estimated-accuracy\u003d\"0.9124271688410843\" ml-tagorder\u003d\"3\" score\u003d\"0.5437974658526651\" style\u003d\"border: 2px solid rgb(125, 157, 1);\" tagorder\u003d\"3\"\u003e75.00\u003c/price\u003e\u003c/line\u003e  \u003c/par\u003e  \u003c/text\u003e  \u003c/td\u003e   \u003ctd bottomborder\u003d\"White\" h\u003d\"13\" leftborder\u003d\"White\" rightborder\u003d\"White\" topborder\u003d\"White\" w\u003d\"48\"\u003e \u003ctext xmlns\u003d\"http://ocr.crowdcomputingsystems.com/xml/schema-v1.xml\"\u003e \u003cpar align\u003d\"Center\" leftindent\u003d\"300\" linespacing\u003d\"600\"\u003e \u003cline b\u003d\"270\" baseline\u003d\"270\" l\u003d\"462\" r\u003d\"483\" t\u003d\"262\"\u003e \u003cformatting lang\u003d\"EnglishUnitedStates\"\u003e 20% \u003c/formatting\u003e  \u003c/line\u003e  \u003c/par\u003e  \u003c/text\u003e  \u003c/td\u003e   \u003ctd bottomborder\u003d\"White\" h\u003d\"13\" leftborder\u003d\"White\" rightborder\u003d\"White\" topborder\u003d\"White\" w\u003d\"53\"\u003e \u003ctext xmlns\u003d\"http://ocr.crowdcomputingsystems.com/xml/schema-v1.xml\"\u003e \u003cpar align\u003d\"Right\" linespacing\u003d\"600\" rightindent\u003d\"800\"\u003e \u003cline b\u003d\"270\" baseline\u003d\"270\" l\u003d\"512\" r\u003d\"541\" t\u003d\"262\"\u003e \u003cformatting lang\u003d\"EnglishUnitedStates\"\u003e 360.00 \u003c/formatting\u003e  \u003c/line\u003e  \u003c/par\u003e  \u003c/text\u003e  \u003c/td\u003e   \u003c/tr\u003e \n \u003ctr\u003e \u003ctd bottomborder\u003d\"White\" h\u003d\"15\" leftborder\u003d\"White\" rightborder\u003d\"White\" topborder\u003d\"White\" w\u003d\"161\"\u003e \u003ctext xmlns\u003d\"http://ocr.crowdcomputingsystems.com/xml/schema-v1.xml\"\u003e \u003cpar linespacing\u003d\"530\"\u003e \u003cline b\u003d\"285\" baseline\u003d\"283\" l\u003d\"34\" r\u003d\"105\" t\u003d\"276\"\u003e\u003cproduct begin\u003d\"828\" class\u003d\"extraction-tag ml-tag\" data-text\u003d\"Example product\" data-value\u003d\"Example product\" end\u003d\"843\" estimated-accuracy\u003d\"0.8133802816901409\" ml-tagorder\u003d\"4\" score\u003d\"0.46505828745386063\" style\u003d\"border: 2px solid rgb(125, 157, 1);\" tagorder\u003d\"4\"\u003eExample product\u003c/product\u003e\u003c/line\u003e  \u003c/par\u003e  \u003c/text\u003e  \u003c/td\u003e   \u003ctd h\u003d\"15\" leftborder\u003d\"White\" rightborder\u003d\"White\" topborder\u003d\"White\" w\u003d\"151\"\u003e \u003ctext xmlns\u003d\"http://ocr.crowdcomputingsystems.com/xml/schema-v1.xml\"\u003e \u003cpar align\u003d\"Right\" linespacing\u003d\"530\" rightindent\u003d\"1700\"\u003e \u003cline b\u003d\"283\" baseline\u003d\"283\" l\u003d\"281\" r\u003d\"322\" t\u003d\"276\"\u003e \u003cformatting lang\u003d\"EnglishUnitedStates\"\u003e 15.1.2016 \u003c/formatting\u003e  \u003c/line\u003e  \u003c/par\u003e  \u003c/text\u003e  \u003c/td\u003e   \u003ctd h\u003d\"15\" leftborder\u003d\"White\" rightborder\u003d\"White\" topborder\u003d\"White\" w\u003d\"47\"\u003e \u003ctext xmlns\u003d\"http://ocr.crowdcomputingsystems.com/xml/schema-v1.xml\"\u003e \u003cpar align\u003d\"Right\" linespacing\u003d\"530\" rightindent\u003d\"800\"\u003e \u003cline b\u003d\"283\" baseline\u003d\"283\" l\u003d\"363\" r\u003d\"380\" t\u003d\"276\"\u003e12 h\u003c/line\u003e  \u003c/par\u003e  \u003c/text\u003e  \u003c/td\u003e   \u003ctd h\u003d\"15\" leftborder\u003d\"White\" rightborder\u003d\"White\" topborder\u003d\"White\" w\u003d\"60\"\u003e \u003ctext xmlns\u003d\"http://ocr.crowdcomputingsystems.com/xml/schema-v1.xml\"\u003e \u003cpar align\u003d\"Right\" linespacing\u003d\"530\" rightindent\u003d\"1000\"\u003e \u003cline b\u003d\"283\" baseline\u003d\"283\" l\u003d\"420\" r\u003d\"438\" t\u003d\"276\"\u003e362\u003c/line\u003e  \u003c/par\u003e  \u003c/text\u003e  \u003c/td\u003e   \u003ctd h\u003d\"15\" leftborder\u003d\"White\" rightborder\u003d\"White\" topborder\u003d\"White\" w\u003d\"48\"\u003e \u003ctext xmlns\u003d\"http://ocr.crowdcomputingsystems.com/xml/schema-v1.xml\"\u003e \u003cpar align\u003d\"Center\" leftindent\u003d\"300\" linespacing\u003d\"600\"\u003e \u003cline b\u003d\"283\" baseline\u003d\"283\" l\u003d\"462\" r\u003d\"483\" t\u003d\"275\"\u003e \u003cformatting lang\u003d\"EnglishUnitedStates\"\u003e 20% \u003c/formatting\u003e  \u003c/line\u003e  \u003c/par\u003e  \u003c/text\u003e  \u003c/td\u003e   \u003ctd h\u003d\"15\" leftborder\u003d\"White\" rightborder\u003d\"White\" topborder\u003d\"White\" w\u003d\"53\"\u003e \u003ctext xmlns\u003d\"http://ocr.crowdcomputingsystems.com/xml/schema-v1.xml\"\u003e \u003cpar align\u003d\"Right\" linespacing\u003d\"600\" rightindent\u003d\"800\"\u003e \u003cline b\u003d\"283\" baseline\u003d\"283\" l\u003d\"518\" r\u003d\"541\" t\u003d\"275\"\u003e \u003cformatting lang\u003d\"EnglishUnitedStates\"\u003e 52.13 \u003c/formatting\u003e  \u003c/line\u003e  \u003c/par\u003e  \u003c/text\u003e  \u003c/td\u003e   \u003c/tr\u003e \n \u003c/tbody\u003e\u003c/table\u003e\n \u003cblock b\u003d\"333\" blockname\u003d\"\" blocktype\u003d\"Text\" l\u003d\"392\" r\u003d\"549\" style\u003d\"transform: translate(509px, 402px); position: absolute; width: 203.668px; height: 48.75px;\" t\u003d\"297\"\u003e \u003cregion\u003e \u003crect b\u003d\"333\" l\u003d\"392\" r\u003d\"549\" t\u003d\"297\"\u003e\u003c/rect\u003e  \u003c/region\u003e  \u003ctext\u003e \u003cpar align\u003d\"Justified\" linespacing\u003d\"900\"\u003e \u003cline b\u003d\"305\" baseline\u003d\"305\" l\u003d\"393\" r\u003d\"546\" style\u003d\"transform: translate(1px, 1px); position: absolute;\" t\u003d\"298\"\u003e \u003cformatting lang\u003d\"EnglishUnitedStates\"\u003e Amount before taxes \u0026pound;343.44 \u003c/formatting\u003e  \u003c/line\u003e  \u003c/par\u003e  \u003cpar align\u003d\"Justified\" leftindent\u003d\"3200\" linespacing\u003d\"900\"\u003e \u003cline b\u003d\"318\" baseline\u003d\"318\" l\u003d\"434\" r\u003d\"546\" style\u003d\"transform: translate(54px, 19px); position: absolute;\" t\u003d\"311\"\u003e \u003cformatting lang\u003d\"EnglishUnitedStates\"\u003e VAT 20 % \u0026pound;68 69 \u003c/formatting\u003e  \u003c/line\u003e  \u003c/par\u003e  \u003cpar align\u003d\"Justified\" linespacing\u003d\"900\"\u003e \u003cline b\u003d\"330\" baseline\u003d\"330\" l\u003d\"401\" r\u003d\"546\" style\u003d\"transform: translate(12px, 37px); position: absolute;\" t\u003d\"324\"\u003e \u003cformatting lang\u003d\"EnglishUnitedStates\"\u003e Total amount due \u0026pound;\u003ctotal_amount begin\u003d\"1046\" class\u003d\"extraction-tag ml-tag\" data-text\u003d\"412.13\" data-value\u003d\"412.13\" end\u003d\"1052\" estimated-accuracy\u003d\"0.9272727272727272\" ml-tagorder\u003d\"5\" score\u003d\"0.5637218409739978\" style\u003d\"border: 2px solid rgb(125, 157, 1);\" tagorder\u003d\"5\"\u003e412.13\u003c/total_amount\u003e \u003c/formatting\u003e  \u003c/line\u003e  \u003c/par\u003e  \u003c/text\u003e  \u003c/block\u003e  \u003cblock b\u003d\"640\" blockname\u003d\"\" blocktype\u003d\"Text\" l\u003d\"70\" r\u003d\"296\" style\u003d\"transform: translate(91px, 841px); position: absolute; width: 293.179px; height: 25.7292px;\" t\u003d\"621\"\u003e \u003cregion\u003e \u003crect b\u003d\"640\" l\u003d\"70\" r\u003d\"296\" t\u003d\"621\"\u003e\u003c/rect\u003e  \u003c/region\u003e  \u003ctext\u003e \u003cpar linespacing\u003d\"1130\"\u003e \u003cline b\u003d\"638\" baseline\u003d\"638\" l\u003d\"74\" r\u003d\"291\" style\u003d\"transform: translate(5px, 3px); position: absolute;\" t\u003d\"623\"\u003e \u003cformatting lang\u003d\"EnglishUnitedStates\"\u003e Your Contact Details \u003c/formatting\u003e  \u003c/line\u003e  \u003c/par\u003e  \u003c/text\u003e  \u003c/block\u003e  \u003cblock b\u003d\"745\" blockname\u003d\"\" blocktype\u003d\"Text\" l\u003d\"28\" r\u003d\"289\" style\u003d\"transform: translate(36px, 875px); position: absolute; width: 338.582px; height: 134.063px;\" t\u003d\"646\"\u003e \u003cregion\u003e \u003crect b\u003d\"745\" l\u003d\"28\" r\u003d\"289\" t\u003d\"646\"\u003e\u003c/rect\u003e  \u003c/region\u003e  \u003ctext\u003e \u003cpar align\u003d\"Justified\" linespacing\u003d\"530\"\u003e \u003cline b\u003d\"730\" baseline\u003d\"730\" l\u003d\"28\" r\u003d\"288\" style\u003d\"transform: translate(0px, 104px); position: absolute;\" t\u003d\"723\"\u003e \u003cformatting lang\u003d\"EnglishUnitedStates\"\u003e JEH CO ContacFInformation \u003c/formatting\u003e  \u003c/line\u003e  \u003c/par\u003e  \u003cpar align\u003d\"Justified\" linespacing\u003d\"530\"\u003e \u003cline b\u003d\"742\" baseline\u003d\"742\" l\u003d\"28\" r\u003d\"246\" style\u003d\"transform: translate(0px, 121px); position: absolute;\" t\u003d\"735\"\u003e \u003cformatting lang\u003d\"EnglishUnitedStates\"\u003e 333399 Chiswick H\u0026laquo;h Road Jeff MAard \u003c/formatting\u003e  \u003c/line\u003e  \u003c/par\u003e  \u003c/text\u003e  \u003c/block\u003e  \u003cblock b\u003d\"792\" blockname\u003d\"\" blocktype\u003d\"Text\" l\u003d\"24\" r\u003d\"151\" style\u003d\"transform: translate(31px, 1012px); position: absolute; width: 164.751px; height: 60.9375px;\" t\u003d\"747\"\u003e \u003cregion\u003e \u003crect b\u003d\"792\" l\u003d\"24\" r\u003d\"151\" t\u003d\"747\"\u003e\u003c/rect\u003e  \u003c/region\u003e  \u003ctext\u003e \u003cpar linespacing\u003d\"900\" rightindent\u003d\"7100\"\u003e \u003cline b\u003d\"754\" baseline\u003d\"754\" l\u003d\"28\" r\u003d\"56\" style\u003d\"transform: translate(5px, 1px); position: absolute;\" t\u003d\"748\"\u003e \u003cformatting lang\u003d\"EnglishUnitedStates\"\u003e London \u003c/formatting\u003e  \u003c/line\u003e  \u003cline b\u003d\"766\" baseline\u003d\"766\" l\u003d\"27\" r\u003d\"58\" style\u003d\"transform: translate(4px, 18px); position: absolute;\" t\u003d\"760\"\u003e \u003cformatting lang\u003d\"EnglishUnitedStates\"\u003e W4 4AL \u003c/formatting\u003e  \u003c/line\u003e  \u003c/par\u003e  \u003cpar align\u003d\"Justified\" linespacing\u003d\"900\"\u003e \u003cline b\u003d\"780\" baseline\u003d\"778\" l\u003d\"28\" r\u003d\"146\" style\u003d\"transform: translate(5px, 33px); position: absolute;\" t\u003d\"771\"\u003e \u003cformatting lang\u003d\"EnglishUnitedStates\"\u003e Company Number 028649533 \u003c/formatting\u003e  \u003c/line\u003e  \u003cline b\u003d\"790\" baseline\u003d\"790\" l\u003d\"27\" r\u003d\"141\" style\u003d\"transform: translate(4px, 49px); position: absolute;\" t\u003d\"783\"\u003e \u003cformatting lang\u003d\"EnglishUnitedStates\"\u003e VAT Number GB 525874965 \u003c/formatting\u003e  \u003c/line\u003e  \u003c/par\u003e  \u003c/text\u003e  \u003c/block\u003e  \u003cblock b\u003d\"793\" blockname\u003d\"\" blocktype\u003d\"Text\" l\u003d\"203\" r\u003d\"368\" style\u003d\"transform: translate(263px, 1012px); position: absolute; width: 214.046px; height: 62.2917px;\" t\u003d\"747\"\u003e \u003cregion\u003e \u003crect b\u003d\"793\" l\u003d\"203\" r\u003d\"368\" t\u003d\"747\"\u003e\u003c/rect\u003e  \u003c/region\u003e  \u003ctext\u003e \u003cpar align\u003d\"Justified\" linespacing\u003d\"825\"\u003e \u003cline b\u003d\"755\" baseline\u003d\"754\" l\u003d\"206\" r\u003d\"363\" style\u003d\"transform: translate(4px, 0px); position: absolute;\" t\u003d\"747\"\u003e \u003cformatting lang\u003d\"EnglishUnitedStates\"\u003e Tel *44 20 8965 5922 ǀ-44 77 86 36 02 \u003c/formatting\u003e  \u003c/line\u003e  \u003cline b\u003d\"766\" baseline\u003d\"766\" l\u003d\"206\" r\u003d\"215\" style\u003d\"transform: translate(4px, 16px); position: absolute;\" t\u003d\"759\"\u003e \u003cformatting lang\u003d\"EnglishUnitedStates\"\u003e 98 \u003c/formatting\u003e  \u003c/line\u003e  \u003c/par\u003e  \u003cpar linespacing\u003d\"825\" rightindent\u003d\"5300\"\u003e \u003cline b\u003d\"779\" baseline\u003d\"777\" l\u003d\"206\" r\u003d\"299\" style\u003d\"transform: translate(4px, 33px); position: absolute;\" t\u003d\"771\"\u003e \u003cformatting lang\u003d\"EnglishUnitedStates\"\u003e info@JEHcompany com \u003c/formatting\u003e  \u003c/line\u003e  \u003cline b\u003d\"791\" baseline\u003d\"789\" l\u003d\"206\" r\u003d\"297\" style\u003d\"transform: translate(4px, 49px); position: absolute;\" t\u003d\"783\"\u003e \u003cformatting lang\u003d\"EnglishUnitedStates\"\u003e wwwJEHcompany.com \u003c/formatting\u003e  \u003c/line\u003e  \u003c/par\u003e  \u003c/text\u003e  \u003c/block\u003e  \u003cblock b\u003d\"780\" blockname\u003d\"\" blocktype\u003d\"Text\" l\u003d\"383\" r\u003d\"492\" style\u003d\"transform: translate(497px, 978px); position: absolute; width: 141.4px; height: 78.5417px;\" t\u003d\"722\"\u003e \u003cregion\u003e \u003crect b\u003d\"780\" l\u003d\"383\" r\u003d\"492\" t\u003d\"722\"\u003e\u003c/rect\u003e  \u003c/region\u003e  \u003ctext\u003e \u003cpar linespacing\u003d\"825\"\u003e \u003cline b\u003d\"732\" baseline\u003d\"730\" l\u003d\"385\" r\u003d\"450\" style\u003d\"transform: translate(3px, 3px); position: absolute;\" t\u003d\"724\"\u003e \u003cformatting lang\u003d\"EnglishUnitedStates\"\u003e Payment details \u003c/formatting\u003e  \u003c/line\u003e  \u003c/par\u003e  \u003cpar linespacing\u003d\"825\"\u003e \u003cline b\u003d\"744\" baseline\u003d\"742\" l\u003d\"385\" r\u003d\"453\" style\u003d\"transform: translate(3px, 18px); position: absolute;\" t\u003d\"735\"\u003e \u003cformatting lang\u003d\"EnglishUnitedStates\"\u003e Bank Lloyds TSB \u003c/formatting\u003e  \u003c/line\u003e  \u003cline b\u003d\"754\" baseline\u003d\"753\" l\u003d\"385\" r\u003d\"461\" style\u003d\"transform: translate(3px, 34px); position: absolute;\" t\u003d\"747\"\u003e \u003cformatting lang\u003d\"EnglishUnitedStates\"\u003e Sort code 35-68-17 \u003c/formatting\u003e  \u003c/line\u003e  \u003cline b\u003d\"765\" baseline\u003d\"765\" l\u003d\"385\" r\u003d\"480\" style\u003d\"transform: translate(3px, 50px); position: absolute;\" t\u003d\"759\"\u003e \u003cformatting lang\u003d\"EnglishUnitedStates\"\u003e Bank account 09394118 \u003c/formatting\u003e  \u003c/line\u003e  \u003cline b\u003d\"777\" baseline\u003d\"777\" l\u003d\"384\" r\u003d\"490\" style\u003d\"transform: translate(1px, 65px); position: absolute;\" t\u003d\"770\"\u003e \u003cformatting lang\u003d\"EnglishUnitedStates\"\u003e Account Holder Jeff Hillard \u003c/formatting\u003e  \u003c/line\u003e  \u003c/par\u003e  \u003c/text\u003e  \u003c/block\u003e  \u003cblock b\u003d\"294\" blockname\u003d\"\" blocktype\u003d\"Separator\" l\u003d\"308\" r\u003d\"548\" style\u003d\"transform: translate(400px, 395px); position: absolute;\" t\u003d\"292\"\u003e \u003cregion\u003e \u003crect b\u003d\"294\" l\u003d\"308\" r\u003d\"548\" t\u003d\"292\"\u003e\u003c/rect\u003e  \u003c/region\u003e  \u003cseparator thickness\u003d\"2\" type\u003d\"Black\"\u003e \u003cstart x\u003d\"308\" y\u003d\"293\"\u003e\u003c/start\u003e \u003cend x\u003d\"548\" y\u003d\"293\"\u003e\u003c/end\u003e \u003c/separator\u003e \u003c/block\u003e  \u003c/page\u003e   \u003c/document\u003e\u003c/body\u003e\u003c/html\u003e","tags":[{"score":0.7392465044227521,"end":53,"tag":"supplier_name","text":"Dave Steve","estimatedAccuracy":1.0,"begin":43},{"score":0.596234025693905,"end":359,"tag":"invoice_date","text":"01/15/2016","estimatedAccuracy":0.9696969696969697,"begin":350},{"score":0.7437520899598989,"end":711,"tag":"product","text":"Example service","estimatedAccuracy":0.9880239520958084,"begin":696},{"score":0.5437974658526651,"end":769,"tag":"price","text":"75.00","estimatedAccuracy":0.9124271688410843,"begin":764},{"score":0.46505828745386063,"end":843,"tag":"product","text":"Example product","estimatedAccuracy":0.8133802816901409,"begin":828},{"score":0.5637218409739978,"end":1052,"tag":"total_amount","text":"412.13","estimatedAccuracy":0.9272727272727272,"begin":1046}],"group":"invoice_date|price|product|supplier_name|total_amount"}