{"finalScore":0.641107133477557,"metaInfo":{"model":{"coreVersion":"9.3.0.9"}},"sumScore":7.0521784682531266,"tagsCounter":11.0,"taggedText":"\u003chtml\u003e\u003chead\u003e\u003cscript src\u003d\"https://ajax.googleapis.com/ajax/libs/jquery/2.2.0/jquery.min.js\"\u003e\u003c/script\u003e\u003c/head\u003e\u003cbody\u003e\u003cdocument languages\u003d\"\" producer\u003d\"Workfusion\" schemalocation\u003d\"http://ocr.crowdcomputingsystems.com/xml/schema-v1.xml\" version\u003d\"1.0\" xmlns\u003d\"http://ocr.crowdcomputingsystems.com/xml/schema-v1.xml\" xsi\u003d\"http://www.w3.org/2001/XMLSchema-instance\"\u003e \u003clink href\u003d\"https://s3.amazonaws.com/workfusion-resources/ocr/ocr-xml-viewer-0.3-scale-to-width.css\" rel\u003d\"stylesheet\" type\u003d\"text/css\"\u003e\u003c/link\u003e \u003cstyle\u003e\u003c/style\u003e\u003cpage data-pages\u003d\"1\" h\u003d\"3508\" resolution\u003d\"300\" style\u003d\"height: 614px;\" w\u003d\"2480\"\u003e \u003cblock b\u003d\"484\" blockname\u003d\"\" blocktype\u003d\"Text\" l\u003d\"225\" r\u003d\"568\" style\u003d\"transform: translate(128px, 62px); position: absolute; width: 194.459px; height: 148.2px;\" t\u003d\"142\"\u003e \u003cregion\u003e \u003crect b\u003d\"484\" l\u003d\"225\" r\u003d\"568\" t\u003d\"142\"\u003e\u003c/rect\u003e  \u003c/region\u003e  \u003ctext\u003e \u003cpar align\u003d\"Justified\"\u003e \u003cline b\u003d\"476\" baseline\u003d\"472\" l\u003d\"228\" r\u003d\"556\" style\u003d\"transform: translate(2px, 0px); position: absolute;\" t\u003d\"142\"\u003e \u003cformatting lang\u003d\"EnglishUnitedStates\"\u003e c \u003c/formatting\u003e  \u003c/line\u003e  \u003c/par\u003e  \u003c/text\u003e  \u003c/block\u003e  \u003cblock b\u003d\"306\" blockname\u003d\"\" blocktype\u003d\"Text\" l\u003d\"913\" r\u003d\"1715\" style\u003d\"transform: translate(518px, 58px); position: absolute; width: 454.682px; height: 74.9667px;\" t\u003d\"133\"\u003e \u003cregion\u003e \u003crect b\u003d\"306\" l\u003d\"913\" r\u003d\"1715\" t\u003d\"133\"\u003e\u003c/rect\u003e  \u003c/region\u003e  \u003ctext\u003e \u003cpar align\u003d\"Justified\" linespacing\u003d\"1512\"\u003e \u003cline b\u003d\"175\" baseline\u003d\"168\" l\u003d\"920\" r\u003d\"1665\" style\u003d\"transform: translate(4px, 3px); position: absolute;\" t\u003d\"139\"\u003e \u003cformatting lang\u003d\"EnglishUnitedStates\"\u003e Niwher Deplore 123 Norja Blvd. \u003c/formatting\u003e  \u003c/line\u003e  \u003c/par\u003e  \u003cpar align\u003d\"Justified\" linespacing\u003d\"1512\"\u003e \u003cline b\u003d\"237\" baseline\u003d\"229\" l\u003d\"919\" r\u003d\"1709\" style\u003d\"transform: translate(3px, 29px); position: absolute;\" t\u003d\"201\"\u003e \u003cformatting lang\u003d\"EnglishUnitedStates\"\u003e \u003cemail begin\u003d\"75\" class\u003d\"extraction-tag ml-tag\" data-text\u003d\"Contact@lnvoiceNinja.com\" data-value\u003d\"Contact@lnvoiceNinja.com\" end\u003d\"99\" estimated-accuracy\u003d\"0.9347826086956522\" ml-tagorder\u003d\"0\" score\u003d\"0.4151372048193097\" style\u003d\"border: 2px solid rgb(125, 157, 1);\" tagorder\u003d\"0\"\u003eContact@lnvoiceNinja.com\u003c/email\u003e NinjaLand, 97315 \u003c/formatting\u003e  \u003c/line\u003e  \u003cline b\u003d\"300\" baseline\u003d\"293\" l\u003d\"921\" r\u003d\"1640\" style\u003d\"transform: translate(5px, 57px); position: absolute;\" t\u003d\"264\"\u003e \u003cformatting lang\u003d\"EnglishUnitedStates\"\u003e 1-800-555-Ninja United States \u003c/formatting\u003e  \u003c/line\u003e  \u003c/par\u003e  \u003c/text\u003e  \u003c/block\u003e  \u003cblock b\u003d\"632\" blockname\u003d\"\" blocktype\u003d\"Text\" l\u003d\"206\" r\u003d\"400\" style\u003d\"transform: translate(117px, 254px); position: absolute; width: 109.985px; height: 20.3667px;\" t\u003d\"585\"\u003e \u003cregion\u003e \u003crect b\u003d\"632\" l\u003d\"206\" r\u003d\"400\" t\u003d\"585\"\u003e\u003c/rect\u003e  \u003c/region\u003e  \u003ctext\u003e \u003cpar leftindent\u003d\"1500\" linespacing\u003d\"820\"\u003e \u003cline b\u003d\"626\" baseline\u003d\"625\" l\u003d\"213\" r\u003d\"394\" style\u003d\"transform: translate(4px, 3px); position: absolute;\" t\u003d\"591\"\u003e \u003cformatting lang\u003d\"EnglishUnitedStates\"\u003e INVOICE \u003c/formatting\u003e  \u003c/line\u003e  \u003c/par\u003e  \u003c/text\u003e  \u003c/block\u003e  \u003cregion xmlns\u003d\"http://ocr.crowdcomputingsystems.com/xml/schema-v1.xml\"\u003e \u003crect b\u003d\"997\" l\u003d\"152\" r\u003d\"2348\" t\u003d\"649\"\u003e\u003c/rect\u003e  \u003c/region\u003e \u003ctable b\u003d\"997\" blockname\u003d\"\" blocktype\u003d\"Table\" l\u003d\"152\" r\u003d\"2348\" style\u003d\"transform: translate(86px, 281px); position: absolute; user-select: auto;\" t\u003d\"649\" xmlns\u003d\"\"\u003e \u003ctbody\u003e\u003ctr\u003e \u003ctd bottomborder\u003d\"White\" h\u003d\"77\" leftborder\u003d\"White\" rightborder\u003d\"White\" w\u003d\"353\"\u003e \u003ctext xmlns\u003d\"http://ocr.crowdcomputingsystems.com/xml/schema-v1.xml\"\u003e \u003cpar leftindent\u003d\"1400\" linespacing\u003d\"700\"\u003e \u003cline b\u003d\"709\" baseline\u003d\"709\" l\u003d\"211\" r\u003d\"470\" t\u003d\"680\"\u003e \u003cformatting lang\u003d\"EnglishUnitedStates\"\u003e Invoice Number \u003c/formatting\u003e  \u003c/line\u003e  \u003c/par\u003e  \u003c/text\u003e  \u003c/td\u003e   \u003ctd bottomborder\u003d\"White\" h\u003d\"77\" leftborder\u003d\"White\" rightborder\u003d\"White\" w\u003d\"325\"\u003e \u003ctext xmlns\u003d\"http://ocr.crowdcomputingsystems.com/xml/schema-v1.xml\"\u003e \u003cpar leftindent\u003d\"900\" linespacing\u003d\"650\"\u003e \u003cline b\u003d\"709\" baseline\u003d\"708\" l\u003d\"543\" r\u003d\"645\" t\u003d\"681\"\u003e \u003cformatting lang\u003d\"EnglishUnitedStates\"\u003e \u003cinvoice_number begin\u003d\"233\" class\u003d\"extraction-tag ml-tag\" data-text\u003d\"00984\" data-value\u003d\"00984\" end\u003d\"238\" estimated-accuracy\u003d\"0.9827586206896551\" ml-tagorder\u003d\"1\" score\u003d\"0.6365139092598878\" style\u003d\"border: 2px solid rgb(125, 157, 1);\" tagorder\u003d\"1\"\u003e00984\u003c/invoice_number\u003e \u003c/formatting\u003e  \u003c/line\u003e  \u003c/par\u003e  \u003c/text\u003e  \u003c/td\u003e   \u003ctd bottomborder\u003d\"White\" h\u003d\"77\" leftborder\u003d\"White\" rightborder\u003d\"White\" w\u003d\"1518\"\u003e \u003ctext xmlns\u003d\"http://ocr.crowdcomputingsystems.com/xml/schema-v1.xml\"\u003e \u003cpar leftindent\u003d\"2100\" linespacing\u003d\"700\"\u003e \u003cline b\u003d\"709\" baseline\u003d\"709\" l\u003d\"920\" r\u003d\"1236\" t\u003d\"680\"\u003e \u003cformatting lang\u003d\"EnglishUnitedStates\"\u003e \u003csupplier_name begin\u003d\"255\" class\u003d\"extraction-tag ml-tag\" data-text\u003d\"Marcus Industries\" data-value\u003d\"Marcus Industries\" end\u003d\"272\" estimated-accuracy\u003d\"0.9555555555555556\" ml-tagorder\u003d\"2\" score\u003d\"0.5830925035331068\" style\u003d\"border: 2px solid rgb(125, 157, 1);\" tagorder\u003d\"2\"\u003eMarcus Industries\u003c/supplier_name\u003e \u003c/formatting\u003e  \u003c/line\u003e  \u003c/par\u003e  \u003c/text\u003e  \u003c/td\u003e   \u003c/tr\u003e \n \u003ctr\u003e \u003ctd bottomborder\u003d\"White\" h\u003d\"63\" leftborder\u003d\"White\" rightborder\u003d\"White\" topborder\u003d\"White\" w\u003d\"353\"\u003e \u003ctext xmlns\u003d\"http://ocr.crowdcomputingsystems.com/xml/schema-v1.xml\"\u003e \u003cpar leftindent\u003d\"1400\" linespacing\u003d\"700\"\u003e \u003cline b\u003d\"772\" baseline\u003d\"772\" l\u003d\"211\" r\u003d\"415\" t\u003d\"743\"\u003e \u003cformatting lang\u003d\"EnglishUnitedStates\"\u003e Invoice Date \u003c/formatting\u003e  \u003c/line\u003e  \u003c/par\u003e  \u003c/text\u003e  \u003c/td\u003e   \u003ctd bottomborder\u003d\"White\" h\u003d\"63\" leftborder\u003d\"White\" rightborder\u003d\"White\" topborder\u003d\"White\" w\u003d\"325\"\u003e \u003ctext xmlns\u003d\"http://ocr.crowdcomputingsystems.com/xml/schema-v1.xml\"\u003e \u003cpar leftindent\u003d\"900\" linespacing\u003d\"670\"\u003e \u003cline b\u003d\"779\" baseline\u003d\"771\" l\u003d\"544\" r\u003d\"742\" t\u003d\"743\"\u003e \u003cformatting lang\u003d\"EnglishUnitedStates\"\u003e \u003cinvoice_date begin\u003d\"322\" class\u003d\"extraction-tag ml-tag\" data-text\u003d\"Sep 8, 2014\" data-value\u003d\"09/08/2014\" end\u003d\"333\" estimated-accuracy\u003d\"1.0\" ml-tagorder\u003d\"3\" score\u003d\"0.735374500318852\" style\u003d\"border: 2px solid rgb(125, 157, 1);\" tagorder\u003d\"3\"\u003eSep 8, 2014\u003c/invoice_date\u003e \u003c/formatting\u003e  \u003c/line\u003e  \u003c/par\u003e  \u003c/text\u003e  \u003c/td\u003e   \u003ctd bottomborder\u003d\"White\" h\u003d\"63\" leftborder\u003d\"White\" rightborder\u003d\"White\" topborder\u003d\"White\" w\u003d\"1518\"\u003e \u003ctext xmlns\u003d\"http://ocr.crowdcomputingsystems.com/xml/schema-v1.xml\"\u003e \u003cpar leftindent\u003d\"2100\" linespacing\u003d\"670\"\u003e \u003cline b\u003d\"776\" baseline\u003d\"772\" l\u003d\"921\" r\u003d\"1277\" t\u003d\"744\"\u003e \u003cformatting lang\u003d\"EnglishUnitedStates\"\u003e 1776 Patriot Blvd., A2 \u003c/formatting\u003e  \u003c/line\u003e  \u003c/par\u003e  \u003c/text\u003e  \u003c/td\u003e   \u003c/tr\u003e \n \u003ctr\u003e \u003ctd bottomborder\u003d\"White\" h\u003d\"63\" leftborder\u003d\"White\" rightborder\u003d\"White\" topborder\u003d\"White\" w\u003d\"353\"\u003e \u003ctext xmlns\u003d\"http://ocr.crowdcomputingsystems.com/xml/schema-v1.xml\"\u003e \u003cpar leftindent\u003d\"1400\" linespacing\u003d\"670\"\u003e \u003cline b\u003d\"834\" baseline\u003d\"834\" l\u003d\"211\" r\u003d\"365\" t\u003d\"806\"\u003e \u003cformatting lang\u003d\"EnglishUnitedStates\"\u003e Due Date \u003c/formatting\u003e  \u003c/line\u003e  \u003c/par\u003e  \u003c/text\u003e  \u003c/td\u003e   \u003ctd bottomborder\u003d\"White\" h\u003d\"63\" leftborder\u003d\"White\" rightborder\u003d\"White\" topborder\u003d\"White\" w\u003d\"325\"\u003e \u003ctext xmlns\u003d\"http://ocr.crowdcomputingsystems.com/xml/schema-v1.xml\"\u003e \u003cpar leftindent\u003d\"900\" linespacing\u003d\"670\"\u003e \u003cline b\u003d\"838\" baseline\u003d\"833\" l\u003d\"545\" r\u003d\"742\" t\u003d\"805\"\u003e \u003cformatting lang\u003d\"EnglishUnitedStates\"\u003e Nov 9, 2014 \u003c/formatting\u003e  \u003c/line\u003e  \u003c/par\u003e  \u003c/text\u003e  \u003c/td\u003e   \u003ctd bottomborder\u003d\"White\" h\u003d\"63\" leftborder\u003d\"White\" rightborder\u003d\"White\" topborder\u003d\"White\" w\u003d\"1518\"\u003e \u003ctext xmlns\u003d\"http://ocr.crowdcomputingsystems.com/xml/schema-v1.xml\"\u003e \u003cpar leftindent\u003d\"2100\" linespacing\u003d\"670\"\u003e \u003cline b\u003d\"841\" baseline\u003d\"833\" l\u003d\"918\" r\u003d\"1317\" t\u003d\"805\"\u003e \u003cformatting lang\u003d\"EnglishUnitedStates\"\u003e Washington D.C. 44211 \u003c/formatting\u003e  \u003c/line\u003e  \u003c/par\u003e  \u003c/text\u003e  \u003c/td\u003e   \u003c/tr\u003e \n \u003ctr\u003e \u003ctd bottomborder\u003d\"White\" h\u003d\"62\" leftborder\u003d\"White\" rightborder\u003d\"White\" topborder\u003d\"White\" w\u003d\"353\"\u003e \u003ctext xmlns\u003d\"http://ocr.crowdcomputingsystems.com/xml/schema-v1.xml\"\u003e \u003cpar leftindent\u003d\"1400\" linespacing\u003d\"670\"\u003e \u003cline b\u003d\"897\" baseline\u003d\"897\" l\u003d\"211\" r\u003d\"421\" t\u003d\"869\"\u003e \u003cformatting lang\u003d\"EnglishUnitedStates\"\u003e Balance Due \u003c/formatting\u003e  \u003c/line\u003e  \u003c/par\u003e  \u003c/text\u003e  \u003c/td\u003e   \u003ctd bottomborder\u003d\"White\" h\u003d\"62\" leftborder\u003d\"White\" rightborder\u003d\"White\" topborder\u003d\"White\" w\u003d\"325\"\u003e \u003ctext xmlns\u003d\"http://ocr.crowdcomputingsystems.com/xml/schema-v1.xml\"\u003e \u003cpar leftindent\u003d\"900\" linespacing\u003d\"720\"\u003e \u003cline b\u003d\"901\" baseline\u003d\"897\" l\u003d\"543\" r\u003d\"707\" t\u003d\"867\"\u003e \u003cformatting lang\u003d\"EnglishUnitedStates\"\u003e $1,838.80 \u003c/formatting\u003e  \u003c/line\u003e  \u003c/par\u003e  \u003c/text\u003e  \u003c/td\u003e   \u003ctd bottomborder\u003d\"White\" h\u003d\"62\" leftborder\u003d\"White\" rightborder\u003d\"White\" topborder\u003d\"White\" w\u003d\"1518\"\u003e \u003ctext xmlns\u003d\"http://ocr.crowdcomputingsystems.com/xml/schema-v1.xml\"\u003e \u003cpar leftindent\u003d\"2100\" linespacing\u003d\"700\"\u003e \u003cline b\u003d\"897\" baseline\u003d\"897\" l\u003d\"920\" r\u003d\"1140\" t\u003d\"868\"\u003e \u003cformatting lang\u003d\"EnglishUnitedStates\"\u003e United States \u003c/formatting\u003e  \u003c/line\u003e  \u003c/par\u003e  \u003c/text\u003e  \u003c/td\u003e   \u003c/tr\u003e \n \u003ctr\u003e \u003ctd h\u003d\"83\" leftborder\u003d\"White\" rightborder\u003d\"White\" topborder\u003d\"White\" w\u003d\"353\"\u003e \u003ctext xmlns\u003d\"http://ocr.crowdcomputingsystems.com/xml/schema-v1.xml\"\u003e \u003cpar leftindent\u003d\"1400\" linespacing\u003d\"-1\"\u003e\u003c/par\u003e  \u003c/text\u003e  \u003c/td\u003e   \u003ctd h\u003d\"83\" leftborder\u003d\"White\" rightborder\u003d\"White\" topborder\u003d\"White\" w\u003d\"325\"\u003e \u003ctext xmlns\u003d\"http://ocr.crowdcomputingsystems.com/xml/schema-v1.xml\"\u003e \u003cpar leftindent\u003d\"900\" linespacing\u003d\"-1\"\u003e\u003c/par\u003e  \u003c/text\u003e  \u003c/td\u003e   \u003ctd h\u003d\"83\" leftborder\u003d\"White\" rightborder\u003d\"White\" topborder\u003d\"White\" w\u003d\"1518\"\u003e \u003c/td\u003e   \u003c/tr\u003e \n \u003c/tbody\u003e\u003c/table\u003e\n \u003cregion xmlns\u003d\"http://ocr.crowdcomputingsystems.com/xml/schema-v1.xml\"\u003e \u003crect b\u003d\"2182\" l\u003d\"152\" r\u003d\"2348\" t\u003d\"995\"\u003e\u003c/rect\u003e  \u003c/region\u003e \u003ctable b\u003d\"2182\" blockname\u003d\"\" blocktype\u003d\"Table\" l\u003d\"152\" r\u003d\"2348\" style\u003d\"transform: translate(86px, 431px); position: absolute; user-select: auto;\" t\u003d\"995\" xmlns\u003d\"\"\u003e \u003ctbody\u003e\u003ctr\u003e \u003ctd h\u003d\"222\" leftborder\u003d\"White\" rightborder\u003d\"White\" w\u003d\"398\"\u003e \u003ctext xmlns\u003d\"http://ocr.crowdcomputingsystems.com/xml/schema-v1.xml\"\u003e \u003cpar leftindent\u003d\"1400\" linespacing\u003d\"720\"\u003e \u003cline b\u003d\"1126\" baseline\u003d\"1125\" l\u003d\"211\" r\u003d\"291\" t\u003d\"1095\"\u003e \u003cformatting lang\u003d\"EnglishUnitedStates\"\u003e Item \u003c/formatting\u003e  \u003c/line\u003e  \u003c/par\u003e  \u003c/text\u003e  \u003c/td\u003e   \u003ctd h\u003d\"222\" leftborder\u003d\"White\" rightborder\u003d\"White\" w\u003d\"741\"\u003e \u003ctext xmlns\u003d\"http://ocr.crowdcomputingsystems.com/xml/schema-v1.xml\"\u003e \u003cpar leftindent\u003d\"3100\" linespacing\u003d\"720\"\u003e \u003cline b\u003d\"1134\" baseline\u003d\"1125\" l\u003d\"678\" r\u003d\"902\" t\u003d\"1095\"\u003e \u003cformatting lang\u003d\"EnglishUnitedStates\"\u003e Description \u003c/formatting\u003e  \u003c/line\u003e  \u003c/par\u003e  \u003c/text\u003e  \u003c/td\u003e   \u003ctd h\u003d\"222\" leftborder\u003d\"White\" rightborder\u003d\"White\" w\u003d\"482\"\u003e \u003ctext xmlns\u003d\"http://ocr.crowdcomputingsystems.com/xml/schema-v1.xml\"\u003e \u003cpar align\u003d\"Right\" linespacing\u003d\"770\" rightindent\u003d\"1600\"\u003e \u003cline b\u003d\"1126\" baseline\u003d\"1126\" l\u003d\"1527\" r\u003d\"1707\" t\u003d\"1094\"\u003e \u003cformatting lang\u003d\"EnglishUnitedStates\"\u003e Unit Cost \u003c/formatting\u003e  \u003c/line\u003e  \u003c/par\u003e  \u003c/text\u003e  \u003c/td\u003e   \u003ctd h\u003d\"222\" leftborder\u003d\"White\" rightborder\u003d\"White\" w\u003d\"280\"\u003e \u003ctext xmlns\u003d\"http://ocr.crowdcomputingsystems.com/xml/schema-v1.xml\"\u003e \u003cpar align\u003d\"Right\" linespacing\u003d\"770\" rightindent\u003d\"1400\"\u003e \u003cline b\u003d\"1134\" baseline\u003d\"1126\" l\u003d\"1834\" r\u003d\"1999\" t\u003d\"1094\"\u003e \u003cformatting lang\u003d\"EnglishUnitedStates\"\u003e Quantity \u003c/formatting\u003e  \u003c/line\u003e  \u003c/par\u003e  \u003c/text\u003e  \u003c/td\u003e   \u003ctd h\u003d\"222\" leftborder\u003d\"White\" rightborder\u003d\"White\" w\u003d\"295\"\u003e \u003ctext xmlns\u003d\"http://ocr.crowdcomputingsystems.com/xml/schema-v1.xml\"\u003e \u003cpar align\u003d\"Right\" linespacing\u003d\"740\" rightindent\u003d\"1400\"\u003e \u003cline b\u003d\"1126\" baseline\u003d\"1126\" l\u003d\"2106\" r\u003d\"2297\" t\u003d\"1095\"\u003e \u003cformatting lang\u003d\"EnglishUnitedStates\"\u003e Line Total \u003c/formatting\u003e  \u003c/line\u003e  \u003c/par\u003e  \u003c/text\u003e  \u003c/td\u003e   \u003c/tr\u003e \n \u003ctr\u003e \u003ctd h\u003d\"125\" leftborder\u003d\"White\" rightborder\u003d\"White\" w\u003d\"398\"\u003e \u003ctext xmlns\u003d\"http://ocr.crowdcomputingsystems.com/xml/schema-v1.xml\"\u003e \u003cpar leftindent\u003d\"1400\" linespacing\u003d\"580\"\u003e \u003cline b\u003d\"1299\" baseline\u003d\"1292\" l\u003d\"211\" r\u003d\"326\" t\u003d\"1268\"\u003e \u003cformatting lang\u003d\"EnglishUnitedStates\"\u003e Painting \u003c/formatting\u003e  \u003c/line\u003e  \u003c/par\u003e  \u003cpar leftindent\u003d\"1400\" linespacing\u003d\"620\"\u003e \u003cline b\u003d\"1331\" baseline\u003d\"1331\" l\u003d\"210\" r\u003d\"336\" t\u003d\"1305\"\u003e \u003cformatting lang\u003d\"EnglishUnitedStates\"\u003e Servicee \u003c/formatting\u003e  \u003c/line\u003e  \u003c/par\u003e  \u003c/text\u003e  \u003c/td\u003e   \u003ctd h\u003d\"125\" leftborder\u003d\"White\" rightborder\u003d\"White\" w\u003d\"741\"\u003e \u003ctext xmlns\u003d\"http://ocr.crowdcomputingsystems.com/xml/schema-v1.xml\"\u003e \u003cpar leftindent\u003d\"3100\" linespacing\u003d\"600\"\u003e \u003cline b\u003d\"1299\" baseline\u003d\"1293\" l\u003d\"676\" r\u003d\"928\" t\u003d\"1268\"\u003e25 hours painting\u003c/line\u003e  \u003c/par\u003e  \u003c/text\u003e  \u003c/td\u003e   \u003ctd h\u003d\"125\" leftborder\u003d\"White\" rightborder\u003d\"White\" w\u003d\"482\"\u003e \u003ctext xmlns\u003d\"http://ocr.crowdcomputingsystems.com/xml/schema-v1.xml\"\u003e \u003cpar align\u003d\"Right\" linespacing\u003d\"600\" rightindent\u003d\"1600\"\u003e \u003cline b\u003d\"1293\" baseline\u003d\"1293\" l\u003d\"1608\" r\u003d\"1708\" t\u003d\"1268\"\u003e\u003cprice begin\u003d\"810\" class\u003d\"extraction-tag ml-tag\" data-text\u003d\"885.00\" data-value\u003d\"885.00\" end\u003d\"816\" estimated-accuracy\u003d\"0.9081967213114754\" ml-tagorder\u003d\"4\" score\u003d\"0.5339428369160799\" style\u003d\"border: 2px solid rgb(125, 157, 1);\" tagorder\u003d\"4\"\u003e885.00\u003c/price\u003e\u003c/line\u003e  \u003c/par\u003e  \u003c/text\u003e  \u003c/td\u003e   \u003ctd h\u003d\"125\" leftborder\u003d\"White\" rightborder\u003d\"White\" w\u003d\"280\"\u003e \u003ctext xmlns\u003d\"http://ocr.crowdcomputingsystems.com/xml/schema-v1.xml\"\u003e \u003cpar align\u003d\"Right\" linespacing\u003d\"580\" rightindent\u003d\"1400\"\u003e \u003cline b\u003d\"1292\" baseline\u003d\"1292\" l\u003d\"1985\" r\u003d\"1994\" t\u003d\"1268\"\u003ei\u003c/line\u003e  \u003c/par\u003e  \u003c/text\u003e  \u003c/td\u003e   \u003ctd h\u003d\"125\" leftborder\u003d\"White\" rightborder\u003d\"White\" w\u003d\"295\"\u003e \u003ctext xmlns\u003d\"http://ocr.crowdcomputingsystems.com/xml/schema-v1.xml\"\u003e \u003cpar align\u003d\"Right\" linespacing\u003d\"620\" rightindent\u003d\"1400\"\u003e \u003cline b\u003d\"1296\" baseline\u003d\"1293\" l\u003d\"2173\" r\u003d\"2291\" t\u003d\"1267\"\u003e \u003cformatting lang\u003d\"EnglishUnitedStates\"\u003e $885.00 \u003c/formatting\u003e  \u003c/line\u003e  \u003c/par\u003e  \u003c/text\u003e  \u003c/td\u003e   \u003c/tr\u003e \n \u003ctr\u003e \u003ctd h\u003d\"125\" leftborder\u003d\"White\" rightborder\u003d\"White\" w\u003d\"398\"\u003e \u003ctext xmlns\u003d\"http://ocr.crowdcomputingsystems.com/xml/schema-v1.xml\"\u003e \u003cpar leftindent\u003d\"1400\" linespacing\u003d\"600\"\u003e \u003cline b\u003d\"1424\" baseline\u003d\"1418\" l\u003d\"211\" r\u003d\"425\" t\u003d\"1393\"\u003e \u003cformatting lang\u003d\"EnglishUnitedStates\"\u003e Repair Service \u003c/formatting\u003e  \u003c/line\u003e  \u003c/par\u003e  \u003c/text\u003e  \u003c/td\u003e   \u003ctd h\u003d\"125\" leftborder\u003d\"White\" rightborder\u003d\"White\" w\u003d\"741\"\u003e \u003ctext xmlns\u003d\"http://ocr.crowdcomputingsystems.com/xml/schema-v1.xml\"\u003e \u003cpar leftindent\u003d\"3100\" linespacing\u003d\"600\"\u003e \u003cline b\u003d\"1424\" baseline\u003d\"1417\" l\u003d\"677\" r\u003d\"1108\" t\u003d\"1392\"\u003eSanding and painting dresser\u003c/line\u003e  \u003c/par\u003e  \u003c/text\u003e  \u003c/td\u003e   \u003ctd h\u003d\"125\" leftborder\u003d\"White\" rightborder\u003d\"White\" w\u003d\"482\"\u003e \u003ctext xmlns\u003d\"http://ocr.crowdcomputingsystems.com/xml/schema-v1.xml\"\u003e \u003cpar align\u003d\"Right\" linespacing\u003d\"600\" rightindent\u003d\"1600\"\u003e \u003cline b\u003d\"1418\" baseline\u003d\"1418\" l\u003d\"1610\" r\u003d\"1708\" t\u003d\"1393\"\u003e170.00\u003c/line\u003e  \u003c/par\u003e  \u003c/text\u003e  \u003c/td\u003e   \u003ctd h\u003d\"125\" leftborder\u003d\"White\" rightborder\u003d\"White\" w\u003d\"280\"\u003e \u003ctext xmlns\u003d\"http://ocr.crowdcomputingsystems.com/xml/schema-v1.xml\"\u003e \u003cpar align\u003d\"Right\" linespacing\u003d\"580\" rightindent\u003d\"1400\"\u003e \u003cline b\u003d\"1417\" baseline\u003d\"1417\" l\u003d\"1985\" r\u003d\"1994\" t\u003d\"1393\"\u003ei\u003c/line\u003e  \u003c/par\u003e  \u003c/text\u003e  \u003c/td\u003e   \u003ctd h\u003d\"125\" leftborder\u003d\"White\" rightborder\u003d\"White\" w\u003d\"295\"\u003e \u003ctext xmlns\u003d\"http://ocr.crowdcomputingsystems.com/xml/schema-v1.xml\"\u003e \u003cpar align\u003d\"Right\" linespacing\u003d\"620\" rightindent\u003d\"1400\"\u003e \u003cline b\u003d\"1421\" baseline\u003d\"1418\" l\u003d\"2173\" r\u003d\"2291\" t\u003d\"1392\"\u003e \u003cformatting lang\u003d\"EnglishUnitedStates\"\u003e $170.00 \u003c/formatting\u003e  \u003c/line\u003e  \u003c/par\u003e  \u003c/text\u003e  \u003c/td\u003e   \u003c/tr\u003e \n \u003ctr\u003e \u003ctd h\u003d\"125\" leftborder\u003d\"White\" rightborder\u003d\"White\" w\u003d\"398\"\u003e \u003ctext xmlns\u003d\"http://ocr.crowdcomputingsystems.com/xml/schema-v1.xml\"\u003e \u003cpar leftindent\u003d\"1400\" linespacing\u003d\"600\"\u003e \u003cline b\u003d\"1549\" baseline\u003d\"1543\" l\u003d\"211\" r\u003d\"425\" t\u003d\"1518\"\u003e \u003cformatting lang\u003d\"EnglishUnitedStates\"\u003e Repair Service \u003c/formatting\u003e  \u003c/line\u003e  \u003c/par\u003e  \u003c/text\u003e  \u003c/td\u003e   \u003ctd h\u003d\"125\" leftborder\u003d\"White\" rightborder\u003d\"White\" w\u003d\"741\"\u003e \u003ctext xmlns\u003d\"http://ocr.crowdcomputingsystems.com/xml/schema-v1.xml\"\u003e \u003cpar leftindent\u003d\"3100\" linespacing\u003d\"600\"\u003e \u003cline b\u003d\"1549\" baseline\u003d\"1543\" l\u003d\"678\" r\u003d\"1028\" t\u003d\"1518\"\u003eFloorboard replacement\u003c/line\u003e  \u003c/par\u003e  \u003c/text\u003e  \u003c/td\u003e   \u003ctd h\u003d\"125\" leftborder\u003d\"White\" rightborder\u003d\"White\" w\u003d\"482\"\u003e \u003ctext xmlns\u003d\"http://ocr.crowdcomputingsystems.com/xml/schema-v1.xml\"\u003e \u003cpar align\u003d\"Right\" linespacing\u003d\"600\" rightindent\u003d\"1600\"\u003e \u003cline b\u003d\"1543\" baseline\u003d\"1543\" l\u003d\"1627\" r\u003d\"1708\" t\u003d\"1518\"\u003e39.00\u003c/line\u003e  \u003c/par\u003e  \u003c/text\u003e  \u003c/td\u003e   \u003ctd h\u003d\"125\" leftborder\u003d\"White\" rightborder\u003d\"White\" w\u003d\"280\"\u003e \u003ctext xmlns\u003d\"http://ocr.crowdcomputingsystems.com/xml/schema-v1.xml\"\u003e \u003cpar align\u003d\"Right\" linespacing\u003d\"550\" rightindent\u003d\"1400\"\u003e \u003cline b\u003d\"1542\" baseline\u003d\"1542\" l\u003d\"1983\" r\u003d\"1999\" t\u003d\"1519\"\u003e4\u003c/line\u003e  \u003c/par\u003e  \u003c/text\u003e  \u003c/td\u003e   \u003ctd h\u003d\"125\" leftborder\u003d\"White\" rightborder\u003d\"White\" w\u003d\"295\"\u003e \u003ctext xmlns\u003d\"http://ocr.crowdcomputingsystems.com/xml/schema-v1.xml\"\u003e \u003cpar align\u003d\"Right\" linespacing\u003d\"650\" rightindent\u003d\"1400\"\u003e \u003cline b\u003d\"1546\" baseline\u003d\"1543\" l\u003d\"2173\" r\u003d\"2291\" t\u003d\"1516\"\u003e \u003cformatting lang\u003d\"EnglishUnitedStates\"\u003e $156.00 \u003c/formatting\u003e  \u003c/line\u003e  \u003c/par\u003e  \u003c/text\u003e  \u003c/td\u003e   \u003c/tr\u003e \n \u003ctr\u003e \u003ctd h\u003d\"125\" leftborder\u003d\"White\" rightborder\u003d\"White\" w\u003d\"398\"\u003e \u003ctext xmlns\u003d\"http://ocr.crowdcomputingsystems.com/xml/schema-v1.xml\"\u003e \u003cpar leftindent\u003d\"1400\" linespacing\u003d\"580\"\u003e \u003cline b\u003d\"1668\" baseline\u003d\"1667\" l\u003d\"211\" r\u003d\"365\" t\u003d\"1643\"\u003e \u003cformatting lang\u003d\"EnglishUnitedStates\"\u003e Installation \u003c/formatting\u003e  \u003c/line\u003e  \u003c/par\u003e  \u003c/text\u003e  \u003c/td\u003e   \u003ctd h\u003d\"125\" leftborder\u003d\"White\" rightborder\u003d\"White\" w\u003d\"741\"\u003e \u003ctext xmlns\u003d\"http://ocr.crowdcomputingsystems.com/xml/schema-v1.xml\"\u003e \u003cpar leftindent\u003d\"3100\" linespacing\u003d\"580\"\u003e \u003cline b\u003d\"1668\" baseline\u003d\"1667\" l\u003d\"678\" r\u003d\"1067\" t\u003d\"1643\"\u003eKitchen cabinet installation\u003c/line\u003e  \u003c/par\u003e  \u003c/text\u003e  \u003c/td\u003e   \u003ctd h\u003d\"125\" leftborder\u003d\"White\" rightborder\u003d\"White\" w\u003d\"482\"\u003e \u003ctext xmlns\u003d\"http://ocr.crowdcomputingsystems.com/xml/schema-v1.xml\"\u003e \u003cpar align\u003d\"Right\" linespacing\u003d\"600\" rightindent\u003d\"1600\"\u003e \u003cline b\u003d\"1668\" baseline\u003d\"1668\" l\u003d\"1609\" r\u003d\"1708\" t\u003d\"1643\"\u003e\u003cprice begin\u003d\"1191\" class\u003d\"extraction-tag ml-tag\" data-text\u003d\"600.00\" data-value\u003d\"600.00\" end\u003d\"1197\" estimated-accuracy\u003d\"0.9366452684777332\" ml-tagorder\u003d\"5\" score\u003d\"0.6173897758177199\" style\u003d\"border: 2px solid rgb(125, 157, 1);\" tagorder\u003d\"5\"\u003e600.00\u003c/price\u003e\u003c/line\u003e  \u003c/par\u003e  \u003c/text\u003e  \u003c/td\u003e   \u003ctd h\u003d\"125\" leftborder\u003d\"White\" rightborder\u003d\"White\" w\u003d\"280\"\u003e \u003ctext xmlns\u003d\"http://ocr.crowdcomputingsystems.com/xml/schema-v1.xml\"\u003e \u003cpar align\u003d\"Right\" linespacing\u003d\"580\" rightindent\u003d\"1400\"\u003e \u003cline b\u003d\"1667\" baseline\u003d\"1667\" l\u003d\"1985\" r\u003d\"1994\" t\u003d\"1643\"\u003e\u003cquantity begin\u003d\"1209\" class\u003d\"extraction-tag ml-tag\" data-text\u003d\"1\" data-value\u003d\"1.00\" end\u003d\"1210\" estimated-accuracy\u003d\"1.0\" ml-tagorder\u003d\"6\" score\u003d\"0.6647504331981523\" style\u003d\"border: 2px solid rgb(125, 157, 1);\" tagorder\u003d\"6\"\u003e1\u003c/quantity\u003e\u003c/line\u003e  \u003c/par\u003e  \u003c/text\u003e  \u003c/td\u003e   \u003ctd h\u003d\"125\" leftborder\u003d\"White\" rightborder\u003d\"White\" w\u003d\"295\"\u003e \u003ctext xmlns\u003d\"http://ocr.crowdcomputingsystems.com/xml/schema-v1.xml\"\u003e \u003cpar align\u003d\"Right\" linespacing\u003d\"620\" rightindent\u003d\"1400\"\u003e \u003cline b\u003d\"1671\" baseline\u003d\"1668\" l\u003d\"2173\" r\u003d\"2291\" t\u003d\"1642\"\u003e \u003cformatting lang\u003d\"EnglishUnitedStates\"\u003e $600.00 \u003c/formatting\u003e  \u003c/line\u003e  \u003c/par\u003e  \u003c/text\u003e  \u003c/td\u003e   \u003c/tr\u003e \n \u003ctr\u003e \u003ctd h\u003d\"125\" leftborder\u003d\"White\" rightborder\u003d\"White\" w\u003d\"398\"\u003e \u003ctext xmlns\u003d\"http://ocr.crowdcomputingsystems.com/xml/schema-v1.xml\"\u003e \u003cpar leftindent\u003d\"1400\" linespacing\u003d\"580\"\u003e \u003cline b\u003d\"1793\" baseline\u003d\"1792\" l\u003d\"211\" r\u003d\"365\" t\u003d\"1768\"\u003e \u003cformatting lang\u003d\"EnglishUnitedStates\"\u003e Installation \u003c/formatting\u003e  \u003c/line\u003e  \u003c/par\u003e  \u003c/text\u003e  \u003c/td\u003e   \u003ctd h\u003d\"125\" leftborder\u003d\"White\" rightborder\u003d\"White\" w\u003d\"741\"\u003e \u003ctext xmlns\u003d\"http://ocr.crowdcomputingsystems.com/xml/schema-v1.xml\"\u003e \u003cpar leftindent\u003d\"3100\" linespacing\u003d\"580\"\u003e \u003cline b\u003d\"1793\" baseline\u003d\"1792\" l\u003d\"678\" r\u003d\"1052\" t\u003d\"1768\"\u003e\u003cproduct begin\u003d\"1279\" class\u003d\"extraction-tag ml-tag\" data-text\u003d\"Bathroom sink installation\" data-value\u003d\"Bathroom sink installation\" end\u003d\"1305\" estimated-accuracy\u003d\"0.8812074664557767\" ml-tagorder\u003d\"7\" score\u003d\"0.5609901875264558\" style\u003d\"border: 2px solid rgb(125, 157, 1);\" tagorder\u003d\"7\"\u003eBathroom sink installation\u003c/product\u003e\u003c/line\u003e  \u003c/par\u003e  \u003c/text\u003e  \u003c/td\u003e   \u003ctd h\u003d\"125\" leftborder\u003d\"White\" rightborder\u003d\"White\" w\u003d\"482\"\u003e \u003ctext xmlns\u003d\"http://ocr.crowdcomputingsystems.com/xml/schema-v1.xml\"\u003e \u003cpar align\u003d\"Right\" linespacing\u003d\"600\" rightindent\u003d\"1600\"\u003e \u003cline b\u003d\"1793\" baseline\u003d\"1793\" l\u003d\"1608\" r\u003d\"1708\" t\u003d\"1768\"\u003e\u003cprice begin\u003d\"1317\" class\u003d\"extraction-tag ml-tag\" data-text\u003d\"250.00\" data-value\u003d\"250.00\" end\u003d\"1323\" estimated-accuracy\u003d\"0.9551020408163265\" ml-tagorder\u003d\"8\" score\u003d\"0.6784501365343177\" style\u003d\"border: 2px solid rgb(125, 157, 1);\" tagorder\u003d\"8\"\u003e250.00\u003c/price\u003e\u003c/line\u003e  \u003c/par\u003e  \u003c/text\u003e  \u003c/td\u003e   \u003ctd h\u003d\"125\" leftborder\u003d\"White\" rightborder\u003d\"White\" w\u003d\"280\"\u003e \u003ctext xmlns\u003d\"http://ocr.crowdcomputingsystems.com/xml/schema-v1.xml\"\u003e \u003cpar align\u003d\"Right\" linespacing\u003d\"550\" rightindent\u003d\"1400\"\u003e \u003cline b\u003d\"1792\" baseline\u003d\"1792\" l\u003d\"1983\" r\u003d\"1999\" t\u003d\"1769\"\u003e\u003cquantity begin\u003d\"1335\" class\u003d\"extraction-tag ml-tag\" data-text\u003d\"2\" data-value\u003d\"2.00\" end\u003d\"1336\" estimated-accuracy\u003d\"1.0\" ml-tagorder\u003d\"9\" score\u003d\"0.8039837758874034\" style\u003d\"border: 2px solid rgb(125, 157, 1);\" tagorder\u003d\"9\"\u003e2\u003c/quantity\u003e\u003c/line\u003e  \u003c/par\u003e  \u003c/text\u003e  \u003c/td\u003e   \u003ctd h\u003d\"125\" leftborder\u003d\"White\" rightborder\u003d\"White\" w\u003d\"295\"\u003e \u003ctext xmlns\u003d\"http://ocr.crowdcomputingsystems.com/xml/schema-v1.xml\"\u003e \u003cpar align\u003d\"Right\" linespacing\u003d\"620\" rightindent\u003d\"1400\"\u003e \u003cline b\u003d\"1796\" baseline\u003d\"1793\" l\u003d\"2173\" r\u003d\"2291\" t\u003d\"1767\"\u003e \u003cformatting lang\u003d\"EnglishUnitedStates\"\u003e $500.00 \u003c/formatting\u003e  \u003c/line\u003e  \u003c/par\u003e  \u003c/text\u003e  \u003c/td\u003e   \u003c/tr\u003e \n \u003ctr\u003e \u003ctd bottomborder\u003d\"White\" colspan\u003d\"2\" h\u003d\"110\" leftborder\u003d\"White\" rightborder\u003d\"White\" w\u003d\"1139\"\u003e \u003ctext xmlns\u003d\"http://ocr.crowdcomputingsystems.com/xml/schema-v1.xml\"\u003e \u003cpar leftindent\u003d\"1400\" linespacing\u003d\"700\"\u003e \u003cline b\u003d\"1950\" baseline\u003d\"1943\" l\u003d\"209\" r\u003d\"911\" t\u003d\"1914\"\u003e \u003cformatting lang\u003d\"EnglishUnitedStates\"\u003e Thank you for choosing Marcus lndustries. \u003c/formatting\u003e  \u003c/line\u003e  \u003c/par\u003e  \u003c/text\u003e  \u003c/td\u003e   \u003ctd bottomborder\u003d\"White\" h\u003d\"110\" leftborder\u003d\"White\" rightborder\u003d\"White\" w\u003d\"482\"\u003e \u003ctext xmlns\u003d\"http://ocr.crowdcomputingsystems.com/xml/schema-v1.xml\"\u003e \u003cpar align\u003d\"Right\" linespacing\u003d\"700\" rightindent\u003d\"1600\"\u003e \u003cline b\u003d\"1943\" baseline\u003d\"1943\" l\u003d\"1574\" r\u003d\"1707\" t\u003d\"1914\"\u003e \u003cformatting lang\u003d\"EnglishUnitedStates\"\u003e Subtotal \u003c/formatting\u003e  \u003c/line\u003e  \u003c/par\u003e  \u003c/text\u003e  \u003c/td\u003e   \u003ctd bottomborder\u003d\"White\" h\u003d\"110\" leftborder\u003d\"White\" rightborder\u003d\"White\" w\u003d\"280\"\u003e \u003ctext xmlns\u003d\"http://ocr.crowdcomputingsystems.com/xml/schema-v1.xml\"\u003e \u003cpar leftindent\u003d\"1500\" linespacing\u003d\"-1\"\u003e\u003c/par\u003e  \u003c/text\u003e  \u003c/td\u003e   \u003ctd bottomborder\u003d\"White\" h\u003d\"110\" leftborder\u003d\"White\" rightborder\u003d\"White\" w\u003d\"295\"\u003e \u003ctext xmlns\u003d\"http://ocr.crowdcomputingsystems.com/xml/schema-v1.xml\"\u003e \u003cpar align\u003d\"Right\" linespacing\u003d\"720\" rightindent\u003d\"1400\"\u003e \u003cline b\u003d\"1947\" baseline\u003d\"1943\" l\u003d\"2127\" r\u003d\"2291\" t\u003d\"1913\"\u003e \u003cformatting lang\u003d\"EnglishUnitedStates\"\u003e $2,311.00 \u003c/formatting\u003e  \u003c/line\u003e  \u003c/par\u003e  \u003c/text\u003e  \u003c/td\u003e   \u003c/tr\u003e \n \u003ctr\u003e \u003ctd bottomborder\u003d\"White\" colspan\u003d\"2\" h\u003d\"70\" leftborder\u003d\"White\" rightborder\u003d\"White\" topborder\u003d\"White\" w\u003d\"1139\"\u003e \u003ctext xmlns\u003d\"http://ocr.crowdcomputingsystems.com/xml/schema-v1.xml\"\u003e \u003cpar leftindent\u003d\"1400\" linespacing\u003d\"670\"\u003e \u003cline b\u003d\"1993\" baseline\u003d\"1986\" l\u003d\"212\" r\u003d\"766\" t\u003d\"1958\"\u003e \u003cformatting lang\u003d\"EnglishUnitedStates\"\u003e Please call us with any questions. \u003c/formatting\u003e  \u003c/line\u003e  \u003c/par\u003e  \u003c/text\u003e  \u003c/td\u003e   \u003ctd bottomborder\u003d\"White\" h\u003d\"70\" leftborder\u003d\"White\" rightborder\u003d\"White\" topborder\u003d\"White\" w\u003d\"482\"\u003e \u003ctext xmlns\u003d\"http://ocr.crowdcomputingsystems.com/xml/schema-v1.xml\"\u003e \u003cpar align\u003d\"Right\" linespacing\u003d\"670\" rightindent\u003d\"1600\"\u003e \u003cline b\u003d\"2005\" baseline\u003d\"2005\" l\u003d\"1481\" r\u003d\"1708\" t\u003d\"1977\"\u003e \u003cformatting lang\u003d\"EnglishUnitedStates\"\u003e Discount 20% \u003c/formatting\u003e  \u003c/line\u003e  \u003c/par\u003e  \u003c/text\u003e  \u003c/td\u003e   \u003ctd bottomborder\u003d\"White\" h\u003d\"70\" leftborder\u003d\"White\" rightborder\u003d\"White\" topborder\u003d\"White\" w\u003d\"280\"\u003e \u003ctext xmlns\u003d\"http://ocr.crowdcomputingsystems.com/xml/schema-v1.xml\"\u003e \u003cpar leftindent\u003d\"1500\" linespacing\u003d\"-1\"\u003e\u003c/par\u003e  \u003c/text\u003e  \u003c/td\u003e   \u003ctd bottomborder\u003d\"White\" h\u003d\"70\" leftborder\u003d\"White\" rightborder\u003d\"White\" topborder\u003d\"White\" w\u003d\"295\"\u003e \u003ctext xmlns\u003d\"http://ocr.crowdcomputingsystems.com/xml/schema-v1.xml\"\u003e \u003cpar align\u003d\"Right\" linespacing\u003d\"720\" rightindent\u003d\"1400\"\u003e \u003cline b\u003d\"2009\" baseline\u003d\"2005\" l\u003d\"2158\" r\u003d\"2291\" t\u003d\"1975\"\u003e \u003cformatting lang\u003d\"EnglishUnitedStates\"\u003e $462.20 \u003c/formatting\u003e  \u003c/line\u003e  \u003c/par\u003e  \u003c/text\u003e  \u003c/td\u003e   \u003c/tr\u003e \n \u003ctr\u003e \u003ctd bottomborder\u003d\"White\" h\u003d\"89\" leftborder\u003d\"White\" rightborder\u003d\"White\" topborder\u003d\"White\" w\u003d\"398\"\u003e \u003ctext xmlns\u003d\"http://ocr.crowdcomputingsystems.com/xml/schema-v1.xml\"\u003e \u003cpar leftindent\u003d\"1400\" linespacing\u003d\"700\"\u003e \u003cline b\u003d\"2084\" baseline\u003d\"2084\" l\u003d\"208\" r\u003d\"319\" t\u003d\"2055\"\u003e \u003cformatting lang\u003d\"EnglishUnitedStates\"\u003e Terms \u003c/formatting\u003e  \u003c/line\u003e  \u003c/par\u003e  \u003c/text\u003e  \u003c/td\u003e   \u003ctd bottomborder\u003d\"White\" h\u003d\"89\" leftborder\u003d\"White\" rightborder\u003d\"White\" topborder\u003d\"White\" w\u003d\"741\"\u003e \u003ctext xmlns\u003d\"http://ocr.crowdcomputingsystems.com/xml/schema-v1.xml\"\u003e \u003cpar leftindent\u003d\"3100\" linespacing\u003d\"-1\"\u003e\u003c/par\u003e  \u003c/text\u003e  \u003c/td\u003e   \u003ctd bottomborder\u003d\"White\" h\u003d\"89\" leftborder\u003d\"White\" rightborder\u003d\"White\" topborder\u003d\"White\" w\u003d\"482\"\u003e \u003ctext xmlns\u003d\"http://ocr.crowdcomputingsystems.com/xml/schema-v1.xml\"\u003e \u003cpar align\u003d\"Right\" linespacing\u003d\"670\" rightindent\u003d\"1600\"\u003e \u003cline b\u003d\"2068\" baseline\u003d\"2068\" l\u003d\"1507\" r\u003d\"1708\" t\u003d\"2040\"\u003e \u003cformatting lang\u003d\"EnglishUnitedStates\"\u003e Paid to Date \u003c/formatting\u003e  \u003c/line\u003e  \u003c/par\u003e  \u003c/text\u003e  \u003c/td\u003e   \u003ctd bottomborder\u003d\"White\" h\u003d\"89\" leftborder\u003d\"White\" rightborder\u003d\"White\" topborder\u003d\"White\" w\u003d\"280\"\u003e \u003ctext xmlns\u003d\"http://ocr.crowdcomputingsystems.com/xml/schema-v1.xml\"\u003e \u003cpar leftindent\u003d\"1500\" linespacing\u003d\"-1\"\u003e\u003c/par\u003e  \u003c/text\u003e  \u003c/td\u003e   \u003ctd bottomborder\u003d\"White\" h\u003d\"89\" leftborder\u003d\"White\" rightborder\u003d\"White\" topborder\u003d\"White\" w\u003d\"295\"\u003e \u003ctext xmlns\u003d\"http://ocr.crowdcomputingsystems.com/xml/schema-v1.xml\"\u003e \u003cpar align\u003d\"Right\" linespacing\u003d\"720\" rightindent\u003d\"1400\"\u003e \u003cline b\u003d\"2072\" baseline\u003d\"2068\" l\u003d\"2179\" r\u003d\"2291\" t\u003d\"2038\"\u003e \u003cformatting lang\u003d\"EnglishUnitedStates\"\u003e $10.00 \u003c/formatting\u003e  \u003c/line\u003e  \u003c/par\u003e  \u003c/text\u003e  \u003c/td\u003e   \u003c/tr\u003e \n \u003ctr\u003e \u003ctd bottomborder\u003d\"White\" h\u003d\"71\" leftborder\u003d\"White\" rightborder\u003d\"White\" topborder\u003d\"White\" w\u003d\"398\"\u003e \u003ctext xmlns\u003d\"http://ocr.crowdcomputingsystems.com/xml/schema-v1.xml\"\u003e \u003cpar leftindent\u003d\"1400\" linespacing\u003d\"700\"\u003e \u003cline b\u003d\"2151\" baseline\u003d\"2151\" l\u003d\"211\" r\u003d\"317\" t\u003d\"2122\"\u003e \u003cformatting lang\u003d\"EnglishUnitedStates\"\u003e Net 30 \u003c/formatting\u003e  \u003c/line\u003e  \u003c/par\u003e  \u003c/text\u003e  \u003c/td\u003e   \u003ctd bottomborder\u003d\"White\" h\u003d\"71\" leftborder\u003d\"White\" rightborder\u003d\"White\" topborder\u003d\"White\" w\u003d\"741\"\u003e \u003ctext xmlns\u003d\"http://ocr.crowdcomputingsystems.com/xml/schema-v1.xml\"\u003e \u003cpar leftindent\u003d\"3100\" linespacing\u003d\"-1\"\u003e\u003c/par\u003e  \u003c/text\u003e  \u003c/td\u003e   \u003ctd bottomborder\u003d\"White\" h\u003d\"71\" leftborder\u003d\"White\" rightborder\u003d\"White\" topborder\u003d\"White\" w\u003d\"482\"\u003e \u003ctext xmlns\u003d\"http://ocr.crowdcomputingsystems.com/xml/schema-v1.xml\"\u003e \u003cpar align\u003d\"Right\" linespacing\u003d\"740\" rightindent\u003d\"1600\"\u003e \u003cline b\u003d\"2172\" baseline\u003d\"2172\" l\u003d\"1475\" r\u003d\"1708\" t\u003d\"2141\"\u003e \u003cformatting lang\u003d\"EnglishUnitedStates\"\u003e Balance Due \u003c/formatting\u003e  \u003c/line\u003e  \u003c/par\u003e  \u003c/text\u003e  \u003c/td\u003e   \u003ctd bottomborder\u003d\"White\" h\u003d\"71\" leftborder\u003d\"White\" rightborder\u003d\"White\" topborder\u003d\"White\" w\u003d\"280\"\u003e \u003ctext xmlns\u003d\"http://ocr.crowdcomputingsystems.com/xml/schema-v1.xml\"\u003e \u003cpar leftindent\u003d\"1500\" linespacing\u003d\"-1\"\u003e\u003c/par\u003e  \u003c/text\u003e  \u003c/td\u003e   \u003ctd bottomborder\u003d\"White\" h\u003d\"71\" leftborder\u003d\"White\" rightborder\u003d\"White\" topborder\u003d\"White\" w\u003d\"295\"\u003e \u003ctext xmlns\u003d\"http://ocr.crowdcomputingsystems.com/xml/schema-v1.xml\"\u003e \u003cpar align\u003d\"Right\" linespacing\u003d\"790\" rightindent\u003d\"1400\"\u003e \u003cline b\u003d\"2177\" baseline\u003d\"2172\" l\u003d\"2109\" r\u003d\"2291\" t\u003d\"2139\"\u003e \u003cformatting lang\u003d\"EnglishUnitedStates\"\u003e $\u003ctotal_amount begin\u003d\"1783\" class\u003d\"extraction-tag ml-tag\" data-text\u003d\"1,838.80\" data-value\u003d\"1838.80\" end\u003d\"1791\" estimated-accuracy\u003d\"1.0\" ml-tagorder\u003d\"10\" score\u003d\"0.8225532044418403\" style\u003d\"border: 2px solid rgb(125, 157, 1);\" tagorder\u003d\"10\"\u003e1,838.80\u003c/total_amount\u003e \u003c/formatting\u003e  \u003c/line\u003e  \u003c/par\u003e  \u003c/text\u003e  \u003c/td\u003e   \u003c/tr\u003e \n \u003c/tbody\u003e\u003c/table\u003e\n \u003cblock b\u003d\"651\" blockname\u003d\"\" blocktype\u003d\"Separator\" l\u003d\"158\" r\u003d\"2342\" style\u003d\"transform: translate(90px, 281px); position: absolute;\" t\u003d\"649\"\u003e \u003cregion\u003e \u003crect b\u003d\"651\" l\u003d\"158\" r\u003d\"2342\" t\u003d\"649\"\u003e\u003c/rect\u003e  \u003c/region\u003e  \u003cseparator thickness\u003d\"2\" type\u003d\"Black\"\u003e \u003cstart x\u003d\"158\" y\u003d\"650\"\u003e\u003c/start\u003e \u003cend x\u003d\"2342\" y\u003d\"650\"\u003e\u003c/end\u003e \u003c/separator\u003e \u003c/block\u003e  \u003cblock b\u003d\"997\" blockname\u003d\"\" blocktype\u003d\"Separator\" l\u003d\"158\" r\u003d\"2342\" style\u003d\"transform: translate(90px, 431px); position: absolute;\" t\u003d\"995\"\u003e \u003cregion\u003e \u003crect b\u003d\"997\" l\u003d\"158\" r\u003d\"2342\" t\u003d\"995\"\u003e\u003c/rect\u003e  \u003c/region\u003e  \u003cseparator thickness\u003d\"2\" type\u003d\"Black\"\u003e \u003cstart x\u003d\"158\" y\u003d\"996\"\u003e\u003c/start\u003e \u003cend x\u003d\"2342\" y\u003d\"996\"\u003e\u003c/end\u003e \u003c/separator\u003e \u003c/block\u003e  \u003cblock b\u003d\"1218\" blockname\u003d\"\" blocktype\u003d\"Separator\" l\u003d\"158\" r\u003d\"2342\" style\u003d\"transform: translate(90px, 527px); position: absolute;\" t\u003d\"1216\"\u003e \u003cregion\u003e \u003crect b\u003d\"1218\" l\u003d\"158\" r\u003d\"2342\" t\u003d\"1216\"\u003e\u003c/rect\u003e  \u003c/region\u003e  \u003cseparator thickness\u003d\"2\" type\u003d\"Black\"\u003e \u003cstart x\u003d\"158\" y\u003d\"1217\"\u003e\u003c/start\u003e \u003cend x\u003d\"2342\" y\u003d\"1217\"\u003e\u003c/end\u003e \u003c/separator\u003e \u003c/block\u003e  \u003cblock b\u003d\"1343\" blockname\u003d\"\" blocktype\u003d\"Separator\" l\u003d\"158\" r\u003d\"2342\" style\u003d\"transform: translate(90px, 581px); position: absolute;\" t\u003d\"1341\"\u003e \u003cregion\u003e \u003crect b\u003d\"1343\" l\u003d\"158\" r\u003d\"2342\" t\u003d\"1341\"\u003e\u003c/rect\u003e  \u003c/region\u003e  \u003cseparator thickness\u003d\"2\" type\u003d\"Black\"\u003e \u003cstart x\u003d\"158\" y\u003d\"1342\"\u003e\u003c/start\u003e \u003cend x\u003d\"2342\" y\u003d\"1342\"\u003e\u003c/end\u003e \u003c/separator\u003e \u003c/block\u003e  \u003cblock b\u003d\"1468\" blockname\u003d\"\" blocktype\u003d\"Separator\" l\u003d\"158\" r\u003d\"2342\" style\u003d\"transform: translate(90px, 635px); position: absolute;\" t\u003d\"1466\"\u003e \u003cregion\u003e \u003crect b\u003d\"1468\" l\u003d\"158\" r\u003d\"2342\" t\u003d\"1466\"\u003e\u003c/rect\u003e  \u003c/region\u003e  \u003cseparator thickness\u003d\"2\" type\u003d\"Black\"\u003e \u003cstart x\u003d\"158\" y\u003d\"1467\"\u003e\u003c/start\u003e \u003cend x\u003d\"2342\" y\u003d\"1467\"\u003e\u003c/end\u003e \u003c/separator\u003e \u003c/block\u003e  \u003cblock b\u003d\"1593\" blockname\u003d\"\" blocktype\u003d\"Separator\" l\u003d\"158\" r\u003d\"2342\" style\u003d\"transform: translate(90px, 689px); position: absolute;\" t\u003d\"1591\"\u003e \u003cregion\u003e \u003crect b\u003d\"1593\" l\u003d\"158\" r\u003d\"2342\" t\u003d\"1591\"\u003e\u003c/rect\u003e  \u003c/region\u003e  \u003cseparator thickness\u003d\"2\" type\u003d\"Black\"\u003e \u003cstart x\u003d\"158\" y\u003d\"1592\"\u003e\u003c/start\u003e \u003cend x\u003d\"2342\" y\u003d\"1592\"\u003e\u003c/end\u003e \u003c/separator\u003e \u003c/block\u003e  \u003cblock b\u003d\"1718\" blockname\u003d\"\" blocktype\u003d\"Separator\" l\u003d\"158\" r\u003d\"2342\" style\u003d\"transform: translate(90px, 744px); position: absolute;\" t\u003d\"1716\"\u003e \u003cregion\u003e \u003crect b\u003d\"1718\" l\u003d\"158\" r\u003d\"2342\" t\u003d\"1716\"\u003e\u003c/rect\u003e  \u003c/region\u003e  \u003cseparator thickness\u003d\"2\" type\u003d\"Black\"\u003e \u003cstart x\u003d\"158\" y\u003d\"1717\"\u003e\u003c/start\u003e \u003cend x\u003d\"2342\" y\u003d\"1717\"\u003e\u003c/end\u003e \u003c/separator\u003e \u003c/block\u003e  \u003cblock b\u003d\"1843\" blockname\u003d\"\" blocktype\u003d\"Separator\" l\u003d\"158\" r\u003d\"2342\" style\u003d\"transform: translate(90px, 798px); position: absolute;\" t\u003d\"1841\"\u003e \u003cregion\u003e \u003crect b\u003d\"1843\" l\u003d\"158\" r\u003d\"2342\" t\u003d\"1841\"\u003e\u003c/rect\u003e  \u003c/region\u003e  \u003cseparator thickness\u003d\"2\" type\u003d\"Black\"\u003e \u003cstart x\u003d\"158\" y\u003d\"1842\"\u003e\u003c/start\u003e \u003cend x\u003d\"2342\" y\u003d\"1842\"\u003e\u003c/end\u003e \u003c/separator\u003e \u003c/block\u003e  \u003c/page\u003e       \u003c/document\u003e\u003c/body\u003e\u003c/html\u003e","tags":[{"score":0.4151372048193097,"end":99,"tag":"email","text":"Contact@lnvoiceNinja.com","estimatedAccuracy":0.9347826086956522,"begin":75},{"score":0.6365139092598878,"end":238,"tag":"invoice_number","text":"00984","estimatedAccuracy":0.9827586206896551,"begin":233},{"score":0.5830925035331068,"end":272,"tag":"supplier_name","text":"Marcus Industries","estimatedAccuracy":0.9555555555555556,"begin":255},{"score":0.735374500318852,"end":333,"tag":"invoice_date","text":"09/08/2014","estimatedAccuracy":1.0,"begin":322},{"score":0.5339428369160799,"end":816,"tag":"price","text":"885.00","estimatedAccuracy":0.9081967213114754,"begin":810},{"score":0.6173897758177199,"end":1197,"tag":"price","text":"600.00","estimatedAccuracy":0.9366452684777332,"begin":1191},{"score":0.6647504331981523,"end":1210,"tag":"quantity","text":"1.00","estimatedAccuracy":1.0,"begin":1209},{"score":0.5609901875264558,"end":1305,"tag":"product","text":"Bathroom sink installation","estimatedAccuracy":0.8812074664557767,"begin":1279},{"score":0.6784501365343177,"end":1323,"tag":"price","text":"250.00","estimatedAccuracy":0.9551020408163265,"begin":1317},{"score":0.8039837758874034,"end":1336,"tag":"quantity","text":"2.00","estimatedAccuracy":1.0,"begin":1335},{"score":0.8225532044418403,"end":1791,"tag":"total_amount","text":"1838.80","estimatedAccuracy":1.0,"begin":1783}],"group":"email|invoice_date|invoice_number|price|product|quantity|supplier_name|total_amount"}