{"finalScore":0.5354071105341336,"metaInfo":{"model":{"coreVersion":"9.3.0.9"}},"sumScore":5.889478215875469,"tagsCounter":11.0,"taggedText":"\u003chtml\u003e\u003chead\u003e\u003cscript src\u003d\"https://ajax.googleapis.com/ajax/libs/jquery/2.2.0/jquery.min.js\"\u003e\u003c/script\u003e\u003c/head\u003e\u003cbody\u003e\u003cdocument languages\u003d\"\" producer\u003d\"Workfusion\" schemalocation\u003d\"http://ocr.crowdcomputingsystems.com/xml/schema-v1.xml\" version\u003d\"1.0\" xmlns\u003d\"http://ocr.crowdcomputingsystems.com/xml/schema-v1.xml\" xsi\u003d\"http://www.w3.org/2001/XMLSchema-instance\"\u003e \u003clink href\u003d\"https://s3.amazonaws.com/workfusion-resources/ocr/ocr-xml-viewer-0.3-scale-to-width.css\" rel\u003d\"stylesheet\" type\u003d\"text/css\"\u003e\u003c/link\u003e \u003cstyle\u003e\u003c/style\u003e\u003cpage data-pages\u003d\"1\" h\u003d\"799\" resolution\u003d\"96\" style\u003d\"height: 1021px;\" w\u003d\"617\"\u003e \u003cblock b\u003d\"139\" blockname\u003d\"\" blocktype\u003d\"Text\" l\u003d\"412\" r\u003d\"465\" style\u003d\"transform: translate(925px, 153px); position: absolute; width: 118.971px; height: 35.2083px;\" t\u003d\"113\"\u003e \u003cregion\u003e \u003crect b\u003d\"139\" l\u003d\"412\" r\u003d\"465\" t\u003d\"113\"\u003e\u003c/rect\u003e  \u003c/region\u003e  \u003ctext\u003e \u003cpar align\u003d\"Justified\" linespacing\u003d\"975\"\u003e \u003cline b\u003d\"121\" baseline\u003d\"121\" l\u003d\"413\" r\u003d\"462\" style\u003d\"transform: translate(2px, 1px); position: absolute;\" t\u003d\"114\"\u003e \u003cformatting lang\u003d\"EnglishUnitedStates\"\u003e Invoice No: \u003c/formatting\u003e  \u003c/line\u003e  \u003cline b\u003d\"136\" baseline\u003d\"134\" l\u003d\"413\" r\u003d\"454\" style\u003d\"transform: translate(2px, 19px); position: absolute;\" t\u003d\"127\"\u003e \u003cformatting lang\u003d\"EnglishUnitedStates\"\u003e Currency: \u003c/formatting\u003e  \u003c/line\u003e  \u003c/par\u003e  \u003c/text\u003e  \u003c/block\u003e  \u003cblock b\u003d\"137\" blockname\u003d\"\" blocktype\u003d\"Text\" l\u003d\"479\" r\u003d\"551\" style\u003d\"transform: translate(1075px, 153px); position: absolute; width: 161.621px; height: 32.5px;\" t\u003d\"113\"\u003e \u003cregion\u003e \u003crect b\u003d\"137\" l\u003d\"479\" r\u003d\"551\" t\u003d\"113\"\u003e\u003c/rect\u003e  \u003c/region\u003e  \u003ctext\u003e \u003cpar linespacing\u003d\"530\"\u003e \u003cline b\u003d\"121\" baseline\u003d\"121\" l\u003d\"480\" r\u003d\"548\" style\u003d\"transform: translate(2px, 1px); position: absolute;\" t\u003d\"114\"\u003e \u003cformatting lang\u003d\"EnglishUnitedStates\"\u003e \u003cinvoice_number begin\u003d\"61\" class\u003d\"extraction-tag ml-tag\" data-text\u003d\"INV10100005\" data-value\u003d\"INV10100005\" end\u003d\"72\" estimated-accuracy\u003d\"0.9425098808321227\" ml-tagorder\u003d\"0\" score\u003d\"0.5684185875903711\" style\u003d\"border: 2px solid rgb(125, 157, 1);\" tagorder\u003d\"0\"\u003eINV10100005\u003c/invoice_number\u003e \u003c/formatting\u003e  \u003c/line\u003e  \u003c/par\u003e  \u003cpar linespacing\u003d\"530\"\u003e \u003cline b\u003d\"134\" baseline\u003d\"134\" l\u003d\"480\" r\u003d\"501\" style\u003d\"transform: translate(2px, 19px); position: absolute;\" t\u003d\"127\"\u003e \u003cformatting lang\u003d\"EnglishUnitedStates\"\u003e USD \u003c/formatting\u003e  \u003c/line\u003e  \u003c/par\u003e  \u003c/text\u003e  \u003c/block\u003e  \u003cblock b\u003d\"105\" blockname\u003d\"\" blocktype\u003d\"Text\" l\u003d\"35\" r\u003d\"132\" style\u003d\"transform: translate(79px, 74px); position: absolute; width: 217.739px; height: 67.7083px;\" t\u003d\"55\"\u003e \u003cregion\u003e \u003crect b\u003d\"105\" l\u003d\"35\" r\u003d\"132\" t\u003d\"55\"\u003e\u003c/rect\u003e  \u003c/region\u003e  \u003ctext\u003e \u003cpar linespacing\u003d\"-1\"\u003e\u003c/par\u003e  \u003c/text\u003e  \u003c/block\u003e  \u003cblock b\u003d\"141\" blockname\u003d\"\" blocktype\u003d\"Text\" l\u003d\"146\" r\u003d\"343\" style\u003d\"transform: translate(328px, 47px); position: absolute; width: 442.212px; height: 143.542px;\" t\u003d\"35\"\u003e \u003cregion\u003e \u003crect b\u003d\"141\" l\u003d\"146\" r\u003d\"343\" t\u003d\"35\"\u003e\u003c/rect\u003e  \u003c/region\u003e  \u003ctext\u003e \u003cpar leftindent\u003d\"8600\" linespacing\u003d\"600\"\u003e \u003cline b\u003d\"44\" baseline\u003d\"44\" l\u003d\"148\" r\u003d\"211\" style\u003d\"transform: translate(4px, 1px); position: absolute;\" t\u003d\"36\"\u003e \u003cformatting lang\u003d\"EnglishUnitedStates\"\u003e Xin Cube Inc \u003c/formatting\u003e  \u003c/line\u003e  \u003c/par\u003e  \u003cpar leftindent\u003d\"8600\" linespacing\u003d\"975\" rightindent\u003d\"9600\"\u003e \u003cline b\u003d\"60\" baseline\u003d\"60\" l\u003d\"148\" r\u003d\"219\" style\u003d\"transform: translate(4px, 24px); position: absolute;\" t\u003d\"53\"\u003e \u003cformatting lang\u003d\"EnglishUnitedStates\"\u003e 330 Francisco St \u003c/formatting\u003e  \u003c/line\u003e  \u003cline b\u003d\"73\" baseline\u003d\"73\" l\u003d\"148\" r\u003d\"208\" style\u003d\"transform: translate(4px, 42px); position: absolute;\" t\u003d\"66\"\u003e \u003cformatting lang\u003d\"EnglishUnitedStates\"\u003e San Francisco \u003c/formatting\u003e  \u003c/line\u003e  \u003cline b\u003d\"86\" baseline\u003d\"86\" l\u003d\"148\" r\u003d\"189\" style\u003d\"transform: translate(4px, 60px); position: absolute;\" t\u003d\"79\"\u003e \u003cformatting lang\u003d\"EnglishUnitedStates\"\u003e CA 94133 \u003c/formatting\u003e  \u003c/line\u003e  \u003cline b\u003d\"99\" baseline\u003d\"99\" l\u003d\"148\" r\u003d\"160\" style\u003d\"transform: translate(4px, 77px); position: absolute;\" t\u003d\"92\"\u003e \u003cformatting lang\u003d\"EnglishUnitedStates\"\u003e US \u003c/formatting\u003e  \u003c/line\u003e  \u003c/par\u003e  \u003cpar leftindent\u003d\"8600\" linespacing\u003d\"975\"\u003e \u003cline b\u003d\"114\" baseline\u003d\"112\" l\u003d\"148\" r\u003d\"340\" style\u003d\"transform: translate(4px, 93px); position: absolute;\" t\u003d\"104\"\u003e \u003cformatting lang\u003d\"EnglishUnitedStates\"\u003e Tel: (415) 9S9-11S3 Fax: (415) 9S9-2233 \u003c/formatting\u003e  \u003c/line\u003e  \u003cline b\u003d\"126\" baseline\u003d\"125\" l\u003d\"148\" r\u003d\"276\" style\u003d\"transform: translate(4px, 111px); position: absolute;\" t\u003d\"117\"\u003e \u003cformatting lang\u003d\"EnglishUnitedStates\"\u003e Email: admins\u0027\u0026lt;incube.com \u003c/formatting\u003e  \u003c/line\u003e  \u003cline b\u003d\"138\" baseline\u003d\"138\" l\u003d\"148\" r\u003d\"274\" style\u003d\"transform: translate(4px, 129px); position: absolute;\" t\u003d\"130\"\u003e \u003cformatting lang\u003d\"EnglishUnitedStates\"\u003e Website: www.xincube.com \u003c/formatting\u003e  \u003c/line\u003e  \u003c/par\u003e  \u003c/text\u003e  \u003c/block\u003e  \u003cblock b\u003d\"249\" blockname\u003d\"\" blocktype\u003d\"Text\" l\u003d\"33\" r\u003d\"122\" style\u003d\"transform: translate(74px, 234px); position: absolute; width: 199.781px; height: 102.917px;\" t\u003d\"173\"\u003e \u003cregion\u003e \u003crect b\u003d\"249\" l\u003d\"33\" r\u003d\"122\" t\u003d\"173\"\u003e\u003c/rect\u003e  \u003c/region\u003e  \u003ctext\u003e \u003cpar linespacing\u003d\"900\"\u003e \u003cline b\u003d\"182\" baseline\u003d\"182\" l\u003d\"35\" r\u003d\"61\" style\u003d\"transform: translate(4px, 1px); position: absolute;\" t\u003d\"174\"\u003e \u003cformatting lang\u003d\"EnglishUnitedStates\"\u003e Bill To \u003c/formatting\u003e  \u003c/line\u003e  \u003c/par\u003e  \u003cpar linespacing\u003d\"900\"\u003e \u003cline b\u003d\"195\" baseline\u003d\"195\" l\u003d\"35\" r\u003d\"58\" style\u003d\"transform: translate(4px, 19px); position: absolute;\" t\u003d\"187\"\u003e \u003cformatting lang\u003d\"EnglishUnitedStates\"\u003e John \u003c/formatting\u003e  \u003c/line\u003e  \u003c/par\u003e  \u003cpar linespacing\u003d\"900\"\u003e \u003cline b\u003d\"210\" baseline\u003d\"208\" l\u003d\"36\" r\u003d\"85\" style\u003d\"transform: translate(7px, 38px); position: absolute;\" t\u003d\"201\"\u003e \u003cformatting lang\u003d\"EnglishUnitedStates\"\u003e Synex Inc \u003c/formatting\u003e  \u003c/line\u003e  \u003cline b\u003d\"220\" baseline\u003d\"220\" l\u003d\"36\" r\u003d\"119\" style\u003d\"transform: translate(7px, 54px); position: absolute;\" t\u003d\"213\"\u003e \u003cformatting lang\u003d\"EnglishUnitedStates\"\u003e 128 AA Juanita Ave \u003c/formatting\u003e  \u003c/line\u003e  \u003cline b\u003d\"233\" baseline\u003d\"233\" l\u003d\"35\" r\u003d\"73\" style\u003d\"transform: translate(4px, 70px); position: absolute;\" t\u003d\"225\"\u003e \u003cformatting lang\u003d\"EnglishUnitedStates\"\u003e Glendora \u003c/formatting\u003e  \u003c/line\u003e  \u003cline b\u003d\"246\" baseline\u003d\"246\" l\u003d\"35\" r\u003d\"91\" style\u003d\"transform: translate(4px, 89px); position: absolute;\" t\u003d\"239\"\u003e \u003cformatting lang\u003d\"EnglishUnitedStates\"\u003e CA 91740 US \u003c/formatting\u003e  \u003c/line\u003e  \u003c/par\u003e  \u003c/text\u003e  \u003c/block\u003e  \u003cblock b\u003d\"249\" blockname\u003d\"\" blocktype\u003d\"Text\" l\u003d\"308\" r\u003d\"433\" style\u003d\"transform: translate(691px, 204px); position: absolute; width: 280.592px; height: 132.708px;\" t\u003d\"151\"\u003e \u003cregion\u003e \u003crect b\u003d\"249\" l\u003d\"308\" r\u003d\"433\" t\u003d\"151\"\u003e\u003c/rect\u003e  \u003c/region\u003e  \u003ctext\u003e \u003cpar align\u003d\"Justified\" leftindent\u003d\"20700\" linespacing\u003d\"680\"\u003e \u003cline b\u003d\"161\" baseline\u003d\"161\" l\u003d\"308\" r\u003d\"430\" style\u003d\"transform: translate(0px, 1px); position: absolute;\" t\u003d\"152\"\u003e \u003cformatting lang\u003d\"EnglishUnitedStates\"\u003e - Invoice \u003c/formatting\u003e  \u003c/line\u003e  \u003c/par\u003e  \u003cpar align\u003d\"Justified\" leftindent\u003d\"20700\" linespacing\u003d\"900\"\u003e \u003cline b\u003d\"184\" baseline\u003d\"182\" l\u003d\"310\" r\u003d\"342\" style\u003d\"transform: translate(4px, 31px); position: absolute;\" t\u003d\"174\"\u003e \u003cformatting lang\u003d\"EnglishUnitedStates\"\u003e Ship To \u003c/formatting\u003e  \u003c/line\u003e  \u003c/par\u003e  \u003cpar align\u003d\"Justified\" leftindent\u003d\"20700\" linespacing\u003d\"900\"\u003e \u003cline b\u003d\"195\" baseline\u003d\"195\" l\u003d\"310\" r\u003d\"333\" style\u003d\"transform: translate(4px, 49px); position: absolute;\" t\u003d\"187\"\u003e \u003cformatting lang\u003d\"EnglishUnitedStates\"\u003e John \u003c/formatting\u003e  \u003c/line\u003e  \u003c/par\u003e  \u003cpar leftindent\u003d\"20700\" linespacing\u003d\"900\" rightindent\u003d\"13800\"\u003e \u003cline b\u003d\"210\" baseline\u003d\"208\" l\u003d\"310\" r\u003d\"359\" style\u003d\"transform: translate(4px, 68px); position: absolute;\" t\u003d\"201\"\u003e \u003cformatting lang\u003d\"EnglishUnitedStates\"\u003e Synex Inc \u003c/formatting\u003e  \u003c/line\u003e  \u003cline b\u003d\"220\" baseline\u003d\"220\" l\u003d\"311\" r\u003d\"394\" style\u003d\"transform: translate(7px, 84px); position: absolute;\" t\u003d\"213\"\u003e \u003cformatting lang\u003d\"EnglishUnitedStates\"\u003e 128 AA Juanita Ave \u003c/formatting\u003e  \u003c/line\u003e  \u003cline b\u003d\"233\" baseline\u003d\"233\" l\u003d\"310\" r\u003d\"348\" style\u003d\"transform: translate(4px, 100px); position: absolute;\" t\u003d\"225\"\u003e \u003cformatting lang\u003d\"EnglishUnitedStates\"\u003e Glendora \u003c/formatting\u003e  \u003c/line\u003e  \u003cline b\u003d\"246\" baseline\u003d\"246\" l\u003d\"310\" r\u003d\"366\" style\u003d\"transform: translate(4px, 119px); position: absolute;\" t\u003d\"239\"\u003e \u003cformatting lang\u003d\"EnglishUnitedStates\"\u003e CA 91740 US \u003c/formatting\u003e  \u003c/line\u003e  \u003c/par\u003e  \u003c/text\u003e  \u003c/block\u003e  \u003cblock b\u003d\"275\" blockname\u003d\"\" blocktype\u003d\"Text\" l\u003d\"34\" r\u003d\"453\" style\u003d\"transform: translate(76px, 356px); position: absolute; width: 940.543px; height: 16.25px;\" t\u003d\"263\"\u003e \u003cregion\u003e \u003crect b\u003d\"275\" l\u003d\"34\" r\u003d\"453\" t\u003d\"263\"\u003e\u003c/rect\u003e  \u003c/region\u003e  \u003ctext\u003e \u003cpar align\u003d\"Justified\" linespacing\u003d\"600\"\u003e \u003cline b\u003d\"272\" baseline\u003d\"272\" l\u003d\"35\" r\u003d\"451\" style\u003d\"transform: translate(2px, 1px); position: absolute;\" t\u003d\"264\"\u003e \u003cformatting lang\u003d\"EnglishUnitedStates\"\u003e Fbone: Fax: Fbone: Fa\u0026lt;: \u003c/formatting\u003e  \u003c/line\u003e  \u003c/par\u003e  \u003c/text\u003e  \u003c/block\u003e  \u003cregion xmlns\u003d\"http://ocr.crowdcomputingsystems.com/xml/schema-v1.xml\"\u003e \u003crect b\u003d\"601\" l\u003d\"34\" r\u003d\"580\" t\u003d\"283\"\u003e\u003c/rect\u003e  \u003c/region\u003e \u003ctable b\u003d\"601\" blockname\u003d\"\" blocktype\u003d\"Table\" l\u003d\"34\" r\u003d\"580\" style\u003d\"transform: translate(76px, 383px); position: absolute; user-select: auto;\" t\u003d\"283\" xmlns\u003d\"\"\u003e \u003ctbody\u003e\u003ctr\u003e \u003ctd colspan\u003d\"2\" h\u003d\"18\" w\u003d\"76\"\u003e \u003ctext xmlns\u003d\"http://ocr.crowdcomputingsystems.com/xml/schema-v1.xml\"\u003e \u003cpar linespacing\u003d\"530\"\u003e \u003cline b\u003d\"296\" baseline\u003d\"296\" l\u003d\"36\" r\u003d\"56\" t\u003d\"289\"\u003e \u003cformatting lang\u003d\"EnglishUnitedStates\"\u003e Date \u003c/formatting\u003e  \u003c/line\u003e  \u003c/par\u003e  \u003c/text\u003e  \u003c/td\u003e   \u003ctd h\u003d\"18\" w\u003d\"97\"\u003e \u003ctext xmlns\u003d\"http://ocr.crowdcomputingsystems.com/xml/schema-v1.xml\"\u003e \u003cpar linespacing\u003d\"530\"\u003e \u003cline b\u003d\"296\" baseline\u003d\"296\" l\u003d\"114\" r\u003d\"167\" t\u003d\"289\"\u003e \u003cformatting lang\u003d\"EnglishUnitedStates\"\u003e 19-0ct-2010 \u003c/formatting\u003e  \u003c/line\u003e  \u003c/par\u003e  \u003c/text\u003e  \u003c/td\u003e   \u003ctd h\u003d\"18\" w\u003d\"78\"\u003e \u003ctext xmlns\u003d\"http://ocr.crowdcomputingsystems.com/xml/schema-v1.xml\"\u003e \u003cpar linespacing\u003d\"600\"\u003e \u003cline b\u003d\"296\" baseline\u003d\"296\" l\u003d\"209\" r\u003d\"249\" t\u003d\"288\"\u003e \u003cformatting lang\u003d\"EnglishUnitedStates\"\u003e Order No \u003c/formatting\u003e  \u003c/line\u003e  \u003c/par\u003e  \u003c/text\u003e  \u003c/td\u003e   \u003ctd colspan\u003d\"2\" h\u003d\"18\" w\u003d\"105\"\u003e \u003ctext xmlns\u003d\"http://ocr.crowdcomputingsystems.com/xml/schema-v1.xml\"\u003e \u003cpar linespacing\u003d\"-1\"\u003e\u003c/par\u003e  \u003c/text\u003e  \u003c/td\u003e   \u003ctd colspan\u003d\"2\" h\u003d\"18\" w\u003d\"71\"\u003e \u003ctext xmlns\u003d\"http://ocr.crowdcomputingsystems.com/xml/schema-v1.xml\"\u003e \u003cpar linespacing\u003d\"600\"\u003e \u003cline b\u003d\"296\" baseline\u003d\"296\" l\u003d\"392\" r\u003d\"446\" t\u003d\"288\"\u003e \u003cformatting lang\u003d\"EnglishUnitedStates\"\u003e Sales Person \u003c/formatting\u003e  \u003c/line\u003e  \u003c/par\u003e  \u003c/text\u003e  \u003c/td\u003e   \u003ctd colspan\u003d\"2\" h\u003d\"18\" w\u003d\"119\"\u003e \u003ctext xmlns\u003d\"http://ocr.crowdcomputingsystems.com/xml/schema-v1.xml\"\u003e \u003cpar linespacing\u003d\"600\"\u003e \u003cline b\u003d\"296\" baseline\u003d\"296\" l\u003d\"463\" r\u003d\"531\" t\u003d\"288\"\u003e \u003cformatting lang\u003d\"EnglishUnitedStates\"\u003e Charles Wooten \u003c/formatting\u003e  \u003c/line\u003e  \u003c/par\u003e  \u003c/text\u003e  \u003c/td\u003e   \u003c/tr\u003e \n \u003ctr\u003e \u003ctd colspan\u003d\"2\" h\u003d\"18\" w\u003d\"76\"\u003e \u003ctext xmlns\u003d\"http://ocr.crowdcomputingsystems.com/xml/schema-v1.xml\"\u003e \u003cpar linespacing\u003d\"600\"\u003e \u003cline b\u003d\"315\" baseline\u003d\"313\" l\u003d\"36\" r\u003d\"96\" t\u003d\"305\"\u003e \u003cformatting lang\u003d\"EnglishUnitedStates\"\u003e Shipping Date \u003c/formatting\u003e  \u003c/line\u003e  \u003c/par\u003e  \u003c/text\u003e  \u003c/td\u003e   \u003ctd h\u003d\"18\" w\u003d\"97\"\u003e \u003ctext xmlns\u003d\"http://ocr.crowdcomputingsystems.com/xml/schema-v1.xml\"\u003e \u003cpar linespacing\u003d\"530\"\u003e \u003cline b\u003d\"314\" baseline\u003d\"314\" l\u003d\"114\" r\u003d\"167\" t\u003d\"307\"\u003e \u003cformatting lang\u003d\"EnglishUnitedStates\"\u003e \u003cinvoice_date begin\u003d\"813\" class\u003d\"extraction-tag ml-tag\" data-text\u003d\"19-0ct-2010\" data-value\u003d\"19-00t-2010\" end\u003d\"824\" estimated-accuracy\u003d\"0.9696969696969697\" ml-tagorder\u003d\"1\" score\u003d\"0.5524993323118917\" style\u003d\"border: 2px solid rgb(125, 157, 1);\" tagorder\u003d\"1\"\u003e19-0ct-2010\u003c/invoice_date\u003e \u003c/formatting\u003e  \u003c/line\u003e  \u003c/par\u003e  \u003c/text\u003e  \u003c/td\u003e   \u003ctd h\u003d\"18\" w\u003d\"78\"\u003e \u003ctext xmlns\u003d\"http://ocr.crowdcomputingsystems.com/xml/schema-v1.xml\"\u003e \u003cpar linespacing\u003d\"600\"\u003e \u003cline b\u003d\"315\" baseline\u003d\"313\" l\u003d\"209\" r\u003d\"276\" t\u003d\"305\"\u003e \u003cformatting lang\u003d\"EnglishUnitedStates\"\u003e Shipping Terms \u003c/formatting\u003e  \u003c/line\u003e  \u003c/par\u003e  \u003c/text\u003e  \u003c/td\u003e   \u003ctd colspan\u003d\"2\" h\u003d\"18\" w\u003d\"105\"\u003e \u003ctext xmlns\u003d\"http://ocr.crowdcomputingsystems.com/xml/schema-v1.xml\"\u003e \u003cpar linespacing\u003d\"-1\"\u003e\u003c/par\u003e  \u003c/text\u003e  \u003c/td\u003e   \u003ctd colspan\u003d\"2\" h\u003d\"18\" w\u003d\"71\"\u003e \u003ctext xmlns\u003d\"http://ocr.crowdcomputingsystems.com/xml/schema-v1.xml\"\u003e \u003cpar linespacing\u003d\"530\"\u003e \u003cline b\u003d\"313\" baseline\u003d\"313\" l\u003d\"392\" r\u003d\"419\" t\u003d\"306\"\u003e \u003cformatting lang\u003d\"EnglishUnitedStates\"\u003e Terms \u003c/formatting\u003e  \u003c/line\u003e  \u003c/par\u003e  \u003c/text\u003e  \u003c/td\u003e   \u003ctd colspan\u003d\"2\" h\u003d\"18\" w\u003d\"119\"\u003e \u003ctext xmlns\u003d\"http://ocr.crowdcomputingsystems.com/xml/schema-v1.xml\"\u003e \u003cpar linespacing\u003d\"530\"\u003e \u003cline b\u003d\"315\" baseline\u003d\"313\" l\u003d\"463\" r\u003d\"498\" t\u003d\"306\"\u003e \u003cformatting lang\u003d\"EnglishUnitedStates\"\u003e 30 Days \u003c/formatting\u003e  \u003c/line\u003e  \u003c/par\u003e  \u003c/text\u003e  \u003c/td\u003e   \u003c/tr\u003e \n \u003ctr\u003e \u003ctd h\u003d\"16\" w\u003d\"64\"\u003e \u003ctext xmlns\u003d\"http://ocr.crowdcomputingsystems.com/xml/schema-v1.xml\"\u003e \u003cpar linespacing\u003d\"530\"\u003e \u003cline b\u003d\"334\" baseline\u003d\"334\" l\u003d\"38\" r\u003d\"48\" t\u003d\"327\"\u003e \u003cformatting lang\u003d\"EnglishUnitedStates\"\u003e ID \u003c/formatting\u003e  \u003c/line\u003e  \u003c/par\u003e  \u003c/text\u003e  \u003c/td\u003e   \u003ctd colspan\u003d\"4\" h\u003d\"16\" w\u003d\"227\"\u003e \u003ctext xmlns\u003d\"http://ocr.crowdcomputingsystems.com/xml/schema-v1.xml\"\u003e \u003cpar linespacing\u003d\"600\"\u003e \u003cline b\u003d\"336\" baseline\u003d\"334\" l\u003d\"105\" r\u003d\"180\" t\u003d\"326\"\u003e \u003cformatting lang\u003d\"EnglishUnitedStates\"\u003e SKU / Description \u003c/formatting\u003e  \u003c/line\u003e  \u003c/par\u003e  \u003c/text\u003e  \u003c/td\u003e   \u003ctd colspan\u003d\"2\" h\u003d\"16\" w\u003d\"91\"\u003e \u003ctext xmlns\u003d\"http://ocr.crowdcomputingsystems.com/xml/schema-v1.xml\"\u003e \u003cpar align\u003d\"Center\" leftindent\u003d\"100\" linespacing\u003d\"530\"\u003e \u003cline b\u003d\"334\" baseline\u003d\"334\" l\u003d\"350\" r\u003d\"391\" t\u003d\"327\"\u003e \u003cformatting lang\u003d\"EnglishUnitedStates\"\u003e Unit Price \u003c/formatting\u003e  \u003c/line\u003e  \u003c/par\u003e  \u003c/text\u003e  \u003c/td\u003e   \u003ctd colspan\u003d\"2\" h\u003d\"16\" w\u003d\"72\"\u003e \u003ctext xmlns\u003d\"http://ocr.crowdcomputingsystems.com/xml/schema-v1.xml\"\u003e \u003cpar align\u003d\"Center\" leftindent\u003d\"200\" linespacing\u003d\"530\"\u003e \u003cline b\u003d\"336\" baseline\u003d\"334\" l\u003d\"443\" r\u003d\"458\" t\u003d\"327\"\u003e \u003cformatting lang\u003d\"EnglishUnitedStates\"\u003e Qty \u003c/formatting\u003e  \u003c/line\u003e  \u003c/par\u003e  \u003c/text\u003e  \u003c/td\u003e   \u003ctd h\u003d\"16\" w\u003d\"92\"\u003e \u003ctext xmlns\u003d\"http://ocr.crowdcomputingsystems.com/xml/schema-v1.xml\"\u003e \u003cpar leftindent\u003d\"1900\" linespacing\u003d\"530\"\u003e \u003cline b\u003d\"334\" baseline\u003d\"334\" l\u003d\"515\" r\u003d\"549\" t\u003d\"327\"\u003e \u003cformatting lang\u003d\"EnglishUnitedStates\"\u003e Amount \u003c/formatting\u003e  \u003c/line\u003e  \u003c/par\u003e  \u003c/text\u003e  \u003c/td\u003e   \u003c/tr\u003e \n \u003ctr\u003e \u003ctd h\u003d\"260\" w\u003d\"64\"\u003e \u003ctext xmlns\u003d\"http://ocr.crowdcomputingsystems.com/xml/schema-v1.xml\"\u003e \u003cpar linespacing\u003d\"2175\"\u003e \u003cline b\u003d\"358\" baseline\u003d\"358\" l\u003d\"38\" r\u003d\"87\" t\u003d\"351\"\u003e \u003cformatting lang\u003d\"EnglishUnitedStates\"\u003e \u003cproduct begin\u003d\"1058\" class\u003d\"extraction-tag ml-tag\" data-text\u003d\"PS.V860.05\" data-value\u003d\"PS.V860.05\" end\u003d\"1068\" estimated-accuracy\u003d\"0.8231046931407943\" ml-tagorder\u003d\"2\" score\u003d\"0.48320100062901733\" style\u003d\"border: 2px solid rgb(125, 157, 1);\" tagorder\u003d\"2\"\u003ePS.V860.05\u003c/product\u003e \u003c/formatting\u003e  \u003c/line\u003e  \u003c/par\u003e  \u003cpar linespacing\u003d\"2175\"\u003e \u003cline b\u003d\"388\" baseline\u003d\"388\" l\u003d\"38\" r\u003d\"88\" t\u003d\"381\"\u003e \u003cformatting lang\u003d\"EnglishUnitedStates\"\u003e PS.V880.37 \u003c/formatting\u003e  \u003c/line\u003e  \u003c/par\u003e  \u003cpar linespacing\u003d\"2175\"\u003e \u003cline b\u003d\"417\" baseline\u003d\"417\" l\u003d\"38\" r\u003d\"87\" t\u003d\"410\"\u003e \u003cformatting lang\u003d\"EnglishUnitedStates\"\u003e LC.V890.02 \u003c/formatting\u003e  \u003c/line\u003e  \u003c/par\u003e  \u003cpar linespacing\u003d\"530\"\u003e \u003cline b\u003d\"441\" baseline\u003d\"439\" l\u003d\"38\" r\u003d\"89\" t\u003d\"432\"\u003e \u003cformatting lang\u003d\"EnglishUnitedStates\"\u003e HP.Q754.71 \u003c/formatting\u003e  \u003c/line\u003e  \u003c/par\u003e  \u003c/text\u003e  \u003c/td\u003e   \u003ctd colspan\u003d\"4\" h\u003d\"260\" w\u003d\"227\"\u003e \u003ctext xmlns\u003d\"http://ocr.crowdcomputingsystems.com/xml/schema-v1.xml\"\u003e \u003cpar linespacing\u003d\"530\"\u003e \u003cline b\u003d\"387\" baseline\u003d\"387\" l\u003d\"105\" r\u003d\"159\" t\u003d\"380\"\u003ePDC-E53O0 -\u003c/line\u003e  \u003c/par\u003e  \u003cpar linespacing\u003d\"600\"\u003e \u003cline b\u003d\"401\" baseline\u003d\"399\" l\u003d\"105\" r\u003d\"272\" t\u003d\"391\"\u003e2.6GHz/ 1GB/320GB/ SM P- DVD/FDO/VB\u003c/line\u003e  \u003c/par\u003e  \u003cpar linespacing\u003d\"600\"\u003e \u003cline b\u003d\"417\" baseline\u003d\"417\" l\u003d\"105\" r\u003d\"171\" t\u003d\"409\"\u003eLG 18.5\u0026quot; WLCD\u003c/line\u003e  \u003c/par\u003e  \u003cpar linespacing\u003d\"530\"\u003e \u003cline b\u003d\"439\" baseline\u003d\"439\" l\u003d\"105\" r\u003d\"179\" t\u003d\"432\"\u003eHP LaserJet 5200\u003c/line\u003e  \u003c/par\u003e  \u003c/text\u003e  \u003c/td\u003e   \u003ctd colspan\u003d\"2\" h\u003d\"260\" w\u003d\"91\"\u003e \u003ctext xmlns\u003d\"http://ocr.crowdcomputingsystems.com/xml/schema-v1.xml\"\u003e \u003cpar leftindent\u003d\"2200\" linespacing\u003d\"2175\"\u003e \u003cline b\u003d\"358\" baseline\u003d\"358\" l\u003d\"355\" r\u003d\"384\" t\u003d\"351\"\u003e\u003cprice begin\u003d\"1245\" class\u003d\"extraction-tag ml-tag\" data-text\u003d\"580.00\" data-value\u003d\"580.00\" end\u003d\"1251\" estimated-accuracy\u003d\"0.962577988672434\" ml-tagorder\u003d\"3\" score\u003d\"0.6861183304692018\" style\u003d\"border: 2px solid rgb(125, 157, 1);\" tagorder\u003d\"3\"\u003e580.00\u003c/price\u003e\u003c/line\u003e  \u003c/par\u003e  \u003cpar leftindent\u003d\"2200\" linespacing\u003d\"2175\"\u003e \u003cline b\u003d\"387\" baseline\u003d\"387\" l\u003d\"355\" r\u003d\"384\" t\u003d\"380\"\u003e\u003cprice begin\u003d\"1256\" class\u003d\"extraction-tag ml-tag\" data-text\u003d\"645.00\" data-value\u003d\"645.00\" end\u003d\"1262\" estimated-accuracy\u003d\"0.9075044280781562\" ml-tagorder\u003d\"4\" score\u003d\"0.5302491394702222\" style\u003d\"border: 2px solid rgb(125, 157, 1);\" tagorder\u003d\"4\"\u003e645.00\u003c/price\u003e\u003c/line\u003e  \u003c/par\u003e  \u003cpar leftindent\u003d\"2200\" linespacing\u003d\"2175\"\u003e \u003cline b\u003d\"416\" baseline\u003d\"416\" l\u003d\"355\" r\u003d\"384\" t\u003d\"409\"\u003e\u003cprice begin\u003d\"1267\" class\u003d\"extraction-tag ml-tag\" data-text\u003d\"230.00\" data-value\u003d\"230.00\" end\u003d\"1273\" estimated-accuracy\u003d\"0.890625\" ml-tagorder\u003d\"5\" score\u003d\"0.4594940388101541\" style\u003d\"border: 2px solid rgb(125, 157, 1);\" tagorder\u003d\"5\"\u003e230.00\u003c/price\u003e\u003c/line\u003e  \u003c/par\u003e  \u003cpar leftindent\u003d\"2200\" linespacing\u003d\"530\"\u003e \u003cline b\u003d\"439\" baseline\u003d\"438\" l\u003d\"352\" r\u003d\"389\" t\u003d\"431\"\u003e1.100.00\u003c/line\u003e  \u003c/par\u003e  \u003c/text\u003e  \u003c/td\u003e   \u003ctd colspan\u003d\"2\" h\u003d\"260\" w\u003d\"72\"\u003e \u003ctext xmlns\u003d\"http://ocr.crowdcomputingsystems.com/xml/schema-v1.xml\"\u003e \u003cpar leftindent\u003d\"1200\" linespacing\u003d\"2175\"\u003e \u003cline b\u003d\"358\" baseline\u003d\"358\" l\u003d\"431\" r\u003d\"450\" t\u003d\"351\"\u003e\u003cquantity begin\u003d\"1298\" class\u003d\"extraction-tag ml-tag\" data-text\u003d\"6.00\" data-value\u003d\"6.00\" end\u003d\"1302\" estimated-accuracy\u003d\"0.9335664335664335\" ml-tagorder\u003d\"6\" score\u003d\"0.496315762921881\" style\u003d\"border: 2px solid rgb(125, 157, 1);\" tagorder\u003d\"6\"\u003e6.00\u003c/quantity\u003e\u003c/line\u003e  \u003c/par\u003e  \u003cpar leftindent\u003d\"1200\" linespacing\u003d\"2175\"\u003e \u003cline b\u003d\"387\" baseline\u003d\"387\" l\u003d\"431\" r\u003d\"450\" t\u003d\"380\"\u003e\u003cquantity begin\u003d\"1307\" class\u003d\"extraction-tag ml-tag\" data-text\u003d\"4.00\" data-value\u003d\"4.00\" end\u003d\"1311\" estimated-accuracy\u003d\"0.9335664335664335\" ml-tagorder\u003d\"7\" score\u003d\"0.469477951180033\" style\u003d\"border: 2px solid rgb(125, 157, 1);\" tagorder\u003d\"7\"\u003e\u003cprice begin\u003d\"1307\" class\u003d\"extraction-tag ml-tag\" data-text\u003d\"4.00\" data-value\u003d\"4.00\" end\u003d\"1311\" estimated-accuracy\u003d\"0.9081967213114754\" ml-tagorder\u003d\"8\" score\u003d\"0.5397377349881818\" style\u003d\"border: 2px solid rgb(125, 157, 1);\" tagorder\u003d\"8\"\u003e4.00\u003c/price\u003e\u003c/quantity\u003e\u003c/line\u003e  \u003c/par\u003e  \u003cpar leftindent\u003d\"800\" linespacing\u003d\"2175\"\u003e \u003cline b\u003d\"416\" baseline\u003d\"416\" l\u003d\"426\" r\u003d\"450\" t\u003d\"409\"\u003e10.00\u003c/line\u003e  \u003c/par\u003e  \u003cpar leftindent\u003d\"1200\" linespacing\u003d\"530\"\u003e \u003cline b\u003d\"438\" baseline\u003d\"438\" l\u003d\"432\" r\u003d\"450\" t\u003d\"431\"\u003e\u003cquantity begin\u003d\"1326\" class\u003d\"extraction-tag ml-tag\" data-text\u003d\"1.00\" data-value\u003d\"1.00\" end\u003d\"1330\" estimated-accuracy\u003d\"0.966789667896679\" ml-tagorder\u003d\"9\" score\u003d\"0.5473544580121424\" style\u003d\"border: 2px solid rgb(125, 157, 1);\" tagorder\u003d\"9\"\u003e1.00\u003c/quantity\u003e\u003c/line\u003e  \u003c/par\u003e  \u003c/text\u003e  \u003c/td\u003e   \u003ctd h\u003d\"260\" w\u003d\"92\"\u003e \u003ctext xmlns\u003d\"http://ocr.crowdcomputingsystems.com/xml/schema-v1.xml\"\u003e \u003cpar leftindent\u003d\"1900\" linespacing\u003d\"2175\"\u003e \u003cline b\u003d\"359\" baseline\u003d\"358\" l\u003d\"513\" r\u003d\"551\" t\u003d\"351\"\u003e \u003cformatting lang\u003d\"EnglishUnitedStates\"\u003e 3.480.00 \u003c/formatting\u003e  \u003c/line\u003e  \u003c/par\u003e  \u003cpar leftindent\u003d\"1900\" linespacing\u003d\"2175\"\u003e \u003cline b\u003d\"388\" baseline\u003d\"387\" l\u003d\"513\" r\u003d\"551\" t\u003d\"380\"\u003e \u003cformatting lang\u003d\"EnglishUnitedStates\"\u003e 2.580.00 \u003c/formatting\u003e  \u003c/line\u003e  \u003c/par\u003e  \u003cpar leftindent\u003d\"1900\" linespacing\u003d\"2175\"\u003e \u003cline b\u003d\"417\" baseline\u003d\"416\" l\u003d\"513\" r\u003d\"551\" t\u003d\"409\"\u003e \u003cformatting lang\u003d\"EnglishUnitedStates\"\u003e 2.300.00 \u003c/formatting\u003e  \u003c/line\u003e  \u003c/par\u003e  \u003cpar leftindent\u003d\"1900\" linespacing\u003d\"530\"\u003e \u003cline b\u003d\"439\" baseline\u003d\"438\" l\u003d\"514\" r\u003d\"551\" t\u003d\"431\"\u003e \u003cformatting lang\u003d\"EnglishUnitedStates\"\u003e 1.100.00 \u003c/formatting\u003e  \u003c/line\u003e  \u003c/par\u003e  \u003c/text\u003e  \u003c/td\u003e   \u003c/tr\u003e \n \u003c/tbody\u003e\u003c/table\u003e\n \u003cregion xmlns\u003d\"http://ocr.crowdcomputingsystems.com/xml/schema-v1.xml\"\u003e \u003crect b\u003d\"636\" l\u003d\"37\" r\u003d\"578\" t\u003d\"609\"\u003e\u003c/rect\u003e  \u003c/region\u003e \u003ctable b\u003d\"636\" blockname\u003d\"\" blocktype\u003d\"Table\" l\u003d\"37\" r\u003d\"578\" style\u003d\"transform: translate(83px, 825px); position: absolute; user-select: auto;\" t\u003d\"609\" xmlns\u003d\"\"\u003e \u003ctbody\u003e\u003ctr\u003e \u003ctd bottomborder\u003d\"White\" h\u003d\"12\" leftborder\u003d\"White\" rightborder\u003d\"White\" topborder\u003d\"White\" w\u003d\"246\"\u003e \u003ctext xmlns\u003d\"http://ocr.crowdcomputingsystems.com/xml/schema-v1.xml\"\u003e \u003cpar linespacing\u003d\"530\"\u003e \u003cline b\u003d\"618\" baseline\u003d\"618\" l\u003d\"38\" r\u003d\"61\" t\u003d\"611\"\u003e \u003cformatting lang\u003d\"EnglishUnitedStates\"\u003e Note: \u003c/formatting\u003e  \u003c/line\u003e  \u003c/par\u003e  \u003c/text\u003e  \u003c/td\u003e   \u003ctd bottomborder\u003d\"White\" h\u003d\"12\" leftborder\u003d\"White\" rightborder\u003d\"White\" topborder\u003d\"White\" w\u003d\"218\"\u003e \u003ctext xmlns\u003d\"http://ocr.crowdcomputingsystems.com/xml/schema-v1.xml\"\u003e \u003cpar align\u003d\"Right\" linespacing\u003d\"600\" rightindent\u003d\"2900\"\u003e \u003cline b\u003d\"618\" baseline\u003d\"618\" l\u003d\"420\" r\u003d\"463\" t\u003d\"610\"\u003e \u003cformatting lang\u003d\"EnglishUnitedStates\"\u003e Sub Total: \u003c/formatting\u003e  \u003c/line\u003e  \u003c/par\u003e  \u003c/text\u003e  \u003c/td\u003e   \u003ctd bottomborder\u003d\"White\" h\u003d\"12\" leftborder\u003d\"White\" rightborder\u003d\"White\" topborder\u003d\"White\" w\u003d\"77\"\u003e \u003ctext xmlns\u003d\"http://ocr.crowdcomputingsystems.com/xml/schema-v1.xml\"\u003e \u003cpar align\u003d\"Right\" linespacing\u003d\"530\"\u003e \u003cline b\u003d\"619\" baseline\u003d\"618\" l\u003d\"537\" r\u003d\"575\" t\u003d\"611\"\u003e \u003cformatting lang\u003d\"EnglishUnitedStates\"\u003e 9,460.00 \u003c/formatting\u003e  \u003c/line\u003e  \u003c/par\u003e  \u003c/text\u003e  \u003c/td\u003e   \u003c/tr\u003e \n \u003ctr\u003e \u003ctd bottomborder\u003d\"White\" h\u003d\"15\" leftborder\u003d\"White\" rightborder\u003d\"White\" topborder\u003d\"White\" w\u003d\"246\"\u003e \u003ctext xmlns\u003d\"http://ocr.crowdcomputingsystems.com/xml/schema-v1.xml\"\u003e \u003cpar linespacing\u003d\"600\"\u003e \u003cline b\u003d\"633\" baseline\u003d\"631\" l\u003d\"38\" r\u003d\"146\" t\u003d\"623\"\u003e \u003cformatting lang\u003d\"EnglishUnitedStates\"\u003e Thanks for you businessl \u003c/formatting\u003e  \u003c/line\u003e  \u003c/par\u003e  \u003c/text\u003e  \u003c/td\u003e   \u003ctd bottomborder\u003d\"White\" h\u003d\"15\" leftborder\u003d\"White\" rightborder\u003d\"White\" topborder\u003d\"White\" w\u003d\"218\"\u003e \u003ctext xmlns\u003d\"http://ocr.crowdcomputingsystems.com/xml/schema-v1.xml\"\u003e \u003cpar align\u003d\"Right\" linespacing\u003d\"530\" rightindent\u003d\"2900\"\u003e \u003cline b\u003d\"631\" baseline\u003d\"631\" l\u003d\"424\" r\u003d\"463\" t\u003d\"624\"\u003e \u003cformatting lang\u003d\"EnglishUnitedStates\"\u003e Discount \u003c/formatting\u003e  \u003c/line\u003e  \u003c/par\u003e  \u003c/text\u003e  \u003c/td\u003e   \u003ctd bottomborder\u003d\"White\" h\u003d\"15\" leftborder\u003d\"White\" rightborder\u003d\"White\" topborder\u003d\"White\" w\u003d\"77\"\u003e \u003ctext xmlns\u003d\"http://ocr.crowdcomputingsystems.com/xml/schema-v1.xml\"\u003e \u003cpar align\u003d\"Right\" linespacing\u003d\"530\"\u003e \u003cline b\u003d\"632\" baseline\u003d\"632\" l\u003d\"556\" r\u003d\"575\" t\u003d\"625\"\u003e \u003cformatting lang\u003d\"EnglishUnitedStates\"\u003e 0.00 \u003c/formatting\u003e  \u003c/line\u003e  \u003c/par\u003e  \u003c/text\u003e  \u003c/td\u003e   \u003c/tr\u003e \n \u003c/tbody\u003e\u003c/table\u003e\n \u003cregion xmlns\u003d\"http://ocr.crowdcomputingsystems.com/xml/schema-v1.xml\"\u003e \u003crect b\u003d\"731\" l\u003d\"388\" r\u003d\"580\" t\u003d\"636\"\u003e\u003c/rect\u003e  \u003c/region\u003e \u003ctable b\u003d\"731\" blockname\u003d\"\" blocktype\u003d\"Table\" l\u003d\"388\" r\u003d\"580\" style\u003d\"transform: translate(871px, 861px); position: absolute; user-select: auto;\" t\u003d\"636\" xmlns\u003d\"\"\u003e \u003ctbody\u003e\u003ctr\u003e \u003ctd bottomborder\u003d\"White\" h\u003d\"13\" leftborder\u003d\"White\" rightborder\u003d\"White\" topborder\u003d\"White\" w\u003d\"111\"\u003e \u003ctext xmlns\u003d\"http://ocr.crowdcomputingsystems.com/xml/schema-v1.xml\"\u003e \u003cpar leftindent\u003d\"4400\" linespacing\u003d\"530\"\u003e \u003cline b\u003d\"644\" baseline\u003d\"644\" l\u003d\"447\" r\u003d\"465\" t\u003d\"637\"\u003e \u003cformatting lang\u003d\"EnglishUnitedStates\"\u003e GST \u003c/formatting\u003e  \u003c/line\u003e  \u003c/par\u003e  \u003c/text\u003e  \u003c/td\u003e   \u003ctd bottomborder\u003d\"White\" h\u003d\"13\" leftborder\u003d\"White\" rightborder\u003d\"White\" topborder\u003d\"White\" w\u003d\"81\"\u003e \u003ctext xmlns\u003d\"http://ocr.crowdcomputingsystems.com/xml/schema-v1.xml\"\u003e \u003cpar align\u003d\"Right\" linespacing\u003d\"530\"\u003e \u003cline b\u003d\"645\" baseline\u003d\"645\" l\u003d\"545\" r\u003d\"575\" t\u003d\"638\"\u003e \u003cformatting lang\u003d\"EnglishUnitedStates\"\u003e 473.00 \u003c/formatting\u003e  \u003c/line\u003e  \u003c/par\u003e  \u003c/text\u003e  \u003c/td\u003e   \u003c/tr\u003e \n \u003ctr\u003e \u003ctd bottomborder\u003d\"White\" h\u003d\"13\" leftborder\u003d\"White\" rightborder\u003d\"White\" topborder\u003d\"White\" w\u003d\"111\"\u003e \u003ctext xmlns\u003d\"http://ocr.crowdcomputingsystems.com/xml/schema-v1.xml\"\u003e \u003cpar leftindent\u003d\"900\" linespacing\u003d\"-1\"\u003e\u003c/par\u003e  \u003c/text\u003e  \u003c/td\u003e   \u003ctd bottomborder\u003d\"White\" h\u003d\"13\" leftborder\u003d\"White\" rightborder\u003d\"White\" topborder\u003d\"White\" w\u003d\"81\"\u003e \u003ctext xmlns\u003d\"http://ocr.crowdcomputingsystems.com/xml/schema-v1.xml\"\u003e \u003cpar align\u003d\"Right\" linespacing\u003d\"530\"\u003e \u003cline b\u003d\"658\" baseline\u003d\"658\" l\u003d\"556\" r\u003d\"575\" t\u003d\"651\"\u003e \u003cformatting lang\u003d\"EnglishUnitedStates\"\u003e 0.00 \u003c/formatting\u003e  \u003c/line\u003e  \u003c/par\u003e  \u003c/text\u003e  \u003c/td\u003e   \u003c/tr\u003e \n \u003ctr\u003e \u003ctd bottomborder\u003d\"White\" h\u003d\"12\" leftborder\u003d\"White\" rightborder\u003d\"White\" topborder\u003d\"White\" w\u003d\"111\"\u003e \u003ctext xmlns\u003d\"http://ocr.crowdcomputingsystems.com/xml/schema-v1.xml\"\u003e \u003cpar leftindent\u003d\"900\" linespacing\u003d\"-1\"\u003e\u003c/par\u003e  \u003c/text\u003e  \u003c/td\u003e   \u003ctd bottomborder\u003d\"White\" h\u003d\"12\" leftborder\u003d\"White\" rightborder\u003d\"White\" topborder\u003d\"White\" w\u003d\"81\"\u003e \u003ctext xmlns\u003d\"http://ocr.crowdcomputingsystems.com/xml/schema-v1.xml\"\u003e \u003cpar align\u003d\"Right\" linespacing\u003d\"530\"\u003e \u003cline b\u003d\"671\" baseline\u003d\"671\" l\u003d\"556\" r\u003d\"575\" t\u003d\"664\"\u003e \u003cformatting lang\u003d\"EnglishUnitedStates\"\u003e 0.00 \u003c/formatting\u003e  \u003c/line\u003e  \u003c/par\u003e  \u003c/text\u003e  \u003c/td\u003e   \u003c/tr\u003e \n \u003ctr\u003e \u003ctd h\u003d\"15\" leftborder\u003d\"White\" rightborder\u003d\"White\" topborder\u003d\"White\" w\u003d\"111\"\u003e \u003ctext xmlns\u003d\"http://ocr.crowdcomputingsystems.com/xml/schema-v1.xml\"\u003e \u003cpar align\u003d\"Center\" linespacing\u003d\"600\" rightindent\u003d\"200\"\u003e \u003cline b\u003d\"685\" baseline\u003d\"683\" l\u003d\"424\" r\u003d\"463\" t\u003d\"675\"\u003e \u003cformatting lang\u003d\"EnglishUnitedStates\"\u003e Shipping: \u003c/formatting\u003e  \u003c/line\u003e  \u003c/par\u003e  \u003c/text\u003e  \u003c/td\u003e   \u003ctd h\u003d\"15\" leftborder\u003d\"White\" rightborder\u003d\"White\" topborder\u003d\"White\" w\u003d\"81\"\u003e \u003ctext xmlns\u003d\"http://ocr.crowdcomputingsystems.com/xml/schema-v1.xml\"\u003e \u003cpar align\u003d\"Right\" linespacing\u003d\"530\"\u003e \u003cline b\u003d\"684\" baseline\u003d\"684\" l\u003d\"556\" r\u003d\"575\" t\u003d\"677\"\u003e \u003cformatting lang\u003d\"EnglishUnitedStates\"\u003e 0.00 \u003c/formatting\u003e  \u003c/line\u003e  \u003c/par\u003e  \u003c/text\u003e  \u003c/td\u003e   \u003c/tr\u003e \n \u003ctr\u003e \u003ctd bottomborder\u003d\"White\" h\u003d\"15\" leftborder\u003d\"White\" rightborder\u003d\"White\" w\u003d\"111\"\u003e \u003ctext xmlns\u003d\"http://ocr.crowdcomputingsystems.com/xml/schema-v1.xml\"\u003e \u003cpar align\u003d\"Center\" linespacing\u003d\"600\" rightindent\u003d\"900\"\u003e \u003cline b\u003d\"700\" baseline\u003d\"700\" l\u003d\"436\" r\u003d\"463\" t\u003d\"692\"\u003e \u003cformatting lang\u003d\"EnglishUnitedStates\"\u003e Total: \u003c/formatting\u003e  \u003c/line\u003e  \u003c/par\u003e  \u003c/text\u003e  \u003c/td\u003e   \u003ctd bottomborder\u003d\"White\" h\u003d\"15\" leftborder\u003d\"White\" rightborder\u003d\"White\" w\u003d\"81\"\u003e \u003ctext xmlns\u003d\"http://ocr.crowdcomputingsystems.com/xml/schema-v1.xml\"\u003e \u003cpar align\u003d\"Right\" linespacing\u003d\"530\"\u003e \u003cline b\u003d\"703\" baseline\u003d\"701\" l\u003d\"532\" r\u003d\"575\" t\u003d\"694\"\u003e \u003cformatting lang\u003d\"EnglishUnitedStates\"\u003e \u003ctotal_amount begin\u003d\"1799\" class\u003d\"extraction-tag ml-tag\" data-text\u003d\"9,933.00\" data-value\u003d\"9933.00\" end\u003d\"1807\" estimated-accuracy\u003d\"0.9272727272727272\" ml-tagorder\u003d\"10\" score\u003d\"0.5566118794923723\" style\u003d\"border: 2px solid rgb(125, 157, 1);\" tagorder\u003d\"10\"\u003e9,933.00\u003c/total_amount\u003e \u003c/formatting\u003e  \u003c/line\u003e  \u003c/par\u003e  \u003c/text\u003e  \u003c/td\u003e   \u003c/tr\u003e \n \u003ctr\u003e \u003ctd bottomborder\u003d\"White\" h\u003d\"14\" leftborder\u003d\"White\" rightborder\u003d\"White\" topborder\u003d\"White\" w\u003d\"111\"\u003e \u003ctext xmlns\u003d\"http://ocr.crowdcomputingsystems.com/xml/schema-v1.xml\"\u003e \u003cpar align\u003d\"Center\" linespacing\u003d\"530\" rightindent\u003d\"200\"\u003e \u003cline b\u003d\"715\" baseline\u003d\"713\" l\u003d\"429\" r\u003d\"463\" t\u003d\"706\"\u003e \u003cformatting lang\u003d\"EnglishUnitedStates\"\u003e Deposit \u003c/formatting\u003e  \u003c/line\u003e  \u003c/par\u003e  \u003c/text\u003e  \u003c/td\u003e   \u003ctd bottomborder\u003d\"White\" h\u003d\"14\" leftborder\u003d\"White\" rightborder\u003d\"White\" topborder\u003d\"White\" w\u003d\"81\"\u003e \u003ctext xmlns\u003d\"http://ocr.crowdcomputingsystems.com/xml/schema-v1.xml\"\u003e \u003cpar align\u003d\"Right\" linespacing\u003d\"530\"\u003e \u003cline b\u003d\"714\" baseline\u003d\"714\" l\u003d\"556\" r\u003d\"575\" t\u003d\"707\"\u003e \u003cformatting lang\u003d\"EnglishUnitedStates\"\u003e 0.00 \u003c/formatting\u003e  \u003c/line\u003e  \u003c/par\u003e  \u003c/text\u003e  \u003c/td\u003e   \u003c/tr\u003e \n \u003ctr\u003e \u003ctd bottomborder\u003d\"White\" h\u003d\"13\" leftborder\u003d\"White\" rightborder\u003d\"White\" topborder\u003d\"White\" w\u003d\"111\"\u003e \u003ctext xmlns\u003d\"http://ocr.crowdcomputingsystems.com/xml/schema-v1.xml\"\u003e \u003cpar leftindent\u003d\"900\" linespacing\u003d\"530\"\u003e \u003cline b\u003d\"726\" baseline\u003d\"726\" l\u003d\"400\" r\u003d\"464\" t\u003d\"719\"\u003e \u003cformatting lang\u003d\"EnglishUnitedStates\"\u003e Amount Due: \u003c/formatting\u003e  \u003c/line\u003e  \u003c/par\u003e  \u003c/text\u003e  \u003c/td\u003e   \u003ctd bottomborder\u003d\"White\" h\u003d\"13\" leftborder\u003d\"White\" rightborder\u003d\"White\" topborder\u003d\"White\" w\u003d\"81\"\u003e \u003ctext xmlns\u003d\"http://ocr.crowdcomputingsystems.com/xml/schema-v1.xml\"\u003e \u003cpar align\u003d\"Right\" linespacing\u003d\"530\"\u003e \u003cline b\u003d\"728\" baseline\u003d\"726\" l\u003d\"532\" r\u003d\"575\" t\u003d\"719\"\u003e \u003cformatting lang\u003d\"EnglishUnitedStates\"\u003e 9,933.00 \u003c/formatting\u003e  \u003c/line\u003e  \u003c/par\u003e  \u003c/text\u003e  \u003c/td\u003e   \u003c/tr\u003e \n \u003c/tbody\u003e\u003c/table\u003e\n \u003cblock b\u003d\"754\" blockname\u003d\"\" blocktype\u003d\"Text\" l\u003d\"531\" r\u003d\"577\" style\u003d\"transform: translate(1192px, 1005px); position: absolute; width: 103.258px; height: 16.25px;\" t\u003d\"742\"\u003e \u003cregion\u003e \u003crect b\u003d\"754\" l\u003d\"531\" r\u003d\"577\" t\u003d\"742\"\u003e\u003c/rect\u003e  \u003c/region\u003e  \u003ctext\u003e \u003cpar linespacing\u003d\"450\"\u003e \u003cline b\u003d\"751\" baseline\u003d\"749\" l\u003d\"532\" r\u003d\"574\" style\u003d\"transform: translate(2px, 1px); position: absolute;\" t\u003d\"743\"\u003e \u003cformatting lang\u003d\"EnglishUnitedStates\"\u003e Page : 1 / 1 \u003c/formatting\u003e  \u003c/line\u003e  \u003c/par\u003e  \u003c/text\u003e  \u003c/block\u003e  \u003cblock b\u003d\"601\" blockname\u003d\"\" blocktype\u003d\"SeparatorsBox\" class\u003d\"hidden\" l\u003d\"33\" r\u003d\"581\" style\u003d\"transform: translate(74px, 383px); position: absolute;\" t\u003d\"283\"\u003e \u003cregion\u003e \u003crect b\u003d\"284\" l\u003d\"33\" r\u003d\"581\" t\u003d\"283\"\u003e\u003c/rect\u003e  \u003crect b\u003d\"599\" l\u003d\"34\" r\u003d\"580\" t\u003d\"284\"\u003e\u003c/rect\u003e  \u003crect b\u003d\"601\" l\u003d\"34\" r\u003d\"580\" t\u003d\"599\"\u003e\u003c/rect\u003e  \u003c/region\u003e  \u003cseparatorsbox\u003e \u003cseparator thickness\u003d\"1\" type\u003d\"Black\"\u003e \u003cstart x\u003d\"33\" y\u003d\"283\"\u003e\u003c/start\u003e \u003cend x\u003d\"581\" y\u003d\"283\"\u003e\u003c/end\u003e \u003c/separator\u003e \u003cseparator thickness\u003d\"2\" type\u003d\"Black\"\u003e \u003cstart x\u003d\"34\" y\u003d\"600\"\u003e\u003c/start\u003e \u003cend x\u003d\"580\" y\u003d\"600\"\u003e\u003c/end\u003e \u003c/separator\u003e \u003cseparator thickness\u003d\"1\" type\u003d\"Black\"\u003e \u003cstart x\u003d\"34\" y\u003d\"283\"\u003e\u003c/start\u003e \u003cend x\u003d\"34\" y\u003d\"601\"\u003e\u003c/end\u003e \u003c/separator\u003e \u003cseparator thickness\u003d\"1\" type\u003d\"Black\"\u003e \u003cstart x\u003d\"579\" y\u003d\"283\"\u003e\u003c/start\u003e \u003cend x\u003d\"579\" y\u003d\"601\"\u003e\u003c/end\u003e \u003c/separator\u003e \u003c/separatorsbox\u003e \u003c/block\u003e  \u003cblock b\u003d\"158\" blockname\u003d\"\" blocktype\u003d\"Separator\" class\u003d\"hidden\" l\u003d\"35\" r\u003d\"363\" style\u003d\"transform: translate(79px, 211px); position: absolute;\" t\u003d\"156\"\u003e \u003cregion\u003e \u003crect b\u003d\"158\" l\u003d\"35\" r\u003d\"363\" t\u003d\"156\"\u003e\u003c/rect\u003e  \u003c/region\u003e  \u003cseparator thickness\u003d\"2\" type\u003d\"Black\"\u003e \u003cstart x\u003d\"35\" y\u003d\"157\"\u003e\u003c/start\u003e \u003cend x\u003d\"363\" y\u003d\"157\"\u003e\u003c/end\u003e \u003c/separator\u003e \u003c/block\u003e  \u003cblock b\u003d\"158\" blockname\u003d\"\" blocktype\u003d\"Separator\" l\u003d\"458\" r\u003d\"579\" style\u003d\"transform: translate(1028px, 211px); position: absolute;\" t\u003d\"156\"\u003e \u003cregion\u003e \u003crect b\u003d\"158\" l\u003d\"458\" r\u003d\"579\" t\u003d\"156\"\u003e\u003c/rect\u003e  \u003c/region\u003e  \u003cseparator thickness\u003d\"2\" type\u003d\"Black\"\u003e \u003cstart x\u003d\"458\" y\u003d\"157\"\u003e\u003c/start\u003e \u003cend x\u003d\"579\" y\u003d\"157\"\u003e\u003c/end\u003e \u003c/separator\u003e \u003c/block\u003e  \u003cblock b\u003d\"302\" blockname\u003d\"\" blocktype\u003d\"Separator\" l\u003d\"33\" r\u003d\"581\" style\u003d\"transform: translate(74px, 408px); position: absolute;\" t\u003d\"301\"\u003e \u003cregion\u003e \u003crect b\u003d\"302\" l\u003d\"33\" r\u003d\"581\" t\u003d\"301\"\u003e\u003c/rect\u003e  \u003c/region\u003e  \u003cseparator thickness\u003d\"1\" type\u003d\"Black\"\u003e \u003cstart x\u003d\"33\" y\u003d\"301\"\u003e\u003c/start\u003e \u003cend x\u003d\"581\" y\u003d\"301\"\u003e\u003c/end\u003e \u003c/separator\u003e \u003c/block\u003e  \u003cblock b\u003d\"320\" blockname\u003d\"\" blocktype\u003d\"Separator\" l\u003d\"33\" r\u003d\"581\" style\u003d\"transform: translate(74px, 432px); position: absolute;\" t\u003d\"319\"\u003e \u003cregion\u003e \u003crect b\u003d\"320\" l\u003d\"33\" r\u003d\"581\" t\u003d\"319\"\u003e\u003c/rect\u003e  \u003c/region\u003e  \u003cseparator thickness\u003d\"1\" type\u003d\"Black\"\u003e \u003cstart x\u003d\"33\" y\u003d\"319\"\u003e\u003c/start\u003e \u003cend x\u003d\"581\" y\u003d\"319\"\u003e\u003c/end\u003e \u003c/separator\u003e \u003c/block\u003e  \u003cblock b\u003d\"326\" blockname\u003d\"\" blocktype\u003d\"Separator\" l\u003d\"34\" r\u003d\"580\" style\u003d\"transform: translate(76px, 439px); position: absolute;\" t\u003d\"324\"\u003e \u003cregion\u003e \u003crect b\u003d\"326\" l\u003d\"34\" r\u003d\"580\" t\u003d\"324\"\u003e\u003c/rect\u003e  \u003c/region\u003e  \u003cseparator thickness\u003d\"2\" type\u003d\"Black\"\u003e \u003cstart x\u003d\"34\" y\u003d\"325\"\u003e\u003c/start\u003e \u003cend x\u003d\"580\" y\u003d\"325\"\u003e\u003c/end\u003e \u003c/separator\u003e \u003c/block\u003e  \u003cblock b\u003d\"342\" blockname\u003d\"\" blocktype\u003d\"Separator\" l\u003d\"36\" r\u003d\"578\" style\u003d\"transform: translate(81px, 462px); position: absolute;\" t\u003d\"341\"\u003e \u003cregion\u003e \u003crect b\u003d\"342\" l\u003d\"36\" r\u003d\"578\" t\u003d\"341\"\u003e\u003c/rect\u003e  \u003c/region\u003e  \u003cseparator thickness\u003d\"1\" type\u003d\"Black\"\u003e \u003cstart x\u003d\"36\" y\u003d\"341\"\u003e\u003c/start\u003e \u003cend x\u003d\"578\" y\u003d\"341\"\u003e\u003c/end\u003e \u003c/separator\u003e \u003c/block\u003e  \u003cblock b\u003d\"690\" blockname\u003d\"\" blocktype\u003d\"Separator\" l\u003d\"390\" r\u003d\"578\" style\u003d\"transform: translate(875px, 933px); position: absolute;\" t\u003d\"689\"\u003e \u003cregion\u003e \u003crect b\u003d\"690\" l\u003d\"390\" r\u003d\"578\" t\u003d\"689\"\u003e\u003c/rect\u003e  \u003c/region\u003e  \u003cseparator thickness\u003d\"1\" type\u003d\"Black\"\u003e \u003cstart x\u003d\"390\" y\u003d\"689\"\u003e\u003c/start\u003e \u003cend x\u003d\"578\" y\u003d\"689\"\u003e\u003c/end\u003e \u003c/separator\u003e \u003c/block\u003e  \u003cblock b\u003d\"601\" blockname\u003d\"\" blocktype\u003d\"Separator\" l\u003d\"98\" r\u003d\"99\" style\u003d\"transform: translate(220px, 439px); position: absolute;\" t\u003d\"324\"\u003e \u003cregion\u003e \u003crect b\u003d\"601\" l\u003d\"98\" r\u003d\"99\" t\u003d\"324\"\u003e\u003c/rect\u003e  \u003c/region\u003e  \u003cseparator thickness\u003d\"1\" type\u003d\"Black\"\u003e \u003cstart x\u003d\"98\" y\u003d\"324\"\u003e\u003c/start\u003e \u003cend x\u003d\"98\" y\u003d\"601\"\u003e\u003c/end\u003e \u003c/separator\u003e \u003c/block\u003e  \u003cblock b\u003d\"320\" blockname\u003d\"\" blocktype\u003d\"Separator\" l\u003d\"110\" r\u003d\"111\" style\u003d\"transform: translate(247px, 383px); position: absolute;\" t\u003d\"283\"\u003e \u003cregion\u003e \u003crect b\u003d\"320\" l\u003d\"110\" r\u003d\"111\" t\u003d\"283\"\u003e\u003c/rect\u003e  \u003c/region\u003e  \u003cseparator thickness\u003d\"1\" type\u003d\"Black\"\u003e \u003cstart x\u003d\"110\" y\u003d\"283\"\u003e\u003c/start\u003e \u003cend x\u003d\"110\" y\u003d\"320\"\u003e\u003c/end\u003e \u003c/separator\u003e \u003c/block\u003e  \u003cblock b\u003d\"320\" blockname\u003d\"\" blocktype\u003d\"Separator\" l\u003d\"207\" r\u003d\"208\" style\u003d\"transform: translate(465px, 383px); position: absolute;\" t\u003d\"283\"\u003e \u003cregion\u003e \u003crect b\u003d\"320\" l\u003d\"207\" r\u003d\"208\" t\u003d\"283\"\u003e\u003c/rect\u003e  \u003c/region\u003e  \u003cseparator thickness\u003d\"1\" type\u003d\"Black\"\u003e \u003cstart x\u003d\"207\" y\u003d\"283\"\u003e\u003c/start\u003e \u003cend x\u003d\"207\" y\u003d\"320\"\u003e\u003c/end\u003e \u003c/separator\u003e \u003c/block\u003e  \u003cblock b\u003d\"320\" blockname\u003d\"\" blocktype\u003d\"Separator\" l\u003d\"285\" r\u003d\"286\" style\u003d\"transform: translate(640px, 383px); position: absolute;\" t\u003d\"283\"\u003e \u003cregion\u003e \u003crect b\u003d\"320\" l\u003d\"285\" r\u003d\"286\" t\u003d\"283\"\u003e\u003c/rect\u003e  \u003c/region\u003e  \u003cseparator thickness\u003d\"1\" type\u003d\"Black\"\u003e \u003cstart x\u003d\"285\" y\u003d\"283\"\u003e\u003c/start\u003e \u003cend x\u003d\"285\" y\u003d\"320\"\u003e\u003c/end\u003e \u003c/separator\u003e \u003c/block\u003e  \u003cblock b\u003d\"601\" blockname\u003d\"\" blocktype\u003d\"Separator\" l\u003d\"325\" r\u003d\"326\" style\u003d\"transform: translate(730px, 439px); position: absolute;\" t\u003d\"324\"\u003e \u003cregion\u003e \u003crect b\u003d\"601\" l\u003d\"325\" r\u003d\"326\" t\u003d\"324\"\u003e\u003c/rect\u003e  \u003c/region\u003e  \u003cseparator thickness\u003d\"1\" type\u003d\"Black\"\u003e \u003cstart x\u003d\"325\" y\u003d\"324\"\u003e\u003c/start\u003e \u003cend x\u003d\"325\" y\u003d\"601\"\u003e\u003c/end\u003e \u003c/separator\u003e \u003c/block\u003e  \u003cblock b\u003d\"320\" blockname\u003d\"\" blocktype\u003d\"Separator\" l\u003d\"390\" r\u003d\"391\" style\u003d\"transform: translate(875px, 383px); position: absolute;\" t\u003d\"283\"\u003e \u003cregion\u003e \u003crect b\u003d\"320\" l\u003d\"390\" r\u003d\"391\" t\u003d\"283\"\u003e\u003c/rect\u003e  \u003c/region\u003e  \u003cseparator thickness\u003d\"1\" type\u003d\"Black\"\u003e \u003cstart x\u003d\"390\" y\u003d\"283\"\u003e\u003c/start\u003e \u003cend x\u003d\"390\" y\u003d\"320\"\u003e\u003c/end\u003e \u003c/separator\u003e \u003c/block\u003e  \u003cblock b\u003d\"601\" blockname\u003d\"\" blocktype\u003d\"Separator\" l\u003d\"416\" r\u003d\"417\" style\u003d\"transform: translate(934px, 439px); position: absolute;\" t\u003d\"324\"\u003e \u003cregion\u003e \u003crect b\u003d\"601\" l\u003d\"416\" r\u003d\"417\" t\u003d\"324\"\u003e\u003c/rect\u003e  \u003c/region\u003e  \u003cseparator thickness\u003d\"1\" type\u003d\"Black\"\u003e \u003cstart x\u003d\"416\" y\u003d\"324\"\u003e\u003c/start\u003e \u003cend x\u003d\"416\" y\u003d\"601\"\u003e\u003c/end\u003e \u003c/separator\u003e \u003c/block\u003e  \u003cblock b\u003d\"320\" blockname\u003d\"\" blocktype\u003d\"Separator\" l\u003d\"461\" r\u003d\"462\" style\u003d\"transform: translate(1035px, 383px); position: absolute;\" t\u003d\"283\"\u003e \u003cregion\u003e \u003crect b\u003d\"320\" l\u003d\"461\" r\u003d\"462\" t\u003d\"283\"\u003e\u003c/rect\u003e  \u003c/region\u003e  \u003cseparator thickness\u003d\"1\" type\u003d\"Black\"\u003e \u003cstart x\u003d\"461\" y\u003d\"283\"\u003e\u003c/start\u003e \u003cend x\u003d\"461\" y\u003d\"320\"\u003e\u003c/end\u003e \u003c/separator\u003e \u003c/block\u003e  \u003cblock b\u003d\"601\" blockname\u003d\"\" blocktype\u003d\"Separator\" l\u003d\"488\" r\u003d\"489\" style\u003d\"transform: translate(1095px, 439px); position: absolute;\" t\u003d\"324\"\u003e \u003cregion\u003e \u003crect b\u003d\"601\" l\u003d\"488\" r\u003d\"489\" t\u003d\"324\"\u003e\u003c/rect\u003e  \u003c/region\u003e  \u003cseparator thickness\u003d\"1\" type\u003d\"Black\"\u003e \u003cstart x\u003d\"488\" y\u003d\"324\"\u003e\u003c/start\u003e \u003cend x\u003d\"488\" y\u003d\"601\"\u003e\u003c/end\u003e \u003c/separator\u003e \u003c/block\u003e  \u003c/page\u003e   \u003c/document\u003e\u003c/body\u003e\u003c/html\u003e","tags":[{"score":0.5684185875903711,"end":72,"tag":"invoice_number","text":"INV10100005","estimatedAccuracy":0.9425098808321227,"begin":61},{"score":0.5524993323118917,"end":824,"tag":"invoice_date","text":"19-00t-2010","estimatedAccuracy":0.9696969696969697,"begin":813},{"score":0.48320100062901733,"end":1068,"tag":"product","text":"PS.V860.05","estimatedAccuracy":0.8231046931407943,"begin":1058},{"score":0.6861183304692018,"end":1251,"tag":"price","text":"580.00","estimatedAccuracy":0.962577988672434,"begin":1245},{"score":0.5302491394702222,"end":1262,"tag":"price","text":"645.00","estimatedAccuracy":0.9075044280781562,"begin":1256},{"score":0.4594940388101541,"end":1273,"tag":"price","text":"230.00","estimatedAccuracy":0.890625,"begin":1267},{"score":0.496315762921881,"end":1302,"tag":"quantity","text":"6.00","estimatedAccuracy":0.9335664335664335,"begin":1298},{"score":0.469477951180033,"end":1311,"tag":"quantity","text":"4.00","estimatedAccuracy":0.9335664335664335,"begin":1307},{"score":0.5397377349881818,"end":1311,"tag":"price","text":"4.00","estimatedAccuracy":0.9081967213114754,"begin":1307},{"score":0.5473544580121424,"end":1330,"tag":"quantity","text":"1.00","estimatedAccuracy":0.966789667896679,"begin":1326},{"score":0.5566118794923723,"end":1807,"tag":"total_amount","text":"9933.00","estimatedAccuracy":0.9272727272727272,"begin":1799}],"group":"invoice_date|invoice_number|price|product|quantity|total_amount"}