{"finalScore":0.6284882258296967,"metaInfo":{"model":{"coreVersion":"9.3.0.9"}},"sumScore":1.2569764516593933,"tagsCounter":2.0,"taggedText":"\u003cdocument languages\u003d\"\" producer\u003d\"Workfusion\" schemalocation\u003d\"http://ocr.crowdcomputingsystems.com/xml/schema-v1.xml\" version\u003d\"1.0\" xmlns\u003d\"http://ocr.crowdcomputingsystems.com/xml/schema-v1.xml\" xsi\u003d\"http://www.w3.org/2001/XMLSchema-instance\"\u003e \u003clink href\u003d\"https://s3.amazonaws.com/workfusion-resources/ocr/ocr-xml-viewer-0.3-scale-to-width.css\" rel\u003d\"stylesheet\" type\u003d\"text/css\"\u003e\u003c/link\u003e \u003cstyle\u003e\u003c/style\u003e\u003cpage data-pages\u003d\"1\" h\u003d\"506\" resolution\u003d\"96\" style\u003d\"height: 637px;\" w\u003d\"697\"\u003e \u003cblock b\u003d\"24\" blockname\u003d\"\" blocktype\u003d\"Text\" l\u003d\"563\" r\u003d\"652\" style\u003d\"transform: translate(610px, 12px); position: absolute; width: 96.406px; height: 20.3125px;\" t\u003d\"9\"\u003e \u003cregion\u003e \u003crect b\u003d\"24\" l\u003d\"563\" r\u003d\"652\" t\u003d\"9\"\u003e\u003c/rect\u003e  \u003c/region\u003e  \u003ctext\u003e \u003cpar linespacing\u003d\"830\"\u003e \u003cline b\u003d\"21\" baseline\u003d\"21\" l\u003d\"565\" r\u003d\"649\" style\u003d\"transform: translate(2px, 1px); position: absolute;\" t\u003d\"10\"\u003e \u003cformatting lang\u003d\"EnglishUnitedStates\"\u003e \u003csupplier_name begin\u003d\"13\" class\u003d\"extraction-tag ml-tag\" data-text\u003d\"CD RAC LG\" data-value\u003d\"CD RAC LG\" end\u003d\"22\" estimated-accuracy\u003d\"0.8911116620407465\" ml-tagorder\u003d\"0\" score\u003d\"0.5320057258402432\" style\u003d\"border: 2px solid rgb(125, 157, 1);\" tagorder\u003d\"0\"\u003eCD RAC LG\u003c/supplier_name\u003e \u003c/formatting\u003e  \u003c/line\u003e  \u003c/par\u003e  \u003c/text\u003e  \u003c/block\u003e  \u003cblock b\u003d\"83\" blockname\u003d\"\" blocktype\u003d\"Text\" l\u003d\"298\" r\u003d\"347\" style\u003d\"transform: translate(323px, 95px); position: absolute; width: 53.0775px; height: 17.6042px;\" t\u003d\"70\"\u003e \u003cregion\u003e \u003crect b\u003d\"83\" l\u003d\"298\" r\u003d\"347\" t\u003d\"70\"\u003e\u003c/rect\u003e  \u003c/region\u003e  \u003ctext\u003e \u003cpar linespacing\u003d\"680\"\u003e \u003cline b\u003d\"80\" baseline\u003d\"80\" l\u003d\"300\" r\u003d\"344\" style\u003d\"transform: translate(2px, 1px); position: absolute;\" t\u003d\"71\"\u003e \u003cformatting lang\u003d\"EnglishUnitedStates\"\u003e INVOICE \u003c/formatting\u003e  \u003c/line\u003e  \u003c/par\u003e  \u003c/text\u003e  \u003c/block\u003e  \u003cblock b\u003d\"156\" blockname\u003d\"\" blocktype\u003d\"Text\" l\u003d\"21\" r\u003d\"82\" style\u003d\"transform: translate(23px, 135px); position: absolute; width: 66.076px; height: 75.8333px;\" t\u003d\"100\"\u003e \u003cregion\u003e \u003crect b\u003d\"156\" l\u003d\"21\" r\u003d\"82\" t\u003d\"100\"\u003e\u003c/rect\u003e  \u003c/region\u003e  \u003ctext\u003e \u003cpar align\u003d\"Justified\" linespacing\u003d\"975\"\u003e \u003cline b\u003d\"110\" baseline\u003d\"110\" l\u003d\"23\" r\u003d\"75\" style\u003d\"transform: translate(2px, 1px); position: absolute;\" t\u003d\"101\"\u003e \u003cformatting lang\u003d\"EnglishUnitedStates\"\u003e John Duo \u003c/formatting\u003e  \u003c/line\u003e  \u003cline b\u003d\"124\" baseline\u003d\"124\" l\u003d\"23\" r\u003d\"38\" style\u003d\"transform: translate(2px, 20px); position: absolute;\" t\u003d\"115\"\u003e \u003cformatting lang\u003d\"EnglishUnitedStates\"\u003e CA \u003c/formatting\u003e  \u003c/line\u003e  \u003c/par\u003e  \u003cpar align\u003d\"Justified\" linespacing\u003d\"975\"\u003e \u003cline b\u003d\"140\" baseline\u003d\"138\" l\u003d\"23\" r\u003d\"71\" style\u003d\"transform: translate(2px, 39px); position: absolute;\" t\u003d\"129\"\u003e \u003cformatting lang\u003d\"EnglishUnitedStates\"\u003e Cupertino \u003c/formatting\u003e  \u003c/line\u003e  \u003cline b\u003d\"152\" baseline\u003d\"151\" l\u003d\"23\" r\u003d\"79\" style\u003d\"transform: translate(2px, 57px); position: absolute;\" t\u003d\"142\"\u003e \u003cformatting lang\u003d\"EnglishUnitedStates\"\u003e CA. 95014 \u003c/formatting\u003e  \u003c/line\u003e  \u003c/par\u003e  \u003c/text\u003e  \u003c/block\u003e  \u003cblock b\u003d\"154\" blockname\u003d\"\" blocktype\u003d\"Text\" l\u003d\"479\" r\u003d\"546\" style\u003d\"transform: translate(519px, 135px); position: absolute; width: 72.5753px; height: 73.125px;\" t\u003d\"100\"\u003e \u003cregion\u003e \u003crect b\u003d\"154\" l\u003d\"479\" r\u003d\"546\" t\u003d\"100\"\u003e\u003c/rect\u003e  \u003c/region\u003e  \u003ctext\u003e \u003cpar linespacing\u003d\"975\"\u003e \u003cline b\u003d\"110\" baseline\u003d\"110\" l\u003d\"481\" r\u003d\"543\" style\u003d\"transform: translate(2px, 1px); position: absolute;\" t\u003d\"101\"\u003e \u003cformatting lang\u003d\"EnglishUnitedStates\"\u003e Invoice Date \u003c/formatting\u003e  \u003c/line\u003e  \u003cline b\u003d\"124\" baseline\u003d\"124\" l\u003d\"481\" r\u003d\"537\" style\u003d\"transform: translate(2px, 20px); position: absolute;\" t\u003d\"115\"\u003e \u003cformatting lang\u003d\"EnglishUnitedStates\"\u003e Invoice No. \u003c/formatting\u003e  \u003c/line\u003e  \u003cline b\u003d\"138\" baseline\u003d\"138\" l\u003d\"481\" r\u003d\"542\" style\u003d\"transform: translate(2px, 39px); position: absolute;\" t\u003d\"129\"\u003e \u003cformatting lang\u003d\"EnglishUnitedStates\"\u003e Account No. \u003c/formatting\u003e  \u003c/line\u003e  \u003cline b\u003d\"151\" baseline\u003d\"151\" l\u003d\"481\" r\u003d\"528\" style\u003d\"transform: translate(2px, 57px); position: absolute;\" t\u003d\"142\"\u003e \u003cformatting lang\u003d\"EnglishUnitedStates\"\u003e Due Date \u003c/formatting\u003e  \u003c/line\u003e  \u003c/par\u003e  \u003c/text\u003e  \u003c/block\u003e  \u003cblock b\u003d\"154\" blockname\u003d\"\" blocktype\u003d\"Text\" l\u003d\"564\" r\u003d\"644\" style\u003d\"transform: translate(611px, 135px); position: absolute; width: 86.6571px; height: 73.125px;\" t\u003d\"100\"\u003e \u003cregion\u003e \u003crect b\u003d\"154\" l\u003d\"564\" r\u003d\"644\" t\u003d\"100\"\u003e\u003c/rect\u003e  \u003c/region\u003e  \u003ctext\u003e \u003cpar linespacing\u003d\"1050\"\u003e \u003cline b\u003d\"110\" baseline\u003d\"110\" l\u003d\"566\" r\u003d\"622\" style\u003d\"transform: translate(2px, 1px); position: absolute;\" t\u003d\"101\"\u003e \u003cformatting lang\u003d\"EnglishUnitedStates\"\u003e \u003cinvoice_date begin\u003d\"228\" class\u003d\"extraction-tag ml-tag\" data-text\u003d\"06/19/2009\" data-value\u003d\"06/19/2009\" end\u003d\"238\" estimated-accuracy\u003d\"1.0\" ml-tagorder\u003d\"1\" score\u003d\"0.72497072581915\" style\u003d\"border: 2px solid rgb(125, 157, 1);\" tagorder\u003d\"1\"\u003e06/19/2009\u003c/invoice_date\u003e \u003c/formatting\u003e  \u003c/line\u003e  \u003c/par\u003e  \u003cpar linespacing\u003d\"1050\"\u003e \u003cline b\u003d\"124\" baseline\u003d\"124\" l\u003d\"566\" r\u003d\"589\" style\u003d\"transform: translate(2px, 20px); position: absolute;\" t\u003d\"115\"\u003e \u003cformatting lang\u003d\"EnglishUnitedStates\"\u003e Bl-2 \u003c/formatting\u003e  \u003c/line\u003e  \u003c/par\u003e  \u003cpar linespacing\u003d\"1050\"\u003e \u003cline b\u003d\"138\" baseline\u003d\"138\" l\u003d\"566\" r\u003d\"642\" style\u003d\"transform: translate(2px, 41px); position: absolute;\" t\u003d\"130\"\u003e \u003cformatting lang\u003d\"EnglishUnitedStates\"\u003e 0.0.0.1-147792 \u003c/formatting\u003e  \u003c/line\u003e  \u003c/par\u003e  \u003cpar linespacing\u003d\"1050\"\u003e \u003cline b\u003d\"152\" baseline\u003d\"151\" l\u003d\"566\" r\u003d\"622\" style\u003d\"transform: translate(2px, 57px); position: absolute;\" t\u003d\"142\"\u003e \u003cformatting lang\u003d\"EnglishUnitedStates\"\u003e 07/17/2009 \u003c/formatting\u003e  \u003c/line\u003e  \u003c/par\u003e  \u003c/text\u003e  \u003c/block\u003e  \u003cblock b\u003d\"185\" blockname\u003d\"\" blocktype\u003d\"Text\" l\u003d\"22\" r\u003d\"237\" style\u003d\"transform: translate(24px, 233px); position: absolute; width: 232.891px; height: 17.6042px;\" t\u003d\"172\"\u003e \u003cregion\u003e \u003crect b\u003d\"185\" l\u003d\"22\" r\u003d\"237\" t\u003d\"172\"\u003e\u003c/rect\u003e  \u003c/region\u003e  \u003ctext\u003e \u003cpar linespacing\u003d\"680\"\u003e \u003cline b\u003d\"183\" baseline\u003d\"182\" l\u003d\"24\" r\u003d\"234\" style\u003d\"transform: translate(2px, 1px); position: absolute;\" t\u003d\"173\"\u003e \u003cformatting lang\u003d\"EnglishUnitedStates\"\u003e Bill Period: 05/17/2009 To 06/17/2009 \u003c/formatting\u003e  \u003c/line\u003e  \u003c/par\u003e  \u003c/text\u003e  \u003c/block\u003e  \u003cregion xmlns\u003d\"http://ocr.crowdcomputingsystems.com/xml/schema-v1.xml\"\u003e \u003crect b\u003d\"218\" l\u003d\"16\" r\u003d\"666\" t\u003d\"185\"\u003e\u003c/rect\u003e  \u003c/region\u003e \u003ctable b\u003d\"218\" blockname\u003d\"\" blocktype\u003d\"Table\" l\u003d\"16\" r\u003d\"666\" style\u003d\"transform: translate(17px, 251px); position: absolute; user-select: auto;\" t\u003d\"185\" xmlns\u003d\"\"\u003e \u003ctbody\u003e\u003ctr\u003e \u003ctd bottomborder\u003d\"White\" h\u003d\"16\" leftborder\u003d\"White\" rightborder\u003d\"White\" topborder\u003d\"White\" w\u003d\"134\"\u003e \u003ctext xmlns\u003d\"http://ocr.crowdcomputingsystems.com/xml/schema-v1.xml\"\u003e \u003cpar align\u003d\"Right\" linespacing\u003d\"680\" rightindent\u003d\"1700\"\u003e \u003cline b\u003d\"196\" baseline\u003d\"196\" l\u003d\"53\" r\u003d\"127\" t\u003d\"187\"\u003e \u003cformatting lang\u003d\"EnglishUnitedStates\"\u003e Past Due Amt \u003c/formatting\u003e  \u003c/line\u003e  \u003c/par\u003e  \u003c/text\u003e  \u003c/td\u003e   \u003ctd bottomborder\u003d\"White\" h\u003d\"16\" leftborder\u003d\"White\" rightborder\u003d\"White\" topborder\u003d\"White\" w\u003d\"137\"\u003e \u003ctext xmlns\u003d\"http://ocr.crowdcomputingsystems.com/xml/schema-v1.xml\"\u003e \u003cpar align\u003d\"Right\" linespacing\u003d\"680\" rightindent\u003d\"2000\"\u003e \u003cline b\u003d\"198\" baseline\u003d\"196\" l\u003d\"171\" r\u003d\"261\" t\u003d\"187\"\u003e \u003cformatting lang\u003d\"EnglishUnitedStates\"\u003e Cuirent Charges \u003c/formatting\u003e  \u003c/line\u003e  \u003c/par\u003e  \u003c/text\u003e  \u003c/td\u003e   \u003ctd bottomborder\u003d\"White\" h\u003d\"16\" leftborder\u003d\"White\" rightborder\u003d\"White\" topborder\u003d\"White\" w\u003d\"100\"\u003e \u003ctext xmlns\u003d\"http://ocr.crowdcomputingsystems.com/xml/schema-v1.xml\"\u003e \u003cpar align\u003d\"Right\" linespacing\u003d\"680\" rightindent\u003d\"1700\"\u003e \u003cline b\u003d\"198\" baseline\u003d\"196\" l\u003d\"311\" r\u003d\"364\" t\u003d\"187\"\u003e \u003cformatting lang\u003d\"EnglishUnitedStates\"\u003e Payments \u003c/formatting\u003e  \u003c/line\u003e  \u003c/par\u003e  \u003c/text\u003e  \u003c/td\u003e   \u003ctd bottomborder\u003d\"White\" h\u003d\"16\" leftborder\u003d\"White\" rightborder\u003d\"White\" topborder\u003d\"White\" w\u003d\"140\"\u003e \u003ctext xmlns\u003d\"http://ocr.crowdcomputingsystems.com/xml/schema-v1.xml\"\u003e \u003cpar align\u003d\"Right\" linespacing\u003d\"680\" rightindent\u003d\"3700\"\u003e \u003cline b\u003d\"198\" baseline\u003d\"196\" l\u003d\"409\" r\u003d\"478\" t\u003d\"187\"\u003e \u003cformatting lang\u003d\"EnglishUnitedStates\"\u003e Adjustments \u003c/formatting\u003e  \u003c/line\u003e  \u003c/par\u003e  \u003c/text\u003e  \u003c/td\u003e   \u003ctd bottomborder\u003d\"White\" h\u003d\"16\" leftborder\u003d\"White\" rightborder\u003d\"White\" topborder\u003d\"White\" w\u003d\"139\"\u003e \u003ctext xmlns\u003d\"http://ocr.crowdcomputingsystems.com/xml/schema-v1.xml\"\u003e \u003cpar align\u003d\"Right\" linespacing\u003d\"680\" rightindent\u003d\"1000\"\u003e \u003cline b\u003d\"198\" baseline\u003d\"196\" l\u003d\"567\" r\u003d\"653\" t\u003d\"187\"\u003e \u003cformatting lang\u003d\"EnglishUnitedStates\"\u003e Amount Due (E) \u003c/formatting\u003e  \u003c/line\u003e  \u003c/par\u003e  \u003c/text\u003e  \u003c/td\u003e   \u003c/tr\u003e \n \u003ctr\u003e \u003ctd h\u003d\"17\" leftborder\u003d\"White\" rightborder\u003d\"White\" topborder\u003d\"White\" w\u003d\"134\"\u003e \u003ctext xmlns\u003d\"http://ocr.crowdcomputingsystems.com/xml/schema-v1.xml\"\u003e \u003cpar align\u003d\"Right\" linespacing\u003d\"600\" rightindent\u003d\"1700\"\u003e \u003cline b\u003d\"211\" baseline\u003d\"211\" l\u003d\"93\" r\u003d\"127\" t\u003d\"203\"\u003e \u003cformatting lang\u003d\"EnglishUnitedStates\"\u003e 478.04 \u003c/formatting\u003e  \u003c/line\u003e  \u003c/par\u003e  \u003c/text\u003e  \u003c/td\u003e   \u003ctd h\u003d\"17\" leftborder\u003d\"White\" rightborder\u003d\"White\" topborder\u003d\"White\" w\u003d\"137\"\u003e \u003ctext xmlns\u003d\"http://ocr.crowdcomputingsystems.com/xml/schema-v1.xml\"\u003e \u003cpar align\u003d\"Right\" linespacing\u003d\"600\" rightindent\u003d\"2000\"\u003e \u003cline b\u003d\"211\" baseline\u003d\"211\" l\u003d\"227\" r\u003d\"261\" t\u003d\"203\"\u003e \u003cformatting lang\u003d\"EnglishUnitedStates\"\u003e 233.99 \u003c/formatting\u003e  \u003c/line\u003e  \u003c/par\u003e  \u003c/text\u003e  \u003c/td\u003e   \u003ctd h\u003d\"17\" leftborder\u003d\"White\" rightborder\u003d\"White\" topborder\u003d\"White\" w\u003d\"100\"\u003e \u003ctext xmlns\u003d\"http://ocr.crowdcomputingsystems.com/xml/schema-v1.xml\"\u003e \u003cpar align\u003d\"Right\" linespacing\u003d\"600\" rightindent\u003d\"1700\"\u003e \u003cline b\u003d\"211\" baseline\u003d\"211\" l\u003d\"343\" r\u003d\"364\" t\u003d\"203\"\u003e \u003cformatting lang\u003d\"EnglishUnitedStates\"\u003e 0.00 \u003c/formatting\u003e  \u003c/line\u003e  \u003c/par\u003e  \u003c/text\u003e  \u003c/td\u003e   \u003ctd h\u003d\"17\" leftborder\u003d\"White\" rightborder\u003d\"White\" topborder\u003d\"White\" w\u003d\"140\"\u003e \u003ctext xmlns\u003d\"http://ocr.crowdcomputingsystems.com/xml/schema-v1.xml\"\u003e \u003cpar align\u003d\"Right\" linespacing\u003d\"680\" rightindent\u003d\"3700\"\u003e \u003cline b\u003d\"214\" baseline\u003d\"211\" l\u003d\"442\" r\u003d\"478\" t\u003d\"202\"\u003e \u003cformatting lang\u003d\"EnglishUnitedStates\"\u003e (82.00) \u003c/formatting\u003e  \u003c/line\u003e  \u003c/par\u003e  \u003c/text\u003e  \u003c/td\u003e   \u003ctd h\u003d\"17\" leftborder\u003d\"White\" rightborder\u003d\"White\" topborder\u003d\"White\" w\u003d\"139\"\u003e \u003ctext xmlns\u003d\"http://ocr.crowdcomputingsystems.com/xml/schema-v1.xml\"\u003e \u003cpar align\u003d\"Right\" linespacing\u003d\"600\" rightindent\u003d\"1000\"\u003e \u003cline b\u003d\"211\" baseline\u003d\"211\" l\u003d\"619\" r\u003d\"653\" t\u003d\"203\"\u003e \u003cformatting lang\u003d\"EnglishUnitedStates\"\u003e 624.68 \u003c/formatting\u003e  \u003c/line\u003e  \u003c/par\u003e  \u003c/text\u003e  \u003c/td\u003e   \u003c/tr\u003e \n \u003c/tbody\u003e\u003c/table\u003e\n \u003cregion xmlns\u003d\"http://ocr.crowdcomputingsystems.com/xml/schema-v1.xml\"\u003e \u003crect b\u003d\"314\" l\u003d\"318\" r\u003d\"665\" t\u003d\"229\"\u003e\u003c/rect\u003e  \u003c/region\u003e \u003ctable b\u003d\"314\" blockname\u003d\"\" blocktype\u003d\"Table\" l\u003d\"318\" r\u003d\"665\" style\u003d\"transform: translate(344px, 310px); position: absolute; user-select: auto;\" t\u003d\"229\" xmlns\u003d\"\"\u003e \u003ctbody\u003e\u003ctr\u003e \u003ctd bottomborder\u003d\"White\" h\u003d\"16\" rightborder\u003d\"White\" w\u003d\"226\"\u003e \u003ctext xmlns\u003d\"http://ocr.crowdcomputingsystems.com/xml/schema-v1.xml\"\u003e \u003cpar linespacing\u003d\"750\"\u003e \u003cline b\u003d\"244\" baseline\u003d\"241\" l\u003d\"325\" r\u003d\"504\" t\u003d\"231\"\u003e \u003cformatting lang\u003d\"EnglishUnitedStates\"\u003e Summary of Current Charges \u003c/formatting\u003e  \u003c/line\u003e  \u003c/par\u003e  \u003c/text\u003e  \u003c/td\u003e   \u003ctd bottomborder\u003d\"White\" h\u003d\"16\" leftborder\u003d\"White\" rightborder\u003d\"White\" w\u003d\"121\"\u003e \u003ctext xmlns\u003d\"http://ocr.crowdcomputingsystems.com/xml/schema-v1.xml\"\u003e \u003cpar align\u003d\"Right\" linespacing\u003d\"750\" rightindent\u003d\"1000\"\u003e \u003cline b\u003d\"244\" baseline\u003d\"241\" l\u003d\"583\" r\u003d\"651\" t\u003d\"231\"\u003e \u003cformatting lang\u003d\"EnglishUnitedStates\"\u003e Amount (E) \u003c/formatting\u003e  \u003c/line\u003e  \u003c/par\u003e  \u003c/text\u003e  \u003c/td\u003e   \u003c/tr\u003e \n \u003ctr\u003e \u003ctd bottomborder\u003d\"White\" h\u003d\"13\" rightborder\u003d\"White\" topborder\u003d\"White\" w\u003d\"226\"\u003e \u003ctext xmlns\u003d\"http://ocr.crowdcomputingsystems.com/xml/schema-v1.xml\"\u003e \u003cpar linespacing\u003d\"680\"\u003e \u003cline b\u003d\"255\" baseline\u003d\"255\" l\u003d\"325\" r\u003d\"394\" t\u003d\"246\"\u003e \u003cformatting lang\u003d\"EnglishUnitedStates\"\u003e Service: SMS \u003c/formatting\u003e  \u003c/line\u003e  \u003c/par\u003e  \u003c/text\u003e  \u003c/td\u003e   \u003ctd bottomborder\u003d\"White\" h\u003d\"13\" leftborder\u003d\"White\" rightborder\u003d\"White\" topborder\u003d\"White\" w\u003d\"121\"\u003e \u003ctext xmlns\u003d\"http://ocr.crowdcomputingsystems.com/xml/schema-v1.xml\"\u003e \u003cpar align\u003d\"Right\" linespacing\u003d\"600\" rightindent\u003d\"1000\"\u003e \u003cline b\u003d\"255\" baseline\u003d\"255\" l\u003d\"625\" r\u003d\"652\" t\u003d\"247\"\u003e \u003cformatting lang\u003d\"EnglishUnitedStates\"\u003e 15.50 \u003c/formatting\u003e  \u003c/line\u003e  \u003c/par\u003e  \u003c/text\u003e  \u003c/td\u003e   \u003c/tr\u003e \n \u003ctr\u003e \u003ctd bottomborder\u003d\"White\" h\u003d\"14\" rightborder\u003d\"White\" topborder\u003d\"White\" w\u003d\"226\"\u003e \u003ctext xmlns\u003d\"http://ocr.crowdcomputingsystems.com/xml/schema-v1.xml\"\u003e \u003cpar linespacing\u003d\"680\"\u003e \u003cline b\u003d\"269\" baseline\u003d\"269\" l\u003d\"325\" r\u003d\"438\" t\u003d\"260\"\u003e \u003cformatting lang\u003d\"EnglishUnitedStates\"\u003e Service: TELEPHONY \u003c/formatting\u003e  \u003c/line\u003e  \u003c/par\u003e  \u003c/text\u003e  \u003c/td\u003e   \u003ctd bottomborder\u003d\"White\" h\u003d\"14\" leftborder\u003d\"White\" rightborder\u003d\"White\" topborder\u003d\"White\" w\u003d\"121\"\u003e \u003ctext xmlns\u003d\"http://ocr.crowdcomputingsystems.com/xml/schema-v1.xml\"\u003e \u003cpar align\u003d\"Right\" linespacing\u003d\"600\" rightindent\u003d\"1000\"\u003e \u003cline b\u003d\"269\" baseline\u003d\"269\" l\u003d\"624\" r\u003d\"652\" t\u003d\"261\"\u003e \u003cformatting lang\u003d\"EnglishUnitedStates\"\u003e 94.88 \u003c/formatting\u003e  \u003c/line\u003e  \u003c/par\u003e  \u003c/text\u003e  \u003c/td\u003e   \u003c/tr\u003e \n \u003ctr\u003e \u003ctd bottomborder\u003d\"White\" h\u003d\"14\" rightborder\u003d\"White\" topborder\u003d\"White\" w\u003d\"226\"\u003e \u003ctext xmlns\u003d\"http://ocr.crowdcomputingsystems.com/xml/schema-v1.xml\"\u003e \u003cpar linespacing\u003d\"680\"\u003e \u003cline b\u003d\"284\" baseline\u003d\"282\" l\u003d\"325\" r\u003d\"428\" t\u003d\"273\"\u003e \u003cformatting lang\u003d\"EnglishUnitedStates\"\u003e Taxes \u0026amp; Surcharges \u003c/formatting\u003e  \u003c/line\u003e  \u003c/par\u003e  \u003c/text\u003e  \u003c/td\u003e   \u003ctd bottomborder\u003d\"White\" h\u003d\"14\" leftborder\u003d\"White\" rightborder\u003d\"White\" topborder\u003d\"White\" w\u003d\"121\"\u003e \u003ctext xmlns\u003d\"http://ocr.crowdcomputingsystems.com/xml/schema-v1.xml\"\u003e \u003cpar align\u003d\"Right\" linespacing\u003d\"600\" rightindent\u003d\"1000\"\u003e \u003cline b\u003d\"282\" baseline\u003d\"282\" l\u003d\"630\" r\u003d\"652\" t\u003d\"274\"\u003e \u003cformatting lang\u003d\"EnglishUnitedStates\"\u003e 6.00 \u003c/formatting\u003e  \u003c/line\u003e  \u003c/par\u003e  \u003c/text\u003e  \u003c/td\u003e   \u003c/tr\u003e \n \u003ctr\u003e \u003ctd bottomborder\u003d\"White\" h\u003d\"13\" rightborder\u003d\"White\" topborder\u003d\"White\" w\u003d\"226\"\u003e \u003ctext xmlns\u003d\"http://ocr.crowdcomputingsystems.com/xml/schema-v1.xml\"\u003e \u003cpar linespacing\u003d\"680\"\u003e \u003cline b\u003d\"298\" baseline\u003d\"296\" l\u003d\"325\" r\u003d\"445\" t\u003d\"287\"\u003e \u003cformatting lang\u003d\"EnglishUnitedStates\"\u003e Total Current Charges \u003c/formatting\u003e  \u003c/line\u003e  \u003c/par\u003e  \u003c/text\u003e  \u003c/td\u003e   \u003ctd bottomborder\u003d\"White\" h\u003d\"13\" leftborder\u003d\"White\" rightborder\u003d\"White\" topborder\u003d\"White\" w\u003d\"121\"\u003e \u003ctext xmlns\u003d\"http://ocr.crowdcomputingsystems.com/xml/schema-v1.xml\"\u003e \u003cpar align\u003d\"Right\" linespacing\u003d\"600\" rightindent\u003d\"1000\"\u003e \u003cline b\u003d\"296\" baseline\u003d\"296\" l\u003d\"618\" r\u003d\"652\" t\u003d\"288\"\u003e \u003cformatting lang\u003d\"EnglishUnitedStates\"\u003e 116.38 \u003c/formatting\u003e  \u003c/line\u003e  \u003c/par\u003e  \u003c/text\u003e  \u003c/td\u003e   \u003c/tr\u003e \n \u003ctr\u003e \u003ctd h\u003d\"15\" rightborder\u003d\"White\" topborder\u003d\"White\" w\u003d\"226\"\u003e \u003ctext xmlns\u003d\"http://ocr.crowdcomputingsystems.com/xml/schema-v1.xml\"\u003e \u003cpar linespacing\u003d\"680\"\u003e \u003cline b\u003d\"311\" baseline\u003d\"309\" l\u003d\"325\" r\u003d\"461\" t\u003d\"300\"\u003e \u003cformatting lang\u003d\"EnglishUnitedStates\"\u003e Other Charges and Credits \u003c/formatting\u003e  \u003c/line\u003e  \u003c/par\u003e  \u003c/text\u003e  \u003c/td\u003e   \u003ctd h\u003d\"15\" leftborder\u003d\"White\" rightborder\u003d\"White\" topborder\u003d\"White\" w\u003d\"121\"\u003e \u003ctext xmlns\u003d\"http://ocr.crowdcomputingsystems.com/xml/schema-v1.xml\"\u003e \u003cpar align\u003d\"Right\" linespacing\u003d\"600\" rightindent\u003d\"1000\"\u003e \u003cline b\u003d\"311\" baseline\u003d\"309\" l\u003d\"623\" r\u003d\"652\" t\u003d\"301\"\u003e \u003cformatting lang\u003d\"EnglishUnitedStates\"\u003e (5.35) \u003c/formatting\u003e  \u003c/line\u003e  \u003c/par\u003e  \u003c/text\u003e  \u003c/td\u003e   \u003c/tr\u003e \n \u003c/tbody\u003e\u003c/table\u003e\n \u003cregion xmlns\u003d\"http://ocr.crowdcomputingsystems.com/xml/schema-v1.xml\"\u003e \u003crect b\u003d\"420\" l\u003d\"25\" r\u003d\"666\" t\u003d\"391\"\u003e\u003c/rect\u003e  \u003c/region\u003e \u003ctable b\u003d\"420\" blockname\u003d\"\" blocktype\u003d\"Table\" l\u003d\"25\" r\u003d\"666\" style\u003d\"transform: translate(27px, 529px); position: absolute; user-select: auto;\" t\u003d\"391\" xmlns\u003d\"\"\u003e \u003ctbody\u003e\u003ctr\u003e \u003ctd h\u003d\"14\" w\u003d\"336\"\u003e \u003ctext xmlns\u003d\"http://ocr.crowdcomputingsystems.com/xml/schema-v1.xml\"\u003e \u003cpar linespacing\u003d\"680\"\u003e \u003cline b\u003d\"403\" baseline\u003d\"401\" l\u003d\"32\" r\u003d\"110\" t\u003d\"392\"\u003e \u003cformatting lang\u003d\"EnglishUnitedStates\"\u003e Pay on the web \u003c/formatting\u003e  \u003c/line\u003e  \u003c/par\u003e  \u003c/text\u003e  \u003c/td\u003e   \u003ctd h\u003d\"14\" w\u003d\"305\"\u003e \u003ctext xmlns\u003d\"http://ocr.crowdcomputingsystems.com/xml/schema-v1.xml\"\u003e \u003cpar linespacing\u003d\"680\"\u003e \u003cline b\u003d\"401\" baseline\u003d\"401\" l\u003d\"368\" r\u003d\"418\" t\u003d\"392\"\u003e \u003cformatting lang\u003d\"EnglishUnitedStates\"\u003e Questions \u003c/formatting\u003e  \u003c/line\u003e  \u003c/par\u003e  \u003c/text\u003e  \u003c/td\u003e   \u003c/tr\u003e \n \u003ctr\u003e \u003ctd h\u003d\"15\" w\u003d\"336\"\u003e \u003ctext xmlns\u003d\"http://ocr.crowdcomputingsystems.com/xml/schema-v1.xml\"\u003e \u003cpar linespacing\u003d\"680\"\u003e \u003cline b\u003d\"417\" baseline\u003d\"415\" l\u003d\"32\" r\u003d\"191\" t\u003d\"406\"\u003e \u003cformatting lang\u003d\"EnglishUnitedStates\"\u003e My Amount at wv;w.oracle.com \u003c/formatting\u003e  \u003c/line\u003e  \u003c/par\u003e  \u003c/text\u003e  \u003c/td\u003e   \u003ctd h\u003d\"15\" w\u003d\"305\"\u003e \u003ctext xmlns\u003d\"http://ocr.crowdcomputingsystems.com/xml/schema-v1.xml\"\u003e \u003cpar linespacing\u003d\"600\"\u003e \u003cline b\u003d\"415\" baseline\u003d\"415\" l\u003d\"368\" r\u003d\"446\" t\u003d\"407\"\u003e \u003cformatting lang\u003d\"EnglishUnitedStates\"\u003e 1.800.555.7645 \u003c/formatting\u003e  \u003c/line\u003e  \u003c/par\u003e  \u003c/text\u003e  \u003c/td\u003e   \u003c/tr\u003e \n \u003c/tbody\u003e\u003c/table\u003e\n \u003cregion xmlns\u003d\"http://ocr.crowdcomputingsystems.com/xml/schema-v1.xml\"\u003e \u003crect b\u003d\"475\" l\u003d\"25\" r\u003d\"666\" t\u003d\"433\"\u003e\u003c/rect\u003e  \u003c/region\u003e \u003ctable b\u003d\"475\" blockname\u003d\"\" blocktype\u003d\"Table\" l\u003d\"25\" r\u003d\"666\" style\u003d\"transform: translate(27px, 586px); position: absolute; user-select: auto;\" t\u003d\"433\" xmlns\u003d\"\"\u003e \u003ctbody\u003e\u003ctr\u003e \u003ctd colspan\u003d\"4\" h\u003d\"14\" w\u003d\"641\"\u003e \u003ctext xmlns\u003d\"http://ocr.crowdcomputingsystems.com/xml/schema-v1.xml\"\u003e \u003cpar linespacing\u003d\"680\"\u003e \u003cline b\u003d\"445\" baseline\u003d\"443\" l\u003d\"31\" r\u003d\"423\" t\u003d\"434\"\u003e \u003cformatting lang\u003d\"EnglishUnitedStates\"\u003e Your Payment Slip (Please attach this Payment slip along with your paymentj \u003c/formatting\u003e  \u003c/line\u003e  \u003c/par\u003e  \u003c/text\u003e  \u003c/td\u003e   \u003c/tr\u003e \n \u003ctr\u003e \u003ctd h\u003d\"13\" w\u003d\"114\"\u003e \u003ctext xmlns\u003d\"http://ocr.crowdcomputingsystems.com/xml/schema-v1.xml\"\u003e \u003cpar linespacing\u003d\"680\"\u003e \u003cline b\u003d\"457\" baseline\u003d\"457\" l\u003d\"32\" r\u003d\"61\" t\u003d\"448\"\u003e \u003cformatting lang\u003d\"EnglishUnitedStates\"\u003e Name \u003c/formatting\u003e  \u003c/line\u003e  \u003c/par\u003e  \u003c/text\u003e  \u003c/td\u003e   \u003ctd colspan\u003d\"3\" h\u003d\"13\" w\u003d\"527\"\u003e \u003ctext xmlns\u003d\"http://ocr.crowdcomputingsystems.com/xml/schema-v1.xml\"\u003e \u003cpar linespacing\u003d\"680\"\u003e \u003cline b\u003d\"457\" baseline\u003d\"457\" l\u003d\"145\" r\u003d\"196\" t\u003d\"448\"\u003e \u003cformatting lang\u003d\"EnglishUnitedStates\"\u003e John Duo \u003c/formatting\u003e  \u003c/line\u003e  \u003c/par\u003e  \u003c/text\u003e  \u003c/td\u003e   \u003c/tr\u003e \n \u003ctr\u003e \u003ctd h\u003d\"15\" w\u003d\"114\"\u003e \u003ctext xmlns\u003d\"http://ocr.crowdcomputingsystems.com/xml/schema-v1.xml\"\u003e \u003cpar linespacing\u003d\"680\"\u003e \u003cline b\u003d\"470\" baseline\u003d\"470\" l\u003d\"32\" r\u003d\"101\" t\u003d\"461\"\u003e \u003cformatting lang\u003d\"EnglishUnitedStates\"\u003e Bill No. Bl-2 \u003c/formatting\u003e  \u003c/line\u003e  \u003c/par\u003e  \u003c/text\u003e  \u003c/td\u003e   \u003ctd h\u003d\"15\" w\u003d\"175\"\u003e \u003ctext xmlns\u003d\"http://ocr.crowdcomputingsystems.com/xml/schema-v1.xml\"\u003e \u003cpar linespacing\u003d\"680\"\u003e \u003cline b\u003d\"470\" baseline\u003d\"470\" l\u003d\"145\" r\u003d\"260\" t\u003d\"461\"\u003e \u003cformatting lang\u003d\"EnglishUnitedStates\"\u003e Bill Date 06/17/2009 \u003c/formatting\u003e  \u003c/line\u003e  \u003c/par\u003e  \u003c/text\u003e  \u003c/td\u003e   \u003ctd h\u003d\"15\" w\u003d\"175\"\u003e \u003ctext xmlns\u003d\"http://ocr.crowdcomputingsystems.com/xml/schema-v1.xml\"\u003e \u003cpar linespacing\u003d\"680\"\u003e \u003cline b\u003d\"472\" baseline\u003d\"470\" l\u003d\"320\" r\u003d\"450\" t\u003d\"461\"\u003e \u003cformatting lang\u003d\"EnglishUnitedStates\"\u003e Total Amounts 624.68 (E) \u003c/formatting\u003e  \u003c/line\u003e  \u003c/par\u003e  \u003c/text\u003e  \u003c/td\u003e   \u003ctd h\u003d\"15\" w\u003d\"177\"\u003e \u003ctext xmlns\u003d\"http://ocr.crowdcomputingsystems.com/xml/schema-v1.xml\"\u003e \u003cpar linespacing\u003d\"680\"\u003e \u003cline b\u003d\"470\" baseline\u003d\"470\" l\u003d\"496\" r\u003d\"610\" t\u003d\"461\"\u003e \u003cformatting lang\u003d\"EnglishUnitedStates\"\u003e Due Date 07/17/2009 \u003c/formatting\u003e  \u003c/line\u003e  \u003c/par\u003e  \u003c/text\u003e  \u003c/td\u003e   \u003c/tr\u003e \n \u003c/tbody\u003e\u003c/table\u003e\n \u003cblock b\u003d\"506\" blockname\u003d\"\" blocktype\u003d\"SeparatorsBox\" class\u003d\"hidden\" l\u003d\"0\" r\u003d\"697\" style\u003d\"transform: translate(0px, 0px); position: absolute;\" t\u003d\"0\"\u003e \u003cregion\u003e \u003crect b\u003d\"2\" l\u003d\"0\" r\u003d\"697\" t\u003d\"0\"\u003e\u003c/rect\u003e  \u003crect b\u003d\"504\" l\u003d\"0\" r\u003d\"697\" t\u003d\"2\"\u003e\u003c/rect\u003e  \u003crect b\u003d\"506\" l\u003d\"0\" r\u003d\"697\" t\u003d\"504\"\u003e\u003c/rect\u003e  \u003c/region\u003e  \u003cseparatorsbox\u003e \u003cseparator thickness\u003d\"2\" type\u003d\"Black\"\u003e \u003cstart x\u003d\"0\" y\u003d\"1\"\u003e\u003c/start\u003e \u003cend x\u003d\"697\" y\u003d\"1\"\u003e\u003c/end\u003e \u003c/separator\u003e \u003cseparator thickness\u003d\"2\" type\u003d\"Black\"\u003e \u003cstart x\u003d\"0\" y\u003d\"505\"\u003e\u003c/start\u003e \u003cend x\u003d\"697\" y\u003d\"505\"\u003e\u003c/end\u003e \u003c/separator\u003e \u003cseparator thickness\u003d\"2\" type\u003d\"Black\"\u003e \u003cstart x\u003d\"1\" y\u003d\"0\"\u003e\u003c/start\u003e \u003cend x\u003d\"1\" y\u003d\"506\"\u003e\u003c/end\u003e \u003c/separator\u003e \u003cseparator thickness\u003d\"2\" type\u003d\"Black\"\u003e \u003cstart x\u003d\"696\" y\u003d\"0\"\u003e\u003c/start\u003e \u003cend x\u003d\"696\" y\u003d\"506\"\u003e\u003c/end\u003e \u003c/separator\u003e \u003c/separatorsbox\u003e \u003c/block\u003e  \u003cblock b\u003d\"216\" blockname\u003d\"\" blocktype\u003d\"Separator\" l\u003d\"20\" r\u003d\"661\" style\u003d\"transform: translate(22px, 290px); position: absolute;\" t\u003d\"214\"\u003e \u003cregion\u003e \u003crect b\u003d\"216\" l\u003d\"20\" r\u003d\"661\" t\u003d\"214\"\u003e\u003c/rect\u003e  \u003c/region\u003e  \u003cseparator thickness\u003d\"2\" type\u003d\"Black\"\u003e \u003cstart x\u003d\"20\" y\u003d\"215\"\u003e\u003c/start\u003e \u003cend x\u003d\"661\" y\u003d\"215\"\u003e\u003c/end\u003e \u003c/separator\u003e \u003c/block\u003e  \u003cblock b\u003d\"232\" blockname\u003d\"\" blocktype\u003d\"Separator\" class\u003d\"hidden\" l\u003d\"318\" r\u003d\"659\" style\u003d\"transform: translate(344px, 310px); position: absolute;\" t\u003d\"229\"\u003e \u003cregion\u003e \u003crect b\u003d\"232\" l\u003d\"318\" r\u003d\"659\" t\u003d\"229\"\u003e\u003c/rect\u003e  \u003c/region\u003e  \u003cseparator thickness\u003d\"3\" type\u003d\"Black\"\u003e \u003cstart x\u003d\"318\" y\u003d\"230\"\u003e\u003c/start\u003e \u003cend x\u003d\"659\" y\u003d\"230\"\u003e\u003c/end\u003e \u003c/separator\u003e \u003c/block\u003e  \u003cblock b\u003d\"314\" blockname\u003d\"\" blocktype\u003d\"Separator\" l\u003d\"318\" r\u003d\"659\" style\u003d\"transform: translate(344px, 421px); position: absolute;\" t\u003d\"311\"\u003e \u003cregion\u003e \u003crect b\u003d\"314\" l\u003d\"318\" r\u003d\"659\" t\u003d\"311\"\u003e\u003c/rect\u003e  \u003c/region\u003e  \u003cseparator thickness\u003d\"3\" type\u003d\"Black\"\u003e \u003cstart x\u003d\"318\" y\u003d\"312\"\u003e\u003c/start\u003e \u003cend x\u003d\"659\" y\u003d\"312\"\u003e\u003c/end\u003e \u003c/separator\u003e \u003c/block\u003e  \u003cblock b\u003d\"392\" blockname\u003d\"\" blocktype\u003d\"Separator\" l\u003d\"25\" r\u003d\"666\" style\u003d\"transform: translate(27px, 529px); position: absolute;\" t\u003d\"391\"\u003e \u003cregion\u003e \u003crect b\u003d\"392\" l\u003d\"25\" r\u003d\"666\" t\u003d\"391\"\u003e\u003c/rect\u003e  \u003c/region\u003e  \u003cseparator thickness\u003d\"1\" type\u003d\"Black\"\u003e \u003cstart x\u003d\"25\" y\u003d\"391\"\u003e\u003c/start\u003e \u003cend x\u003d\"666\" y\u003d\"391\"\u003e\u003c/end\u003e \u003c/separator\u003e \u003c/block\u003e  \u003cblock b\u003d\"406\" blockname\u003d\"\" blocktype\u003d\"Separator\" l\u003d\"25\" r\u003d\"666\" style\u003d\"transform: translate(27px, 548px); position: absolute;\" t\u003d\"405\"\u003e \u003cregion\u003e \u003crect b\u003d\"406\" l\u003d\"25\" r\u003d\"666\" t\u003d\"405\"\u003e\u003c/rect\u003e  \u003c/region\u003e  \u003cseparator thickness\u003d\"1\" type\u003d\"Black\"\u003e \u003cstart x\u003d\"25\" y\u003d\"405\"\u003e\u003c/start\u003e \u003cend x\u003d\"666\" y\u003d\"405\"\u003e\u003c/end\u003e \u003c/separator\u003e \u003c/block\u003e  \u003cblock b\u003d\"418\" blockname\u003d\"\" blocktype\u003d\"Separator\" l\u003d\"107\" r\u003d\"192\" style\u003d\"transform: translate(116px, 565px); position: absolute;\" t\u003d\"417\"\u003e \u003cregion\u003e \u003crect b\u003d\"418\" l\u003d\"107\" r\u003d\"192\" t\u003d\"417\"\u003e\u003c/rect\u003e  \u003c/region\u003e  \u003cseparator thickness\u003d\"1\" type\u003d\"Black\"\u003e \u003cstart x\u003d\"107\" y\u003d\"417\"\u003e\u003c/start\u003e \u003cend x\u003d\"192\" y\u003d\"417\"\u003e\u003c/end\u003e \u003c/separator\u003e \u003c/block\u003e  \u003cblock b\u003d\"420\" blockname\u003d\"\" blocktype\u003d\"Separator\" l\u003d\"25\" r\u003d\"666\" style\u003d\"transform: translate(27px, 567px); position: absolute;\" t\u003d\"419\"\u003e \u003cregion\u003e \u003crect b\u003d\"420\" l\u003d\"25\" r\u003d\"666\" t\u003d\"419\"\u003e\u003c/rect\u003e  \u003c/region\u003e  \u003cseparator thickness\u003d\"1\" type\u003d\"Black\"\u003e \u003cstart x\u003d\"25\" y\u003d\"419\"\u003e\u003c/start\u003e \u003cend x\u003d\"666\" y\u003d\"419\"\u003e\u003c/end\u003e \u003c/separator\u003e \u003c/block\u003e  \u003cblock b\u003d\"434\" blockname\u003d\"\" blocktype\u003d\"Separator\" l\u003d\"25\" r\u003d\"666\" style\u003d\"transform: translate(27px, 586px); position: absolute;\" t\u003d\"433\"\u003e \u003cregion\u003e \u003crect b\u003d\"434\" l\u003d\"25\" r\u003d\"666\" t\u003d\"433\"\u003e\u003c/rect\u003e  \u003c/region\u003e  \u003cseparator thickness\u003d\"1\" type\u003d\"Black\"\u003e \u003cstart x\u003d\"25\" y\u003d\"433\"\u003e\u003c/start\u003e \u003cend x\u003d\"666\" y\u003d\"433\"\u003e\u003c/end\u003e \u003c/separator\u003e \u003c/block\u003e  \u003cblock b\u003d\"448\" blockname\u003d\"\" blocktype\u003d\"Separator\" l\u003d\"25\" r\u003d\"666\" style\u003d\"transform: translate(27px, 605px); position: absolute;\" t\u003d\"447\"\u003e \u003cregion\u003e \u003crect b\u003d\"448\" l\u003d\"25\" r\u003d\"666\" t\u003d\"447\"\u003e\u003c/rect\u003e  \u003c/region\u003e  \u003cseparator thickness\u003d\"1\" type\u003d\"Black\"\u003e \u003cstart x\u003d\"25\" y\u003d\"447\"\u003e\u003c/start\u003e \u003cend x\u003d\"666\" y\u003d\"447\"\u003e\u003c/end\u003e \u003c/separator\u003e \u003c/block\u003e  \u003cblock b\u003d\"461\" blockname\u003d\"\" blocktype\u003d\"Separator\" l\u003d\"25\" r\u003d\"666\" style\u003d\"transform: translate(27px, 623px); position: absolute;\" t\u003d\"460\"\u003e \u003cregion\u003e \u003crect b\u003d\"461\" l\u003d\"25\" r\u003d\"666\" t\u003d\"460\"\u003e\u003c/rect\u003e  \u003c/region\u003e  \u003cseparator thickness\u003d\"1\" type\u003d\"Black\"\u003e \u003cstart x\u003d\"25\" y\u003d\"460\"\u003e\u003c/start\u003e \u003cend x\u003d\"666\" y\u003d\"460\"\u003e\u003c/end\u003e \u003c/separator\u003e \u003c/block\u003e  \u003cblock b\u003d\"475\" blockname\u003d\"\" blocktype\u003d\"Separator\" l\u003d\"25\" r\u003d\"666\" style\u003d\"transform: translate(27px, 642px); position: absolute;\" t\u003d\"474\"\u003e \u003cregion\u003e \u003crect b\u003d\"475\" l\u003d\"25\" r\u003d\"666\" t\u003d\"474\"\u003e\u003c/rect\u003e  \u003c/region\u003e  \u003cseparator thickness\u003d\"1\" type\u003d\"Black\"\u003e \u003cstart x\u003d\"25\" y\u003d\"474\"\u003e\u003c/start\u003e \u003cend x\u003d\"666\" y\u003d\"474\"\u003e\u003c/end\u003e \u003c/separator\u003e \u003c/block\u003e  \u003cblock b\u003d\"420\" blockname\u003d\"\" blocktype\u003d\"Separator\" l\u003d\"25\" r\u003d\"26\" style\u003d\"transform: translate(27px, 529px); position: absolute;\" t\u003d\"391\"\u003e \u003cregion\u003e \u003crect b\u003d\"420\" l\u003d\"25\" r\u003d\"26\" t\u003d\"391\"\u003e\u003c/rect\u003e  \u003c/region\u003e  \u003cseparator thickness\u003d\"1\" type\u003d\"Black\"\u003e \u003cstart x\u003d\"25\" y\u003d\"391\"\u003e\u003c/start\u003e \u003cend x\u003d\"25\" y\u003d\"420\"\u003e\u003c/end\u003e \u003c/separator\u003e \u003c/block\u003e  \u003cblock b\u003d\"476\" blockname\u003d\"\" blocktype\u003d\"Separator\" l\u003d\"25\" r\u003d\"26\" style\u003d\"transform: translate(27px, 585px); position: absolute;\" t\u003d\"432\"\u003e \u003cregion\u003e \u003crect b\u003d\"476\" l\u003d\"25\" r\u003d\"26\" t\u003d\"432\"\u003e\u003c/rect\u003e  \u003c/region\u003e  \u003cseparator thickness\u003d\"1\" type\u003d\"Black\"\u003e \u003cstart x\u003d\"25\" y\u003d\"432\"\u003e\u003c/start\u003e \u003cend x\u003d\"25\" y\u003d\"476\"\u003e\u003c/end\u003e \u003c/separator\u003e \u003c/block\u003e  \u003cblock b\u003d\"476\" blockname\u003d\"\" blocktype\u003d\"Separator\" l\u003d\"139\" r\u003d\"140\" style\u003d\"transform: translate(151px, 604px); position: absolute;\" t\u003d\"446\"\u003e \u003cregion\u003e \u003crect b\u003d\"476\" l\u003d\"139\" r\u003d\"140\" t\u003d\"446\"\u003e\u003c/rect\u003e  \u003c/region\u003e  \u003cseparator thickness\u003d\"1\" type\u003d\"Black\"\u003e \u003cstart x\u003d\"139\" y\u003d\"446\"\u003e\u003c/start\u003e \u003cend x\u003d\"139\" y\u003d\"476\"\u003e\u003c/end\u003e \u003c/separator\u003e \u003c/block\u003e  \u003cblock b\u003d\"314\" blockname\u003d\"\" blocktype\u003d\"Separator\" l\u003d\"318\" r\u003d\"320\" style\u003d\"transform: translate(344px, 310px); position: absolute;\" t\u003d\"229\"\u003e \u003cregion\u003e \u003crect b\u003d\"314\" l\u003d\"318\" r\u003d\"320\" t\u003d\"229\"\u003e\u003c/rect\u003e  \u003c/region\u003e  \u003cseparator thickness\u003d\"2\" type\u003d\"Black\"\u003e \u003cstart x\u003d\"319\" y\u003d\"229\"\u003e\u003c/start\u003e \u003cend x\u003d\"319\" y\u003d\"314\"\u003e\u003c/end\u003e \u003c/separator\u003e \u003c/block\u003e  \u003cblock b\u003d\"420\" blockname\u003d\"\" blocktype\u003d\"Separator\" l\u003d\"361\" r\u003d\"362\" style\u003d\"transform: translate(391px, 529px); position: absolute;\" t\u003d\"391\"\u003e \u003cregion\u003e \u003crect b\u003d\"420\" l\u003d\"361\" r\u003d\"362\" t\u003d\"391\"\u003e\u003c/rect\u003e  \u003c/region\u003e  \u003cseparator thickness\u003d\"1\" type\u003d\"Black\"\u003e \u003cstart x\u003d\"361\" y\u003d\"391\"\u003e\u003c/start\u003e \u003cend x\u003d\"361\" y\u003d\"420\"\u003e\u003c/end\u003e \u003c/separator\u003e \u003c/block\u003e  \u003cblock b\u003d\"420\" blockname\u003d\"\" blocktype\u003d\"Separator\" l\u003d\"665\" r\u003d\"666\" style\u003d\"transform: translate(720px, 529px); position: absolute;\" t\u003d\"391\"\u003e \u003cregion\u003e \u003crect b\u003d\"420\" l\u003d\"665\" r\u003d\"666\" t\u003d\"391\"\u003e\u003c/rect\u003e  \u003c/region\u003e  \u003cseparator thickness\u003d\"1\" type\u003d\"Black\"\u003e \u003cstart x\u003d\"665\" y\u003d\"391\"\u003e\u003c/start\u003e \u003cend x\u003d\"665\" y\u003d\"420\"\u003e\u003c/end\u003e \u003c/separator\u003e \u003c/block\u003e  \u003cblock b\u003d\"476\" blockname\u003d\"\" blocktype\u003d\"Separator\" l\u003d\"665\" r\u003d\"666\" style\u003d\"transform: translate(720px, 585px); position: absolute;\" t\u003d\"432\"\u003e \u003cregion\u003e \u003crect b\u003d\"476\" l\u003d\"665\" r\u003d\"666\" t\u003d\"432\"\u003e\u003c/rect\u003e  \u003c/region\u003e  \u003cseparator thickness\u003d\"1\" type\u003d\"Black\"\u003e \u003cstart x\u003d\"665\" y\u003d\"432\"\u003e\u003c/start\u003e \u003cend x\u003d\"665\" y\u003d\"476\"\u003e\u003c/end\u003e \u003c/separator\u003e \u003c/block\u003e  \u003cblock b\u003d\"476\" blockname\u003d\"\" blocktype\u003d\"Separator\" l\u003d\"314\" r\u003d\"315\" style\u003d\"transform: translate(340px, 623px); position: absolute;\" t\u003d\"460\"\u003e \u003cregion\u003e \u003crect b\u003d\"476\" l\u003d\"314\" r\u003d\"315\" t\u003d\"460\"\u003e\u003c/rect\u003e  \u003c/region\u003e  \u003cseparator thickness\u003d\"1\" type\u003d\"Black\"\u003e \u003cstart x\u003d\"314\" y\u003d\"460\"\u003e\u003c/start\u003e \u003cend x\u003d\"314\" y\u003d\"476\"\u003e\u003c/end\u003e \u003c/separator\u003e \u003c/block\u003e  \u003cblock b\u003d\"476\" blockname\u003d\"\" blocktype\u003d\"Separator\" l\u003d\"489\" r\u003d\"490\" style\u003d\"transform: translate(530px, 623px); position: absolute;\" t\u003d\"460\"\u003e \u003cregion\u003e \u003crect b\u003d\"476\" l\u003d\"489\" r\u003d\"490\" t\u003d\"460\"\u003e\u003c/rect\u003e  \u003c/region\u003e  \u003cseparator thickness\u003d\"1\" type\u003d\"Black\"\u003e \u003cstart x\u003d\"489\" y\u003d\"460\"\u003e\u003c/start\u003e \u003cend x\u003d\"489\" y\u003d\"476\"\u003e\u003c/end\u003e \u003c/separator\u003e \u003c/block\u003e  \u003cblock b\u003d\"152\" blockname\u003d\"\" blocktype\u003d\"Separator\" l\u003d\"560\" r\u003d\"562\" style\u003d\"transform: translate(607px, 142px); position: absolute;\" t\u003d\"105\"\u003e \u003cregion\u003e \u003crect b\u003d\"152\" l\u003d\"560\" r\u003d\"562\" t\u003d\"105\"\u003e\u003c/rect\u003e  \u003c/region\u003e  \u003cseparator thickness\u003d\"2\" type\u003d\"Dotted\"\u003e \u003cstart x\u003d\"561\" y\u003d\"105\"\u003e\u003c/start\u003e \u003cend x\u003d\"561\" y\u003d\"152\"\u003e\u003c/end\u003e \u003c/separator\u003e \u003c/block\u003e  \u003c/page\u003e         \u003c/document\u003e","tags":[{"score":0.5320057258402432,"end":22,"tag":"supplier_name","text":"CD RAC LG","estimatedAccuracy":0.8911116620407465,"begin":13},{"score":0.72497072581915,"end":238,"tag":"invoice_date","text":"06/19/2009","estimatedAccuracy":1.0,"begin":228}],"group":"invoice_date|supplier_name"}