{"finalScore":0.6553335428755774,"metaInfo":{"model":{"coreVersion":"9.3.0.9"}},"sumScore":3.2766677143778873,"tagsCounter":5.0,"taggedText":"\u003chtml\u003e\u003chead\u003e\u003c/head\u003e\u003cbody\u003e\u003cdocument languages\u003d\"\" producer\u003d\"Workfusion\" schemalocation\u003d\"http://ocr.crowdcomputingsystems.com/xml/schema-v1.xml\" version\u003d\"1.0\" xmlns\u003d\"http://ocr.crowdcomputingsystems.com/xml/schema-v1.xml\" xsi\u003d\"http://www.w3.org/2001/XMLSchema-instance\"\u003e \u003clink href\u003d\"https://s3.amazonaws.com/workfusion-resources/ocr/ocr-xml-viewer-0.3-scale-to-width.css\" rel\u003d\"stylesheet\" type\u003d\"text/css\"\u003e\u003c/link\u003e \u003cstyle\u003e\u003c/style\u003e\u003cpage data-pages\u003d\"1\" h\u003d\"363\" resolution\u003d\"96\" style\u003d\"height: 394px;\" w\u003d\"517\"\u003e \u003cblock b\u003d\"202\" blockname\u003d\"\" blocktype\u003d\"Text\" l\u003d\"34\" r\u003d\"163\" style\u003d\"transform: translate(92px, 190px); position: absolute; width: 350.82px; height: 83.9583px;\" t\u003d\"140\"\u003e \u003cregion\u003e \u003crect b\u003d\"202\" l\u003d\"34\" r\u003d\"163\" t\u003d\"140\"\u003e\u003c/rect\u003e  \u003c/region\u003e  \u003ctext\u003e \u003cpar linespacing\u003d\"1200\"\u003e \u003cline b\u003d\"152\" baseline\u003d\"150\" l\u003d\"35\" r\u003d\"124\" style\u003d\"transform: translate(3px, 1px); position: absolute;\" t\u003d\"141\"\u003e \u003cformatting lang\u003d\"EnglishUnitedStates\"\u003e \u003csupplier_name begin\u003d\"13\" class\u003d\"extraction-tag ml-tag\" data-text\u003d\"Ioew Web Design\" data-value\u003d\"Ioew Web Design\" end\u003d\"28\" estimated-accuracy\u003d\"0.975609756097561\" ml-tagorder\u003d\"0\" score\u003d\"0.6261756128780528\" style\u003d\"border: 2px solid rgb(125, 157, 1);\" tagorder\u003d\"0\"\u003eIoew Web Design\u003c/supplier_name\u003e \u003c/formatting\u003e  \u003c/line\u003e  \u003cline b\u003d\"166\" baseline\u003d\"166\" l\u003d\"36\" r\u003d\"131\" style\u003d\"transform: translate(5px, 24px); position: absolute;\" t\u003d\"158\"\u003e \u003cformatting lang\u003d\"EnglishUnitedStates\"\u003e 123 Red Wood Ave. \u003c/formatting\u003e  \u003c/line\u003e  \u003c/par\u003e  \u003cpar linespacing\u003d\"1200\"\u003e \u003cline b\u003d\"184\" baseline\u003d\"183\" l\u003d\"36\" r\u003d\"160\" style\u003d\"transform: translate(5px, 46px); position: absolute;\" t\u003d\"174\"\u003e \u003cformatting lang\u003d\"EnglishUnitedStates\"\u003e San Francisco, UT 94102 \u003c/formatting\u003e  \u003c/line\u003e  \u003cline b\u003d\"199\" baseline\u003d\"199\" l\u003d\"36\" r\u003d\"102\" style\u003d\"transform: translate(5px, 69px); position: absolute;\" t\u003d\"191\"\u003e \u003cformatting lang\u003d\"EnglishUnitedStates\"\u003e United States \u003c/formatting\u003e  \u003c/line\u003e  \u003c/par\u003e  \u003c/text\u003e  \u003c/block\u003e  \u003cblock b\u003d\"259\" blockname\u003d\"\" blocktype\u003d\"Text\" l\u003d\"48\" r\u003d\"74\" style\u003d\"transform: translate(131px, 334px); position: absolute; width: 70.7079px; height: 16.25px;\" t\u003d\"247\"\u003e \u003cregion\u003e \u003crect b\u003d\"259\" l\u003d\"48\" r\u003d\"74\" t\u003d\"247\"\u003e\u003c/rect\u003e  \u003c/region\u003e  \u003ctext\u003e \u003cpar linespacing\u003d\"600\"\u003e \u003cline b\u003d\"256\" baseline\u003d\"256\" l\u003d\"50\" r\u003d\"71\" style\u003d\"transform: translate(5px, 1px); position: absolute;\" t\u003d\"248\"\u003e \u003cformatting lang\u003d\"EnglishUnitedStates\"\u003e Task \u003c/formatting\u003e  \u003c/line\u003e  \u003c/par\u003e  \u003c/text\u003e  \u003c/block\u003e  \u003cblock b\u003d\"261\" blockname\u003d\"\" blocktype\u003d\"Text\" l\u003d\"160\" r\u003d\"218\" style\u003d\"transform: translate(435px, 334px); position: absolute; width: 157.733px; height: 18.9583px;\" t\u003d\"247\"\u003e \u003cregion\u003e \u003crect b\u003d\"261\" l\u003d\"160\" r\u003d\"218\" t\u003d\"247\"\u003e\u003c/rect\u003e  \u003c/region\u003e  \u003ctext\u003e \u003cpar linespacing\u003d\"600\"\u003e \u003cline b\u003d\"258\" baseline\u003d\"256\" l\u003d\"161\" r\u003d\"215\" style\u003d\"transform: translate(3px, 1px); position: absolute;\" t\u003d\"248\"\u003e \u003cformatting lang\u003d\"EnglishUnitedStates\"\u003e Description \u003c/formatting\u003e  \u003c/line\u003e  \u003c/par\u003e  \u003c/text\u003e  \u003c/block\u003e  \u003cblock b\u003d\"289\" blockname\u003d\"\" blocktype\u003d\"Text\" l\u003d\"48\" r\u003d\"254\" style\u003d\"transform: translate(131px, 371px); position: absolute; width: 560.224px; height: 20.3125px;\" t\u003d\"274\"\u003e \u003cregion\u003e \u003crect b\u003d\"289\" l\u003d\"48\" r\u003d\"254\" t\u003d\"274\"\u003e\u003c/rect\u003e  \u003c/region\u003e  \u003ctext\u003e \u003cpar linespacing\u003d\"680\"\u003e \u003cline b\u003d\"286\" baseline\u003d\"284\" l\u003d\"50\" r\u003d\"251\" style\u003d\"transform: translate(5px, 1px); position: absolute;\" t\u003d\"275\"\u003e \u003cformatting lang\u003d\"EnglishUnitedStates\"\u003e Website Redesign Spiffy new website \u003c/formatting\u003e  \u003c/line\u003e  \u003c/par\u003e  \u003c/text\u003e  \u003c/block\u003e  \u003cblock b\u003d\"68\" blockname\u003d\"\" blocktype\u003d\"Text\" l\u003d\"390\" r\u003d\"477\" style\u003d\"transform: translate(1061px, 53px); position: absolute; width: 236.6px; height: 39.2708px;\" t\u003d\"39\"\u003e \u003cregion\u003e \u003crect b\u003d\"68\" l\u003d\"390\" r\u003d\"477\" t\u003d\"39\"\u003e\u003c/rect\u003e  \u003c/region\u003e  \u003ctext\u003e \u003cpar linespacing\u003d\"-1\"\u003e\u003c/par\u003e  \u003c/text\u003e  \u003c/block\u003e  \u003cblock b\u003d\"115\" blockname\u003d\"\" blocktype\u003d\"Text\" l\u003d\"400\" r\u003d\"463\" style\u003d\"transform: translate(1088px, 139px); position: absolute; width: 171.331px; height: 16.25px;\" t\u003d\"103\"\u003e \u003cregion\u003e \u003crect b\u003d\"115\" l\u003d\"400\" r\u003d\"463\" t\u003d\"103\"\u003e\u003c/rect\u003e  \u003c/region\u003e  \u003ctext\u003e \u003cpar align\u003d\"Right\" linespacing\u003d\"680\" rightindent\u003d\"1200\"\u003e \u003cline b\u003d\"113\" baseline\u003d\"113\" l\u003d\"404\" r\u003d\"458\" style\u003d\"transform: translate(11px, 1px); position: absolute;\" t\u003d\"104\"\u003e \u003cformatting lang\u003d\"EnglishUnitedStates\"\u003e LOGO \u003c/formatting\u003e  \u003c/line\u003e  \u003c/par\u003e  \u003c/text\u003e  \u003c/block\u003e  \u003cblock b\u003d\"195\" blockname\u003d\"\" blocktype\u003d\"Text\" l\u003d\"308\" r\u003d\"474\" style\u003d\"transform: translate(838px, 191px); position: absolute; width: 451.443px; height: 73.125px;\" t\u003d\"141\"\u003e \u003cregion\u003e \u003crect b\u003d\"195\" l\u003d\"308\" r\u003d\"474\" t\u003d\"141\"\u003e\u003c/rect\u003e  \u003c/region\u003e  \u003ctext\u003e \u003cpar align\u003d\"Justified\" linespacing\u003d\"1275\"\u003e \u003cline b\u003d\"150\" baseline\u003d\"150\" l\u003d\"311\" r\u003d\"471\" style\u003d\"transform: translate(8px, 1px); position: absolute;\" t\u003d\"142\"\u003e \u003cformatting lang\u003d\"EnglishUnitedStates\"\u003e Invoice # \u003cinvoice_number begin\u003d\"287\" class\u003d\"extraction-tag ml-tag\" data-text\u003d\"983211\" data-value\u003d\"983211\" end\u003d\"293\" estimated-accuracy\u003d\"1.0\" ml-tagorder\u003d\"1\" score\u003d\"0.8420679564672984\" style\u003d\"border: 2px solid rgb(125, 157, 1);\" tagorder\u003d\"1\"\u003e983211\u003c/invoice_number\u003e \u003c/formatting\u003e  \u003c/line\u003e  \u003c/par\u003e  \u003cpar align\u003d\"Justified\" linespacing\u003d\"1275\"\u003e \u003cline b\u003d\"167\" baseline\u003d\"167\" l\u003d\"311\" r\u003d\"471\" style\u003d\"transform: translate(8px, 24px); position: absolute;\" t\u003d\"159\"\u003e \u003cformatting lang\u003d\"EnglishUnitedStates\"\u003e Invoice Date \u003cinvoice_date begin\u003d\"316\" class\u003d\"extraction-tag ml-tag\" data-text\u003d\"04.10.14\" data-value\u003d\"04/10/2014\" end\u003d\"324\" estimated-accuracy\u003d\"0.9549958059601401\" ml-tagorder\u003d\"2\" score\u003d\"0.5266819544082565\" style\u003d\"border: 2px solid rgb(125, 157, 1);\" tagorder\u003d\"2\"\u003e04.10.14\u003c/invoice_date\u003e \u003c/formatting\u003e  \u003c/line\u003e  \u003c/par\u003e  \u003cpar align\u003d\"Justified\" linespacing\u003d\"680\"\u003e \u003cline b\u003d\"192\" baseline\u003d\"192\" l\u003d\"310\" r\u003d\"471\" style\u003d\"transform: translate(5px, 57px); position: absolute;\" t\u003d\"183\"\u003e \u003cformatting lang\u003d\"EnglishUnitedStates\"\u003e Amount Due S600.00 \u003c/formatting\u003e  \u003c/line\u003e  \u003c/par\u003e  \u003c/text\u003e  \u003c/block\u003e  \u003cregion xmlns\u003d\"http://ocr.crowdcomputingsystems.com/xml/schema-v1.xml\"\u003e \u003crect b\u003d\"356\" l\u003d\"305\" r\u003d\"476\" t\u003d\"240\"\u003e\u003c/rect\u003e  \u003c/region\u003e \u003ctable b\u003d\"356\" blockname\u003d\"\" blocktype\u003d\"Table\" l\u003d\"305\" r\u003d\"476\" style\u003d\"transform: translate(829px, 325px); position: absolute; user-select: auto;\" t\u003d\"240\" xmlns\u003d\"\"\u003e \u003ctbody\u003e\u003ctr\u003e \u003ctd bottomborder\u003d\"White\" h\u003d\"24\" leftborder\u003d\"White\" rightborder\u003d\"White\" topborder\u003d\"White\" w\u003d\"59\"\u003e \u003ctext xmlns\u003d\"http://ocr.crowdcomputingsystems.com/xml/schema-v1.xml\"\u003e \u003cpar leftindent\u003d\"900\" linespacing\u003d\"600\"\u003e \u003cline b\u003d\"256\" baseline\u003d\"256\" l\u003d\"316\" r\u003d\"338\" t\u003d\"248\"\u003e \u003cformatting lang\u003d\"EnglishUnitedStates\"\u003e Rate \u003c/formatting\u003e  \u003c/line\u003e  \u003c/par\u003e  \u003c/text\u003e  \u003c/td\u003e   \u003ctd bottomborder\u003d\"White\" h\u003d\"24\" leftborder\u003d\"White\" rightborder\u003d\"White\" topborder\u003d\"White\" w\u003d\"57\"\u003e \u003ctext xmlns\u003d\"http://ocr.crowdcomputingsystems.com/xml/schema-v1.xml\"\u003e \u003cpar leftindent\u003d\"1100\" linespacing\u003d\"600\"\u003e \u003cline b\u003d\"256\" baseline\u003d\"256\" l\u003d\"378\" r\u003d\"406\" t\u003d\"248\"\u003e \u003cformatting lang\u003d\"EnglishUnitedStates\"\u003e Hours \u003c/formatting\u003e  \u003c/line\u003e  \u003c/par\u003e  \u003c/text\u003e  \u003c/td\u003e   \u003ctd bottomborder\u003d\"White\" h\u003d\"24\" leftborder\u003d\"White\" rightborder\u003d\"White\" topborder\u003d\"White\" w\u003d\"55\"\u003e \u003ctext xmlns\u003d\"http://ocr.crowdcomputingsystems.com/xml/schema-v1.xml\"\u003e \u003cpar align\u003d\"Right\" linespacing\u003d\"600\" rightindent\u003d\"900\"\u003e \u003cline b\u003d\"256\" baseline\u003d\"256\" l\u003d\"442\" r\u003d\"464\" t\u003d\"248\"\u003e \u003cformatting lang\u003d\"EnglishUnitedStates\"\u003e Total \u003c/formatting\u003e  \u003c/line\u003e  \u003c/par\u003e  \u003c/text\u003e  \u003c/td\u003e   \u003c/tr\u003e \n \u003ctr\u003e \u003ctd bottomborder\u003d\"White\" h\u003d\"42\" leftborder\u003d\"White\" rightborder\u003d\"White\" topborder\u003d\"White\" w\u003d\"59\"\u003e \u003ctext xmlns\u003d\"http://ocr.crowdcomputingsystems.com/xml/schema-v1.xml\"\u003e \u003cpar leftindent\u003d\"900\" linespacing\u003d\"680\"\u003e \u003cline b\u003d\"284\" baseline\u003d\"284\" l\u003d\"318\" r\u003d\"337\" t\u003d\"275\"\u003e \u003cformatting lang\u003d\"EnglishUnitedStates\"\u003e S60 \u003c/formatting\u003e  \u003c/line\u003e  \u003c/par\u003e  \u003c/text\u003e  \u003c/td\u003e   \u003ctd bottomborder\u003d\"White\" h\u003d\"42\" leftborder\u003d\"White\" rightborder\u003d\"White\" topborder\u003d\"White\" w\u003d\"57\"\u003e \u003ctext xmlns\u003d\"http://ocr.crowdcomputingsystems.com/xml/schema-v1.xml\"\u003e \u003cpar align\u003d\"Center\" leftindent\u003d\"100\" linespacing\u003d\"680\"\u003e \u003cline b\u003d\"284\" baseline\u003d\"284\" l\u003d\"386\" r\u003d\"398\" t\u003d\"275\"\u003e \u003cformatting lang\u003d\"EnglishUnitedStates\"\u003e \u003cquantity begin\u003d\"463\" class\u003d\"extraction-tag ml-tag\" data-text\u003d\"10\" data-value\u003d\"10.00\" end\u003d\"465\" estimated-accuracy\u003d\"0.9971039455490764\" ml-tagorder\u003d\"3\" score\u003d\"0.6279353199515116\" style\u003d\"border: 2px solid rgb(125, 157, 1);\" tagorder\u003d\"3\"\u003e10\u003c/quantity\u003e \u003c/formatting\u003e  \u003c/line\u003e  \u003c/par\u003e  \u003c/text\u003e  \u003c/td\u003e   \u003ctd bottomborder\u003d\"White\" h\u003d\"42\" leftborder\u003d\"White\" rightborder\u003d\"White\" topborder\u003d\"White\" w\u003d\"55\"\u003e \u003ctext xmlns\u003d\"http://ocr.crowdcomputingsystems.com/xml/schema-v1.xml\"\u003e \u003cpar align\u003d\"Right\" linespacing\u003d\"680\" rightindent\u003d\"900\"\u003e \u003cline b\u003d\"284\" baseline\u003d\"284\" l\u003d\"442\" r\u003d\"464\" t\u003d\"275\"\u003e \u003cformatting lang\u003d\"EnglishUnitedStates\"\u003e Total \u003c/formatting\u003e  \u003c/line\u003e  \u003c/par\u003e  \u003c/text\u003e  \u003c/td\u003e   \u003c/tr\u003e \n \u003ctr\u003e \u003ctd bottomborder\u003d\"White\" h\u003d\"34\" leftborder\u003d\"White\" rightborder\u003d\"White\" topborder\u003d\"White\" w\u003d\"59\"\u003e \u003ctext xmlns\u003d\"http://ocr.crowdcomputingsystems.com/xml/schema-v1.xml\"\u003e \u003cpar linespacing\u003d\"600\"\u003e \u003cline b\u003d\"334\" baseline\u003d\"334\" l\u003d\"311\" r\u003d\"348\" t\u003d\"326\"\u003e \u003cformatting lang\u003d\"EnglishUnitedStates\"\u003e GST 5% \u003c/formatting\u003e  \u003c/line\u003e  \u003c/par\u003e  \u003c/text\u003e  \u003c/td\u003e   \u003ctd bottomborder\u003d\"White\" h\u003d\"34\" leftborder\u003d\"White\" rightborder\u003d\"White\" topborder\u003d\"White\" w\u003d\"57\"\u003e \u003ctext xmlns\u003d\"http://ocr.crowdcomputingsystems.com/xml/schema-v1.xml\"\u003e \u003cpar leftindent\u003d\"1100\" linespacing\u003d\"-1\"\u003e\u003c/par\u003e  \u003c/text\u003e  \u003c/td\u003e   \u003ctd bottomborder\u003d\"White\" h\u003d\"34\" leftborder\u003d\"White\" rightborder\u003d\"White\" topborder\u003d\"White\" w\u003d\"55\"\u003e \u003ctext xmlns\u003d\"http://ocr.crowdcomputingsystems.com/xml/schema-v1.xml\"\u003e \u003cpar align\u003d\"Right\" linespacing\u003d\"600\"\u003e \u003cline b\u003d\"334\" baseline\u003d\"334\" l\u003d\"443\" r\u003d\"472\" t\u003d\"326\"\u003e \u003cformatting lang\u003d\"EnglishUnitedStates\"\u003e 30.00 \u003c/formatting\u003e  \u003c/line\u003e  \u003c/par\u003e  \u003c/text\u003e  \u003c/td\u003e   \u003c/tr\u003e \n \u003ctr\u003e \u003ctd bottomborder\u003d\"White\" h\u003d\"16\" leftborder\u003d\"White\" rightborder\u003d\"White\" topborder\u003d\"White\" w\u003d\"59\"\u003e \u003ctext xmlns\u003d\"http://ocr.crowdcomputingsystems.com/xml/schema-v1.xml\"\u003e \u003cpar linespacing\u003d\"600\"\u003e \u003cline b\u003d\"353\" baseline\u003d\"353\" l\u003d\"311\" r\u003d\"332\" t\u003d\"345\"\u003e \u003cformatting lang\u003d\"EnglishUnitedStates\"\u003e Total \u003c/formatting\u003e  \u003c/line\u003e  \u003c/par\u003e  \u003c/text\u003e  \u003c/td\u003e   \u003ctd bottomborder\u003d\"White\" h\u003d\"16\" leftborder\u003d\"White\" rightborder\u003d\"White\" topborder\u003d\"White\" w\u003d\"57\"\u003e \u003ctext xmlns\u003d\"http://ocr.crowdcomputingsystems.com/xml/schema-v1.xml\"\u003e \u003cpar leftindent\u003d\"1100\" linespacing\u003d\"-1\"\u003e\u003c/par\u003e  \u003c/text\u003e  \u003c/td\u003e   \u003ctd bottomborder\u003d\"White\" h\u003d\"16\" leftborder\u003d\"White\" rightborder\u003d\"White\" topborder\u003d\"White\" w\u003d\"55\"\u003e \u003ctext xmlns\u003d\"http://ocr.crowdcomputingsystems.com/xml/schema-v1.xml\"\u003e \u003cpar align\u003d\"Right\" linespacing\u003d\"600\"\u003e \u003cline b\u003d\"353\" baseline\u003d\"353\" l\u003d\"436\" r\u003d\"472\" t\u003d\"345\"\u003e \u003cformatting lang\u003d\"EnglishUnitedStates\"\u003e \u003ctotal_amount begin\u003d\"597\" class\u003d\"extraction-tag ml-tag\" data-text\u003d\"630.00\" data-value\u003d\"630.00\" end\u003d\"603\" estimated-accuracy\u003d\"0.9591836734693877\" ml-tagorder\u003d\"4\" score\u003d\"0.6538068706727679\" style\u003d\"border: 2px solid rgb(125, 157, 1);\" tagorder\u003d\"4\"\u003e630.00\u003c/total_amount\u003e \u003c/formatting\u003e  \u003c/line\u003e  \u003c/par\u003e  \u003c/text\u003e  \u003c/td\u003e   \u003c/tr\u003e \n \u003c/tbody\u003e\u003c/table\u003e\n \u003cblock b\u003d\"5\" blockname\u003d\"\" blocktype\u003d\"Separator\" l\u003d\"1\" r\u003d\"515\" style\u003d\"transform: translate(3px, 3px); position: absolute;\" t\u003d\"2\"\u003e \u003cregion\u003e \u003crect b\u003d\"5\" l\u003d\"1\" r\u003d\"515\" t\u003d\"2\"\u003e\u003c/rect\u003e  \u003c/region\u003e  \u003cseparator thickness\u003d\"3\" type\u003d\"Black\"\u003e \u003cstart x\u003d\"1\" y\u003d\"3\"\u003e\u003c/start\u003e \u003cend x\u003d\"515\" y\u003d\"3\"\u003e\u003c/end\u003e \u003c/separator\u003e \u003c/block\u003e  \u003cblock b\u003d\"17\" blockname\u003d\"\" blocktype\u003d\"Separator\" l\u003d\"1\" r\u003d\"80\" style\u003d\"transform: translate(3px, 20px); position: absolute;\" t\u003d\"15\"\u003e \u003cregion\u003e \u003crect b\u003d\"17\" l\u003d\"1\" r\u003d\"80\" t\u003d\"15\"\u003e\u003c/rect\u003e  \u003c/region\u003e  \u003cseparator thickness\u003d\"2\" type\u003d\"Black\"\u003e \u003cstart x\u003d\"1\" y\u003d\"16\"\u003e\u003c/start\u003e \u003cend x\u003d\"80\" y\u003d\"16\"\u003e\u003c/end\u003e \u003c/separator\u003e \u003c/block\u003e  \u003cblock b\u003d\"17\" blockname\u003d\"\" blocktype\u003d\"Separator\" l\u003d\"138\" r\u003d\"516\" style\u003d\"transform: translate(375px, 22px); position: absolute;\" t\u003d\"16\"\u003e \u003cregion\u003e \u003crect b\u003d\"17\" l\u003d\"138\" r\u003d\"516\" t\u003d\"16\"\u003e\u003c/rect\u003e  \u003c/region\u003e  \u003cseparator thickness\u003d\"1\" type\u003d\"Black\"\u003e \u003cstart x\u003d\"138\" y\u003d\"16\"\u003e\u003c/start\u003e \u003cend x\u003d\"516\" y\u003d\"16\"\u003e\u003c/end\u003e \u003c/separator\u003e \u003c/block\u003e  \u003cblock b\u003d\"363\" blockname\u003d\"\" blocktype\u003d\"Separator\" l\u003d\"514\" r\u003d\"516\" style\u003d\"transform: translate(1398px, 173px); position: absolute;\" t\u003d\"128\"\u003e \u003cregion\u003e \u003crect b\u003d\"363\" l\u003d\"514\" r\u003d\"516\" t\u003d\"128\"\u003e\u003c/rect\u003e  \u003c/region\u003e  \u003cseparator thickness\u003d\"2\" type\u003d\"Black\"\u003e \u003cstart x\u003d\"515\" y\u003d\"128\"\u003e\u003c/start\u003e \u003cend x\u003d\"515\" y\u003d\"363\"\u003e\u003c/end\u003e \u003c/separator\u003e \u003c/block\u003e  \u003cblock b\u003d\"98\" blockname\u003d\"\" blocktype\u003d\"Separator\" l\u003d\"515\" r\u003d\"516\" style\u003d\"transform: translate(1401px, 80px); position: absolute;\" t\u003d\"59\"\u003e \u003cregion\u003e \u003crect b\u003d\"98\" l\u003d\"515\" r\u003d\"516\" t\u003d\"59\"\u003e\u003c/rect\u003e  \u003c/region\u003e  \u003cseparator thickness\u003d\"1\" type\u003d\"Black\"\u003e \u003cstart x\u003d\"515\" y\u003d\"59\"\u003e\u003c/start\u003e \u003cend x\u003d\"515\" y\u003d\"98\"\u003e\u003c/end\u003e \u003c/separator\u003e \u003c/block\u003e  \u003cblock b\u003d\"202\" blockname\u003d\"\" blocktype\u003d\"Text\" class\u003d\"hidden\" l\u003d\"300\" r\u003d\"484\" style\u003d\"transform: translate(816px, 238px); position: absolute; width: 500.395px; height: 35.2083px;\" t\u003d\"176\"\u003e \u003cregion\u003e \u003crect b\u003d\"202\" l\u003d\"300\" r\u003d\"484\" t\u003d\"176\"\u003e\u003c/rect\u003e  \u003c/region\u003e  \u003ctext\u003e \u003cpar align\u003d\"Justified\" linespacing\u003d\"680\"\u003e \u003cline b\u003d\"192\" baseline\u003d\"192\" l\u003d\"309\" r\u003d\"471\" style\u003d\"transform: translate(24px, 9px); position: absolute;\" t\u003d\"183\"\u003e \u003cformatting lang\u003d\"EnglishUnitedStates\"\u003e Amount Due S600.00 \u003c/formatting\u003e  \u003c/line\u003e  \u003c/par\u003e  \u003c/text\u003e  \u003c/block\u003e  \u003c/page\u003e             \u003c/document\u003e\u003c/body\u003e\u003c/html\u003e","tags":[{"score":0.6261756128780528,"end":28,"tag":"supplier_name","text":"Ioew Web Design","estimatedAccuracy":0.975609756097561,"begin":13},{"score":0.8420679564672984,"end":293,"tag":"invoice_number","text":"983211","estimatedAccuracy":1.0,"begin":287},{"score":0.5266819544082565,"end":324,"tag":"invoice_date","text":"04/10/2014","estimatedAccuracy":0.9549958059601401,"begin":316},{"score":0.6279353199515116,"end":465,"tag":"quantity","text":"10.00","estimatedAccuracy":0.9971039455490764,"begin":463},{"score":0.6538068706727679,"end":603,"tag":"total_amount","text":"630.00","estimatedAccuracy":0.9591836734693877,"begin":597}],"group":"invoice_date|invoice_number|quantity|supplier_name|total_amount"}