{"finalScore":0.5513457802579538,"metaInfo":{"model":{"coreVersion":"9.3.0.9"}},"sumScore":1.6540373407738613,"tagsCounter":3.0,"taggedText":"\u003chtml\u003e\u003chead\u003e\u003c/head\u003e\u003cbody\u003e\u003cdocument languages\u003d\"\" producer\u003d\"Workfusion\" schemalocation\u003d\"http://ocr.crowdcomputingsystems.com/xml/schema-v1.xml\" version\u003d\"1.0\" xmlns\u003d\"http://ocr.crowdcomputingsystems.com/xml/schema-v1.xml\" xsi\u003d\"http://www.w3.org/2001/XMLSchema-instance\"\u003e \u003clink href\u003d\"https://s3.amazonaws.com/workfusion-resources/ocr/ocr-xml-viewer-0.3-scale-to-width.css\" rel\u003d\"stylesheet\" type\u003d\"text/css\"\u003e\u003c/link\u003e \u003cstyle\u003e\u003c/style\u003e\u003cpage data-pages\u003d\"1\" h\u003d\"1221\" resolution\u003d\"110\" style\u003d\"height: 1350px;\" w\u003d\"944\"\u003e \u003cblock b\u003d\"251\" blockname\u003d\"\" blocktype\u003d\"Text\" l\u003d\"61\" r\u003d\"317\" style\u003d\"transform: translate(49px, 145px); position: absolute; width: 204.746px; height: 151.273px;\" t\u003d\"123\"\u003e \u003cregion\u003e \u003crect b\u003d\"251\" l\u003d\"61\" r\u003d\"317\" t\u003d\"123\"\u003e\u003c/rect\u003e  \u003c/region\u003e  \u003ctext\u003e \u003cpar leftindent\u003d\"700\" linespacing\u003d\"4520\"\u003e \u003cline b\u003d\"225\" baseline\u003d\"204\" l\u003d\"72\" r\u003d\"309\" style\u003d\"transform: translate(9px, 14px); position: absolute;\" t\u003d\"135\"\u003e \u003cformatting lang\u003d\"EnglishUnitedStates\"\u003e j^s-tees \u003c/formatting\u003e  \u003c/line\u003e  \u003c/par\u003e  \u003cpar align\u003d\"Center\" linespacing\u003d\"660\" rightindent\u003d\"300\"\u003e \u003cline b\u003d\"235\" baseline\u003d\"231\" l\u003d\"101\" r\u003d\"282\" style\u003d\"transform: translate(32px, 116px); position: absolute;\" t\u003d\"221\"\u003e \u003cformatting lang\u003d\"EnglishUnitedStates\"\u003e \\Custom Screenprinting/ \u003c/formatting\u003e  \u003c/line\u003e  \u003c/par\u003e  \u003c/text\u003e  \u003c/block\u003e  \u003cblock b\u003d\"226\" blockname\u003d\"\" blocktype\u003d\"Text\" l\u003d\"363\" r\u003d\"583\" style\u003d\"transform: translate(290px, 183px); position: absolute; width: 175.953px; height: 83.9091px;\" t\u003d\"155\"\u003e \u003cregion\u003e \u003crect b\u003d\"226\" l\u003d\"363\" r\u003d\"583\" t\u003d\"155\"\u003e\u003c/rect\u003e  \u003c/region\u003e  \u003ctext\u003e \u003cpar linespacing\u003d\"1505\"\u003e \u003cline b\u003d\"175\" baseline\u003d\"172\" l\u003d\"364\" r\u003d\"580\" style\u003d\"transform: translate(1px, 1px); position: absolute;\" t\u003d\"156\"\u003e \u003cformatting lang\u003d\"EnglishUnitedStates\"\u003e 9Jow Corp \u003c/formatting\u003e  \u003c/line\u003e  \u003c/par\u003e  \u003cpar align\u003d\"Center\" leftindent\u003d\"100\" linespacing\u003d\"1505\"\u003e \u003cline b\u003d\"196\" baseline\u003d\"196\" l\u003d\"377\" r\u003d\"571\" style\u003d\"transform: translate(11px, 32px); position: absolute;\" t\u003d\"182\"\u003e \u003cformatting lang\u003d\"EnglishUnitedStates\"\u003e 1234 Your Address Ave \u003c/formatting\u003e  \u003c/line\u003e  \u003cline b\u003d\"223\" baseline\u003d\"219\" l\u003d\"385\" r\u003d\"557\" style\u003d\"transform: translate(18px, 59px); position: absolute;\" t\u003d\"205\"\u003e \u003cformatting lang\u003d\"EnglishUnitedStates\"\u003e Anytown, USA 90001 \u003c/formatting\u003e  \u003c/line\u003e  \u003c/par\u003e  \u003c/text\u003e  \u003c/block\u003e  \u003cblock b\u003d\"256\" blockname\u003d\"\" blocktype\u003d\"Text\" l\u003d\"731\" r\u003d\"884\" style\u003d\"transform: translate(585px, 135px); position: absolute; width: 122.368px; height: 167.818px;\" t\u003d\"114\"\u003e \u003cregion\u003e \u003crect b\u003d\"256\" l\u003d\"731\" r\u003d\"884\" t\u003d\"114\"\u003e\u003c/rect\u003e  \u003c/region\u003e  \u003ctext\u003e \u003cpar linespacing\u003d\"1830\"\u003e \u003cline b\u003d\"143\" baseline\u003d\"143\" l\u003d\"732\" r\u003d\"881\" style\u003d\"transform: translate(1px, 1px); position: absolute;\" t\u003d\"115\"\u003e \u003cformatting lang\u003d\"EnglishUnitedStates\"\u003e INVOICE \u003c/formatting\u003e  \u003c/line\u003e  \u003c/par\u003e  \u003cpar align\u003d\"Right\" linespacing\u003d\"790\"\u003e \u003cline b\u003d\"166\" baseline\u003d\"166\" l\u003d\"806\" r\u003d\"880\" style\u003d\"transform: translate(60px, 47px); position: absolute;\" t\u003d\"154\"\u003e \u003cformatting lang\u003d\"EnglishUnitedStates\"\u003e \u003cinvoice_date begin\u003d\"178\" class\u003d\"extraction-tag ml-tag\" data-text\u003d\"9/17/2007\" data-value\u003d\"09/17/2007\" end\u003d\"187\" estimated-accuracy\u003d\"0.9450993622838406\" ml-tagorder\u003d\"0\" score\u003d\"0.5096914972822955\" style\u003d\"border: 2px solid rgb(125, 157, 1);\" tagorder\u003d\"0\"\u003e9/17/2007\u003c/invoice_date\u003e \u003c/formatting\u003e  \u003c/line\u003e  \u003c/par\u003e  \u003cpar align\u003d\"Right\" linespacing\u003d\"1050\"\u003e \u003cline b\u003d\"195\" baseline\u003d\"195\" l\u003d\"791\" r\u003d\"879\" style\u003d\"transform: translate(48px, 77px); position: absolute;\" t\u003d\"179\"\u003e \u003cformatting lang\u003d\"EnglishUnitedStates\"\u003e Inv#\u003cinvoice_number begin\u003d\"201\" class\u003d\"extraction-tag ml-tag\" data-text\u003d\"0001\" data-value\u003d\"0001\" end\u003d\"205\" estimated-accuracy\u003d\"0.9311925464526273\" ml-tagorder\u003d\"1\" score\u003d\"0.5314149721740823\" style\u003d\"border: 2px solid rgb(125, 157, 1);\" tagorder\u003d\"1\"\u003e0001\u003c/invoice_number\u003e \u003c/formatting\u003e  \u003c/line\u003e  \u003c/par\u003e  \u003cpar leftindent\u003d\"2200\" linespacing\u003d\"2090\"\u003e \u003cline b\u003d\"254\" baseline\u003d\"254\" l\u003d\"764\" r\u003d\"881\" style\u003d\"transform: translate(26px, 128px); position: absolute;\" t\u003d\"222\"\u003e \u003cformatting lang\u003d\"EnglishUnitedStates\"\u003e PAID \u003c/formatting\u003e  \u003c/line\u003e  \u003c/par\u003e  \u003c/text\u003e  \u003c/block\u003e  \u003cblock b\u003d\"503\" blockname\u003d\"\" blocktype\u003d\"Text\" l\u003d\"485\" r\u003d\"885\" style\u003d\"transform: translate(388px, 340px); position: absolute; width: 319.915px; height: 254.091px;\" t\u003d\"288\"\u003e \u003cregion\u003e \u003crect b\u003d\"503\" l\u003d\"485\" r\u003d\"885\" t\u003d\"288\"\u003e\u003c/rect\u003e  \u003c/region\u003e  \u003ctext\u003e \u003cpar align\u003d\"Justified\" leftindent\u003d\"800\" linespacing\u003d\"720\"\u003e \u003cline b\u003d\"312\" baseline\u003d\"309\" l\u003d\"497\" r\u003d\"551\" style\u003d\"transform: translate(10px, 12px); position: absolute;\" t\u003d\"298\"\u003e \u003cformatting lang\u003d\"EnglishUnitedStates\"\u003e Ship To \u003c/formatting\u003e  \u003c/line\u003e  \u003c/par\u003e  \u003cpar align\u003d\"Justified\" leftindent\u003d\"800\" linespacing\u003d\"1110\"\u003e \u003cline b\u003d\"341\" baseline\u003d\"341\" l\u003d\"494\" r\u003d\"555\" style\u003d\"transform: translate(7px, 43px); position: absolute;\" t\u003d\"324\"\u003e \u003cformatting lang\u003d\"EnglishUnitedStates\"\u003e SAME \u003c/formatting\u003e  \u003c/line\u003e  \u003c/par\u003e  \u003cpar align\u003d\"Justified\" leftindent\u003d\"1200\" linespacing\u003d\"1505\"\u003e \u003cline b\u003d\"474\" baseline\u003d\"473\" l\u003d\"504\" r\u003d\"843\" style\u003d\"transform: translate(15px, 206px); position: absolute;\" t\u003d\"462\"\u003e \u003cformatting lang\u003d\"EnglishUnitedStates\"\u003e Due Date Terms ShipVia Rep \u003c/formatting\u003e  \u003c/line\u003e  \u003c/par\u003e  \u003cpar align\u003d\"Justified\" leftindent\u003d\"800\" linespacing\u003d\"1505\"\u003e \u003cline b\u003d\"501\" baseline\u003d\"496\" l\u003d\"500\" r\u003d\"881\" style\u003d\"transform: translate(12px, 233px); position: absolute;\" t\u003d\"485\"\u003e \u003cformatting lang\u003d\"EnglishUnitedStates\"\u003e 9/24/2007 C.O.D. Deliver _ \u003c/formatting\u003e  \u003c/line\u003e  \u003c/par\u003e  \u003c/text\u003e  \u003c/block\u003e  \u003cregion xmlns\u003d\"http://ocr.crowdcomputingsystems.com/xml/schema-v1.xml\"\u003e \u003crect b\u003d\"503\" l\u003d\"57\" r\u003d\"460\" t\u003d\"288\"\u003e\u003c/rect\u003e  \u003c/region\u003e \u003ctable b\u003d\"503\" blockname\u003d\"\" blocktype\u003d\"Table\" l\u003d\"57\" r\u003d\"460\" style\u003d\"transform: translate(46px, 340px); position: absolute; user-select: auto;\" t\u003d\"288\" xmlns\u003d\"\"\u003e \u003ctbody\u003e\u003ctr\u003e \u003ctd colspan\u003d\"2\" h\u003d\"28\" w\u003d\"403\"\u003e \u003ctext xmlns\u003d\"http://ocr.crowdcomputingsystems.com/xml/schema-v1.xml\"\u003e \u003cpar leftindent\u003d\"800\" linespacing\u003d\"720\"\u003e \u003cline b\u003d\"309\" baseline\u003d\"309\" l\u003d\"69\" r\u003d\"114\" t\u003d\"298\"\u003e \u003cformatting lang\u003d\"EnglishUnitedStates\"\u003e Bill To \u003c/formatting\u003e  \u003c/line\u003e  \u003c/par\u003e  \u003c/text\u003e  \u003c/td\u003e   \u003c/tr\u003e \n \u003ctr\u003e \u003ctd bottomborder\u003d\"White\" h\u003d\"91\" rightborder\u003d\"White\" w\u003d\"183\"\u003e \u003ctext xmlns\u003d\"http://ocr.crowdcomputingsystems.com/xml/schema-v1.xml\"\u003e \u003cpar linespacing\u003d\"1571\"\u003e \u003cline b\u003d\"389\" baseline\u003d\"389\" l\u003d\"67\" r\u003d\"174\" t\u003d\"375\"\u003e \u003cformatting lang\u003d\"EnglishUnitedStates\"\u003e 1234 Main St \u003c/formatting\u003e  \u003c/line\u003e  \u003c/par\u003e  \u003c/text\u003e  \u003c/td\u003e   \u003ctd bottomborder\u003d\"White\" h\u003d\"91\" leftborder\u003d\"White\" w\u003d\"220\"\u003e \u003ctext xmlns\u003d\"http://ocr.crowdcomputingsystems.com/xml/schema-v1.xml\"\u003e \u003cpar leftindent\u003d\"1000\" linespacing\u003d\"-1\"\u003e\u003c/par\u003e  \u003c/text\u003e  \u003c/td\u003e   \u003c/tr\u003e \n \u003ctr\u003e \u003ctd bottomborder\u003d\"White\" h\u003d\"39\" rightborder\u003d\"White\" topborder\u003d\"White\" w\u003d\"183\"\u003e \u003ctext xmlns\u003d\"http://ocr.crowdcomputingsystems.com/xml/schema-v1.xml\"\u003e \u003cpar linespacing\u003d\"920\"\u003e \u003cline b\u003d\"442\" baseline\u003d\"438\" l\u003d\"65\" r\u003d\"135\" t\u003d\"424\"\u003e \u003cformatting lang\u003d\"EnglishUnitedStates\"\u003e Anytown \u003c/formatting\u003e  \u003c/line\u003e  \u003c/par\u003e  \u003c/text\u003e  \u003c/td\u003e   \u003ctd bottomborder\u003d\"White\" h\u003d\"39\" leftborder\u003d\"White\" topborder\u003d\"White\" w\u003d\"220\"\u003e \u003ctext xmlns\u003d\"http://ocr.crowdcomputingsystems.com/xml/schema-v1.xml\"\u003e \u003cpar leftindent\u003d\"2500\" linespacing\u003d\"920\"\u003e \u003cline b\u003d\"438\" baseline\u003d\"438\" l\u003d\"278\" r\u003d\"368\" t\u003d\"424\"\u003e \u003cformatting lang\u003d\"EnglishUnitedStates\"\u003e US 90001 \u003c/formatting\u003e  \u003c/line\u003e  \u003c/par\u003e  \u003c/text\u003e  \u003c/td\u003e   \u003c/tr\u003e \n \u003ctr\u003e \u003ctd bottomborder\u003d\"White\" h\u003d\"24\" rightborder\u003d\"White\" topborder\u003d\"White\" w\u003d\"183\"\u003e \u003ctext xmlns\u003d\"http://ocr.crowdcomputingsystems.com/xml/schema-v1.xml\"\u003e \u003cpar linespacing\u003d\"920\"\u003e \u003cline b\u003d\"463\" baseline\u003d\"463\" l\u003d\"65\" r\u003d\"202\" t\u003d\"449\"\u003e \u003cformatting lang\u003d\"EnglishUnitedStates\"\u003e Ph 800-909-0026 \u003c/formatting\u003e  \u003c/line\u003e  \u003c/par\u003e  \u003c/text\u003e  \u003c/td\u003e   \u003ctd bottomborder\u003d\"White\" h\u003d\"24\" leftborder\u003d\"White\" topborder\u003d\"White\" w\u003d\"220\"\u003e \u003ctext xmlns\u003d\"http://ocr.crowdcomputingsystems.com/xml/schema-v1.xml\"\u003e \u003cpar leftindent\u003d\"1000\" linespacing\u003d\"920\"\u003e \u003cline b\u003d\"463\" baseline\u003d\"463\" l\u003d\"256\" r\u003d\"400\" t\u003d\"449\"\u003e \u003cformatting lang\u003d\"EnglishUnitedStates\"\u003e Fax 800-909-0027 \u003c/formatting\u003e  \u003c/line\u003e  \u003c/par\u003e  \u003c/text\u003e  \u003c/td\u003e   \u003c/tr\u003e \n \u003ctr\u003e \u003ctd colspan\u003d\"2\" h\u003d\"33\" topborder\u003d\"White\" w\u003d\"403\"\u003e \u003ctext xmlns\u003d\"http://ocr.crowdcomputingsystems.com/xml/schema-v1.xml\"\u003e \u003cpar linespacing\u003d\"920\"\u003e \u003cline b\u003d\"492\" baseline\u003d\"488\" l\u003d\"65\" r\u003d\"369\" t\u003d\"474\"\u003e \u003cformatting lang\u003d\"EnglishUnitedStates\"\u003e Em ail yourcontact@you rcu stomer.com \u003c/formatting\u003e  \u003c/line\u003e  \u003c/par\u003e  \u003c/text\u003e  \u003c/td\u003e   \u003c/tr\u003e \n \u003c/tbody\u003e\u003c/table\u003e\n \u003cblock b\u003d\"529\" blockname\u003d\"\" blocktype\u003d\"Text\" l\u003d\"60\" r\u003d\"132\" style\u003d\"transform: translate(48px, 606px); position: absolute; width: 57.5847px; height: 18.9091px;\" t\u003d\"513\"\u003e \u003cregion\u003e \u003crect b\u003d\"529\" l\u003d\"60\" r\u003d\"132\" t\u003d\"513\"\u003e\u003c/rect\u003e  \u003c/region\u003e  \u003ctext\u003e \u003cpar linespacing\u003d\"720\"\u003e \u003cline b\u003d\"526\" baseline\u003d\"526\" l\u003d\"61\" r\u003d\"129\" style\u003d\"transform: translate(1px, 2px); position: absolute;\" t\u003d\"515\"\u003e \u003cformatting lang\u003d\"EnglishUnitedStates\"\u003e Job Name \u003c/formatting\u003e  \u003c/line\u003e  \u003c/par\u003e  \u003c/text\u003e  \u003c/block\u003e  \u003cblock b\u003d\"568\" blockname\u003d\"\" blocktype\u003d\"Text\" l\u003d\"65\" r\u003d\"807\" style\u003d\"transform: translate(52px, 637px); position: absolute; width: 593.443px; height: 34.2727px;\" t\u003d\"539\"\u003e \u003cregion\u003e \u003crect b\u003d\"568\" l\u003d\"65\" r\u003d\"807\" t\u003d\"539\"\u003e\u003c/rect\u003e  \u003c/region\u003e  \u003ctext\u003e \u003cpar align\u003d\"Justified\" leftindent\u003d\"800\" linespacing\u003d\"1110\"\u003e \u003cline b\u003d\"562\" baseline\u003d\"558\" l\u003d\"66\" r\u003d\"805\" style\u003d\"transform: translate(1px, 2px); position: absolute;\" t\u003d\"541\"\u003e \u003cformatting lang\u003d\"EnglishUnitedStates\"\u003e This is a sample invoice for reference. Click newto create a new invoice \u003c/formatting\u003e  \u003c/line\u003e  \u003c/par\u003e  \u003c/text\u003e  \u003c/block\u003e  \u003cblock b\u003d\"878\" blockname\u003d\"\" blocktype\u003d\"Text\" l\u003d\"56\" r\u003d\"886\" style\u003d\"transform: translate(45px, 681px); position: absolute; width: 663.824px; height: 356.909px;\" t\u003d\"576\"\u003e \u003cregion\u003e \u003crect b\u003d\"878\" l\u003d\"56\" r\u003d\"886\" t\u003d\"576\"\u003e\u003c/rect\u003e  \u003c/region\u003e  \u003ctext\u003e \u003cpar align\u003d\"Justified\" leftindent\u003d\"800\" linespacing\u003d\"1702\"\u003e \u003cline b\u003d\"600\" baseline\u003d\"597\" l\u003d\"66\" r\u003d\"877\" style\u003d\"transform: translate(8px, 12px); position: absolute;\" t\u003d\"586\"\u003e \u003cformatting lang\u003d\"EnglishUnitedStates\"\u003e Qty Item #-Description Color XS S M L XL 2X 3X Price Amount \u003c/formatting\u003e  \u003c/line\u003e  \u003c/par\u003e  \u003cpar align\u003d\"Justified\" leftindent\u003d\"800\" linespacing\u003d\"1702\"\u003e \u003cline b\u003d\"629\" baseline\u003d\"625\" l\u003d\"68\" r\u003d\"877\" style\u003d\"transform: translate(10px, 43px); position: absolute;\" t\u003d\"612\"\u003e \u003cformatting lang\u003d\"EnglishUnitedStates\"\u003e 120 5180-Hanes Beefy-T6.1 oz 100% Cotton White 12 24 24 36^ 24 6 00 $720.00 \u003c/formatting\u003e  \u003c/line\u003e  \u003c/par\u003e  \u003cpar align\u003d\"Justified\" leftindent\u003d\"800\" linespacing\u003d\"1702\"\u003e \u003cline b\u003d\"651\" baseline\u003d\"649\" l\u003d\"72\" r\u003d\"877\" style\u003d\"transform: translate(13px, 71px); position: absolute;\" t\u003d\"636\"\u003e \u003cformatting lang\u003d\"EnglishUnitedStates\"\u003e 64 5180-Hanes Beefy-T 6.1 oz 100% Cotton $0.00 \u003c/formatting\u003e  \u003c/line\u003e  \u003c/par\u003e  \u003cpar linespacing\u003d\"260\"\u003e \u003cline b\u003d\"875\" baseline\u003d\"878\" l\u003d\"61\" r\u003d\"881\" style\u003d\"transform: translate(4px, 352px); position: absolute;\" t\u003d\"874\"\u003e \u003cformatting lang\u003d\"EnglishUnitedStates\"\u003e \u0026mdash; \u003c/formatting\u003e  \u003c/line\u003e  \u003c/par\u003e  \u003c/text\u003e  \u003c/block\u003e  \u003cblock b\u003d\"959\" blockname\u003d\"\" blocktype\u003d\"Text\" l\u003d\"67\" r\u003d\"537\" style\u003d\"transform: translate(54px, 1074px); position: absolute; width: 375.9px; height: 59.0909px;\" t\u003d\"909\"\u003e \u003cregion\u003e \u003crect b\u003d\"959\" l\u003d\"67\" r\u003d\"537\" t\u003d\"909\"\u003e\u003c/rect\u003e  \u003c/region\u003e  \u003ctext\u003e \u003cpar align\u003d\"Justified\" linespacing\u003d\"790\"\u003e \u003cline b\u003d\"924\" baseline\u003d\"921\" l\u003d\"68\" r\u003d\"537\" style\u003d\"transform: translate(1px, 0px); position: absolute;\" t\u003d\"909\"\u003e \u003cformatting lang\u003d\"EnglishUnitedStates\"\u003e Notes: ǀl_ \u003c/formatting\u003e  \u003c/line\u003e  \u003c/par\u003e  \u003cpar align\u003d\"Justified\" linespacing\u003d\"720\"\u003e \u003cline b\u003d\"957\" baseline\u003d\"953\" l\u003d\"72\" r\u003d\"534\" style\u003d\"transform: translate(4px, 39px); position: absolute;\" t\u003d\"942\"\u003e \u003cformatting lang\u003d\"EnglishUnitedStates\"\u003e Type in special job information here like ink colors, placements, etc.. \u003c/formatting\u003e  \u003c/line\u003e  \u003c/par\u003e  \u003c/text\u003e  \u003c/block\u003e  \u003cblock b\u003d\"1096\" blockname\u003d\"\" blocktype\u003d\"Text\" l\u003d\"62\" r\u003d\"633\" style\u003d\"transform: translate(50px, 1260px); position: absolute; width: 456.679px; height: 35.4545px;\" t\u003d\"1066\"\u003e \u003cregion\u003e \u003crect b\u003d\"1096\" l\u003d\"62\" r\u003d\"633\" t\u003d\"1066\"\u003e\u003c/rect\u003e  \u003c/region\u003e  \u003ctext\u003e \u003cpar align\u003d\"Justified\" linespacing\u003d\"982\"\u003e \u003cline b\u003d\"1079\" baseline\u003d\"1077\" l\u003d\"63\" r\u003d\"630\" style\u003d\"transform: translate(1px, 2px); position: absolute;\" t\u003d\"1068\"\u003e \u003cformatting lang\u003d\"EnglishUnitedStates\"\u003e By Signing Below, you agree that you are a qualified representative of the above company, and agree to \u003c/formatting\u003e  \u003c/line\u003e  \u003cline b\u003d\"1093\" baseline\u003d\"1092\" l\u003d\"63\" r\u003d\"293\" style\u003d\"transform: translate(1px, 20px); position: absolute;\" t\u003d\"1083\"\u003e \u003cformatting lang\u003d\"EnglishUnitedStates\"\u003e all the terms laid out above on this invoice. \u003c/formatting\u003e  \u003c/line\u003e  \u003c/par\u003e  \u003c/text\u003e  \u003c/block\u003e  \u003cblock b\u003d\"1142\" blockname\u003d\"\" blocktype\u003d\"Text\" l\u003d\"57\" r\u003d\"161\" style\u003d\"transform: translate(46px, 1321px); position: absolute; width: 83.178px; height: 28.3636px;\" t\u003d\"1118\"\u003e \u003cregion\u003e \u003crect b\u003d\"1142\" l\u003d\"57\" r\u003d\"161\" t\u003d\"1118\"\u003e\u003c/rect\u003e  \u003c/region\u003e  \u003ctext\u003e \u003cpar linespacing\u003d\"920\"\u003e \u003cline b\u003d\"1140\" baseline\u003d\"1135\" l\u003d\"60\" r\u003d\"156\" style\u003d\"transform: translate(2px, 4px); position: absolute;\" t\u003d\"1121\"\u003e \u003cformatting lang\u003d\"EnglishUnitedStates\"\u003e Signature:X_ \u003c/formatting\u003e  \u003c/line\u003e  \u003c/par\u003e  \u003c/text\u003e  \u003c/block\u003e  \u003cregion xmlns\u003d\"http://ocr.crowdcomputingsystems.com/xml/schema-v1.xml\"\u003e \u003crect b\u003d\"1141\" l\u003d\"652\" r\u003d\"884\" t\u003d\"901\"\u003e\u003c/rect\u003e  \u003c/region\u003e \u003ctable b\u003d\"1141\" blockname\u003d\"\" blocktype\u003d\"Table\" l\u003d\"652\" r\u003d\"884\" style\u003d\"transform: translate(521px, 1065px); position: absolute; user-select: auto;\" t\u003d\"901\" xmlns\u003d\"\"\u003e \u003ctbody\u003e\u003ctr\u003e \u003ctd bottomborder\u003d\"White\" colspan\u003d\"2\" h\u003d\"25\" topborder\u003d\"White\" w\u003d\"138\"\u003e \u003ctext xmlns\u003d\"http://ocr.crowdcomputingsystems.com/xml/schema-v1.xml\"\u003e \u003cpar align\u003d\"Right\" linespacing\u003d\"720\"\u003e \u003cline b\u003d\"920\" baseline\u003d\"920\" l\u003d\"720\" r\u003d\"780\" t\u003d\"909\"\u003e \u003cformatting lang\u003d\"EnglishUnitedStates\"\u003e Subtotal \u003c/formatting\u003e  \u003c/line\u003e  \u003c/par\u003e  \u003c/text\u003e  \u003c/td\u003e   \u003ctd h\u003d\"25\" w\u003d\"94\"\u003e \u003ctext xmlns\u003d\"http://ocr.crowdcomputingsystems.com/xml/schema-v1.xml\"\u003e \u003cpar align\u003d\"Right\" linespacing\u003d\"720\"\u003e \u003cline b\u003d\"921\" baseline\u003d\"921\" l\u003d\"830\" r\u003d\"876\" t\u003d\"910\"\u003e \u003cformatting lang\u003d\"EnglishUnitedStates\"\u003e 720.00 \u003c/formatting\u003e  \u003c/line\u003e  \u003c/par\u003e  \u003c/text\u003e  \u003c/td\u003e   \u003c/tr\u003e \n \u003ctr\u003e \u003ctd h\u003d\"25\" topborder\u003d\"White\" w\u003d\"74\"\u003e \u003ctext xmlns\u003d\"http://ocr.crowdcomputingsystems.com/xml/schema-v1.xml\"\u003e \u003cpar align\u003d\"Right\" linespacing\u003d\"720\" rightindent\u003d\"700\"\u003e \u003cline b\u003d\"946\" baseline\u003d\"946\" l\u003d\"691\" r\u003d\"715\" t\u003d\"935\"\u003e \u003cformatting lang\u003d\"EnglishUnitedStates\"\u003e Tax \u003c/formatting\u003e  \u003c/line\u003e  \u003c/par\u003e  \u003c/text\u003e  \u003c/td\u003e   \u003ctd h\u003d\"25\" w\u003d\"64\"\u003e \u003ctext xmlns\u003d\"http://ocr.crowdcomputingsystems.com/xml/schema-v1.xml\"\u003e \u003cpar linespacing\u003d\"720\"\u003e \u003cline b\u003d\"946\" baseline\u003d\"946\" l\u003d\"735\" r\u003d\"777\" t\u003d\"935\"\u003e \u003cformatting lang\u003d\"EnglishUnitedStates\"\u003e 7.25% \u003c/formatting\u003e  \u003c/line\u003e  \u003c/par\u003e  \u003c/text\u003e  \u003c/td\u003e   \u003ctd h\u003d\"25\" w\u003d\"94\"\u003e \u003ctext xmlns\u003d\"http://ocr.crowdcomputingsystems.com/xml/schema-v1.xml\"\u003e \u003cpar align\u003d\"Right\" linespacing\u003d\"720\"\u003e \u003cline b\u003d\"946\" baseline\u003d\"946\" l\u003d\"840\" r\u003d\"877\" t\u003d\"935\"\u003e \u003cformatting lang\u003d\"EnglishUnitedStates\"\u003e 52.20 \u003c/formatting\u003e  \u003c/line\u003e  \u003c/par\u003e  \u003c/text\u003e  \u003c/td\u003e   \u003c/tr\u003e \n \u003ctr\u003e \u003ctd bottomborder\u003d\"White\" colspan\u003d\"2\" h\u003d\"24\" w\u003d\"138\"\u003e \u003ctext xmlns\u003d\"http://ocr.crowdcomputingsystems.com/xml/schema-v1.xml\"\u003e \u003cpar align\u003d\"Right\" linespacing\u003d\"720\"\u003e \u003cline b\u003d\"972\" baseline\u003d\"969\" l\u003d\"717\" r\u003d\"781\" t\u003d\"958\"\u003e \u003cformatting lang\u003d\"EnglishUnitedStates\"\u003e Shipping \u003c/formatting\u003e  \u003c/line\u003e  \u003c/par\u003e  \u003c/text\u003e  \u003c/td\u003e   \u003ctd h\u003d\"24\" w\u003d\"94\"\u003e \u003ctext xmlns\u003d\"http://ocr.crowdcomputingsystems.com/xml/schema-v1.xml\"\u003e \u003cpar align\u003d\"Right\" linespacing\u003d\"720\"\u003e \u003cline b\u003d\"971\" baseline\u003d\"971\" l\u003d\"840\" r\u003d\"877\" t\u003d\"960\"\u003e \u003cformatting lang\u003d\"EnglishUnitedStates\"\u003e 35.00 \u003c/formatting\u003e  \u003c/line\u003e  \u003c/par\u003e  \u003c/text\u003e  \u003c/td\u003e   \u003c/tr\u003e \n \u003ctr\u003e \u003ctd bottomborder\u003d\"White\" h\u003d\"25\" rightborder\u003d\"White\" topborder\u003d\"White\" w\u003d\"74\"\u003e \u003ctext xmlns\u003d\"http://ocr.crowdcomputingsystems.com/xml/schema-v1.xml\"\u003e \u003cpar linespacing\u003d\"-1\"\u003e\u003c/par\u003e  \u003c/text\u003e  \u003c/td\u003e   \u003ctd bottomborder\u003d\"White\" h\u003d\"25\" leftborder\u003d\"White\" topborder\u003d\"White\" w\u003d\"64\"\u003e \u003ctext xmlns\u003d\"http://ocr.crowdcomputingsystems.com/xml/schema-v1.xml\"\u003e \u003cpar leftindent\u003d\"1200\" linespacing\u003d\"720\"\u003e \u003cline b\u003d\"997\" baseline\u003d\"997\" l\u003d\"745\" r\u003d\"780\" t\u003d\"986\"\u003e \u003cformatting lang\u003d\"EnglishUnitedStates\"\u003e Total \u003c/formatting\u003e  \u003c/line\u003e  \u003c/par\u003e  \u003c/text\u003e  \u003c/td\u003e   \u003ctd h\u003d\"25\" w\u003d\"94\"\u003e \u003ctext xmlns\u003d\"http://ocr.crowdcomputingsystems.com/xml/schema-v1.xml\"\u003e \u003cpar align\u003d\"Right\" linespacing\u003d\"720\"\u003e \u003cline b\u003d\"995\" baseline\u003d\"995\" l\u003d\"830\" r\u003d\"876\" t\u003d\"984\"\u003e \u003cformatting lang\u003d\"EnglishUnitedStates\"\u003e \u003ctotal_amount begin\u003d\"1488\" class\u003d\"extraction-tag ml-tag\" data-text\u003d\"807.20\" data-value\u003d\"807.20\" end\u003d\"1494\" estimated-accuracy\u003d\"0.9591836734693877\" ml-tagorder\u003d\"2\" score\u003d\"0.6129308713174834\" style\u003d\"border: 2px solid rgb(125, 157, 1);\" tagorder\u003d\"2\"\u003e807.20\u003c/total_amount\u003e \u003c/formatting\u003e  \u003c/line\u003e  \u003c/par\u003e  \u003c/text\u003e  \u003c/td\u003e   \u003c/tr\u003e \n \u003ctr\u003e \u003ctd bottomborder\u003d\"White\" h\u003d\"62\" rightborder\u003d\"White\" topborder\u003d\"White\" w\u003d\"74\"\u003e \u003ctext xmlns\u003d\"http://ocr.crowdcomputingsystems.com/xml/schema-v1.xml\"\u003e \u003cpar linespacing\u003d\"-1\"\u003e\u003c/par\u003e  \u003c/text\u003e  \u003c/td\u003e   \u003ctd bottomborder\u003d\"White\" h\u003d\"62\" leftborder\u003d\"White\" rightborder\u003d\"White\" topborder\u003d\"White\" w\u003d\"64\"\u003e \u003ctext xmlns\u003d\"http://ocr.crowdcomputingsystems.com/xml/schema-v1.xml\"\u003e \u003cpar align\u003d\"Justified\" linespacing\u003d\"720\"\u003e \u003cline b\u003d\"1057\" baseline\u003d\"1057\" l\u003d\"726\" r\u003d\"781\" t\u003d\"1046\"\u003e \u003cformatting lang\u003d\"EnglishUnitedStates\"\u003e 50% \u003d \u003c/formatting\u003e  \u003c/line\u003e  \u003c/par\u003e  \u003c/text\u003e  \u003c/td\u003e   \u003ctd h\u003d\"62\" leftborder\u003d\"White\" rightborder\u003d\"White\" w\u003d\"94\"\u003e \u003ctext xmlns\u003d\"http://ocr.crowdcomputingsystems.com/xml/schema-v1.xml\"\u003e \u003cpar align\u003d\"Right\" linespacing\u003d\"720\"\u003e \u003cline b\u003d\"1057\" baseline\u003d\"1057\" l\u003d\"830\" r\u003d\"876\" t\u003d\"1046\"\u003e \u003cformatting lang\u003d\"EnglishUnitedStates\"\u003e 403.60 \u003c/formatting\u003e  \u003c/line\u003e  \u003c/par\u003e  \u003c/text\u003e  \u003c/td\u003e   \u003c/tr\u003e \n \u003ctr\u003e \u003ctd bottomborder\u003d\"White\" h\u003d\"24\" leftborder\u003d\"White\" rightborder\u003d\"White\" topborder\u003d\"White\" w\u003d\"74\"\u003e \u003ctext xmlns\u003d\"http://ocr.crowdcomputingsystems.com/xml/schema-v1.xml\"\u003e \u003cpar linespacing\u003d\"-1\"\u003e\u003c/par\u003e  \u003c/text\u003e  \u003c/td\u003e   \u003ctd bottomborder\u003d\"White\" h\u003d\"24\" leftborder\u003d\"White\" topborder\u003d\"White\" w\u003d\"64\"\u003e \u003ctext xmlns\u003d\"http://ocr.crowdcomputingsystems.com/xml/schema-v1.xml\"\u003e \u003cpar align\u003d\"Justified\" linespacing\u003d\"720\"\u003e \u003cline b\u003d\"1086\" baseline\u003d\"1083\" l\u003d\"726\" r\u003d\"780\" t\u003d\"1072\"\u003e \u003cformatting lang\u003d\"EnglishUnitedStates\"\u003e Deposit \u003c/formatting\u003e  \u003c/line\u003e  \u003c/par\u003e  \u003c/text\u003e  \u003c/td\u003e   \u003ctd h\u003d\"24\" w\u003d\"94\"\u003e \u003ctext xmlns\u003d\"http://ocr.crowdcomputingsystems.com/xml/schema-v1.xml\"\u003e \u003cpar leftindent\u003d\"2100\" linespacing\u003d\"-1\"\u003e\u003c/par\u003e  \u003c/text\u003e  \u003c/td\u003e   \u003c/tr\u003e \n \u003ctr\u003e \u003ctd bottomborder\u003d\"White\" colspan\u003d\"2\" h\u003d\"26\" leftborder\u003d\"White\" topborder\u003d\"White\" w\u003d\"138\"\u003e \u003ctext xmlns\u003d\"http://ocr.crowdcomputingsystems.com/xml/schema-v1.xml\"\u003e \u003cpar leftindent\u003d\"1200\" linespacing\u003d\"720\"\u003e \u003cline b\u003d\"1109\" baseline\u003d\"1106\" l\u003d\"670\" r\u003d\"781\" t\u003d\"1095\"\u003e \u003cformatting lang\u003d\"EnglishUnitedStates\"\u003e Total Payments \u003c/formatting\u003e  \u003c/line\u003e  \u003c/par\u003e  \u003c/text\u003e  \u003c/td\u003e   \u003ctd h\u003d\"26\" w\u003d\"94\"\u003e \u003ctext xmlns\u003d\"http://ocr.crowdcomputingsystems.com/xml/schema-v1.xml\"\u003e \u003cpar leftindent\u003d\"2100\" linespacing\u003d\"-1\"\u003e\u003c/par\u003e  \u003c/text\u003e  \u003c/td\u003e   \u003c/tr\u003e \n \u003ctr\u003e \u003ctd bottomborder\u003d\"White\" colspan\u003d\"2\" h\u003d\"29\" leftborder\u003d\"White\" topborder\u003d\"White\" w\u003d\"138\"\u003e \u003ctext xmlns\u003d\"http://ocr.crowdcomputingsystems.com/xml/schema-v1.xml\"\u003e \u003cpar linespacing\u003d\"1110\"\u003e \u003cline b\u003d\"1135\" baseline\u003d\"1135\" l\u003d\"653\" r\u003d\"780\" t\u003d\"1118\"\u003e \u003cformatting lang\u003d\"EnglishUnitedStates\"\u003e Balance Due \u003c/formatting\u003e  \u003c/line\u003e  \u003c/par\u003e  \u003c/text\u003e  \u003c/td\u003e   \u003ctd h\u003d\"29\" w\u003d\"94\"\u003e \u003ctext xmlns\u003d\"http://ocr.crowdcomputingsystems.com/xml/schema-v1.xml\"\u003e \u003cpar align\u003d\"Right\" linespacing\u003d\"920\"\u003e \u003cline b\u003d\"1134\" baseline\u003d\"1134\" l\u003d\"822\" r\u003d\"878\" t\u003d\"1120\"\u003e \u003cformatting lang\u003d\"EnglishUnitedStates\"\u003e 807.20 \u003c/formatting\u003e  \u003c/line\u003e  \u003c/par\u003e  \u003c/text\u003e  \u003c/td\u003e   \u003c/tr\u003e \n \u003c/tbody\u003e\u003c/table\u003e\n \u003cblock b\u003d\"1140\" blockname\u003d\"\" blocktype\u003d\"Text\" l\u003d\"386\" r\u003d\"426\" style\u003d\"transform: translate(309px, 1330px); position: absolute; width: 31.9915px; height: 17.7273px;\" t\u003d\"1125\"\u003e \u003cregion\u003e \u003crect b\u003d\"1140\" l\u003d\"386\" r\u003d\"426\" t\u003d\"1125\"\u003e\u003c/rect\u003e  \u003c/region\u003e  \u003ctext\u003e \u003cpar linespacing\u003d\"720\"\u003e \u003cline b\u003d\"1137\" baseline\u003d\"1137\" l\u003d\"387\" r\u003d\"423\" style\u003d\"transform: translate(1px, 1px); position: absolute;\" t\u003d\"1126\"\u003e \u003cformatting lang\u003d\"EnglishUnitedStates\"\u003e Date: \u003c/formatting\u003e  \u003c/line\u003e  \u003c/par\u003e  \u003c/text\u003e  \u003c/block\u003e  \u003cblock b\u003d\"503\" blockname\u003d\"\" blocktype\u003d\"SeparatorsBox\" class\u003d\"hidden\" l\u003d\"57\" r\u003d\"460\" style\u003d\"transform: translate(46px, 340px); position: absolute;\" t\u003d\"288\"\u003e \u003cregion\u003e \u003crect b\u003d\"291\" l\u003d\"57\" r\u003d\"458\" t\u003d\"288\"\u003e\u003c/rect\u003e  \u003crect b\u003d\"499\" l\u003d\"57\" r\u003d\"458\" t\u003d\"291\"\u003e\u003c/rect\u003e  \u003crect b\u003d\"503\" l\u003d\"57\" r\u003d\"460\" t\u003d\"499\"\u003e\u003c/rect\u003e  \u003c/region\u003e  \u003cseparatorsbox\u003e \u003cseparator thickness\u003d\"3\" type\u003d\"Black\"\u003e \u003cstart x\u003d\"57\" y\u003d\"289\"\u003e\u003c/start\u003e \u003cend x\u003d\"457\" y\u003d\"289\"\u003e\u003c/end\u003e \u003c/separator\u003e \u003cseparator thickness\u003d\"3\" type\u003d\"Black\"\u003e \u003cstart x\u003d\"57\" y\u003d\"501\"\u003e\u003c/start\u003e \u003cend x\u003d\"460\" y\u003d\"501\"\u003e\u003c/end\u003e \u003c/separator\u003e \u003cseparator thickness\u003d\"3\" type\u003d\"Black\"\u003e \u003cstart x\u003d\"59\" y\u003d\"288\"\u003e\u003c/start\u003e \u003cend x\u003d\"59\" y\u003d\"503\"\u003e\u003c/end\u003e \u003c/separator\u003e \u003cseparator thickness\u003d\"2\" type\u003d\"Black\"\u003e \u003cstart x\u003d\"456\" y\u003d\"288\"\u003e\u003c/start\u003e \u003cend x\u003d\"456\" y\u003d\"499\"\u003e\u003c/end\u003e \u003c/separator\u003e \u003c/separatorsbox\u003e \u003c/block\u003e  \u003cblock b\u003d\"502\" blockname\u003d\"\" blocktype\u003d\"SeparatorsBox\" class\u003d\"hidden\" l\u003d\"485\" r\u003d\"884\" style\u003d\"transform: translate(388px, 340px); position: absolute;\" t\u003d\"288\"\u003e \u003cregion\u003e \u003crect b\u003d\"289\" l\u003d\"485\" r\u003d\"884\" t\u003d\"288\"\u003e\u003c/rect\u003e  \u003crect b\u003d\"501\" l\u003d\"485\" r\u003d\"884\" t\u003d\"289\"\u003e\u003c/rect\u003e  \u003crect b\u003d\"502\" l\u003d\"485\" r\u003d\"884\" t\u003d\"501\"\u003e\u003c/rect\u003e  \u003c/region\u003e  \u003cseparatorsbox\u003e \u003cseparator thickness\u003d\"1\" type\u003d\"Black\"\u003e \u003cstart x\u003d\"485\" y\u003d\"288\"\u003e\u003c/start\u003e \u003cend x\u003d\"884\" y\u003d\"288\"\u003e\u003c/end\u003e \u003c/separator\u003e \u003cseparator thickness\u003d\"1\" type\u003d\"Black\"\u003e \u003cstart x\u003d\"485\" y\u003d\"501\"\u003e\u003c/start\u003e \u003cend x\u003d\"884\" y\u003d\"501\"\u003e\u003c/end\u003e \u003c/separator\u003e \u003cseparator thickness\u003d\"2\" type\u003d\"Black\"\u003e \u003cstart x\u003d\"486\" y\u003d\"288\"\u003e\u003c/start\u003e \u003cend x\u003d\"486\" y\u003d\"502\"\u003e\u003c/end\u003e \u003c/separator\u003e \u003cseparator thickness\u003d\"1\" type\u003d\"Black\"\u003e \u003cstart x\u003d\"883\" y\u003d\"288\"\u003e\u003c/start\u003e \u003cend x\u003d\"883\" y\u003d\"502\"\u003e\u003c/end\u003e \u003c/separator\u003e \u003c/separatorsbox\u003e \u003c/block\u003e  \u003cblock b\u003d\"1142\" blockname\u003d\"\" blocktype\u003d\"SeparatorsBox\" class\u003d\"hidden\" l\u003d\"788\" r\u003d\"885\" style\u003d\"transform: translate(630px, 1254px); position: absolute;\" t\u003d\"1061\"\u003e \u003cregion\u003e \u003crect b\u003d\"1063\" l\u003d\"788\" r\u003d\"885\" t\u003d\"1061\"\u003e\u003c/rect\u003e  \u003crect b\u003d\"1139\" l\u003d\"789\" r\u003d\"884\" t\u003d\"1063\"\u003e\u003c/rect\u003e  \u003crect b\u003d\"1141\" l\u003d\"788\" r\u003d\"885\" t\u003d\"1139\"\u003e\u003c/rect\u003e  \u003crect b\u003d\"1142\" l\u003d\"789\" r\u003d\"791\" t\u003d\"1141\"\u003e\u003c/rect\u003e  \u003c/region\u003e  \u003cseparatorsbox\u003e \u003cseparator thickness\u003d\"2\" type\u003d\"Black\"\u003e \u003cstart x\u003d\"788\" y\u003d\"1062\"\u003e\u003c/start\u003e \u003cend x\u003d\"885\" y\u003d\"1062\"\u003e\u003c/end\u003e \u003c/separator\u003e \u003cseparator thickness\u003d\"2\" type\u003d\"Black\"\u003e \u003cstart x\u003d\"788\" y\u003d\"1140\"\u003e\u003c/start\u003e \u003cend x\u003d\"885\" y\u003d\"1140\"\u003e\u003c/end\u003e \u003c/separator\u003e \u003cseparator thickness\u003d\"2\" type\u003d\"Black\"\u003e \u003cstart x\u003d\"790\" y\u003d\"1061\"\u003e\u003c/start\u003e \u003cend x\u003d\"790\" y\u003d\"1142\"\u003e\u003c/end\u003e \u003c/separator\u003e \u003cseparator thickness\u003d\"2\" type\u003d\"Black\"\u003e \u003cstart x\u003d\"883\" y\u003d\"1062\"\u003e\u003c/start\u003e \u003cend x\u003d\"883\" y\u003d\"1141\"\u003e\u003c/end\u003e \u003c/separator\u003e \u003c/separatorsbox\u003e \u003c/block\u003e  \u003cblock b\u003d\"219\" blockname\u003d\"\" blocktype\u003d\"Separator\" class\u003d\"hidden\" l\u003d\"174\" r\u003d\"258\" style\u003d\"transform: translate(139px, 256px); position: absolute;\" t\u003d\"217\"\u003e \u003cregion\u003e \u003crect b\u003d\"219\" l\u003d\"174\" r\u003d\"258\" t\u003d\"217\"\u003e\u003c/rect\u003e  \u003c/region\u003e  \u003cseparator thickness\u003d\"2\" type\u003d\"Black\"\u003e \u003cstart x\u003d\"174\" y\u003d\"218\"\u003e\u003c/start\u003e \u003cend x\u003d\"258\" y\u003d\"218\"\u003e\u003c/end\u003e \u003c/separator\u003e \u003c/block\u003e  \u003cblock b\u003d\"318\" blockname\u003d\"\" blocktype\u003d\"Separator\" l\u003d\"57\" r\u003d\"455\" style\u003d\"transform: translate(46px, 372px); position: absolute;\" t\u003d\"315\"\u003e \u003cregion\u003e \u003crect b\u003d\"318\" l\u003d\"57\" r\u003d\"455\" t\u003d\"315\"\u003e\u003c/rect\u003e  \u003c/region\u003e  \u003cseparator thickness\u003d\"2\" type\u003d\"Black\"\u003e \u003cstart x\u003d\"57\" y\u003d\"316\"\u003e\u003c/start\u003e \u003cend x\u003d\"455\" y\u003d\"316\"\u003e\u003c/end\u003e \u003c/separator\u003e \u003c/block\u003e  \u003cblock b\u003d\"317\" blockname\u003d\"\" blocktype\u003d\"Separator\" l\u003d\"485\" r\u003d\"884\" style\u003d\"transform: translate(388px, 373px); position: absolute;\" t\u003d\"316\"\u003e \u003cregion\u003e \u003crect b\u003d\"317\" l\u003d\"485\" r\u003d\"884\" t\u003d\"316\"\u003e\u003c/rect\u003e  \u003c/region\u003e  \u003cseparator thickness\u003d\"1\" type\u003d\"Black\"\u003e \u003cstart x\u003d\"485\" y\u003d\"316\"\u003e\u003c/start\u003e \u003cend x\u003d\"884\" y\u003d\"316\"\u003e\u003c/end\u003e \u003c/separator\u003e \u003c/block\u003e  \u003cblock b\u003d\"454\" blockname\u003d\"\" blocktype\u003d\"Separator\" l\u003d\"485\" r\u003d\"884\" style\u003d\"transform: translate(388px, 535px); position: absolute;\" t\u003d\"453\"\u003e \u003cregion\u003e \u003crect b\u003d\"454\" l\u003d\"485\" r\u003d\"884\" t\u003d\"453\"\u003e\u003c/rect\u003e  \u003c/region\u003e  \u003cseparator thickness\u003d\"1\" type\u003d\"Black\"\u003e \u003cstart x\u003d\"485\" y\u003d\"453\"\u003e\u003c/start\u003e \u003cend x\u003d\"884\" y\u003d\"453\"\u003e\u003c/end\u003e \u003c/separator\u003e \u003c/block\u003e  \u003cblock b\u003d\"477\" blockname\u003d\"\" blocktype\u003d\"Separator\" l\u003d\"485\" r\u003d\"885\" style\u003d\"transform: translate(388px, 563px); position: absolute;\" t\u003d\"476\"\u003e \u003cregion\u003e \u003crect b\u003d\"477\" l\u003d\"485\" r\u003d\"885\" t\u003d\"476\"\u003e\u003c/rect\u003e  \u003c/region\u003e  \u003cseparator thickness\u003d\"1\" type\u003d\"Black\"\u003e \u003cstart x\u003d\"485\" y\u003d\"476\"\u003e\u003c/start\u003e \u003cend x\u003d\"885\" y\u003d\"476\"\u003e\u003c/end\u003e \u003c/separator\u003e \u003c/block\u003e  \u003cblock b\u003d\"533\" blockname\u003d\"\" blocktype\u003d\"Separator\" l\u003d\"56\" r\u003d\"886\" style\u003d\"transform: translate(45px, 626px); position: absolute;\" t\u003d\"530\"\u003e \u003cregion\u003e \u003crect b\u003d\"533\" l\u003d\"56\" r\u003d\"886\" t\u003d\"530\"\u003e\u003c/rect\u003e  \u003c/region\u003e  \u003cseparator thickness\u003d\"2\" type\u003d\"Black\"\u003e \u003cstart x\u003d\"56\" y\u003d\"531\"\u003e\u003c/start\u003e \u003cend x\u003d\"886\" y\u003d\"531\"\u003e\u003c/end\u003e \u003c/separator\u003e \u003c/block\u003e  \u003cblock b\u003d\"566\" blockname\u003d\"\" blocktype\u003d\"Separator\" l\u003d\"56\" r\u003d\"886\" style\u003d\"transform: translate(45px, 665px); position: absolute;\" t\u003d\"563\"\u003e \u003cregion\u003e \u003crect b\u003d\"566\" l\u003d\"56\" r\u003d\"886\" t\u003d\"563\"\u003e\u003c/rect\u003e  \u003c/region\u003e  \u003cseparator thickness\u003d\"2\" type\u003d\"Black\"\u003e \u003cstart x\u003d\"56\" y\u003d\"564\"\u003e\u003c/start\u003e \u003cend x\u003d\"886\" y\u003d\"564\"\u003e\u003c/end\u003e \u003c/separator\u003e \u003c/block\u003e  \u003cblock b\u003d\"581\" blockname\u003d\"\" blocktype\u003d\"Separator\" l\u003d\"57\" r\u003d\"885\" style\u003d\"transform: translate(46px, 682px); position: absolute;\" t\u003d\"577\"\u003e \u003cregion\u003e \u003crect b\u003d\"578\" l\u003d\"881\" r\u003d\"884\" t\u003d\"577\"\u003e\u003c/rect\u003e  \u003crect b\u003d\"580\" l\u003d\"57\" r\u003d\"885\" t\u003d\"578\"\u003e\u003c/rect\u003e  \u003crect b\u003d\"581\" l\u003d\"57\" r\u003d\"885\" t\u003d\"580\"\u003e\u003c/rect\u003e  \u003c/region\u003e  \u003cseparator thickness\u003d\"3\" type\u003d\"Black\"\u003e \u003cstart x\u003d\"57\" y\u003d\"579\"\u003e\u003c/start\u003e \u003cend x\u003d\"885\" y\u003d\"579\"\u003e\u003c/end\u003e \u003c/separator\u003e \u003c/block\u003e  \u003cblock b\u003d\"606\" blockname\u003d\"\" blocktype\u003d\"Separator\" l\u003d\"57\" r\u003d\"881\" style\u003d\"transform: translate(46px, 713px); position: absolute;\" t\u003d\"603\"\u003e \u003cregion\u003e \u003crect b\u003d\"604\" l\u003d\"57\" r\u003d\"879\" t\u003d\"603\"\u003e\u003c/rect\u003e  \u003crect b\u003d\"605\" l\u003d\"57\" r\u003d\"881\" t\u003d\"604\"\u003e\u003c/rect\u003e  \u003crect b\u003d\"606\" l\u003d\"57\" r\u003d\"881\" t\u003d\"605\"\u003e\u003c/rect\u003e  \u003c/region\u003e  \u003cseparator thickness\u003d\"2\" type\u003d\"Black\"\u003e \u003cstart x\u003d\"57\" y\u003d\"604\"\u003e\u003c/start\u003e \u003cend x\u003d\"881\" y\u003d\"604\"\u003e\u003c/end\u003e \u003c/separator\u003e \u003c/block\u003e  \u003cblock b\u003d\"630\" blockname\u003d\"\" blocktype\u003d\"Separator\" class\u003d\"hidden\" l\u003d\"820\" r\u003d\"884\" style\u003d\"transform: translate(656px, 742px); position: absolute;\" t\u003d\"628\"\u003e \u003cregion\u003e \u003crect b\u003d\"630\" l\u003d\"820\" r\u003d\"884\" t\u003d\"628\"\u003e\u003c/rect\u003e  \u003c/region\u003e  \u003cseparator thickness\u003d\"2\" type\u003d\"Black\"\u003e \u003cstart x\u003d\"820\" y\u003d\"629\"\u003e\u003c/start\u003e \u003cend x\u003d\"884\" y\u003d\"629\"\u003e\u003c/end\u003e \u003c/separator\u003e \u003c/block\u003e  \u003cblock b\u003d\"630\" blockname\u003d\"\" blocktype\u003d\"Separator\" l\u003d\"187\" r\u003d\"225\" style\u003d\"transform: translate(150px, 743px); position: absolute;\" t\u003d\"629\"\u003e \u003cregion\u003e \u003crect b\u003d\"630\" l\u003d\"187\" r\u003d\"225\" t\u003d\"629\"\u003e\u003c/rect\u003e  \u003c/region\u003e  \u003cseparator thickness\u003d\"1\" type\u003d\"Black\"\u003e \u003cstart x\u003d\"187\" y\u003d\"629\"\u003e\u003c/start\u003e \u003cend x\u003d\"225\" y\u003d\"629\"\u003e\u003c/end\u003e \u003c/separator\u003e \u003c/block\u003e  \u003cblock b\u003d\"654\" blockname\u003d\"\" blocktype\u003d\"Separator\" l\u003d\"836\" r\u003d\"884\" style\u003d\"transform: translate(669px, 771px); position: absolute;\" t\u003d\"652\"\u003e \u003cregion\u003e \u003crect b\u003d\"654\" l\u003d\"836\" r\u003d\"884\" t\u003d\"652\"\u003e\u003c/rect\u003e  \u003c/region\u003e  \u003cseparator thickness\u003d\"2\" type\u003d\"Black\"\u003e \u003cstart x\u003d\"836\" y\u003d\"653\"\u003e\u003c/start\u003e \u003cend x\u003d\"884\" y\u003d\"653\"\u003e\u003c/end\u003e \u003c/separator\u003e \u003c/block\u003e  \u003cblock b\u003d\"654\" blockname\u003d\"\" blocktype\u003d\"Separator\" l\u003d\"187\" r\u003d\"225\" style\u003d\"transform: translate(150px, 772px); position: absolute;\" t\u003d\"653\"\u003e \u003cregion\u003e \u003crect b\u003d\"654\" l\u003d\"187\" r\u003d\"225\" t\u003d\"653\"\u003e\u003c/rect\u003e  \u003c/region\u003e  \u003cseparator thickness\u003d\"1\" type\u003d\"Black\"\u003e \u003cstart x\u003d\"187\" y\u003d\"653\"\u003e\u003c/start\u003e \u003cend x\u003d\"225\" y\u003d\"653\"\u003e\u003c/end\u003e \u003c/separator\u003e \u003c/block\u003e  \u003cblock b\u003d\"680\" blockname\u003d\"\" blocktype\u003d\"Separator\" l\u003d\"57\" r\u003d\"880\" style\u003d\"transform: translate(46px, 799px); position: absolute;\" t\u003d\"676\"\u003e \u003cregion\u003e \u003crect b\u003d\"680\" l\u003d\"57\" r\u003d\"880\" t\u003d\"676\"\u003e\u003c/rect\u003e  \u003c/region\u003e  \u003cseparator thickness\u003d\"2\" type\u003d\"Black\"\u003e \u003cstart x\u003d\"57\" y\u003d\"678\"\u003e\u003c/start\u003e \u003cend x\u003d\"880\" y\u003d\"678\"\u003e\u003c/end\u003e \u003c/separator\u003e \u003c/block\u003e  \u003cblock b\u003d\"780\" blockname\u003d\"\" blocktype\u003d\"Separator\" l\u003d\"57\" r\u003d\"885\" style\u003d\"transform: translate(46px, 917px); position: absolute;\" t\u003d\"776\"\u003e \u003cregion\u003e \u003crect b\u003d\"777\" l\u003d\"57\" r\u003d\"884\" t\u003d\"776\"\u003e\u003c/rect\u003e  \u003crect b\u003d\"779\" l\u003d\"57\" r\u003d\"885\" t\u003d\"777\"\u003e\u003c/rect\u003e  \u003crect b\u003d\"780\" l\u003d\"57\" r\u003d\"885\" t\u003d\"779\"\u003e\u003c/rect\u003e  \u003c/region\u003e  \u003cseparator thickness\u003d\"3\" type\u003d\"Black\"\u003e \u003cstart x\u003d\"57\" y\u003d\"778\"\u003e\u003c/start\u003e \u003cend x\u003d\"885\" y\u003d\"778\"\u003e\u003c/end\u003e \u003c/separator\u003e \u003c/block\u003e  \u003cblock b\u003d\"804\" blockname\u003d\"\" blocktype\u003d\"Separator\" l\u003d\"57\" r\u003d\"885\" style\u003d\"transform: translate(46px, 945px); position: absolute;\" t\u003d\"800\"\u003e \u003cregion\u003e \u003crect b\u003d\"801\" l\u003d\"57\" r\u003d\"884\" t\u003d\"800\"\u003e\u003c/rect\u003e  \u003crect b\u003d\"803\" l\u003d\"57\" r\u003d\"885\" t\u003d\"801\"\u003e\u003c/rect\u003e  \u003crect b\u003d\"804\" l\u003d\"57\" r\u003d\"885\" t\u003d\"803\"\u003e\u003c/rect\u003e  \u003c/region\u003e  \u003cseparator thickness\u003d\"3\" type\u003d\"Black\"\u003e \u003cstart x\u003d\"57\" y\u003d\"802\"\u003e\u003c/start\u003e \u003cend x\u003d\"885\" y\u003d\"802\"\u003e\u003c/end\u003e \u003c/separator\u003e \u003c/block\u003e  \u003cblock b\u003d\"853\" blockname\u003d\"\" blocktype\u003d\"Separator\" l\u003d\"60\" r\u003d\"885\" style\u003d\"transform: translate(48px, 1005px); position: absolute;\" t\u003d\"850\"\u003e \u003cregion\u003e \u003crect b\u003d\"853\" l\u003d\"60\" r\u003d\"885\" t\u003d\"850\"\u003e\u003c/rect\u003e  \u003c/region\u003e  \u003cseparator thickness\u003d\"3\" type\u003d\"Black\"\u003e \u003cstart x\u003d\"60\" y\u003d\"851\"\u003e\u003c/start\u003e \u003cend x\u003d\"885\" y\u003d\"851\"\u003e\u003c/end\u003e \u003c/separator\u003e \u003c/block\u003e  \u003cblock b\u003d\"877\" blockname\u003d\"\" blocktype\u003d\"Separator\" class\u003d\"hidden\" l\u003d\"56\" r\u003d\"881\" style\u003d\"transform: translate(45px, 1033px); position: absolute;\" t\u003d\"874\"\u003e \u003cregion\u003e \u003crect b\u003d\"877\" l\u003d\"56\" r\u003d\"881\" t\u003d\"874\"\u003e\u003c/rect\u003e  \u003c/region\u003e  \u003cseparator thickness\u003d\"2\" type\u003d\"Black\"\u003e \u003cstart x\u003d\"56\" y\u003d\"875\"\u003e\u003c/start\u003e \u003cend x\u003d\"881\" y\u003d\"875\"\u003e\u003c/end\u003e \u003c/separator\u003e \u003c/block\u003e  \u003cblock b\u003d\"902\" blockname\u003d\"\" blocktype\u003d\"Separator\" l\u003d\"57\" r\u003d\"352\" style\u003d\"transform: translate(46px, 1065px); position: absolute;\" t\u003d\"901\"\u003e \u003cregion\u003e \u003crect b\u003d\"902\" l\u003d\"57\" r\u003d\"352\" t\u003d\"901\"\u003e\u003c/rect\u003e  \u003c/region\u003e  \u003cseparator thickness\u003d\"1\" type\u003d\"Black\"\u003e \u003cstart x\u003d\"57\" y\u003d\"901\"\u003e\u003c/start\u003e \u003cend x\u003d\"352\" y\u003d\"901\"\u003e\u003c/end\u003e \u003c/separator\u003e \u003c/block\u003e  \u003cblock b\u003d\"903\" blockname\u003d\"\" blocktype\u003d\"Separator\" l\u003d\"788\" r\u003d\"885\" style\u003d\"transform: translate(630px, 1065px); position: absolute;\" t\u003d\"901\"\u003e \u003cregion\u003e \u003crect b\u003d\"903\" l\u003d\"788\" r\u003d\"885\" t\u003d\"901\"\u003e\u003c/rect\u003e  \u003c/region\u003e  \u003cseparator thickness\u003d\"2\" type\u003d\"Black\"\u003e \u003cstart x\u003d\"788\" y\u003d\"902\"\u003e\u003c/start\u003e \u003cend x\u003d\"885\" y\u003d\"902\"\u003e\u003c/end\u003e \u003c/separator\u003e \u003c/block\u003e  \u003cblock b\u003d\"909\" blockname\u003d\"\" blocktype\u003d\"Separator\" l\u003d\"351\" r\u003d\"648\" style\u003d\"transform: translate(281px, 1068px); position: absolute;\" t\u003d\"904\"\u003e \u003cregion\u003e \u003crect b\u003d\"909\" l\u003d\"351\" r\u003d\"648\" t\u003d\"904\"\u003e\u003c/rect\u003e  \u003c/region\u003e  \u003cseparator thickness\u003d\"5\" type\u003d\"Black\"\u003e \u003cstart x\u003d\"351\" y\u003d\"906\"\u003e\u003c/start\u003e \u003cend x\u003d\"648\" y\u003d\"906\"\u003e\u003c/end\u003e \u003c/separator\u003e \u003c/block\u003e  \u003cblock b\u003d\"922\" blockname\u003d\"\" blocktype\u003d\"Separator\" class\u003d\"hidden\" l\u003d\"353\" r\u003d\"648\" style\u003d\"transform: translate(282px, 1084px); position: absolute;\" t\u003d\"917\"\u003e \u003cregion\u003e \u003crect b\u003d\"922\" l\u003d\"353\" r\u003d\"648\" t\u003d\"917\"\u003e\u003c/rect\u003e  \u003c/region\u003e  \u003cseparator thickness\u003d\"4\" type\u003d\"Black\"\u003e \u003cstart x\u003d\"353\" y\u003d\"919\"\u003e\u003c/start\u003e \u003cend x\u003d\"648\" y\u003d\"919\"\u003e\u003c/end\u003e \u003c/separator\u003e \u003c/block\u003e  \u003cblock b\u003d\"928\" blockname\u003d\"\" blocktype\u003d\"Separator\" l\u003d\"725\" r\u003d\"885\" style\u003d\"transform: translate(580px, 1093px); position: absolute;\" t\u003d\"925\"\u003e \u003cregion\u003e \u003crect b\u003d\"928\" l\u003d\"725\" r\u003d\"885\" t\u003d\"925\"\u003e\u003c/rect\u003e  \u003c/region\u003e  \u003cseparator thickness\u003d\"2\" type\u003d\"Black\"\u003e \u003cstart x\u003d\"725\" y\u003d\"926\"\u003e\u003c/start\u003e \u003cend x\u003d\"885\" y\u003d\"926\"\u003e\u003c/end\u003e \u003c/separator\u003e \u003c/block\u003e  \u003cblock b\u003d\"952\" blockname\u003d\"\" blocktype\u003d\"Separator\" l\u003d\"725\" r\u003d\"884\" style\u003d\"transform: translate(580px, 1123px); position: absolute;\" t\u003d\"950\"\u003e \u003cregion\u003e \u003crect b\u003d\"952\" l\u003d\"725\" r\u003d\"884\" t\u003d\"950\"\u003e\u003c/rect\u003e  \u003c/region\u003e  \u003cseparator thickness\u003d\"2\" type\u003d\"Black\"\u003e \u003cstart x\u003d\"725\" y\u003d\"951\"\u003e\u003c/start\u003e \u003cend x\u003d\"884\" y\u003d\"951\"\u003e\u003c/end\u003e \u003c/separator\u003e \u003c/block\u003e  \u003cblock b\u003d\"976\" blockname\u003d\"\" blocktype\u003d\"Separator\" l\u003d\"789\" r\u003d\"884\" style\u003d\"transform: translate(631px, 1151px); position: absolute;\" t\u003d\"974\"\u003e \u003cregion\u003e \u003crect b\u003d\"976\" l\u003d\"789\" r\u003d\"884\" t\u003d\"974\"\u003e\u003c/rect\u003e  \u003c/region\u003e  \u003cseparator thickness\u003d\"2\" type\u003d\"Black\"\u003e \u003cstart x\u003d\"789\" y\u003d\"975\"\u003e\u003c/start\u003e \u003cend x\u003d\"884\" y\u003d\"975\"\u003e\u003c/end\u003e \u003c/separator\u003e \u003c/block\u003e  \u003cblock b\u003d\"1001\" blockname\u003d\"\" blocktype\u003d\"Separator\" l\u003d\"788\" r\u003d\"885\" style\u003d\"transform: translate(630px, 1181px); position: absolute;\" t\u003d\"999\"\u003e \u003cregion\u003e \u003crect b\u003d\"1001\" l\u003d\"788\" r\u003d\"885\" t\u003d\"999\"\u003e\u003c/rect\u003e  \u003c/region\u003e  \u003cseparator thickness\u003d\"2\" type\u003d\"Black\"\u003e \u003cstart x\u003d\"788\" y\u003d\"1000\"\u003e\u003c/start\u003e \u003cend x\u003d\"885\" y\u003d\"1000\"\u003e\u003c/end\u003e \u003c/separator\u003e \u003c/block\u003e  \u003cblock b\u003d\"1058\" blockname\u003d\"\" blocktype\u003d\"Separator\" l\u003d\"57\" r\u003d\"647\" style\u003d\"transform: translate(46px, 1248px); position: absolute;\" t\u003d\"1056\"\u003e \u003cregion\u003e \u003crect b\u003d\"1058\" l\u003d\"57\" r\u003d\"647\" t\u003d\"1056\"\u003e\u003c/rect\u003e  \u003c/region\u003e  \u003cseparator thickness\u003d\"2\" type\u003d\"Black\"\u003e \u003cstart x\u003d\"57\" y\u003d\"1057\"\u003e\u003c/start\u003e \u003cend x\u003d\"647\" y\u003d\"1057\"\u003e\u003c/end\u003e \u003c/separator\u003e \u003c/block\u003e  \u003cblock b\u003d\"1087\" blockname\u003d\"\" blocktype\u003d\"Separator\" l\u003d\"789\" r\u003d\"884\" style\u003d\"transform: translate(631px, 1282px); position: absolute;\" t\u003d\"1085\"\u003e \u003cregion\u003e \u003crect b\u003d\"1087\" l\u003d\"789\" r\u003d\"884\" t\u003d\"1085\"\u003e\u003c/rect\u003e  \u003c/region\u003e  \u003cseparator thickness\u003d\"2\" type\u003d\"Black\"\u003e \u003cstart x\u003d\"789\" y\u003d\"1086\"\u003e\u003c/start\u003e \u003cend x\u003d\"884\" y\u003d\"1086\"\u003e\u003c/end\u003e \u003c/separator\u003e \u003c/block\u003e  \u003cblock b\u003d\"1113\" blockname\u003d\"\" blocktype\u003d\"Separator\" l\u003d\"789\" r\u003d\"884\" style\u003d\"transform: translate(631px, 1313px); position: absolute;\" t\u003d\"1111\"\u003e \u003cregion\u003e \u003crect b\u003d\"1113\" l\u003d\"789\" r\u003d\"884\" t\u003d\"1111\"\u003e\u003c/rect\u003e  \u003c/region\u003e  \u003cseparator thickness\u003d\"2\" type\u003d\"Black\"\u003e \u003cstart x\u003d\"789\" y\u003d\"1112\"\u003e\u003c/start\u003e \u003cend x\u003d\"884\" y\u003d\"1112\"\u003e\u003c/end\u003e \u003c/separator\u003e \u003c/block\u003e  \u003cblock b\u003d\"877\" blockname\u003d\"\" blocktype\u003d\"Separator\" l\u003d\"57\" r\u003d\"61\" style\u003d\"transform: translate(46px, 682px); position: absolute;\" t\u003d\"577\"\u003e \u003cregion\u003e \u003crect b\u003d\"589\" l\u003d\"57\" r\u003d\"61\" t\u003d\"577\"\u003e\u003c/rect\u003e  \u003crect b\u003d\"603\" l\u003d\"57\" r\u003d\"60\" t\u003d\"589\"\u003e\u003c/rect\u003e  \u003crect b\u003d\"611\" l\u003d\"57\" r\u003d\"61\" t\u003d\"603\"\u003e\u003c/rect\u003e  \u003crect b\u003d\"628\" l\u003d\"57\" r\u003d\"60\" t\u003d\"611\"\u003e\u003c/rect\u003e  \u003crect b\u003d\"631\" l\u003d\"57\" r\u003d\"61\" t\u003d\"628\"\u003e\u003c/rect\u003e  \u003crect b\u003d\"652\" l\u003d\"57\" r\u003d\"60\" t\u003d\"631\"\u003e\u003c/rect\u003e  \u003crect b\u003d\"655\" l\u003d\"58\" r\u003d\"61\" t\u003d\"652\"\u003e\u003c/rect\u003e  \u003crect b\u003d\"677\" l\u003d\"57\" r\u003d\"60\" t\u003d\"655\"\u003e\u003c/rect\u003e  \u003crect b\u003d\"679\" l\u003d\"57\" r\u003d\"61\" t\u003d\"677\"\u003e\u003c/rect\u003e  \u003crect b\u003d\"697\" l\u003d\"58\" r\u003d\"61\" t\u003d\"679\"\u003e\u003c/rect\u003e  \u003crect b\u003d\"699\" l\u003d\"58\" r\u003d\"61\" t\u003d\"697\"\u003e\u003c/rect\u003e  \u003crect b\u003d\"715\" l\u003d\"57\" r\u003d\"61\" t\u003d\"699\"\u003e\u003c/rect\u003e  \u003crect b\u003d\"722\" l\u003d\"58\" r\u003d\"60\" t\u003d\"715\"\u003e\u003c/rect\u003e  \u003crect b\u003d\"723\" l\u003d\"58\" r\u003d\"60\" t\u003d\"722\"\u003e\u003c/rect\u003e  \u003crect b\u003d\"739\" l\u003d\"57\" r\u003d\"61\" t\u003d\"723\"\u003e\u003c/rect\u003e  \u003crect b\u003d\"752\" l\u003d\"58\" r\u003d\"61\" t\u003d\"739\"\u003e\u003c/rect\u003e  \u003crect b\u003d\"754\" l\u003d\"57\" r\u003d\"61\" t\u003d\"752\"\u003e\u003c/rect\u003e  \u003crect b\u003d\"776\" l\u003d\"57\" r\u003d\"60\" t\u003d\"754\"\u003e\u003c/rect\u003e  \u003crect b\u003d\"779\" l\u003d\"57\" r\u003d\"61\" t\u003d\"776\"\u003e\u003c/rect\u003e  \u003crect b\u003d\"783\" l\u003d\"57\" r\u003d\"60\" t\u003d\"779\"\u003e\u003c/rect\u003e  \u003crect b\u003d\"801\" l\u003d\"58\" r\u003d\"61\" t\u003d\"783\"\u003e\u003c/rect\u003e  \u003crect b\u003d\"803\" l\u003d\"57\" r\u003d\"61\" t\u003d\"801\"\u003e\u003c/rect\u003e  \u003crect b\u003d\"825\" l\u003d\"57\" r\u003d\"60\" t\u003d\"803\"\u003e\u003c/rect\u003e  \u003crect b\u003d\"863\" l\u003d\"57\" r\u003d\"61\" t\u003d\"825\"\u003e\u003c/rect\u003e  \u003crect b\u003d\"874\" l\u003d\"57\" r\u003d\"60\" t\u003d\"863\"\u003e\u003c/rect\u003e  \u003crect b\u003d\"877\" l\u003d\"57\" r\u003d\"61\" t\u003d\"874\"\u003e\u003c/rect\u003e  \u003c/region\u003e  \u003cseparator thickness\u003d\"3\" type\u003d\"Black\"\u003e \u003cstart x\u003d\"59\" y\u003d\"577\"\u003e\u003c/start\u003e \u003cend x\u003d\"59\" y\u003d\"877\"\u003e\u003c/end\u003e \u003c/separator\u003e \u003c/block\u003e  \u003cblock b\u003d\"562\" blockname\u003d\"\" blocktype\u003d\"Separator\" l\u003d\"58\" r\u003d\"59\" style\u003d\"transform: translate(46px, 631px); position: absolute;\" t\u003d\"534\"\u003e \u003cregion\u003e \u003crect b\u003d\"562\" l\u003d\"58\" r\u003d\"59\" t\u003d\"534\"\u003e\u003c/rect\u003e  \u003c/region\u003e  \u003cseparator thickness\u003d\"1\" type\u003d\"Black\"\u003e \u003cstart x\u003d\"58\" y\u003d\"534\"\u003e\u003c/start\u003e \u003cend x\u003d\"58\" y\u003d\"562\"\u003e\u003c/end\u003e \u003c/separator\u003e \u003c/block\u003e  \u003cblock b\u003d\"1059\" blockname\u003d\"\" blocktype\u003d\"Separator\" l\u003d\"58\" r\u003d\"60\" style\u003d\"transform: translate(46px, 1064px); position: absolute;\" t\u003d\"900\"\u003e \u003cregion\u003e \u003crect b\u003d\"1059\" l\u003d\"58\" r\u003d\"60\" t\u003d\"900\"\u003e\u003c/rect\u003e  \u003c/region\u003e  \u003cseparator thickness\u003d\"2\" type\u003d\"Black\"\u003e \u003cstart x\u003d\"59\" y\u003d\"900\"\u003e\u003c/start\u003e \u003cend x\u003d\"59\" y\u003d\"1059\"\u003e\u003c/end\u003e \u003c/separator\u003e \u003c/block\u003e  \u003cblock b\u003d\"503\" blockname\u003d\"\" blocktype\u003d\"Separator\" class\u003d\"hidden\" l\u003d\"586\" r\u003d\"587\" style\u003d\"transform: translate(469px, 535px); position: absolute;\" t\u003d\"453\"\u003e \u003cregion\u003e \u003crect b\u003d\"503\" l\u003d\"586\" r\u003d\"587\" t\u003d\"453\"\u003e\u003c/rect\u003e  \u003c/region\u003e  \u003cseparator thickness\u003d\"1\" type\u003d\"Black\"\u003e \u003cstart x\u003d\"586\" y\u003d\"453\"\u003e\u003c/start\u003e \u003cend x\u003d\"586\" y\u003d\"503\"\u003e\u003c/end\u003e \u003c/separator\u003e \u003c/block\u003e  \u003cblock b\u003d\"1059\" blockname\u003d\"\" blocktype\u003d\"Separator\" l\u003d\"643\" r\u003d\"648\" style\u003d\"transform: translate(514px, 1068px); position: absolute;\" t\u003d\"904\"\u003e \u003cregion\u003e \u003crect b\u003d\"1059\" l\u003d\"643\" r\u003d\"648\" t\u003d\"904\"\u003e\u003c/rect\u003e  \u003c/region\u003e  \u003cseparator thickness\u003d\"3\" type\u003d\"Black\"\u003e \u003cstart x\u003d\"645\" y\u003d\"904\"\u003e\u003c/start\u003e \u003cend x\u003d\"645\" y\u003d\"1059\"\u003e\u003c/end\u003e \u003c/separator\u003e \u003c/block\u003e  \u003cblock b\u003d\"502\" blockname\u003d\"\" blocktype\u003d\"Separator\" class\u003d\"hidden\" l\u003d\"683\" r\u003d\"684\" style\u003d\"transform: translate(546px, 535px); position: absolute;\" t\u003d\"453\"\u003e \u003cregion\u003e \u003crect b\u003d\"502\" l\u003d\"683\" r\u003d\"684\" t\u003d\"453\"\u003e\u003c/rect\u003e  \u003c/region\u003e  \u003cseparator thickness\u003d\"1\" type\u003d\"Black\"\u003e \u003cstart x\u003d\"683\" y\u003d\"453\"\u003e\u003c/start\u003e \u003cend x\u003d\"683\" y\u003d\"502\"\u003e\u003c/end\u003e \u003c/separator\u003e \u003c/block\u003e  \u003cblock b\u003d\"502\" blockname\u003d\"\" blocktype\u003d\"Separator\" class\u003d\"hidden\" l\u003d\"781\" r\u003d\"783\" style\u003d\"transform: translate(625px, 535px); position: absolute;\" t\u003d\"453\"\u003e \u003cregion\u003e \u003crect b\u003d\"502\" l\u003d\"781\" r\u003d\"783\" t\u003d\"453\"\u003e\u003c/rect\u003e  \u003c/region\u003e  \u003cseparator thickness\u003d\"2\" type\u003d\"Black\"\u003e \u003cstart x\u003d\"782\" y\u003d\"453\"\u003e\u003c/start\u003e \u003cend x\u003d\"782\" y\u003d\"502\"\u003e\u003c/end\u003e \u003c/separator\u003e \u003c/block\u003e  \u003cblock b\u003d\"1002\" blockname\u003d\"\" blocktype\u003d\"Separator\" l\u003d\"789\" r\u003d\"791\" style\u003d\"transform: translate(631px, 1064px); position: absolute;\" t\u003d\"900\"\u003e \u003cregion\u003e \u003crect b\u003d\"1002\" l\u003d\"789\" r\u003d\"791\" t\u003d\"900\"\u003e\u003c/rect\u003e  \u003c/region\u003e  \u003cseparator thickness\u003d\"2\" type\u003d\"Black\"\u003e \u003cstart x\u003d\"790\" y\u003d\"900\"\u003e\u003c/start\u003e \u003cend x\u003d\"790\" y\u003d\"1002\"\u003e\u003c/end\u003e \u003c/separator\u003e \u003c/block\u003e  \u003cblock b\u003d\"566\" blockname\u003d\"\" blocktype\u003d\"Separator\" l\u003d\"882\" r\u003d\"884\" style\u003d\"transform: translate(705px, 626px); position: absolute;\" t\u003d\"530\"\u003e \u003cregion\u003e \u003crect b\u003d\"566\" l\u003d\"882\" r\u003d\"884\" t\u003d\"530\"\u003e\u003c/rect\u003e  \u003c/region\u003e  \u003cseparator thickness\u003d\"2\" type\u003d\"Black\"\u003e \u003cstart x\u003d\"883\" y\u003d\"530\"\u003e\u003c/start\u003e \u003cend x\u003d\"883\" y\u003d\"566\"\u003e\u003c/end\u003e \u003c/separator\u003e \u003c/block\u003e  \u003cblock b\u003d\"873\" blockname\u003d\"\" blocktype\u003d\"Separator\" l\u003d\"882\" r\u003d\"885\" style\u003d\"transform: translate(705px, 681px); position: absolute;\" t\u003d\"576\"\u003e \u003cregion\u003e \u003crect b\u003d\"584\" l\u003d\"882\" r\u003d\"885\" t\u003d\"576\"\u003e\u003c/rect\u003e  \u003crect b\u003d\"601\" l\u003d\"883\" r\u003d\"884\" t\u003d\"584\"\u003e\u003c/rect\u003e  \u003crect b\u003d\"607\" l\u003d\"882\" r\u003d\"885\" t\u003d\"601\"\u003e\u003c/rect\u003e  \u003crect b\u003d\"674\" l\u003d\"883\" r\u003d\"884\" t\u003d\"607\"\u003e\u003c/rect\u003e  \u003crect b\u003d\"681\" l\u003d\"882\" r\u003d\"885\" t\u003d\"674\"\u003e\u003c/rect\u003e  \u003crect b\u003d\"698\" l\u003d\"883\" r\u003d\"885\" t\u003d\"681\"\u003e\u003c/rect\u003e  \u003crect b\u003d\"705\" l\u003d\"882\" r\u003d\"885\" t\u003d\"698\"\u003e\u003c/rect\u003e  \u003crect b\u003d\"723\" l\u003d\"883\" r\u003d\"885\" t\u003d\"705\"\u003e\u003c/rect\u003e  \u003crect b\u003d\"757\" l\u003d\"882\" r\u003d\"884\" t\u003d\"723\"\u003e\u003c/rect\u003e  \u003crect b\u003d\"775\" l\u003d\"883\" r\u003d\"885\" t\u003d\"757\"\u003e\u003c/rect\u003e  \u003crect b\u003d\"777\" l\u003d\"882\" r\u003d\"884\" t\u003d\"775\"\u003e\u003c/rect\u003e  \u003crect b\u003d\"783\" l\u003d\"882\" r\u003d\"885\" t\u003d\"777\"\u003e\u003c/rect\u003e  \u003crect b\u003d\"801\" l\u003d\"882\" r\u003d\"884\" t\u003d\"783\"\u003e\u003c/rect\u003e  \u003crect b\u003d\"807\" l\u003d\"882\" r\u003d\"885\" t\u003d\"801\"\u003e\u003c/rect\u003e  \u003crect b\u003d\"825\" l\u003d\"883\" r\u003d\"885\" t\u003d\"807\"\u003e\u003c/rect\u003e  \u003crect b\u003d\"833\" l\u003d\"882\" r\u003d\"885\" t\u003d\"825\"\u003e\u003c/rect\u003e  \u003crect b\u003d\"849\" l\u003d\"883\" r\u003d\"885\" t\u003d\"833\"\u003e\u003c/rect\u003e  \u003crect b\u003d\"855\" l\u003d\"882\" r\u003d\"885\" t\u003d\"849\"\u003e\u003c/rect\u003e  \u003crect b\u003d\"873\" l\u003d\"882\" r\u003d\"884\" t\u003d\"855\"\u003e\u003c/rect\u003e  \u003c/region\u003e  \u003cseparator thickness\u003d\"2\" type\u003d\"Black\"\u003e \u003cstart x\u003d\"883\" y\u003d\"576\"\u003e\u003c/start\u003e \u003cend x\u003d\"883\" y\u003d\"873\"\u003e\u003c/end\u003e \u003c/separator\u003e \u003c/block\u003e  \u003cblock b\u003d\"1002\" blockname\u003d\"\" blocktype\u003d\"Separator\" l\u003d\"882\" r\u003d\"884\" style\u003d\"transform: translate(705px, 1064px); position: absolute;\" t\u003d\"900\"\u003e \u003cregion\u003e \u003crect b\u003d\"1002\" l\u003d\"882\" r\u003d\"884\" t\u003d\"900\"\u003e\u003c/rect\u003e  \u003c/region\u003e  \u003cseparator thickness\u003d\"2\" type\u003d\"Black\"\u003e \u003cstart x\u003d\"883\" y\u003d\"900\"\u003e\u003c/start\u003e \u003cend x\u003d\"883\" y\u003d\"1002\"\u003e\u003c/end\u003e \u003c/separator\u003e \u003c/block\u003e  \u003cblock b\u003d\"953\" blockname\u003d\"\" blocktype\u003d\"Separator\" l\u003d\"725\" r\u003d\"727\" style\u003d\"transform: translate(580px, 1093px); position: absolute;\" t\u003d\"925\"\u003e \u003cregion\u003e \u003crect b\u003d\"953\" l\u003d\"725\" r\u003d\"727\" t\u003d\"925\"\u003e\u003c/rect\u003e  \u003c/region\u003e  \u003cseparator thickness\u003d\"2\" type\u003d\"Black\"\u003e \u003cstart x\u003d\"726\" y\u003d\"925\"\u003e\u003c/start\u003e \u003cend x\u003d\"726\" y\u003d\"953\"\u003e\u003c/end\u003e \u003c/separator\u003e \u003c/block\u003e  \u003cblock b\u003d\"630\" blockname\u003d\"\" blocktype\u003d\"Separator\" l\u003d\"226\" r\u003d\"308\" style\u003d\"transform: translate(181px, 743px); position: absolute;\" t\u003d\"629\"\u003e \u003cregion\u003e \u003crect b\u003d\"630\" l\u003d\"226\" r\u003d\"308\" t\u003d\"629\"\u003e\u003c/rect\u003e  \u003c/region\u003e  \u003cseparator thickness\u003d\"1\" type\u003d\"Dotted\"\u003e \u003cstart x\u003d\"226\" y\u003d\"629\"\u003e\u003c/start\u003e \u003cend x\u003d\"308\" y\u003d\"629\"\u003e\u003c/end\u003e \u003c/separator\u003e \u003c/block\u003e  \u003cblock b\u003d\"1141\" blockname\u003d\"\" blocktype\u003d\"Separator\" l\u003d\"158\" r\u003d\"378\" style\u003d\"transform: translate(126px, 1346px); position: absolute;\" t\u003d\"1139\"\u003e \u003cregion\u003e \u003crect b\u003d\"1141\" l\u003d\"158\" r\u003d\"378\" t\u003d\"1139\"\u003e\u003c/rect\u003e  \u003c/region\u003e  \u003cseparator thickness\u003d\"2\" type\u003d\"Dotted\"\u003e \u003cstart x\u003d\"158\" y\u003d\"1140\"\u003e\u003c/start\u003e \u003cend x\u003d\"378\" y\u003d\"1140\"\u003e\u003c/end\u003e \u003c/separator\u003e \u003c/block\u003e  \u003cblock b\u003d\"1141\" blockname\u003d\"\" blocktype\u003d\"Separator\" l\u003d\"439\" r\u003d\"557\" style\u003d\"transform: translate(351px, 1346px); position: absolute;\" t\u003d\"1139\"\u003e \u003cregion\u003e \u003crect b\u003d\"1141\" l\u003d\"439\" r\u003d\"557\" t\u003d\"1139\"\u003e\u003c/rect\u003e  \u003c/region\u003e  \u003cseparator thickness\u003d\"2\" type\u003d\"Dotted\"\u003e \u003cstart x\u003d\"439\" y\u003d\"1140\"\u003e\u003c/start\u003e \u003cend x\u003d\"557\" y\u003d\"1140\"\u003e\u003c/end\u003e \u003c/separator\u003e \u003c/block\u003e  \u003c/page\u003e             \u003c/document\u003e\u003c/body\u003e\u003c/html\u003e","tags":[{"score":0.5096914972822955,"end":187,"tag":"invoice_date","text":"09/17/2007","estimatedAccuracy":0.9450993622838406,"begin":178},{"score":0.5314149721740823,"end":205,"tag":"invoice_number","text":"0001","estimatedAccuracy":0.9311925464526273,"begin":201},{"score":0.6129308713174834,"end":1494,"tag":"total_amount","text":"807.20","estimatedAccuracy":0.9591836734693877,"begin":1488}],"group":"invoice_date|invoice_number|total_amount"}