{"finalScore":0.5978282260663433,"metaInfo":{"model":{"coreVersion":"9.3.0.9"}},"sumScore":5.38045403459709,"tagsCounter":9.0,"taggedText":"\u003chtml\u003e\u003chead\u003e\u003cscript src\u003d\"https://ajax.googleapis.com/ajax/libs/jquery/2.2.0/jquery.min.js\"\u003e\u003c/script\u003e\u003c/head\u003e\u003cbody\u003e\u003cdocument languages\u003d\"\" producer\u003d\"Workfusion\" schemalocation\u003d\"http://ocr.crowdcomputingsystems.com/xml/schema-v1.xml\" version\u003d\"1.0\" xmlns\u003d\"http://ocr.crowdcomputingsystems.com/xml/schema-v1.xml\" xsi\u003d\"http://www.w3.org/2001/XMLSchema-instance\"\u003e \u003clink href\u003d\"https://s3.amazonaws.com/workfusion-resources/ocr/ocr-xml-viewer-0.3-scale-to-width.css\" rel\u003d\"stylesheet\" type\u003d\"text/css\"\u003e\u003c/link\u003e \u003cstyle\u003e\u003c/style\u003e\u003cpage data-pages\u003d\"1\" h\u003d\"956\" resolution\u003d\"72\" style\u003d\"height: 1475px;\" w\u003d\"804\"\u003e \u003cblock b\u003d\"92\" blockname\u003d\"\" blocktype\u003d\"Text\" l\u003d\"40\" r\u003d\"330\" style\u003d\"transform: translate(70px, 128px); position: absolute; width: 507.139px; height: 37.9167px;\" t\u003d\"71\"\u003e \u003cregion\u003e \u003crect b\u003d\"92\" l\u003d\"40\" r\u003d\"330\" t\u003d\"71\"\u003e\u003c/rect\u003e  \u003c/region\u003e  \u003ctext\u003e \u003cpar leftindent\u003d\"900\" linespacing\u003d\"1900\"\u003e \u003cline b\u003d\"90\" baseline\u003d\"90\" l\u003d\"41\" r\u003d\"328\" style\u003d\"transform: translate(2px, 0px); position: absolute;\" t\u003d\"71\"\u003e \u003cformatting lang\u003d\"EnglishUnitedStates\"\u003e \u003csupplier_name begin\u003d\"13\" class\u003d\"extraction-tag ml-tag\" data-text\u003d\"AL\u0026apos;S\" data-value\u003d\"AL\u0026apos;S\" end\u003d\"17\" estimated-accuracy\u003d\"0.769381961302189\" ml-tagorder\u003d\"0\" score\u003d\"0.38453271975701386\" style\u003d\"border: 2px solid rgb(125, 157, 1);\" tagorder\u003d\"0\"\u003eAL\u0027S\u003c/supplier_name\u003e CARPET CLEANING \u003c/formatting\u003e  \u003c/line\u003e  \u003c/par\u003e  \u003c/text\u003e  \u003c/block\u003e  \u003cblock b\u003d\"292\" blockname\u003d\"\" blocktype\u003d\"Text\" l\u003d\"40\" r\u003d\"225\" style\u003d\"transform: translate(70px, 200px); position: absolute; width: 323.52px; height: 326.806px;\" t\u003d\"111\"\u003e \u003cregion\u003e \u003crect b\u003d\"292\" l\u003d\"40\" r\u003d\"225\" t\u003d\"111\"\u003e\u003c/rect\u003e  \u003c/region\u003e  \u003ctext\u003e \u003cpar leftindent\u003d\"900\" linespacing\u003d\"1400\" rightindent\u003d\"5500\"\u003e \u003cline b\u003d\"121\" baseline\u003d\"119\" l\u003d\"42\" r\u003d\"131\" style\u003d\"transform: translate(3px, 0px); position: absolute;\" t\u003d\"111\"\u003e \u003cformatting lang\u003d\"EnglishUnitedStates\"\u003e 1557 Figueroa Ave \u003c/formatting\u003e  \u003c/line\u003e  \u003cline b\u003d\"135\" baseline\u003d\"133\" l\u003d\"41\" r\u003d\"150\" style\u003d\"transform: translate(2px, 23px); position: absolute;\" t\u003d\"124\"\u003e \u003cformatting lang\u003d\"EnglishUnitedStates\"\u003e Los Angeles.CA 97856 \u003c/formatting\u003e  \u003c/line\u003e  \u003c/par\u003e  \u003cpar leftindent\u003d\"900\" linespacing\u003d\"2000\"\u003e \u003cline b\u003d\"150\" baseline\u003d\"150\" l\u003d\"41\" r\u003d\"186\" style\u003d\"transform: translate(2px, 49px); position: absolute;\" t\u003d\"138\"\u003e \u003cformatting lang\u003d\"EnglishUnitedStates\"\u003e \u003cemail begin\u003d\"108\" class\u003d\"extraction-tag ml-tag\" data-text\u003d\"alscarpet@vahoo.com\" data-value\u003d\"alscarpet@vahoo.com\" end\u003d\"127\" estimated-accuracy\u003d\"1.0\" ml-tagorder\u003d\"1\" score\u003d\"0.7122170147770303\" style\u003d\"border: 2px solid rgb(125, 157, 1);\" tagorder\u003d\"1\"\u003ealscarpet@vahoo.com\u003c/email\u003e \u003c/formatting\u003e  \u003c/line\u003e  \u003cline b\u003d\"173\" baseline\u003d\"170\" l\u003d\"41\" r\u003d\"140\" style\u003d\"transform: translate(2px, 85px); position: absolute;\" t\u003d\"158\"\u003e \u003cformatting lang\u003d\"EnglishUnitedStates\"\u003e (909) 555-3652 \u003c/formatting\u003e  \u003c/line\u003e  \u003c/par\u003e  \u003cpar leftindent\u003d\"900\" linespacing\u003d\"2800\"\u003e \u003cline b\u003d\"204\" baseline\u003d\"202\" l\u003d\"41\" r\u003d\"216\" style\u003d\"transform: translate(2px, 148px); position: absolute;\" t\u003d\"193\"\u003e \u003cformatting lang\u003d\"EnglishUnitedStates\"\u003e SUBMITTED BY: Albert Manning \u003c/formatting\u003e  \u003c/line\u003e  \u003cline b\u003d\"230\" baseline\u003d\"230\" l\u003d\"41\" r\u003d\"101\" style\u003d\"transform: translate(2px, 200px); position: absolute;\" t\u003d\"222\"\u003e \u003cformatting lang\u003d\"EnglishUnitedStates\"\u003e BILLEDTO: \u003c/formatting\u003e  \u003c/line\u003e  \u003c/par\u003e  \u003cpar leftindent\u003d\"900\" linespacing\u003d\"1900\"\u003e \u003cline b\u003d\"248\" baseline\u003d\"248\" l\u003d\"41\" r\u003d\"108\" style\u003d\"transform: translate(2px, 228px); position: absolute;\" t\u003d\"237\"\u003e \u003cformatting lang\u003d\"EnglishUnitedStates\"\u003e Home PSC \u003c/formatting\u003e  \u003c/line\u003e  \u003c/par\u003e  \u003cpar leftindent\u003d\"900\" linespacing\u003d\"1900\"\u003e \u003cline b\u003d\"267\" baseline\u003d\"267\" l\u003d\"42\" r\u003d\"205\" style\u003d\"transform: translate(3px, 260px); position: absolute;\" t\u003d\"255\"\u003e \u003cformatting lang\u003d\"EnglishUnitedStates\"\u003e 1432 Forest Glen Dr # 62 \u003c/formatting\u003e  \u003c/line\u003e  \u003cline b\u003d\"290\" baseline\u003d\"287\" l\u003d\"41\" r\u003d\"223\" style\u003d\"transform: translate(2px, 296px); position: absolute;\" t\u003d\"275\"\u003e \u003cformatting lang\u003d\"EnglishUnitedStates\"\u003e Hacienda Heights; CA 91745 \u003c/formatting\u003e  \u003c/line\u003e  \u003c/par\u003e  \u003c/text\u003e  \u003c/block\u003e  \u003cblock b\u003d\"134\" blockname\u003d\"\" blocktype\u003d\"Text\" l\u003d\"582\" r\u003d\"748\" style\u003d\"transform: translate(1018px, 119px); position: absolute; width: 290.294px; height: 122.778px;\" t\u003d\"66\"\u003e \u003cregion\u003e \u003crect b\u003d\"134\" l\u003d\"582\" r\u003d\"748\" t\u003d\"66\"\u003e\u003c/rect\u003e  \u003c/region\u003e  \u003ctext\u003e \u003cpar linespacing\u003d\"2800\"\u003e \u003cline b\u003d\"94\" baseline\u003d\"94\" l\u003d\"583\" r\u003d\"745\" style\u003d\"transform: translate(2px, 0px); position: absolute;\" t\u003d\"66\"\u003e \u003cformatting lang\u003d\"EnglishUnitedStates\"\u003e INVOICE \u003c/formatting\u003e  \u003c/line\u003e  \u003c/par\u003e  \u003cpar align\u003d\"Right\" leftindent\u003d\"6800\" linespacing\u003d\"1400\"\u003e \u003cline b\u003d\"120\" baseline\u003d\"118\" l\u003d\"650\" r\u003d\"746\" style\u003d\"transform: translate(119px, 78px); position: absolute;\" t\u003d\"109\"\u003e \u003cformatting lang\u003d\"EnglishUnitedStates\"\u003e Date: \u003cinvoice_date begin\u003d\"331\" class\u003d\"extraction-tag ml-tag\" data-text\u003d\"March 2,2011\" data-value\u003d\"03/02/2011\" end\u003d\"343\" estimated-accuracy\u003d\"0.9696969696969697\" ml-tagorder\u003d\"2\" score\u003d\"0.6010595654190084\" style\u003d\"border: 2px solid rgb(125, 157, 1);\" tagorder\u003d\"2\"\u003eMarch 2,2011\u003c/invoice_date\u003e \u003c/formatting\u003e  \u003c/line\u003e  \u003cline b\u003d\"132\" baseline\u003d\"132\" l\u003d\"680\" r\u003d\"746\" style\u003d\"transform: translate(171px, 105px); position: absolute;\" t\u003d\"124\"\u003e \u003cformatting lang\u003d\"EnglishUnitedStates\"\u003e Invoices 001 \u003c/formatting\u003e  \u003c/line\u003e  \u003c/par\u003e  \u003c/text\u003e  \u003c/block\u003e  \u003cblock b\u003d\"272\" blockname\u003d\"\" blocktype\u003d\"Text\" l\u003d\"397\" r\u003d\"526\" style\u003d\"transform: translate(694px, 401px); position: absolute; width: 225.59px; height: 90.2778px;\" t\u003d\"222\"\u003e \u003cregion\u003e \u003crect b\u003d\"272\" l\u003d\"397\" r\u003d\"526\" t\u003d\"222\"\u003e\u003c/rect\u003e  \u003c/region\u003e  \u003ctext\u003e \u003cpar align\u003d\"Justified\" linespacing\u003d\"800\"\u003e \u003cline b\u003d\"230\" baseline\u003d\"230\" l\u003d\"398\" r\u003d\"515\" style\u003d\"transform: translate(2px, 0px); position: absolute;\" t\u003d\"222\"\u003e \u003cformatting lang\u003d\"EnglishUnitedStates\"\u003e PROPERTY ADDRESS: \u003c/formatting\u003e  \u003c/line\u003e  \u003c/par\u003e  \u003cpar align\u003d\"Justified\" linespacing\u003d\"1900\"\u003e \u003cline b\u003d\"248\" baseline\u003d\"248\" l\u003d\"399\" r\u003d\"524\" style\u003d\"transform: translate(3px, 27px); position: absolute;\" t\u003d\"237\"\u003e \u003cformatting lang\u003d\"EnglishUnitedStates\"\u003e 10727 Western Ave \u003c/formatting\u003e  \u003c/line\u003e  \u003cline b\u003d\"270\" baseline\u003d\"267\" l\u003d\"397\" r\u003d\"512\" style\u003d\"transform: translate(0px, 61px); position: absolute;\" t\u003d\"256\"\u003e \u003cformatting lang\u003d\"EnglishUnitedStates\"\u003e Tempe, AZ 96235 \u003c/formatting\u003e  \u003c/line\u003e  \u003c/par\u003e  \u003c/text\u003e  \u003c/block\u003e  \u003cblock b\u003d\"337\" blockname\u003d\"\" blocktype\u003d\"Text\" l\u003d\"40\" r\u003d\"350\" style\u003d\"transform: translate(70px, 562px); position: absolute; width: 542.114px; height: 46.9444px;\" t\u003d\"311\"\u003e \u003cregion\u003e \u003crect b\u003d\"337\" l\u003d\"40\" r\u003d\"350\" t\u003d\"311\"\u003e\u003c/rect\u003e  \u003c/region\u003e  \u003ctext\u003e \u003cpar leftindent\u003d\"900\" linespacing\u003d\"800\"\u003e \u003cline b\u003d\"319\" baseline\u003d\"319\" l\u003d\"41\" r\u003d\"103\" style\u003d\"transform: translate(2px, 0px); position: absolute;\" t\u003d\"311\"\u003e \u003cformatting lang\u003d\"EnglishUnitedStates\"\u003e Comments \u003c/formatting\u003e  \u003c/line\u003e  \u003c/par\u003e  \u003cpar leftindent\u003d\"2400\" linespacing\u003d\"900\"\u003e \u003cline b\u003d\"335\" baseline\u003d\"333\" l\u003d\"56\" r\u003d\"348\" style\u003d\"transform: translate(28px, 23px); position: absolute;\" t\u003d\"324\"\u003e \u003cformatting lang\u003d\"EnglishUnitedStates\"\u003e There was a portion of carpet missing in the master bedroom \u003c/formatting\u003e  \u003c/line\u003e  \u003c/par\u003e  \u003c/text\u003e  \u003c/block\u003e  \u003cregion xmlns\u003d\"http://ocr.crowdcomputingsystems.com/xml/schema-v1.xml\"\u003e \u003crect b\u003d\"714\" l\u003d\"32\" r\u003d\"769\" t\u003d\"367\"\u003e\u003c/rect\u003e  \u003c/region\u003e \u003ctable b\u003d\"714\" blockname\u003d\"\" blocktype\u003d\"Table\" l\u003d\"32\" r\u003d\"769\" style\u003d\"transform: translate(56px, 663px); position: absolute; user-select: auto;\" t\u003d\"367\" xmlns\u003d\"\"\u003e \u003ctbody\u003e\u003ctr\u003e \u003ctd h\u003d\"29\" w\u003d\"95\"\u003e \u003ctext xmlns\u003d\"http://ocr.crowdcomputingsystems.com/xml/schema-v1.xml\"\u003e \u003cpar align\u003d\"Center\" linespacing\u003d\"800\"\u003e \u003cline b\u003d\"387\" baseline\u003d\"385\" l\u003d\"50\" r\u003d\"109\" t\u003d\"377\"\u003e \u003cformatting lang\u003d\"EnglishUnitedStates\"\u003e QUANTITY \u003c/formatting\u003e  \u003c/line\u003e  \u003c/par\u003e  \u003c/text\u003e  \u003c/td\u003e   \u003ctd h\u003d\"29\" w\u003d\"109\"\u003e \u003ctext xmlns\u003d\"http://ocr.crowdcomputingsystems.com/xml/schema-v1.xml\"\u003e \u003cpar leftindent\u003d\"1500\" linespacing\u003d\"900\"\u003e \u003cline b\u003d\"385\" baseline\u003d\"384\" l\u003d\"142\" r\u003d\"219\" t\u003d\"375\"\u003e \u003cformatting lang\u003d\"EnglishUnitedStates\"\u003e Work Order # \u003c/formatting\u003e  \u003c/line\u003e  \u003c/par\u003e  \u003c/text\u003e  \u003c/td\u003e   \u003ctd h\u003d\"29\" w\u003d\"358\"\u003e \u003ctext xmlns\u003d\"http://ocr.crowdcomputingsystems.com/xml/schema-v1.xml\"\u003e \u003cpar align\u003d\"Center\" leftindent\u003d\"100\" linespacing\u003d\"800\"\u003e \u003cline b\u003d\"385\" baseline\u003d\"385\" l\u003d\"376\" r\u003d\"453\" t\u003d\"377\"\u003e \u003cformatting lang\u003d\"EnglishUnitedStates\"\u003e DESCRIPTION \u003c/formatting\u003e  \u003c/line\u003e  \u003c/par\u003e  \u003c/text\u003e  \u003c/td\u003e   \u003ctd h\u003d\"29\" w\u003d\"81\"\u003e \u003ctext xmlns\u003d\"http://ocr.crowdcomputingsystems.com/xml/schema-v1.xml\"\u003e \u003cpar leftindent\u003d\"900\" linespacing\u003d\"800\"\u003e \u003cline b\u003d\"385\" baseline\u003d\"385\" l\u003d\"603\" r\u003d\"666\" t\u003d\"377\"\u003e \u003cformatting lang\u003d\"EnglishUnitedStates\"\u003e UNIT PRICE \u003c/formatting\u003e  \u003c/line\u003e  \u003c/par\u003e  \u003c/text\u003e  \u003c/td\u003e   \u003ctd h\u003d\"29\" w\u003d\"94\"\u003e \u003ctext xmlns\u003d\"http://ocr.crowdcomputingsystems.com/xml/schema-v1.xml\"\u003e \u003cpar align\u003d\"Center\" leftindent\u003d\"300\" linespacing\u003d\"800\"\u003e \u003cline b\u003d\"385\" baseline\u003d\"385\" l\u003d\"702\" r\u003d\"739\" t\u003d\"377\"\u003e \u003cformatting lang\u003d\"EnglishUnitedStates\"\u003e TOTAL \u003c/formatting\u003e  \u003c/line\u003e  \u003c/par\u003e  \u003c/text\u003e  \u003c/td\u003e   \u003c/tr\u003e \n \u003ctr\u003e \u003ctd h\u003d\"29\" w\u003d\"95\"\u003e \u003ctext xmlns\u003d\"http://ocr.crowdcomputingsystems.com/xml/schema-v1.xml\"\u003e \u003cpar align\u003d\"Center\" linespacing\u003d\"900\"\u003e \u003cline b\u003d\"414\" baseline\u003d\"415\" l\u003d\"78\" r\u003d\"82\" t\u003d\"406\"\u003e\u003cquantity begin\u003d\"702\" class\u003d\"extraction-tag ml-tag\" data-text\u003d\"1\" data-value\u003d\"1.00\" end\u003d\"703\" estimated-accuracy\u003d\"1.0\" ml-tagorder\u003d\"3\" score\u003d\"0.8656878546742303\" style\u003d\"border: 2px solid rgb(125, 157, 1);\" tagorder\u003d\"3\"\u003e1\u003c/quantity\u003e\u003c/line\u003e  \u003c/par\u003e  \u003c/text\u003e  \u003c/td\u003e   \u003ctd h\u003d\"29\" w\u003d\"109\"\u003e \u003ctext xmlns\u003d\"http://ocr.crowdcomputingsystems.com/xml/schema-v1.xml\"\u003e \u003cpar leftindent\u003d\"1000\" linespacing\u003d\"800\"\u003e \u003cline b\u003d\"415\" baseline\u003d\"413\" l\u003d\"137\" r\u003d\"224\" t\u003d\"405\"\u003e \u003cformatting lang\u003d\"EnglishUnitedStates\"\u003e 123645796_35698 \u003c/formatting\u003e  \u003c/line\u003e  \u003c/par\u003e  \u003c/text\u003e  \u003c/td\u003e   \u003ctd h\u003d\"29\" w\u003d\"358\"\u003e \u003ctext xmlns\u003d\"http://ocr.crowdcomputingsystems.com/xml/schema-v1.xml\"\u003e \u003cpar leftindent\u003d\"1500\" linespacing\u003d\"900\"\u003e \u003cline b\u003d\"416\" baseline\u003d\"414\" l\u003d\"251\" r\u003d\"328\" t\u003d\"405\"\u003e\u003cproduct begin\u003d\"747\" class\u003d\"extraction-tag ml-tag\" data-text\u003d\"Carpet Cleaning\" data-value\u003d\"Carpet Cleaning\" end\u003d\"762\" estimated-accuracy\u003d\"0.7922077922077922\" ml-tagorder\u003d\"4\" score\u003d\"0.2937652517141142\" style\u003d\"border: 2px solid rgb(125, 157, 1);\" tagorder\u003d\"4\"\u003eCarpet Cleaning\u003c/product\u003e\u003c/line\u003e  \u003c/par\u003e  \u003c/text\u003e  \u003c/td\u003e   \u003ctd h\u003d\"29\" w\u003d\"81\"\u003e \u003ctext xmlns\u003d\"http://ocr.crowdcomputingsystems.com/xml/schema-v1.xml\"\u003e \u003cpar align\u003d\"Right\" linespacing\u003d\"800\" rightindent\u003d\"1500\"\u003e \u003cline b\u003d\"415\" baseline\u003d\"414\" l\u003d\"629\" r\u003d\"660\" t\u003d\"406\"\u003e\u003cprice begin\u003d\"774\" class\u003d\"extraction-tag ml-tag\" data-text\u003d\"S89.00\" data-value\u003d\"S89.00\" end\u003d\"780\" estimated-accuracy\u003d\"1.0\" ml-tagorder\u003d\"5\" score\u003d\"0.8817025421460496\" style\u003d\"border: 2px solid rgb(125, 157, 1);\" tagorder\u003d\"5\"\u003eS89.00\u003c/price\u003e\u003c/line\u003e  \u003c/par\u003e  \u003c/text\u003e  \u003c/td\u003e   \u003ctd h\u003d\"29\" w\u003d\"94\"\u003e \u003ctext xmlns\u003d\"http://ocr.crowdcomputingsystems.com/xml/schema-v1.xml\"\u003e \u003cpar leftindent\u003d\"4600\" linespacing\u003d\"800\"\u003e \u003cline b\u003d\"415\" baseline\u003d\"414\" l\u003d\"721\" r\u003d\"752\" t\u003d\"406\"\u003e \u003cformatting lang\u003d\"EnglishUnitedStates\"\u003e S89.00 \u003c/formatting\u003e  \u003c/line\u003e  \u003c/par\u003e  \u003c/text\u003e  \u003c/td\u003e   \u003c/tr\u003e \n \u003ctr\u003e \u003ctd h\u003d\"29\" w\u003d\"95\"\u003e \u003ctext xmlns\u003d\"http://ocr.crowdcomputingsystems.com/xml/schema-v1.xml\"\u003e \u003cpar leftindent\u003d\"1800\" linespacing\u003d\"-1\"\u003e\u003c/par\u003e  \u003c/text\u003e  \u003c/td\u003e   \u003ctd h\u003d\"29\" w\u003d\"109\"\u003e \u003ctext xmlns\u003d\"http://ocr.crowdcomputingsystems.com/xml/schema-v1.xml\"\u003e \u003cpar leftindent\u003d\"1000\" linespacing\u003d\"-1\"\u003e\u003c/par\u003e  \u003c/text\u003e  \u003c/td\u003e   \u003ctd h\u003d\"29\" w\u003d\"358\"\u003e \u003ctext xmlns\u003d\"http://ocr.crowdcomputingsystems.com/xml/schema-v1.xml\"\u003e \u003cpar leftindent\u003d\"1500\" linespacing\u003d\"800\"\u003e \u003cline b\u003d\"445\" baseline\u003d\"443\" l\u003d\"251\" r\u003d\"400\" t\u003d\"435\"\u003e3 BEDR00MS, 1 LIVING ROOM\u003c/line\u003e  \u003c/par\u003e  \u003c/text\u003e  \u003c/td\u003e   \u003ctd h\u003d\"29\" w\u003d\"81\"\u003e \u003ctext xmlns\u003d\"http://ocr.crowdcomputingsystems.com/xml/schema-v1.xml\"\u003e \u003cpar leftindent\u003d\"900\" linespacing\u003d\"-1\"\u003e\u003c/par\u003e  \u003c/text\u003e  \u003c/td\u003e   \u003ctd h\u003d\"29\" w\u003d\"94\"\u003e \u003ctext xmlns\u003d\"http://ocr.crowdcomputingsystems.com/xml/schema-v1.xml\"\u003e \u003cpar leftindent\u003d\"2700\" linespacing\u003d\"-1\"\u003e\u003c/par\u003e  \u003c/text\u003e  \u003c/td\u003e   \u003c/tr\u003e \n \u003ctr\u003e \u003ctd h\u003d\"28\" w\u003d\"95\"\u003e \u003ctext xmlns\u003d\"http://ocr.crowdcomputingsystems.com/xml/schema-v1.xml\"\u003e \u003cpar leftindent\u003d\"1800\" linespacing\u003d\"-1\"\u003e\u003c/par\u003e  \u003c/text\u003e  \u003c/td\u003e   \u003ctd h\u003d\"28\" w\u003d\"109\"\u003e \u003ctext xmlns\u003d\"http://ocr.crowdcomputingsystems.com/xml/schema-v1.xml\"\u003e \u003cpar leftindent\u003d\"1000\" linespacing\u003d\"-1\"\u003e\u003c/par\u003e  \u003c/text\u003e  \u003c/td\u003e   \u003ctd h\u003d\"28\" w\u003d\"358\"\u003e \u003ctext xmlns\u003d\"http://ocr.crowdcomputingsystems.com/xml/schema-v1.xml\"\u003e \u003cpar leftindent\u003d\"1500\" linespacing\u003d\"800\"\u003e \u003cline b\u003d\"473\" baseline\u003d\"472\" l\u003d\"252\" r\u003d\"346\" t\u003d\"464\"\u003e1 YEAR WARRANTY\u003c/line\u003e  \u003c/par\u003e  \u003c/text\u003e  \u003c/td\u003e   \u003ctd h\u003d\"28\" w\u003d\"81\"\u003e \u003ctext xmlns\u003d\"http://ocr.crowdcomputingsystems.com/xml/schema-v1.xml\"\u003e \u003cpar leftindent\u003d\"900\" linespacing\u003d\"-1\"\u003e\u003c/par\u003e  \u003c/text\u003e  \u003c/td\u003e   \u003ctd h\u003d\"28\" w\u003d\"94\"\u003e \u003ctext xmlns\u003d\"http://ocr.crowdcomputingsystems.com/xml/schema-v1.xml\"\u003e \u003cpar leftindent\u003d\"2700\" linespacing\u003d\"-1\"\u003e\u003c/par\u003e  \u003c/text\u003e  \u003c/td\u003e   \u003c/tr\u003e \n \u003ctr\u003e \u003ctd h\u003d\"29\" w\u003d\"95\"\u003e \u003ctext xmlns\u003d\"http://ocr.crowdcomputingsystems.com/xml/schema-v1.xml\"\u003e \u003cpar align\u003d\"Center\" linespacing\u003d\"800\"\u003e \u003cline b\u003d\"500\" baseline\u003d\"500\" l\u003d\"77\" r\u003d\"82\" t\u003d\"492\"\u003e3\u003c/line\u003e  \u003c/par\u003e  \u003c/text\u003e  \u003c/td\u003e   \u003ctd h\u003d\"29\" w\u003d\"109\"\u003e \u003ctext xmlns\u003d\"http://ocr.crowdcomputingsystems.com/xml/schema-v1.xml\"\u003e \u003cpar leftindent\u003d\"1000\" linespacing\u003d\"800\"\u003e \u003cline b\u003d\"501\" baseline\u003d\"499\" l\u003d\"137\" r\u003d\"225\" t\u003d\"491\"\u003e \u003cformatting lang\u003d\"EnglishUnitedStates\"\u003e 123645796_65269 \u003c/formatting\u003e  \u003c/line\u003e  \u003c/par\u003e  \u003c/text\u003e  \u003c/td\u003e   \u003ctd h\u003d\"29\" w\u003d\"358\"\u003e \u003ctext xmlns\u003d\"http://ocr.crowdcomputingsystems.com/xml/schema-v1.xml\"\u003e \u003cpar leftindent\u003d\"1500\" linespacing\u003d\"900\"\u003e \u003cline b\u003d\"500\" baseline\u003d\"500\" l\u003d\"251\" r\u003d\"362\" t\u003d\"491\"\u003eInstall \u003cquantity begin\u003d\"1016\" class\u003d\"extraction-tag ml-tag\" data-text\u003d\"3\" data-value\u003d\"3.00\" end\u003d\"1017\" estimated-accuracy\u003d\"0.9616752209690493\" ml-tagorder\u003d\"6\" score\u003d\"0.539998793123552\" style\u003d\"border: 2px solid rgb(125, 157, 1);\" tagorder\u003d\"6\"\u003e3\u003c/quantity\u003e Air Fresheners\u003c/line\u003e  \u003c/par\u003e  \u003c/text\u003e  \u003c/td\u003e   \u003ctd h\u003d\"29\" w\u003d\"81\"\u003e \u003ctext xmlns\u003d\"http://ocr.crowdcomputingsystems.com/xml/schema-v1.xml\"\u003e \u003cpar align\u003d\"Right\" linespacing\u003d\"800\" rightindent\u003d\"1500\"\u003e \u003cline b\u003d\"500\" baseline\u003d\"500\" l\u003d\"641\" r\u003d\"660\" t\u003d\"492\"\u003e\u003cprice begin\u003d\"1044\" class\u003d\"extraction-tag ml-tag\" data-text\u003d\"5.00\" data-value\u003d\"5.00\" end\u003d\"1048\" estimated-accuracy\u003d\"0.9058441558441559\" ml-tagorder\u003d\"7\" score\u003d\"0.5239001815658201\" style\u003d\"border: 2px solid rgb(125, 157, 1);\" tagorder\u003d\"7\"\u003e5.00\u003c/price\u003e\u003c/line\u003e  \u003c/par\u003e  \u003c/text\u003e  \u003c/td\u003e   \u003ctd h\u003d\"29\" w\u003d\"94\"\u003e \u003ctext xmlns\u003d\"http://ocr.crowdcomputingsystems.com/xml/schema-v1.xml\"\u003e \u003cpar leftindent\u003d\"5300\" linespacing\u003d\"800\"\u003e \u003cline b\u003d\"500\" baseline\u003d\"500\" l\u003d\"728\" r\u003d\"752\" t\u003d\"492\"\u003e \u003cformatting lang\u003d\"EnglishUnitedStates\"\u003e 15.00 \u003c/formatting\u003e  \u003c/line\u003e  \u003c/par\u003e  \u003c/text\u003e  \u003c/td\u003e   \u003c/tr\u003e \n \u003ctr\u003e \u003ctd h\u003d\"30\" w\u003d\"95\"\u003e \u003ctext xmlns\u003d\"http://ocr.crowdcomputingsystems.com/xml/schema-v1.xml\"\u003e \u003cpar leftindent\u003d\"1800\" linespacing\u003d\"-1\"\u003e\u003c/par\u003e  \u003c/text\u003e  \u003c/td\u003e   \u003ctd h\u003d\"30\" w\u003d\"109\"\u003e \u003ctext xmlns\u003d\"http://ocr.crowdcomputingsystems.com/xml/schema-v1.xml\"\u003e \u003cpar leftindent\u003d\"1000\" linespacing\u003d\"-1\"\u003e\u003c/par\u003e  \u003c/text\u003e  \u003c/td\u003e   \u003ctd h\u003d\"30\" w\u003d\"358\"\u003e \u003ctext xmlns\u003d\"http://ocr.crowdcomputingsystems.com/xml/schema-v1.xml\"\u003e \u003cpar leftindent\u003d\"1500\" linespacing\u003d\"-1\"\u003e\u003c/par\u003e  \u003c/text\u003e  \u003c/td\u003e   \u003ctd h\u003d\"30\" w\u003d\"81\"\u003e \u003ctext xmlns\u003d\"http://ocr.crowdcomputingsystems.com/xml/schema-v1.xml\"\u003e \u003cpar align\u003d\"Right\" linespacing\u003d\"800\" rightindent\u003d\"1500\"\u003e \u003cline b\u003d\"702\" baseline\u003d\"702\" l\u003d\"628\" r\u003d\"661\" t\u003d\"694\"\u003e \u003cformatting lang\u003d\"EnglishUnitedStates\"\u003e TOTAL \u003c/formatting\u003e  \u003c/line\u003e  \u003c/par\u003e  \u003c/text\u003e  \u003c/td\u003e   \u003ctd h\u003d\"30\" w\u003d\"94\"\u003e \u003ctext xmlns\u003d\"http://ocr.crowdcomputingsystems.com/xml/schema-v1.xml\"\u003e \u003cpar leftindent\u003d\"4000\" linespacing\u003d\"800\"\u003e \u003cline b\u003d\"703\" baseline\u003d\"702\" l\u003d\"715\" r\u003d\"752\" t\u003d\"694\"\u003e \u003cformatting lang\u003d\"EnglishUnitedStates\"\u003e \u003ctotal_amount begin\u003d\"1137\" class\u003d\"extraction-tag ml-tag\" data-text\u003d\"S104.00\" data-value\u003d\"104.00\" end\u003d\"1144\" estimated-accuracy\u003d\"0.9272727272727272\" ml-tagorder\u003d\"8\" score\u003d\"0.5775901114202706\" style\u003d\"border: 2px solid rgb(125, 157, 1);\" tagorder\u003d\"8\"\u003eS104.00\u003c/total_amount\u003e \u003c/formatting\u003e  \u003c/line\u003e  \u003c/par\u003e  \u003c/text\u003e  \u003c/td\u003e   \u003c/tr\u003e \n \u003c/tbody\u003e\u003c/table\u003e\n \u003cblock b\u003d\"726\" blockname\u003d\"\" blocktype\u003d\"Text\" l\u003d\"766\" r\u003d\"774\" style\u003d\"transform: translate(1340px, 1296px); position: absolute; width: 13.99px; height: 14.4444px;\" t\u003d\"718\"\u003e \u003cregion\u003e \u003crect b\u003d\"726\" l\u003d\"766\" r\u003d\"774\" t\u003d\"718\"\u003e\u003c/rect\u003e  \u003c/region\u003e  \u003ctext\u003e \u003cpar align\u003d\"Justified\"\u003e \u003cline b\u003d\"724\" baseline\u003d\"725\" l\u003d\"767\" r\u003d\"772\" style\u003d\"transform: translate(2px, 0px); position: absolute;\" t\u003d\"718\"\u003e \u003cformatting lang\u003d\"EnglishUnitedStates\"\u003e □ \u003c/formatting\u003e  \u003c/line\u003e  \u003c/par\u003e  \u003c/text\u003e  \u003c/block\u003e  \u003cblock b\u003d\"817\" blockname\u003d\"\" blocktype\u003d\"Text\" l\u003d\"312\" r\u003d\"474\" style\u003d\"transform: translate(546px, 1452px); position: absolute; width: 283.299px; height: 23.4722px;\" t\u003d\"804\"\u003e \u003cregion\u003e \u003crect b\u003d\"817\" l\u003d\"312\" r\u003d\"474\" t\u003d\"804\"\u003e\u003c/rect\u003e  \u003c/region\u003e  \u003ctext\u003e \u003cpar align\u003d\"Center\" leftindent\u003d\"1500\" linespacing\u003d\"900\"\u003e \u003cline b\u003d\"815\" baseline\u003d\"813\" l\u003d\"312\" r\u003d\"472\" style\u003d\"transform: translate(0px, 0px); position: absolute;\" t\u003d\"804\"\u003e \u003cformatting lang\u003d\"EnglishUnitedStates\"\u003e Thank you for your businessl \u003c/formatting\u003e  \u003c/line\u003e  \u003c/par\u003e  \u003c/text\u003e  \u003c/block\u003e  \u003cblock b\u003d\"714\" blockname\u003d\"\" blocktype\u003d\"SeparatorsBox\" class\u003d\"hidden\" l\u003d\"32\" r\u003d\"769\" style\u003d\"transform: translate(56px, 663px); position: absolute;\" t\u003d\"367\"\u003e \u003cregion\u003e \u003crect b\u003d\"369\" l\u003d\"32\" r\u003d\"769\" t\u003d\"367\"\u003e\u003c/rect\u003e  \u003crect b\u003d\"712\" l\u003d\"32\" r\u003d\"769\" t\u003d\"369\"\u003e\u003c/rect\u003e  \u003crect b\u003d\"714\" l\u003d\"32\" r\u003d\"769\" t\u003d\"712\"\u003e\u003c/rect\u003e  \u003c/region\u003e  \u003cseparatorsbox\u003e \u003cseparator thickness\u003d\"2\" type\u003d\"Black\"\u003e \u003cstart x\u003d\"32\" y\u003d\"368\"\u003e\u003c/start\u003e \u003cend x\u003d\"769\" y\u003d\"368\"\u003e\u003c/end\u003e \u003c/separator\u003e \u003cseparator thickness\u003d\"2\" type\u003d\"Black\"\u003e \u003cstart x\u003d\"32\" y\u003d\"713\"\u003e\u003c/start\u003e \u003cend x\u003d\"769\" y\u003d\"713\"\u003e\u003c/end\u003e \u003c/separator\u003e \u003cseparator thickness\u003d\"2\" type\u003d\"Black\"\u003e \u003cstart x\u003d\"33\" y\u003d\"367\"\u003e\u003c/start\u003e \u003cend x\u003d\"33\" y\u003d\"714\"\u003e\u003c/end\u003e \u003c/separator\u003e \u003cseparator thickness\u003d\"2\" type\u003d\"Black\"\u003e \u003cstart x\u003d\"768\" y\u003d\"367\"\u003e\u003c/start\u003e \u003cend x\u003d\"768\" y\u003d\"714\"\u003e\u003c/end\u003e \u003c/separator\u003e \u003c/separatorsbox\u003e \u003c/block\u003e  \u003cblock b\u003d\"153\" blockname\u003d\"\" blocktype\u003d\"Separator\" l\u003d\"41\" r\u003d\"186\" style\u003d\"transform: translate(72px, 274px); position: absolute;\" t\u003d\"152\"\u003e \u003cregion\u003e \u003crect b\u003d\"153\" l\u003d\"41\" r\u003d\"186\" t\u003d\"152\"\u003e\u003c/rect\u003e  \u003c/region\u003e  \u003cseparator thickness\u003d\"1\" type\u003d\"Black\"\u003e \u003cstart x\u003d\"41\" y\u003d\"152\"\u003e\u003c/start\u003e \u003cend x\u003d\"186\" y\u003d\"152\"\u003e\u003c/end\u003e \u003c/separator\u003e \u003c/block\u003e  \u003cblock b\u003d\"397\" blockname\u003d\"\" blocktype\u003d\"Separator\" l\u003d\"34\" r\u003d\"767\" style\u003d\"transform: translate(59px, 715px); position: absolute;\" t\u003d\"396\"\u003e \u003cregion\u003e \u003crect b\u003d\"397\" l\u003d\"34\" r\u003d\"767\" t\u003d\"396\"\u003e\u003c/rect\u003e  \u003c/region\u003e  \u003cseparator thickness\u003d\"1\" type\u003d\"Black\"\u003e \u003cstart x\u003d\"34\" y\u003d\"396\"\u003e\u003c/start\u003e \u003cend x\u003d\"767\" y\u003d\"396\"\u003e\u003c/end\u003e \u003c/separator\u003e \u003c/block\u003e  \u003cblock b\u003d\"426\" blockname\u003d\"\" blocktype\u003d\"Separator\" l\u003d\"34\" r\u003d\"767\" style\u003d\"transform: translate(59px, 767px); position: absolute;\" t\u003d\"425\"\u003e \u003cregion\u003e \u003crect b\u003d\"426\" l\u003d\"34\" r\u003d\"767\" t\u003d\"425\"\u003e\u003c/rect\u003e  \u003c/region\u003e  \u003cseparator thickness\u003d\"1\" type\u003d\"Black\"\u003e \u003cstart x\u003d\"34\" y\u003d\"425\"\u003e\u003c/start\u003e \u003cend x\u003d\"767\" y\u003d\"425\"\u003e\u003c/end\u003e \u003c/separator\u003e \u003c/block\u003e  \u003cblock b\u003d\"455\" blockname\u003d\"\" blocktype\u003d\"Separator\" l\u003d\"34\" r\u003d\"767\" style\u003d\"transform: translate(59px, 820px); position: absolute;\" t\u003d\"454\"\u003e \u003cregion\u003e \u003crect b\u003d\"455\" l\u003d\"34\" r\u003d\"767\" t\u003d\"454\"\u003e\u003c/rect\u003e  \u003c/region\u003e  \u003cseparator thickness\u003d\"1\" type\u003d\"Black\"\u003e \u003cstart x\u003d\"34\" y\u003d\"454\"\u003e\u003c/start\u003e \u003cend x\u003d\"767\" y\u003d\"454\"\u003e\u003c/end\u003e \u003c/separator\u003e \u003c/block\u003e  \u003cblock b\u003d\"483\" blockname\u003d\"\" blocktype\u003d\"Separator\" l\u003d\"34\" r\u003d\"767\" style\u003d\"transform: translate(59px, 870px); position: absolute;\" t\u003d\"482\"\u003e \u003cregion\u003e \u003crect b\u003d\"483\" l\u003d\"34\" r\u003d\"767\" t\u003d\"482\"\u003e\u003c/rect\u003e  \u003c/region\u003e  \u003cseparator thickness\u003d\"1\" type\u003d\"Black\"\u003e \u003cstart x\u003d\"34\" y\u003d\"482\"\u003e\u003c/start\u003e \u003cend x\u003d\"767\" y\u003d\"482\"\u003e\u003c/end\u003e \u003c/separator\u003e \u003c/block\u003e  \u003cblock b\u003d\"512\" blockname\u003d\"\" blocktype\u003d\"Separator\" l\u003d\"34\" r\u003d\"767\" style\u003d\"transform: translate(59px, 923px); position: absolute;\" t\u003d\"511\"\u003e \u003cregion\u003e \u003crect b\u003d\"512\" l\u003d\"34\" r\u003d\"767\" t\u003d\"511\"\u003e\u003c/rect\u003e  \u003c/region\u003e  \u003cseparator thickness\u003d\"1\" type\u003d\"Black\"\u003e \u003cstart x\u003d\"34\" y\u003d\"511\"\u003e\u003c/start\u003e \u003cend x\u003d\"767\" y\u003d\"511\"\u003e\u003c/end\u003e \u003c/separator\u003e \u003c/block\u003e  \u003cblock b\u003d\"541\" blockname\u003d\"\" blocktype\u003d\"Separator\" l\u003d\"34\" r\u003d\"767\" style\u003d\"transform: translate(59px, 975px); position: absolute;\" t\u003d\"540\"\u003e \u003cregion\u003e \u003crect b\u003d\"541\" l\u003d\"34\" r\u003d\"767\" t\u003d\"540\"\u003e\u003c/rect\u003e  \u003c/region\u003e  \u003cseparator thickness\u003d\"1\" type\u003d\"Black\"\u003e \u003cstart x\u003d\"34\" y\u003d\"540\"\u003e\u003c/start\u003e \u003cend x\u003d\"767\" y\u003d\"540\"\u003e\u003c/end\u003e \u003c/separator\u003e \u003c/block\u003e  \u003cblock b\u003d\"570\" blockname\u003d\"\" blocktype\u003d\"Separator\" l\u003d\"34\" r\u003d\"767\" style\u003d\"transform: translate(59px, 1027px); position: absolute;\" t\u003d\"569\"\u003e \u003cregion\u003e \u003crect b\u003d\"570\" l\u003d\"34\" r\u003d\"767\" t\u003d\"569\"\u003e\u003c/rect\u003e  \u003c/region\u003e  \u003cseparator thickness\u003d\"1\" type\u003d\"Black\"\u003e \u003cstart x\u003d\"34\" y\u003d\"569\"\u003e\u003c/start\u003e \u003cend x\u003d\"767\" y\u003d\"569\"\u003e\u003c/end\u003e \u003c/separator\u003e \u003c/block\u003e  \u003cblock b\u003d\"599\" blockname\u003d\"\" blocktype\u003d\"Separator\" l\u003d\"34\" r\u003d\"767\" style\u003d\"transform: translate(59px, 1080px); position: absolute;\" t\u003d\"598\"\u003e \u003cregion\u003e \u003crect b\u003d\"599\" l\u003d\"34\" r\u003d\"767\" t\u003d\"598\"\u003e\u003c/rect\u003e  \u003c/region\u003e  \u003cseparator thickness\u003d\"1\" type\u003d\"Black\"\u003e \u003cstart x\u003d\"34\" y\u003d\"598\"\u003e\u003c/start\u003e \u003cend x\u003d\"767\" y\u003d\"598\"\u003e\u003c/end\u003e \u003c/separator\u003e \u003c/block\u003e  \u003cblock b\u003d\"628\" blockname\u003d\"\" blocktype\u003d\"Separator\" l\u003d\"34\" r\u003d\"767\" style\u003d\"transform: translate(59px, 1132px); position: absolute;\" t\u003d\"627\"\u003e \u003cregion\u003e \u003crect b\u003d\"628\" l\u003d\"34\" r\u003d\"767\" t\u003d\"627\"\u003e\u003c/rect\u003e  \u003c/region\u003e  \u003cseparator thickness\u003d\"1\" type\u003d\"Black\"\u003e \u003cstart x\u003d\"34\" y\u003d\"627\"\u003e\u003c/start\u003e \u003cend x\u003d\"767\" y\u003d\"627\"\u003e\u003c/end\u003e \u003c/separator\u003e \u003c/block\u003e  \u003cblock b\u003d\"656\" blockname\u003d\"\" blocktype\u003d\"Separator\" l\u003d\"34\" r\u003d\"767\" style\u003d\"transform: translate(59px, 1183px); position: absolute;\" t\u003d\"655\"\u003e \u003cregion\u003e \u003crect b\u003d\"656\" l\u003d\"34\" r\u003d\"767\" t\u003d\"655\"\u003e\u003c/rect\u003e  \u003c/region\u003e  \u003cseparator thickness\u003d\"1\" type\u003d\"Black\"\u003e \u003cstart x\u003d\"34\" y\u003d\"655\"\u003e\u003c/start\u003e \u003cend x\u003d\"767\" y\u003d\"655\"\u003e\u003c/end\u003e \u003c/separator\u003e \u003c/block\u003e  \u003cblock b\u003d\"685\" blockname\u003d\"\" blocktype\u003d\"Separator\" l\u003d\"34\" r\u003d\"767\" style\u003d\"transform: translate(59px, 1235px); position: absolute;\" t\u003d\"684\"\u003e \u003cregion\u003e \u003crect b\u003d\"685\" l\u003d\"34\" r\u003d\"767\" t\u003d\"684\"\u003e\u003c/rect\u003e  \u003c/region\u003e  \u003cseparator thickness\u003d\"1\" type\u003d\"Black\"\u003e \u003cstart x\u003d\"34\" y\u003d\"684\"\u003e\u003c/start\u003e \u003cend x\u003d\"767\" y\u003d\"684\"\u003e\u003c/end\u003e \u003c/separator\u003e \u003c/block\u003e  \u003cblock b\u003d\"712\" blockname\u003d\"\" blocktype\u003d\"Separator\" l\u003d\"127\" r\u003d\"128\" style\u003d\"transform: translate(222px, 666px); position: absolute;\" t\u003d\"369\"\u003e \u003cregion\u003e \u003crect b\u003d\"712\" l\u003d\"127\" r\u003d\"128\" t\u003d\"369\"\u003e\u003c/rect\u003e  \u003c/region\u003e  \u003cseparator thickness\u003d\"1\" type\u003d\"Black\"\u003e \u003cstart x\u003d\"127\" y\u003d\"369\"\u003e\u003c/start\u003e \u003cend x\u003d\"127\" y\u003d\"712\"\u003e\u003c/end\u003e \u003c/separator\u003e \u003c/block\u003e  \u003cblock b\u003d\"712\" blockname\u003d\"\" blocktype\u003d\"Separator\" l\u003d\"236\" r\u003d\"237\" style\u003d\"transform: translate(413px, 666px); position: absolute;\" t\u003d\"369\"\u003e \u003cregion\u003e \u003crect b\u003d\"712\" l\u003d\"236\" r\u003d\"237\" t\u003d\"369\"\u003e\u003c/rect\u003e  \u003c/region\u003e  \u003cseparator thickness\u003d\"1\" type\u003d\"Black\"\u003e \u003cstart x\u003d\"236\" y\u003d\"369\"\u003e\u003c/start\u003e \u003cend x\u003d\"236\" y\u003d\"712\"\u003e\u003c/end\u003e \u003c/separator\u003e \u003c/block\u003e  \u003cblock b\u003d\"712\" blockname\u003d\"\" blocktype\u003d\"Separator\" l\u003d\"594\" r\u003d\"595\" style\u003d\"transform: translate(1039px, 666px); position: absolute;\" t\u003d\"369\"\u003e \u003cregion\u003e \u003crect b\u003d\"712\" l\u003d\"594\" r\u003d\"595\" t\u003d\"369\"\u003e\u003c/rect\u003e  \u003c/region\u003e  \u003cseparator thickness\u003d\"1\" type\u003d\"Black\"\u003e \u003cstart x\u003d\"594\" y\u003d\"369\"\u003e\u003c/start\u003e \u003cend x\u003d\"594\" y\u003d\"712\"\u003e\u003c/end\u003e \u003c/separator\u003e \u003c/block\u003e  \u003cblock b\u003d\"712\" blockname\u003d\"\" blocktype\u003d\"Separator\" l\u003d\"675\" r\u003d\"676\" style\u003d\"transform: translate(1180px, 666px); position: absolute;\" t\u003d\"369\"\u003e \u003cregion\u003e \u003crect b\u003d\"712\" l\u003d\"675\" r\u003d\"676\" t\u003d\"369\"\u003e\u003c/rect\u003e  \u003c/region\u003e  \u003cseparator thickness\u003d\"1\" type\u003d\"Black\"\u003e \u003cstart x\u003d\"675\" y\u003d\"369\"\u003e\u003c/start\u003e \u003cend x\u003d\"675\" y\u003d\"712\"\u003e\u003c/end\u003e \u003c/separator\u003e \u003c/block\u003e  \u003cblock b\u003d\"686\" blockname\u003d\"\" blocktype\u003d\"Separator\" l\u003d\"126\" r\u003d\"129\" style\u003d\"transform: translate(220px, 713px); position: absolute;\" t\u003d\"395\"\u003e \u003cregion\u003e \u003crect b\u003d\"686\" l\u003d\"126\" r\u003d\"129\" t\u003d\"395\"\u003e\u003c/rect\u003e  \u003c/region\u003e  \u003cseparator thickness\u003d\"3\" type\u003d\"Dotted\"\u003e \u003cstart x\u003d\"127\" y\u003d\"395\"\u003e\u003c/start\u003e \u003cend x\u003d\"127\" y\u003d\"686\"\u003e\u003c/end\u003e \u003c/separator\u003e \u003c/block\u003e  \u003cblock b\u003d\"686\" blockname\u003d\"\" blocktype\u003d\"Separator\" l\u003d\"235\" r\u003d\"238\" style\u003d\"transform: translate(411px, 713px); position: absolute;\" t\u003d\"395\"\u003e \u003cregion\u003e \u003crect b\u003d\"686\" l\u003d\"235\" r\u003d\"238\" t\u003d\"395\"\u003e\u003c/rect\u003e  \u003c/region\u003e  \u003cseparator thickness\u003d\"3\" type\u003d\"Dotted\"\u003e \u003cstart x\u003d\"236\" y\u003d\"395\"\u003e\u003c/start\u003e \u003cend x\u003d\"236\" y\u003d\"686\"\u003e\u003c/end\u003e \u003c/separator\u003e \u003c/block\u003e  \u003cblock b\u003d\"686\" blockname\u003d\"\" blocktype\u003d\"Separator\" l\u003d\"593\" r\u003d\"596\" style\u003d\"transform: translate(1037px, 713px); position: absolute;\" t\u003d\"395\"\u003e \u003cregion\u003e \u003crect b\u003d\"686\" l\u003d\"593\" r\u003d\"596\" t\u003d\"395\"\u003e\u003c/rect\u003e  \u003c/region\u003e  \u003cseparator thickness\u003d\"3\" type\u003d\"Dotted\"\u003e \u003cstart x\u003d\"594\" y\u003d\"395\"\u003e\u003c/start\u003e \u003cend x\u003d\"594\" y\u003d\"686\"\u003e\u003c/end\u003e \u003c/separator\u003e \u003c/block\u003e  \u003cblock b\u003d\"686\" blockname\u003d\"\" blocktype\u003d\"Separator\" l\u003d\"674\" r\u003d\"677\" style\u003d\"transform: translate(1179px, 713px); position: absolute;\" t\u003d\"395\"\u003e \u003cregion\u003e \u003crect b\u003d\"686\" l\u003d\"674\" r\u003d\"677\" t\u003d\"395\"\u003e\u003c/rect\u003e  \u003c/region\u003e  \u003cseparator thickness\u003d\"3\" type\u003d\"Dotted\"\u003e \u003cstart x\u003d\"675\" y\u003d\"395\"\u003e\u003c/start\u003e \u003cend x\u003d\"675\" y\u003d\"686\"\u003e\u003c/end\u003e \u003c/separator\u003e \u003c/block\u003e  \u003c/page\u003e     \u003c/document\u003e\u003c/body\u003e\u003c/html\u003e","tags":[{"score":0.38453271975701386,"end":17,"tag":"supplier_name","text":"AL\u0026apos;S","estimatedAccuracy":0.769381961302189,"begin":13},{"score":0.7122170147770303,"end":127,"tag":"email","text":"alscarpet@vahoo.com","estimatedAccuracy":1.0,"begin":108},{"score":0.6010595654190084,"end":343,"tag":"invoice_date","text":"03/02/2011","estimatedAccuracy":0.9696969696969697,"begin":331},{"score":0.8656878546742303,"end":703,"tag":"quantity","text":"1.00","estimatedAccuracy":1.0,"begin":702},{"score":0.2937652517141142,"end":762,"tag":"product","text":"Carpet Cleaning","estimatedAccuracy":0.7922077922077922,"begin":747},{"score":0.8817025421460496,"end":780,"tag":"price","text":"S89.00","estimatedAccuracy":1.0,"begin":774},{"score":0.539998793123552,"end":1017,"tag":"quantity","text":"3.00","estimatedAccuracy":0.9616752209690493,"begin":1016},{"score":0.5239001815658201,"end":1048,"tag":"price","text":"5.00","estimatedAccuracy":0.9058441558441559,"begin":1044},{"score":0.5775901114202706,"end":1144,"tag":"total_amount","text":"104.00","estimatedAccuracy":0.9272727272727272,"begin":1137}],"group":"email|invoice_date|price|product|quantity|supplier_name|total_amount"}