{"finalScore":0.643296562426418,"metaInfo":{"model":{"coreVersion":"9.3.0.9"}},"sumScore":3.21648281213209,"tagsCounter":5.0,"taggedText":"\u003chtml\u003e\u003chead\u003e\u003cscript src\u003d\"https://ajax.googleapis.com/ajax/libs/jquery/2.2.0/jquery.min.js\"\u003e\u003c/script\u003e\u003c/head\u003e\u003cbody\u003e\u003cdocument languages\u003d\"\" producer\u003d\"Workfusion\" schemalocation\u003d\"http://ocr.crowdcomputingsystems.com/xml/schema-v1.xml\" version\u003d\"1.0\" xmlns\u003d\"http://ocr.crowdcomputingsystems.com/xml/schema-v1.xml\" xsi\u003d\"http://www.w3.org/2001/XMLSchema-instance\"\u003e \u003clink href\u003d\"https://s3.amazonaws.com/workfusion-resources/ocr/ocr-xml-viewer-0.3-scale-to-width.css\" rel\u003d\"stylesheet\" type\u003d\"text/css\"\u003e\u003c/link\u003e \u003cstyle\u003e\u003c/style\u003e\u003cpage data-pages\u003d\"1\" h\u003d\"537\" resolution\u003d\"96\" style\u003d\"height: 705px;\" w\u003d\"632\"\u003e \u003cblock b\u003d\"70\" blockname\u003d\"\" blocktype\u003d\"Text\" l\u003d\"11\" r\u003d\"225\" style\u003d\"transform: translate(24px, 12px); position: absolute; width: 476.082px; height: 82.6042px;\" t\u003d\"9\"\u003e \u003cregion\u003e \u003crect b\u003d\"70\" l\u003d\"11\" r\u003d\"225\" t\u003d\"9\"\u003e\u003c/rect\u003e  \u003c/region\u003e  \u003ctext\u003e \u003cpar linespacing\u003d\"2850\"\u003e \u003cline b\u003d\"49\" baseline\u003d\"49\" l\u003d\"13\" r\u003d\"223\" style\u003d\"transform: translate(4px, 3px); position: absolute;\" t\u003d\"11\"\u003e \u003cformatting lang\u003d\"EnglishUnitedStates\"\u003e \u003csupplier_name begin\u003d\"13\" class\u003d\"extraction-tag ml-tag\" data-text\u003d\"Ellel Ministries\" data-value\u003d\"Ellel Ministries\" end\u003d\"29\" estimated-accuracy\u003d\"0.948571272996575\" ml-tagorder\u003d\"0\" score\u003d\"0.562610821942861\" style\u003d\"border: 2px solid rgb(125, 157, 1);\" tagorder\u003d\"0\"\u003eEllel Ministries\u003c/supplier_name\u003e \u003c/formatting\u003e  \u003c/line\u003e  \u003c/par\u003e  \u003cpar align\u003d\"Right\" linespacing\u003d\"1130\"\u003e \u003cline b\u003d\"67\" baseline\u003d\"67\" l\u003d\"157\" r\u003d\"217\" style\u003d\"transform: translate(325px, 58px); position: absolute;\" t\u003d\"52\"\u003e \u003cformatting lang\u003d\"EnglishUnitedStates\"\u003e Resources \u003c/formatting\u003e  \u003c/line\u003e  \u003c/par\u003e  \u003c/text\u003e  \u003c/block\u003e  \u003cblock b\u003d\"140\" blockname\u003d\"\" blocktype\u003d\"Text\" l\u003d\"11\" r\u003d\"210\" style\u003d\"transform: translate(24px, 149px); position: absolute; width: 442.712px; height: 40.625px;\" t\u003d\"110\"\u003e \u003cregion\u003e \u003crect b\u003d\"140\" l\u003d\"11\" r\u003d\"210\" t\u003d\"110\"\u003e\u003c/rect\u003e  \u003c/region\u003e  \u003ctext\u003e \u003cpar align\u003d\"Justified\" linespacing\u003d\"1125\"\u003e \u003cline b\u003d\"122\" baseline\u003d\"120\" l\u003d\"13\" r\u003d\"207\" style\u003d\"transform: translate(4px, 1px); position: absolute;\" t\u003d\"111\"\u003e \u003cformatting lang\u003d\"EnglishUnitedStates\"\u003e Payment method: Credit/Debit Card \u003c/formatting\u003e  \u003c/line\u003e  \u003cline b\u003d\"137\" baseline\u003d\"135\" l\u003d\"13\" r\u003d\"114\" style\u003d\"transform: translate(4px, 22px); position: absolute;\" t\u003d\"126\"\u003e \u003cformatting lang\u003d\"EnglishUnitedStates\"\u003e or PayPal (PayPal) \u003c/formatting\u003e  \u003c/line\u003e  \u003c/par\u003e  \u003c/text\u003e  \u003c/block\u003e  \u003cblock b\u003d\"136\" blockname\u003d\"\" blocktype\u003d\"Text\" l\u003d\"273\" r\u003d\"625\" style\u003d\"transform: translate(607px, 16px); position: absolute; width: 783.089px; height: 167.917px;\" t\u003d\"12\"\u003e \u003cregion\u003e \u003crect b\u003d\"136\" l\u003d\"273\" r\u003d\"625\" t\u003d\"12\"\u003e\u003c/rect\u003e  \u003c/region\u003e  \u003ctext\u003e \u003cpar align\u003d\"Right\" leftindent\u003d\"6400\" linespacing\u003d\"1050\"\u003e \u003cline b\u003d\"21\" baseline\u003d\"21\" l\u003d\"472\" r\u003d\"622\" style\u003d\"transform: translate(443px, 1px); position: absolute;\" t\u003d\"13\"\u003e \u003cformatting lang\u003d\"EnglishUnitedStates\"\u003e NKIE MINISTRIES RESOURCES \u003c/formatting\u003e  \u003c/line\u003e  \u003cline b\u003d\"37\" baseline\u003d\"35\" l\u003d\"369\" r\u003d\"622\" style\u003d\"transform: translate(214px, 20px); position: absolute;\" t\u003d\"27\"\u003e \u003cformatting lang\u003d\"EnglishUnitedStates\"\u003e Ellel Grange, Bay Horse, Lancaster LA2 0HN, UK \u003c/formatting\u003e  \u003c/line\u003e  \u003cline b\u003d\"51\" baseline\u003d\"49\" l\u003d\"358\" r\u003d\"622\" style\u003d\"transform: translate(189px, 39px); position: absolute;\" t\u003d\"41\"\u003e \u003cformatting lang\u003d\"EnglishUnitedStates\"\u003e Tel: +44 (0) 1524 751651 Fax: +44 (0) 1524 751738 \u003c/formatting\u003e  \u003c/line\u003e  \u003cline b\u003d\"64\" baseline\u003d\"63\" l\u003d\"457\" r\u003d\"622\" style\u003d\"transform: translate(409px, 58px); position: absolute;\" t\u003d\"55\"\u003e \u003cformatting lang\u003d\"EnglishUnitedStates\"\u003e Email: \u003cemail begin\u003d\"296\" class\u003d\"extraction-tag ml-tag\" data-text\u003d\"infc@uk.stcre.ellel.crg\" data-value\u003d\"infc@uk.stcre.ellel.crg\" end\u003d\"319\" estimated-accuracy\u003d\"1.0\" ml-tagorder\u003d\"1\" score\u003d\"0.7124209626157467\" style\u003d\"border: 2px solid rgb(125, 157, 1);\" tagorder\u003d\"1\"\u003einfc@uk.stcre.ellel.crg\u003c/email\u003e \u003c/formatting\u003e  \u003c/line\u003e  \u003c/par\u003e  \u003cpar align\u003d\"Right\" linespacing\u003d\"830\"\u003e \u003cline b\u003d\"95\" baseline\u003d\"92\" l\u003d\"474\" r\u003d\"622\" style\u003d\"transform: translate(447px, 93px); position: absolute;\" t\u003d\"81\"\u003e \u003cformatting lang\u003d\"EnglishUnitedStates\"\u003e http://uk.store.ellel.org \u003c/formatting\u003e  \u003c/line\u003e  \u003c/par\u003e  \u003cpar align\u003d\"Right\" linespacing\u003d\"975\"\u003e \u003cline b\u003d\"120\" baseline\u003d\"118\" l\u003d\"274\" r\u003d\"622\" style\u003d\"transform: translate(2px, 134px); position: absolute;\" t\u003d\"111\"\u003e \u003cformatting lang\u003d\"EnglishUnitedStates\"\u003e Registered in the United Kingdom as Dwwerw Ministries Limited under number \u003c/formatting\u003e  \u003c/line\u003e  \u003cline b\u003d\"133\" baseline\u003d\"131\" l\u003d\"324\" r\u003d\"621\" style\u003d\"transform: translate(113px, 152px); position: absolute;\" t\u003d\"124\"\u003e \u003cformatting lang\u003d\"EnglishUnitedStates\"\u003e 0223112; VAT number 12342232. Registered office as above. \u003c/formatting\u003e  \u003c/line\u003e  \u003c/par\u003e  \u003c/text\u003e  \u003c/block\u003e  \u003cblock b\u003d\"221\" blockname\u003d\"\" blocktype\u003d\"Text\" l\u003d\"265\" r\u003d\"371\" style\u003d\"transform: translate(590px, 280px); position: absolute; width: 235.816px; height: 18.9583px;\" t\u003d\"207\"\u003e \u003cregion\u003e \u003crect b\u003d\"221\" l\u003d\"265\" r\u003d\"371\" t\u003d\"207\"\u003e\u003c/rect\u003e  \u003c/region\u003e  \u003ctext\u003e \u003cpar linespacing\u003d\"750\"\u003e \u003cline b\u003d\"218\" baseline\u003d\"218\" l\u003d\"266\" r\u003d\"368\" style\u003d\"transform: translate(2px, 1px); position: absolute;\" t\u003d\"208\"\u003e \u003cformatting lang\u003d\"EnglishUnitedStates\"\u003e Products ordered \u003c/formatting\u003e  \u003c/line\u003e  \u003c/par\u003e  \u003c/text\u003e  \u003c/block\u003e  \u003cregion xmlns\u003d\"http://ocr.crowdcomputingsystems.com/xml/schema-v1.xml\"\u003e \u003crect b\u003d\"319\" l\u003d\"13\" r\u003d\"623\" t\u003d\"237\"\u003e\u003c/rect\u003e  \u003c/region\u003e \u003ctable b\u003d\"319\" blockname\u003d\"\" blocktype\u003d\"Table\" l\u003d\"13\" r\u003d\"623\" style\u003d\"transform: translate(29px, 321px); position: absolute;\" t\u003d\"237\" xmlns\u003d\"\"\u003e \u003ctbody\u003e\u003ctr\u003e \u003ctd h\u003d\"24\" w\u003d\"69\"\u003e \u003ctext xmlns\u003d\"http://ocr.crowdcomputingsystems.com/xml/schema-v1.xml\"\u003e \u003cpar linespacing\u003d\"600\"\u003e \u003cline b\u003d\"253\" baseline\u003d\"253\" l\u003d\"18\" r\u003d\"37\" t\u003d\"245\"\u003e \u003cformatting lang\u003d\"EnglishUnitedStates\"\u003e SKU \u003c/formatting\u003e  \u003c/line\u003e  \u003c/par\u003e  \u003c/text\u003e  \u003c/td\u003e   \u003ctd h\u003d\"24\" w\u003d\"188\"\u003e \u003ctext xmlns\u003d\"http://ocr.crowdcomputingsystems.com/xml/schema-v1.xml\"\u003e \u003cpar linespacing\u003d\"680\"\u003e \u003cline b\u003d\"253\" baseline\u003d\"253\" l\u003d\"86\" r\u003d\"128\" t\u003d\"244\"\u003e \u003cformatting lang\u003d\"EnglishUnitedStates\"\u003e Product \u003c/formatting\u003e  \u003c/line\u003e  \u003c/par\u003e  \u003c/text\u003e  \u003c/td\u003e   \u003ctd h\u003d\"24\" w\u003d\"108\"\u003e \u003ctext xmlns\u003d\"http://ocr.crowdcomputingsystems.com/xml/schema-v1.xml\"\u003e \u003cpar linespacing\u003d\"600\"\u003e \u003cline b\u003d\"253\" baseline\u003d\"253\" l\u003d\"273\" r\u003d\"295\" t\u003d\"245\"\u003e \u003cformatting lang\u003d\"EnglishUnitedStates\"\u003e VAT \u003c/formatting\u003e  \u003c/line\u003e  \u003c/par\u003e  \u003c/text\u003e  \u003c/td\u003e   \u003ctd h\u003d\"24\" w\u003d\"108\"\u003e \u003ctext xmlns\u003d\"http://ocr.crowdcomputingsystems.com/xml/schema-v1.xml\"\u003e \u003cpar align\u003d\"Center\" leftindent\u003d\"100\" linespacing\u003d\"680\"\u003e \u003cline b\u003d\"255\" baseline\u003d\"253\" l\u003d\"404\" r\u003d\"459\" t\u003d\"244\"\u003e \u003cformatting lang\u003d\"EnglishUnitedStates\"\u003e Item price \u003c/formatting\u003e  \u003c/line\u003e  \u003c/par\u003e  \u003c/text\u003e  \u003c/td\u003e   \u003ctd h\u003d\"24\" w\u003d\"68\"\u003e \u003ctext xmlns\u003d\"http://ocr.crowdcomputingsystems.com/xml/schema-v1.xml\"\u003e \u003cpar linespacing\u003d\"680\"\u003e \u003cline b\u003d\"255\" baseline\u003d\"253\" l\u003d\"490\" r\u003d\"537\" t\u003d\"244\"\u003e \u003cformatting lang\u003d\"EnglishUnitedStates\"\u003e Quantity \u003c/formatting\u003e  \u003c/line\u003e  \u003c/par\u003e  \u003c/text\u003e  \u003c/td\u003e   \u003ctd h\u003d\"24\" w\u003d\"69\"\u003e \u003ctext xmlns\u003d\"http://ocr.crowdcomputingsystems.com/xml/schema-v1.xml\"\u003e \u003cpar linespacing\u003d\"680\"\u003e \u003cline b\u003d\"253\" baseline\u003d\"253\" l\u003d\"557\" r\u003d\"584\" t\u003d\"244\"\u003e \u003cformatting lang\u003d\"EnglishUnitedStates\"\u003e Total \u003c/formatting\u003e  \u003c/line\u003e  \u003c/par\u003e  \u003c/text\u003e  \u003c/td\u003e   \u003c/tr\u003e \n \u003ctr\u003e \u003ctd h\u003d\"58\" w\u003d\"69\"\u003e \u003ctext xmlns\u003d\"http://ocr.crowdcomputingsystems.com/xml/schema-v1.xml\"\u003e \u003cpar linespacing\u003d\"600\"\u003e \u003cline b\u003d\"279\" baseline\u003d\"279\" l\u003d\"21\" r\u003d\"41\" t\u003d\"271\"\u003e \u003cformatting lang\u003d\"EnglishUnitedStates\"\u003e STL- \u003c/formatting\u003e  \u003c/line\u003e  \u003c/par\u003e  \u003cpar linespacing\u003d\"600\"\u003e \u003cline b\u003d\"294\" baseline\u003d\"294\" l\u003d\"21\" r\u003d\"58\" t\u003d\"286\"\u003e \u003cformatting lang\u003d\"EnglishUnitedStates\"\u003e MP332 \u003c/formatting\u003e  \u003c/line\u003e  \u003c/par\u003e  \u003c/text\u003e  \u003c/td\u003e   \u003ctd h\u003d\"58\" w\u003d\"188\"\u003e \u003ctext xmlns\u003d\"http://ocr.crowdcomputingsystems.com/xml/schema-v1.xml\"\u003e \u003cpar linespacing\u003d\"1125\"\u003e \u003cline b\u003d\"279\" baseline\u003d\"277\" l\u003d\"89\" r\u003d\"231\" t\u003d\"270\"\u003eStepsTo \u003cproduct begin\u003d\"745\" class\u003d\"extraction-tag ml-tag\" data-text\u003d\"Life 32 of 52: Dynamic\" data-value\u003d\"Life 32 of 52: Dynamic Praying - MP3 Download Download\" end\u003d\"807\" estimated-accuracy\u003d\"0.8202473042141022\" ml-tagorder\u003d\"2\" score\u003d\"0.4739778242520509\" style\u003d\"border: 2px solid rgb(125, 157, 1);\" tagorder\u003d\"2\"\u003eLife 32 of 52: Dynamic\u003c/product\u003e\u003c/line\u003e\u003cproduct begin\u003d\"745\" class\u003d\"extraction-tag ml-tag\" data-text\u003d\"Life 32 of 52: Dynamic\" data-value\u003d\"Life 32 of 52: Dynamic Praying - MP3 Download Download\" end\u003d\"807\" estimated-accuracy\u003d\"0.8202473042141022\" ml-tagorder\u003d\"2\" score\u003d\"0.4739778242520509\" style\u003d\"border: 2px solid rgb(125, 157, 1);\" tagorder\u003d\"2\"\u003e  \u003c/product\u003e\u003c/par\u003e\u003cproduct begin\u003d\"745\" class\u003d\"extraction-tag ml-tag\" data-text\u003d\"Life 32 of 52: Dynamic\" data-value\u003d\"Life 32 of 52: Dynamic Praying - MP3 Download Download\" end\u003d\"807\" estimated-accuracy\u003d\"0.8202473042141022\" ml-tagorder\u003d\"2\" score\u003d\"0.4739778242520509\" style\u003d\"border: 2px solid rgb(125, 157, 1);\" tagorder\u003d\"2\"\u003e  \u003c/product\u003e\u003cpar linespacing\u003d\"1125\"\u003e\u003cproduct begin\u003d\"745\" class\u003d\"extraction-tag ml-tag\" data-text\u003d\"Life 32 of 52: Dynamic\" data-value\u003d\"Life 32 of 52: Dynamic Praying - MP3 Download Download\" end\u003d\"807\" estimated-accuracy\u003d\"0.8202473042141022\" ml-tagorder\u003d\"2\" score\u003d\"0.4739778242520509\" style\u003d\"border: 2px solid rgb(125, 157, 1);\" tagorder\u003d\"2\"\u003e \u003c/product\u003e\u003cline b\u003d\"294\" baseline\u003d\"292\" l\u003d\"89\" r\u003d\"201\" t\u003d\"285\"\u003e\u003cproduct begin\u003d\"745\" class\u003d\"extraction-tag ml-tag\" data-text\u003d\"Life 32 of 52: Dynamic\" data-value\u003d\"Life 32 of 52: Dynamic Praying - MP3 Download Download\" end\u003d\"807\" estimated-accuracy\u003d\"0.8202473042141022\" ml-tagorder\u003d\"2\" score\u003d\"0.4739778242520509\" style\u003d\"border: 2px solid rgb(125, 157, 1);\" tagorder\u003d\"2\"\u003ePraying - MP3 Download\u003c/product\u003e\u003c/line\u003e\u003cproduct begin\u003d\"745\" class\u003d\"extraction-tag ml-tag\" data-text\u003d\"Life 32 of 52: Dynamic\" data-value\u003d\"Life 32 of 52: Dynamic Praying - MP3 Download Download\" end\u003d\"807\" estimated-accuracy\u003d\"0.8202473042141022\" ml-tagorder\u003d\"2\" score\u003d\"0.4739778242520509\" style\u003d\"border: 2px solid rgb(125, 157, 1);\" tagorder\u003d\"2\"\u003e  \u003c/product\u003e\u003c/par\u003e\u003cproduct begin\u003d\"745\" class\u003d\"extraction-tag ml-tag\" data-text\u003d\"Life 32 of 52: Dynamic\" data-value\u003d\"Life 32 of 52: Dynamic Praying - MP3 Download Download\" end\u003d\"807\" estimated-accuracy\u003d\"0.8202473042141022\" ml-tagorder\u003d\"2\" score\u003d\"0.4739778242520509\" style\u003d\"border: 2px solid rgb(125, 157, 1);\" tagorder\u003d\"2\"\u003e  \u003c/product\u003e\u003cpar linespacing\u003d\"1125\"\u003e\u003cproduct begin\u003d\"745\" class\u003d\"extraction-tag ml-tag\" data-text\u003d\"Life 32 of 52: Dynamic\" data-value\u003d\"Life 32 of 52: Dynamic Praying - MP3 Download Download\" end\u003d\"807\" estimated-accuracy\u003d\"0.8202473042141022\" ml-tagorder\u003d\"2\" score\u003d\"0.4739778242520509\" style\u003d\"border: 2px solid rgb(125, 157, 1);\" tagorder\u003d\"2\"\u003e \u003c/product\u003e\u003cline b\u003d\"307\" baseline\u003d\"307\" l\u003d\"89\" r\u003d\"143\" t\u003d\"298\"\u003e\u003cproduct begin\u003d\"745\" class\u003d\"extraction-tag ml-tag\" data-text\u003d\"Life 32 of 52: Dynamic\" data-value\u003d\"Life 32 of 52: Dynamic Praying - MP3 Download Download\" end\u003d\"807\" estimated-accuracy\u003d\"0.8202473042141022\" ml-tagorder\u003d\"2\" score\u003d\"0.4739778242520509\" style\u003d\"border: 2px solid rgb(125, 157, 1);\" tagorder\u003d\"2\"\u003eDownload\u003c/product\u003e\u003c/line\u003e  \u003c/par\u003e  \u003c/text\u003e  \u003c/td\u003e   \u003ctd h\u003d\"58\" w\u003d\"108\"\u003e \u003ctext xmlns\u003d\"http://ocr.crowdcomputingsystems.com/xml/schema-v1.xml\"\u003e \u003cpar linespacing\u003d\"600\"\u003e \u003cline b\u003d\"279\" baseline\u003d\"279\" l\u003d\"278\" r\u003d\"309\" t\u003d\"271\"\u003e \u003cformatting lang\u003d\"EnglishUnitedStates\"\u003e 17.5% \u003c/formatting\u003e  \u003c/line\u003e  \u003c/par\u003e  \u003c/text\u003e  \u003c/td\u003e   \u003ctd h\u003d\"58\" w\u003d\"108\"\u003e \u003ctext xmlns\u003d\"http://ocr.crowdcomputingsystems.com/xml/schema-v1.xml\"\u003e \u003cpar linespacing\u003d\"600\"\u003e \u003cline b\u003d\"279\" baseline\u003d\"279\" l\u003d\"385\" r\u003d\"415\" t\u003d\"271\"\u003e\u003cprice begin\u003d\"841\" class\u003d\"extraction-tag ml-tag\" data-text\u003d\"£2.49\" data-value\u003d\"2.49\" end\u003d\"846\" estimated-accuracy\u003d\"0.9445219305232997\" ml-tagorder\u003d\"3\" score\u003d\"0.6356168135488038\" style\u003d\"border: 2px solid rgb(125, 157, 1);\" tagorder\u003d\"3\"\u003e\u0026pound;2.49\u003c/price\u003e\u003c/line\u003e  \u003c/par\u003e  \u003c/text\u003e  \u003c/td\u003e   \u003ctd h\u003d\"58\" w\u003d\"68\"\u003e \u003ctext xmlns\u003d\"http://ocr.crowdcomputingsystems.com/xml/schema-v1.xml\"\u003e \u003cpar linespacing\u003d\"680\"\u003e \u003cline b\u003d\"279\" baseline\u003d\"280\" l\u003d\"493\" r\u003d\"499\" t\u003d\"271\"\u003e\u003cquantity begin\u003d\"858\" class\u003d\"extraction-tag ml-tag\" data-text\u003d\"1\" data-value\u003d\"1.00\" end\u003d\"859\" estimated-accuracy\u003d\"1.0\" ml-tagorder\u003d\"4\" score\u003d\"0.8318563897726278\" style\u003d\"border: 2px solid rgb(125, 157, 1);\" tagorder\u003d\"4\"\u003e1\u003c/quantity\u003e\u003c/line\u003e  \u003c/par\u003e  \u003c/text\u003e  \u003c/td\u003e   \u003ctd h\u003d\"58\" w\u003d\"69\"\u003e \u003ctext xmlns\u003d\"http://ocr.crowdcomputingsystems.com/xml/schema-v1.xml\"\u003e \u003cpar linespacing\u003d\"600\"\u003e \u003cline b\u003d\"279\" baseline\u003d\"279\" l\u003d\"561\" r\u003d\"591\" t\u003d\"271\"\u003e \u003cformatting lang\u003d\"EnglishUnitedStates\"\u003e \u0026pound;2.49 \u003c/formatting\u003e  \u003c/line\u003e  \u003c/par\u003e  \u003c/text\u003e  \u003c/td\u003e   \u003c/tr\u003e \n \u003c/tbody\u003e\u003c/table\u003e\n \u003cblock b\u003d\"373\" blockname\u003d\"\" blocktype\u003d\"Text\" l\u003d\"501\" r\u003d\"620\" style\u003d\"transform: translate(1115px, 441px); position: absolute; width: 264.737px; height: 63.6458px;\" t\u003d\"326\"\u003e \u003cregion\u003e \u003crect b\u003d\"373\" l\u003d\"501\" r\u003d\"620\" t\u003d\"326\"\u003e\u003c/rect\u003e  \u003c/region\u003e  \u003ctext\u003e \u003cpar align\u003d\"Right\" linespacing\u003d\"2400\"\u003e \u003cline b\u003d\"337\" baseline\u003d\"336\" l\u003d\"528\" r\u003d\"616\" style\u003d\"transform: translate(60px, 1px); position: absolute;\" t\u003d\"327\"\u003e \u003cformatting lang\u003d\"EnglishUnitedStates\"\u003e Subtotals \u0026pound;2.49 \u003c/formatting\u003e  \u003c/line\u003e  \u003cline b\u003d\"370\" baseline\u003d\"368\" l\u003d\"503\" r\u003d\"617\" style\u003d\"transform: translate(4px, 45px); position: absolute;\" t\u003d\"359\"\u003e \u003cformatting lang\u003d\"EnglishUnitedStates\"\u003e Shipping costs \u0026pound;0.00 \u003c/formatting\u003e  \u003c/line\u003e  \u003c/par\u003e  \u003c/text\u003e  \u003c/block\u003e  \u003cblock b\u003d\"419\" blockname\u003d\"\" blocktype\u003d\"Text\" l\u003d\"545\" r\u003d\"620\" style\u003d\"transform: translate(1212px, 550px); position: absolute; width: 166.851px; height: 17.6042px;\" t\u003d\"406\"\u003e \u003cregion\u003e \u003crect b\u003d\"419\" l\u003d\"545\" r\u003d\"620\" t\u003d\"406\"\u003e\u003c/rect\u003e  \u003c/region\u003e  \u003ctext\u003e \u003cpar linespacing\u003d\"680\"\u003e \u003cline b\u003d\"416\" baseline\u003d\"416\" l\u003d\"546\" r\u003d\"617\" style\u003d\"transform: translate(2px, 1px); position: absolute;\" t\u003d\"407\"\u003e \u003cformatting lang\u003d\"EnglishUnitedStates\"\u003e Totals \u0026pound;2.49 \u003c/formatting\u003e  \u003c/line\u003e  \u003c/par\u003e  \u003c/text\u003e  \u003c/block\u003e  \u003cblock b\u003d\"459\" blockname\u003d\"\" blocktype\u003d\"Text\" l\u003d\"497\" r\u003d\"619\" style\u003d\"transform: translate(1106px, 601px); position: absolute; width: 271.411px; height: 20.3125px;\" t\u003d\"444\"\u003e \u003cregion\u003e \u003crect b\u003d\"459\" l\u003d\"497\" r\u003d\"619\" t\u003d\"444\"\u003e\u003c/rect\u003e  \u003c/region\u003e  \u003ctext\u003e \u003cpar linespacing\u003d\"680\"\u003e \u003cline b\u003d\"456\" baseline\u003d\"454\" l\u003d\"498\" r\u003d\"616\" style\u003d\"transform: translate(2px, 1px); position: absolute;\" t\u003d\"445\"\u003e \u003cformatting lang\u003d\"EnglishUnitedStates\"\u003e including VAT: \u0026pound;0.37 \u003c/formatting\u003e  \u003c/line\u003e  \u003c/par\u003e  \u003c/text\u003e  \u003c/block\u003e  \u003cblock b\u003d\"521\" blockname\u003d\"\" blocktype\u003d\"Text\" l\u003d\"11\" r\u003d\"576\" style\u003d\"transform: translate(24px, 655px); position: absolute; width: 1256.95px; height: 50.1042px;\" t\u003d\"484\"\u003e \u003cregion\u003e \u003crect b\u003d\"521\" l\u003d\"11\" r\u003d\"576\" t\u003d\"484\"\u003e\u003c/rect\u003e  \u003c/region\u003e  \u003ctext\u003e \u003cpar align\u003d\"Justified\" linespacing\u003d\"1425\"\u003e \u003cline b\u003d\"499\" baseline\u003d\"496\" l\u003d\"14\" r\u003d\"573\" style\u003d\"transform: translate(7px, 1px); position: absolute;\" t\u003d\"485\"\u003e \u003cformatting lang\u003d\"EnglishUnitedStates\"\u003e Thank you for your order. We acknowledge your payment of \u0026pound;2.49 and trust that these \u003c/formatting\u003e  \u003c/line\u003e  \u003cline b\u003d\"518\" baseline\u003d\"515\" l\u003d\"12\" r\u003d\"199\" style\u003d\"transform: translate(2px, 27px); position: absolute;\" t\u003d\"504\"\u003e \u003cformatting lang\u003d\"EnglishUnitedStates\"\u003e products will bless you richly. \u003c/formatting\u003e  \u003c/line\u003e  \u003c/par\u003e  \u003c/text\u003e  \u003c/block\u003e  \u003cblock b\u003d\"319\" blockname\u003d\"\" blocktype\u003d\"SeparatorsBox\" class\u003d\"hidden\" l\u003d\"13\" r\u003d\"623\" style\u003d\"transform: translate(29px, 321px); position: absolute;\" t\u003d\"237\"\u003e \u003cregion\u003e \u003crect b\u003d\"240\" l\u003d\"13\" r\u003d\"623\" t\u003d\"237\"\u003e\u003c/rect\u003e  \u003crect b\u003d\"317\" l\u003d\"13\" r\u003d\"623\" t\u003d\"240\"\u003e\u003c/rect\u003e  \u003crect b\u003d\"319\" l\u003d\"13\" r\u003d\"623\" t\u003d\"317\"\u003e\u003c/rect\u003e  \u003c/region\u003e  \u003cseparatorsbox\u003e \u003cseparator thickness\u003d\"3\" type\u003d\"Black\"\u003e \u003cstart x\u003d\"13\" y\u003d\"238\"\u003e\u003c/start\u003e \u003cend x\u003d\"623\" y\u003d\"238\"\u003e\u003c/end\u003e \u003c/separator\u003e \u003cseparator thickness\u003d\"2\" type\u003d\"Black\"\u003e \u003cstart x\u003d\"13\" y\u003d\"318\"\u003e\u003c/start\u003e \u003cend x\u003d\"623\" y\u003d\"318\"\u003e\u003c/end\u003e \u003c/separator\u003e \u003cseparator thickness\u003d\"2\" type\u003d\"Black\"\u003e \u003cstart x\u003d\"14\" y\u003d\"237\"\u003e\u003c/start\u003e \u003cend x\u003d\"14\" y\u003d\"319\"\u003e\u003c/end\u003e \u003c/separator\u003e \u003cseparator thickness\u003d\"3\" type\u003d\"Black\"\u003e \u003cstart x\u003d\"621\" y\u003d\"237\"\u003e\u003c/start\u003e \u003cend x\u003d\"621\" y\u003d\"319\"\u003e\u003c/end\u003e \u003c/separator\u003e \u003c/separatorsbox\u003e \u003c/block\u003e  \u003cblock b\u003d\"436\" blockname\u003d\"\" blocktype\u003d\"SeparatorsBox\" class\u003d\"hidden\" l\u003d\"13\" r\u003d\"623\" style\u003d\"transform: translate(29px, 540px); position: absolute;\" t\u003d\"399\"\u003e \u003cregion\u003e \u003crect b\u003d\"403\" l\u003d\"13\" r\u003d\"623\" t\u003d\"399\"\u003e\u003c/rect\u003e  \u003crect b\u003d\"433\" l\u003d\"13\" r\u003d\"623\" t\u003d\"403\"\u003e\u003c/rect\u003e  \u003crect b\u003d\"436\" l\u003d\"13\" r\u003d\"623\" t\u003d\"433\"\u003e\u003c/rect\u003e  \u003c/region\u003e  \u003cseparatorsbox\u003e \u003cseparator thickness\u003d\"4\" type\u003d\"Black\"\u003e \u003cstart x\u003d\"13\" y\u003d\"401\"\u003e\u003c/start\u003e \u003cend x\u003d\"623\" y\u003d\"401\"\u003e\u003c/end\u003e \u003c/separator\u003e \u003cseparator thickness\u003d\"3\" type\u003d\"Black\"\u003e \u003cstart x\u003d\"13\" y\u003d\"434\"\u003e\u003c/start\u003e \u003cend x\u003d\"623\" y\u003d\"434\"\u003e\u003c/end\u003e \u003c/separator\u003e \u003cseparator thickness\u003d\"2\" type\u003d\"Black\"\u003e \u003cstart x\u003d\"14\" y\u003d\"399\"\u003e\u003c/start\u003e \u003cend x\u003d\"14\" y\u003d\"436\"\u003e\u003c/end\u003e \u003c/separator\u003e \u003cseparator thickness\u003d\"4\" type\u003d\"Black\"\u003e \u003cstart x\u003d\"621\" y\u003d\"399\"\u003e\u003c/start\u003e \u003cend x\u003d\"621\" y\u003d\"436\"\u003e\u003c/end\u003e \u003c/separator\u003e \u003c/separatorsbox\u003e \u003c/block\u003e  \u003cblock b\u003d\"66\" blockname\u003d\"\" blocktype\u003d\"Separator\" l\u003d\"497\" r\u003d\"623\" style\u003d\"transform: translate(1106px, 87px); position: absolute;\" t\u003d\"64\"\u003e \u003cregion\u003e \u003crect b\u003d\"66\" l\u003d\"497\" r\u003d\"623\" t\u003d\"64\"\u003e\u003c/rect\u003e  \u003c/region\u003e  \u003cseparator thickness\u003d\"2\" type\u003d\"Black\"\u003e \u003cstart x\u003d\"497\" y\u003d\"65\"\u003e\u003c/start\u003e \u003cend x\u003d\"623\" y\u003d\"65\"\u003e\u003c/end\u003e \u003c/separator\u003e \u003c/block\u003e  \u003cblock b\u003d\"96\" blockname\u003d\"\" blocktype\u003d\"Separator\" class\u003d\"hidden\" l\u003d\"474\" r\u003d\"623\" style\u003d\"transform: translate(1055px, 127px); position: absolute;\" t\u003d\"94\"\u003e \u003cregion\u003e \u003crect b\u003d\"96\" l\u003d\"474\" r\u003d\"623\" t\u003d\"94\"\u003e\u003c/rect\u003e  \u003c/region\u003e  \u003cseparator thickness\u003d\"2\" type\u003d\"Black\"\u003e \u003cstart x\u003d\"474\" y\u003d\"95\"\u003e\u003c/start\u003e \u003cend x\u003d\"623\" y\u003d\"95\"\u003e\u003c/end\u003e \u003c/separator\u003e \u003c/block\u003e  \u003cblock b\u003d\"262\" blockname\u003d\"\" blocktype\u003d\"Separator\" l\u003d\"13\" r\u003d\"623\" style\u003d\"transform: translate(29px, 352px); position: absolute;\" t\u003d\"260\"\u003e \u003cregion\u003e \u003crect b\u003d\"262\" l\u003d\"13\" r\u003d\"623\" t\u003d\"260\"\u003e\u003c/rect\u003e  \u003c/region\u003e  \u003cseparator thickness\u003d\"2\" type\u003d\"Black\"\u003e \u003cstart x\u003d\"13\" y\u003d\"261\"\u003e\u003c/start\u003e \u003cend x\u003d\"623\" y\u003d\"261\"\u003e\u003c/end\u003e \u003c/separator\u003e \u003c/block\u003e  \u003cblock b\u003d\"310\" blockname\u003d\"\" blocktype\u003d\"Separator\" l\u003d\"89\" r\u003d\"145\" style\u003d\"transform: translate(198px, 418px); position: absolute;\" t\u003d\"309\"\u003e \u003cregion\u003e \u003crect b\u003d\"310\" l\u003d\"89\" r\u003d\"145\" t\u003d\"309\"\u003e\u003c/rect\u003e  \u003c/region\u003e  \u003cseparator thickness\u003d\"1\" type\u003d\"Black\"\u003e \u003cstart x\u003d\"89\" y\u003d\"309\"\u003e\u003c/start\u003e \u003cend x\u003d\"145\" y\u003d\"309\"\u003e\u003c/end\u003e \u003c/separator\u003e \u003c/block\u003e  \u003cblock b\u003d\"391\" blockname\u003d\"\" blocktype\u003d\"Separator\" l\u003d\"19\" r\u003d\"617\" style\u003d\"transform: translate(42px, 527px); position: absolute;\" t\u003d\"389\"\u003e \u003cregion\u003e \u003crect b\u003d\"391\" l\u003d\"19\" r\u003d\"617\" t\u003d\"389\"\u003e\u003c/rect\u003e  \u003c/region\u003e  \u003cseparator thickness\u003d\"2\" type\u003d\"Black\"\u003e \u003cstart x\u003d\"19\" y\u003d\"390\"\u003e\u003c/start\u003e \u003cend x\u003d\"617\" y\u003d\"390\"\u003e\u003c/end\u003e \u003c/separator\u003e \u003c/block\u003e  \u003cblock b\u003d\"319\" blockname\u003d\"\" blocktype\u003d\"Separator\" l\u003d\"81\" r\u003d\"83\" style\u003d\"transform: translate(180px, 321px); position: absolute;\" t\u003d\"237\"\u003e \u003cregion\u003e \u003crect b\u003d\"319\" l\u003d\"81\" r\u003d\"83\" t\u003d\"237\"\u003e\u003c/rect\u003e  \u003c/region\u003e  \u003cseparator thickness\u003d\"2\" type\u003d\"Black\"\u003e \u003cstart x\u003d\"82\" y\u003d\"237\"\u003e\u003c/start\u003e \u003cend x\u003d\"82\" y\u003d\"319\"\u003e\u003c/end\u003e \u003c/separator\u003e \u003c/block\u003e  \u003cblock b\u003d\"319\" blockname\u003d\"\" blocktype\u003d\"Separator\" l\u003d\"269\" r\u003d\"271\" style\u003d\"transform: translate(598px, 321px); position: absolute;\" t\u003d\"237\"\u003e \u003cregion\u003e \u003crect b\u003d\"319\" l\u003d\"269\" r\u003d\"271\" t\u003d\"237\"\u003e\u003c/rect\u003e  \u003c/region\u003e  \u003cseparator thickness\u003d\"2\" type\u003d\"Black\"\u003e \u003cstart x\u003d\"270\" y\u003d\"237\"\u003e\u003c/start\u003e \u003cend x\u003d\"270\" y\u003d\"319\"\u003e\u003c/end\u003e \u003c/separator\u003e \u003c/block\u003e  \u003cblock b\u003d\"319\" blockname\u003d\"\" blocktype\u003d\"Separator\" l\u003d\"377\" r\u003d\"379\" style\u003d\"transform: translate(839px, 321px); position: absolute;\" t\u003d\"237\"\u003e \u003cregion\u003e \u003crect b\u003d\"319\" l\u003d\"377\" r\u003d\"379\" t\u003d\"237\"\u003e\u003c/rect\u003e  \u003c/region\u003e  \u003cseparator thickness\u003d\"2\" type\u003d\"Black\"\u003e \u003cstart x\u003d\"378\" y\u003d\"237\"\u003e\u003c/start\u003e \u003cend x\u003d\"378\" y\u003d\"319\"\u003e\u003c/end\u003e \u003c/separator\u003e \u003c/block\u003e  \u003cblock b\u003d\"319\" blockname\u003d\"\" blocktype\u003d\"Separator\" l\u003d\"484\" r\u003d\"488\" style\u003d\"transform: translate(1077px, 321px); position: absolute;\" t\u003d\"237\"\u003e \u003cregion\u003e \u003crect b\u003d\"249\" l\u003d\"484\" r\u003d\"488\" t\u003d\"237\"\u003e\u003c/rect\u003e  \u003crect b\u003d\"319\" l\u003d\"485\" r\u003d\"487\" t\u003d\"249\"\u003e\u003c/rect\u003e  \u003c/region\u003e  \u003cseparator thickness\u003d\"3\" type\u003d\"Black\"\u003e \u003cstart x\u003d\"486\" y\u003d\"237\"\u003e\u003c/start\u003e \u003cend x\u003d\"486\" y\u003d\"319\"\u003e\u003c/end\u003e \u003c/separator\u003e \u003c/block\u003e  \u003cblock b\u003d\"319\" blockname\u003d\"\" blocktype\u003d\"Separator\" l\u003d\"552\" r\u003d\"556\" style\u003d\"transform: translate(1228px, 321px); position: absolute;\" t\u003d\"237\"\u003e \u003cregion\u003e \u003crect b\u003d\"249\" l\u003d\"552\" r\u003d\"556\" t\u003d\"237\"\u003e\u003c/rect\u003e  \u003crect b\u003d\"319\" l\u003d\"553\" r\u003d\"555\" t\u003d\"249\"\u003e\u003c/rect\u003e  \u003c/region\u003e  \u003cseparator thickness\u003d\"3\" type\u003d\"Black\"\u003e \u003cstart x\u003d\"554\" y\u003d\"237\"\u003e\u003c/start\u003e \u003cend x\u003d\"554\" y\u003d\"319\"\u003e\u003c/end\u003e \u003c/separator\u003e \u003c/block\u003e  \u003cblock b\u003d\"436\" blockname\u003d\"\" blocktype\u003d\"Text\" l\u003d\"13\" r\u003d\"623\" style\u003d\"transform: translate(29px, 540px); position: absolute; width: 1357.06px; height: 50.1042px;\" t\u003d\"399\"\u003e \u003cregion\u003e \u003crect b\u003d\"436\" l\u003d\"13\" r\u003d\"623\" t\u003d\"399\"\u003e\u003c/rect\u003e  \u003c/region\u003e  \u003ctext\u003e \u003cpar align\u003d\"Right\" linespacing\u003d\"680\"\u003e \u003cline b\u003d\"416\" baseline\u003d\"416\" l\u003d\"546\" r\u003d\"617\" style\u003d\"transform: translate(1186px, 11px); position: absolute;\" t\u003d\"407\"\u003e \u003cformatting lang\u003d\"EnglishUnitedStates\"\u003e Totals \u0026pound;2.49 \u003c/formatting\u003e  \u003c/line\u003e  \u003c/par\u003e  \u003c/text\u003e  \u003c/block\u003e  \u003c/page\u003e       \u003c/document\u003e\u003c/body\u003e\u003c/html\u003e","tags":[{"score":0.562610821942861,"end":29,"tag":"supplier_name","text":"Ellel Ministries","estimatedAccuracy":0.948571272996575,"begin":13},{"score":0.7124209626157467,"end":319,"tag":"email","text":"infc@uk.stcre.ellel.crg","estimatedAccuracy":1.0,"begin":296},{"score":0.4739778242520509,"end":807,"tag":"product","text":"Life 32 of 52: Dynamic Praying - MP3 Download Download","estimatedAccuracy":0.8202473042141022,"begin":745},{"score":0.6356168135488038,"end":846,"tag":"price","text":"2.49","estimatedAccuracy":0.9445219305232997,"begin":841},{"score":0.8318563897726278,"end":859,"tag":"quantity","text":"1.00","estimatedAccuracy":1.0,"begin":858}],"group":"email|price|product|quantity|supplier_name"}