{"finalScore":0.5069905467028535,"metaInfo":{"model":{"coreVersion":"9.3.0.9"}},"sumScore":2.027962186811414,"tagsCounter":4.0,"taggedText":"\u003chtml\u003e\u003chead\u003e\u003cscript src\u003d\"https://ajax.googleapis.com/ajax/libs/jquery/2.2.0/jquery.min.js\"\u003e\u003c/script\u003e\u003c/head\u003e\u003cbody\u003e\u003cdocument languages\u003d\"\" producer\u003d\"Workfusion\" schemalocation\u003d\"http://ocr.crowdcomputingsystems.com/xml/schema-v1.xml\" version\u003d\"1.0\" xmlns\u003d\"http://ocr.crowdcomputingsystems.com/xml/schema-v1.xml\" xsi\u003d\"http://www.w3.org/2001/XMLSchema-instance\"\u003e \u003clink href\u003d\"https://s3.amazonaws.com/workfusion-resources/ocr/ocr-xml-viewer-0.3-scale-to-width.css\" rel\u003d\"stylesheet\" type\u003d\"text/css\"\u003e\u003c/link\u003e \u003cstyle\u003e\u003c/style\u003e\u003cpage data-pages\u003d\"1\" h\u003d\"480\" resolution\u003d\"96\" style\u003d\"height: 604px;\" w\u003d\"340\"\u003e \u003cblock b\u003d\"61\" blockname\u003d\"\" blocktype\u003d\"Text\" l\u003d\"19\" r\u003d\"121\" style\u003d\"transform: translate(42px, 22px); position: absolute; width: 226.5px; height: 60.9375px;\" t\u003d\"16\"\u003e \u003cregion\u003e \u003crect b\u003d\"61\" l\u003d\"19\" r\u003d\"121\" t\u003d\"16\"\u003e\u003c/rect\u003e  \u003c/region\u003e  \u003ctext\u003e \u003cpar linespacing\u003d\"1350\"\u003e \u003cline b\u003d\"40\" baseline\u003d\"39\" l\u003d\"21\" r\u003d\"95\" style\u003d\"transform: translate(4px, 3px); position: absolute;\" t\u003d\"18\"\u003e \u003cformatting lang\u003d\"EnglishUnitedStates\"\u003e SIMPLE Mr \u003c/formatting\u003e  \u003c/line\u003e  \u003cline b\u003d\"58\" baseline\u003d\"57\" l\u003d\"20\" r\u003d\"118\" style\u003d\"transform: translate(2px, 39px); position: absolute;\" t\u003d\"45\"\u003e \u003cformatting lang\u003d\"EnglishUnitedStates\"\u003e ORGANIZATION \u003c/formatting\u003e  \u003c/line\u003e  \u003c/par\u003e  \u003c/text\u003e  \u003c/block\u003e  \u003cblock b\u003d\"69\" blockname\u003d\"\" blocktype\u003d\"Text\" l\u003d\"138\" r\u003d\"293\" style\u003d\"transform: translate(306px, 19px); position: absolute; width: 344.191px; height: 74.4792px;\" t\u003d\"14\"\u003e \u003cregion\u003e \u003crect b\u003d\"69\" l\u003d\"138\" r\u003d\"293\" t\u003d\"14\"\u003e\u003c/rect\u003e  \u003c/region\u003e  \u003ctext\u003e \u003cpar linespacing\u003d\"600\"\u003e \u003cline b\u003d\"21\" baseline\u003d\"20\" l\u003d\"140\" r\u003d\"194\" style\u003d\"transform: translate(4px, 1px); position: absolute;\" t\u003d\"15\"\u003e \u003cformatting lang\u003d\"EnglishUnitedStates\"\u003e **T Cemoany \u0026laquo;\u0026mdash; \u003c/formatting\u003e  \u003c/line\u003e  \u003c/par\u003e  \u003cpar linespacing\u003d\"600\"\u003e \u003cline b\u003d\"28\" baseline\u003d\"27\" l\u003d\"140\" r\u003d\"170\" style\u003d\"transform: translate(4px, 12px); position: absolute;\" t\u003d\"23\"\u003e \u003cformatting lang\u003d\"EnglishUnitedStates\"\u003e 1 Any Meet \u003c/formatting\u003e  \u003c/line\u003e  \u003c/par\u003e  \u003cpar leftindent\u003d\"3000\" linespacing\u003d\"600\"\u003e \u003cline b\u003d\"35\" baseline\u003d\"35\" l\u003d\"180\" r\u003d\"201\" style\u003d\"transform: translate(93px, 23px); position: absolute;\" t\u003d\"31\"\u003e \u003cformatting lang\u003d\"EnglishUnitedStates\"\u003e 1*\u0026raquo; 1* \u003c/formatting\u003e  \u003c/line\u003e  \u003c/par\u003e  \u003cpar linespacing\u003d\"600\"\u003e \u003cline b\u003d\"50\" baseline\u003d\"49\" l\u003d\"140\" r\u003d\"188\" style\u003d\"transform: translate(4px, 42px); position: absolute;\" t\u003d\"45\"\u003e \u003cformatting lang\u003d\"EnglishUnitedStates\"\u003e \u0026gt;■ aw 171 \u0026raquo;v \u003c/formatting\u003e  \u003c/line\u003e  \u003c/par\u003e  \u003cpar linespacing\u003d\"600\"\u003e \u003cline b\u003d\"57\" baseline\u003d\"58\" l\u003d\"140\" r\u003d\"154\" style\u003d\"transform: translate(4px, 53px); position: absolute;\" t\u003d\"53\"\u003e \u003cformatting lang\u003d\"EnglishUnitedStates\"\u003e 1\u0026mdash; \u003c/formatting\u003e  \u003c/line\u003e  \u003c/par\u003e  \u003cpar linespacing\u003d\"600\"\u003e \u003cline b\u003d\"65\" baseline\u003d\"65\" l\u003d\"140\" r\u003d\"290\" style\u003d\"transform: translate(4px, 62px); position: absolute;\" t\u003d\"60\"\u003e \u003cformatting lang\u003d\"EnglishUnitedStates\"\u003e Cl\u0026raquo;4W*\u0026raquo; \u0026raquo;*\u0026gt;\u0026laquo;*\u0026laquo;- IWW \u003c/formatting\u003e  \u003c/line\u003e  \u003c/par\u003e  \u003c/text\u003e  \u003c/block\u003e  \u003cblock b\u003d\"203\" blockname\u003d\"\" blocktype\u003d\"Text\" l\u003d\"42\" r\u003d\"260\" style\u003d\"transform: translate(93px, 138px); position: absolute; width: 484.088px; height: 136.771px;\" t\u003d\"102\"\u003e \u003cregion\u003e \u003crect b\u003d\"170\" l\u003d\"42\" r\u003d\"260\" t\u003d\"102\"\u003e\u003c/rect\u003e  \u003crect b\u003d\"203\" l\u003d\"187\" r\u003d\"260\" t\u003d\"170\"\u003e\u003c/rect\u003e  \u003c/region\u003e  \u003ctext\u003e \u003cpar leftindent\u003d\"1800\" linespacing\u003d\"380\"\u003e \u003cline b\u003d\"108\" baseline\u003d\"108\" l\u003d\"43\" r\u003d\"76\" style\u003d\"transform: translate(2px, 1px); position: absolute;\" t\u003d\"103\"\u003e \u003cformatting lang\u003d\"EnglishUnitedStates\"\u003e laleetlHer \u003c/formatting\u003e  \u003c/line\u003e  \u003c/par\u003e  \u003cpar leftindent\u003d\"1800\" linespacing\u003d\"450\"\u003e \u003cline b\u003d\"123\" baseline\u003d\"124\" l\u003d\"43\" r\u003d\"81\" style\u003d\"transform: translate(2px, 22px); position: absolute;\" t\u003d\"118\"\u003e \u003cformatting lang\u003d\"EnglishUnitedStates\"\u003e \u0026laquo;wu\u0026laquo;\u0026gt; \u003c/formatting\u003e  \u003c/line\u003e  \u003c/par\u003e  \u003cpar leftindent\u003d\"1800\" linespacing\u003d\"380\"\u003e \u003cline b\u003d\"131\" baseline\u003d\"131\" l\u003d\"43\" r\u003d\"56\" style\u003d\"transform: translate(2px, 33px); position: absolute;\" t\u003d\"126\"\u003e \u003cformatting lang\u003d\"EnglishUnitedStates\"\u003e cn* \u003c/formatting\u003e  \u003c/line\u003e  \u003c/par\u003e  \u003cpar leftindent\u003d\"1800\" linespacing\u003d\"380\"\u003e \u003cline b\u003d\"146\" baseline\u003d\"146\" l\u003d\"44\" r\u003d\"93\" style\u003d\"transform: translate(4px, 53px); position: absolute;\" t\u003d\"141\"\u003e \u003cformatting lang\u003d\"EnglishUnitedStates\"\u003e cmiKOKivoccw \u003c/formatting\u003e  \u003c/line\u003e  \u003c/par\u003e  \u003cpar leftindent\u003d\"1800\" linespacing\u003d\"380\"\u003e \u003cline b\u003d\"154\" baseline\u003d\"154\" l\u003d\"43\" r\u003d\"67\" style\u003d\"transform: translate(2px, 64px); position: absolute;\" t\u003d\"149\"\u003e \u003cformatting lang\u003d\"EnglishUnitedStates\"\u003e Aatan \u003c/formatting\u003e  \u003c/line\u003e  \u003c/par\u003e  \u003cpar leftindent\u003d\"9900\" linespacing\u003d\"530\"\u003e \u003cline b\u003d\"167\" baseline\u003d\"167\" l\u003d\"151\" r\u003d\"185\" style\u003d\"transform: translate(242px, 79px); position: absolute;\" t\u003d\"160\"\u003e \u003cformatting lang\u003d\"EnglishUnitedStates\"\u003e Invoice \u003c/formatting\u003e  \u003c/line\u003e  \u003c/par\u003e  \u003cpar linespacing\u003d\"900\"\u003e \u003cline b\u003d\"189\" baseline\u003d\"188\" l\u003d\"188\" r\u003d\"257\" style\u003d\"transform: translate(324px, 110px); position: absolute;\" t\u003d\"183\"\u003e \u003cformatting lang\u003d\"EnglishUnitedStates\"\u003e Date 16*107010 \u003c/formatting\u003e  \u003c/line\u003e  \u003cline b\u003d\"200\" baseline\u003d\"200\" l\u003d\"188\" r\u003d\"257\" style\u003d\"transform: translate(324px, 125px); position: absolute;\" t\u003d\"194\"\u003e \u003cformatting lang\u003d\"EnglishUnitedStates\"\u003e Oue 0ate: 16*\u003cinvoice_number begin\u003d\"334\" class\u003d\"extraction-tag ml-tag\" data-text\u003d\"117010\" data-value\u003d\"117010\" end\u003d\"340\" estimated-accuracy\u003d\"0.9154929577464789\" ml-tagorder\u003d\"0\" score\u003d\"0.49919087364014214\" style\u003d\"border: 2px solid rgb(125, 157, 1);\" tagorder\u003d\"0\"\u003e117010\u003c/invoice_number\u003e \u003c/formatting\u003e  \u003c/line\u003e  \u003c/par\u003e  \u003c/text\u003e  \u003c/block\u003e  \u003cblock b\u003d\"227\" blockname\u003d\"\" blocktype\u003d\"Text\" l\u003d\"20\" r\u003d\"164\" style\u003d\"transform: translate(44px, 246px); position: absolute; width: 319.765px; height: 60.9375px;\" t\u003d\"182\"\u003e \u003cregion\u003e \u003crect b\u003d\"227\" l\u003d\"20\" r\u003d\"164\" t\u003d\"182\"\u003e\u003c/rect\u003e  \u003c/region\u003e  \u003ctext\u003e \u003cpar align\u003d\"Justified\" linespacing\u003d\"825\"\u003e \u003cline b\u003d\"189\" baseline\u003d\"188\" l\u003d\"21\" r\u003d\"162\" style\u003d\"transform: translate(2px, 1px); position: absolute;\" t\u003d\"183\"\u003e \u003cformatting lang\u003d\"EnglishUnitedStates\"\u003e Invoxo Number 908901 \u003c/formatting\u003e  \u003c/line\u003e  \u003c/par\u003e  \u003cpar linespacing\u003d\"825\"\u003e \u003cline b\u003d\"200\" baseline\u003d\"200\" l\u003d\"21\" r\u003d\"144\" style\u003d\"transform: translate(2px, 16px); position: absolute;\" t\u003d\"194\"\u003e \u003cformatting lang\u003d\"EnglishUnitedStates\"\u003e Purchaee Order Number 98141738M \u003c/formatting\u003e  \u003c/line\u003e  \u003cline b\u003d\"212\" baseline\u003d\"211\" l\u003d\"21\" r\u003d\"153\" style\u003d\"transform: translate(2px, 33px); position: absolute;\" t\u003d\"206\"\u003e \u003cformatting lang\u003d\"EnglishUnitedStates\"\u003e EteM My evert none \u003c/formatting\u003e  \u003c/line\u003e  \u003c/par\u003e  \u003cpar align\u003d\"Justified\" linespacing\u003d\"825\"\u003e \u003cline b\u003d\"224\" baseline\u003d\"223\" l\u003d\"21\" r\u003d\"136\" style\u003d\"transform: translate(2px, 47px); position: absolute;\" t\u003d\"217\"\u003e \u003cformatting lang\u003d\"EnglishUnitedStates\"\u003e Oe leg ale attending Teal Oloi \u003c/formatting\u003e  \u003c/line\u003e  \u003c/par\u003e  \u003c/text\u003e  \u003c/block\u003e  \u003cregion xmlns\u003d\"http://ocr.crowdcomputingsystems.com/xml/schema-v1.xml\"\u003e \u003crect b\u003d\"361\" l\u003d\"43\" r\u003d\"300\" t\u003d\"240\"\u003e\u003c/rect\u003e  \u003c/region\u003e \u003ctable b\u003d\"361\" blockname\u003d\"\" blocktype\u003d\"Table\" l\u003d\"43\" r\u003d\"300\" style\u003d\"transform: translate(95px, 325px); position: absolute; user-select: auto;\" t\u003d\"240\" xmlns\u003d\"\"\u003e \u003ctbody\u003e\u003ctr\u003e \u003ctd h\u003d\"25\" leftborder\u003d\"White\" rightborder\u003d\"White\" topborder\u003d\"White\" w\u003d\"38\"\u003e \u003ctext xmlns\u003d\"http://ocr.crowdcomputingsystems.com/xml/schema-v1.xml\"\u003e \u003cpar linespacing\u003d\"450\"\u003e \u003cline b\u003d\"248\" baseline\u003d\"247\" l\u003d\"48\" r\u003d\"73\" t\u003d\"241\"\u003e \u003cformatting lang\u003d\"EnglishUnitedStates\"\u003e Quant ly \u003c/formatting\u003e  \u003c/line\u003e  \u003c/par\u003e  \u003c/text\u003e  \u003c/td\u003e   \u003ctd h\u003d\"25\" leftborder\u003d\"White\" rightborder\u003d\"White\" topborder\u003d\"White\" w\u003d\"130\"\u003e \u003ctext xmlns\u003d\"http://ocr.crowdcomputingsystems.com/xml/schema-v1.xml\"\u003e \u003cpar linespacing\u003d\"380\"\u003e \u003cline b\u003d\"247\" baseline\u003d\"247\" l\u003d\"90\" r\u003d\"102\" t\u003d\"242\"\u003e \u003cformatting lang\u003d\"EnglishUnitedStates\"\u003e Bern \u003c/formatting\u003e  \u003c/line\u003e  \u003c/par\u003e  \u003c/text\u003e  \u003c/td\u003e   \u003ctd h\u003d\"25\" leftborder\u003d\"White\" rightborder\u003d\"White\" topborder\u003d\"White\" w\u003d\"51\"\u003e \u003ctext xmlns\u003d\"http://ocr.crowdcomputingsystems.com/xml/schema-v1.xml\"\u003e \u003cpar align\u003d\"Right\" linespacing\u003d\"380\"\u003e \u003cline b\u003d\"247\" baseline\u003d\"247\" l\u003d\"239\" r\u003d\"251\" t\u003d\"242\"\u003e \u003cformatting lang\u003d\"EnglishUnitedStates\"\u003e Uht \u003c/formatting\u003e  \u003c/line\u003e  \u003c/par\u003e  \u003cpar align\u003d\"Right\" linespacing\u003d\"450\"\u003e \u003cline b\u003d\"257\" baseline\u003d\"257\" l\u003d\"229\" r\u003d\"253\" t\u003d\"251\"\u003e \u003cformatting lang\u003d\"EnglishUnitedStates\"\u003e P\u0026quot;e*\u0026pound;\u0026gt; \u003c/formatting\u003e  \u003c/line\u003e  \u003c/par\u003e  \u003c/text\u003e  \u003c/td\u003e   \u003ctd h\u003d\"25\" leftborder\u003d\"White\" rightborder\u003d\"White\" topborder\u003d\"White\" w\u003d\"38\"\u003e \u003ctext xmlns\u003d\"http://ocr.crowdcomputingsystems.com/xml/schema-v1.xml\"\u003e \u003cpar align\u003d\"Right\" linespacing\u003d\"450\"\u003e \u003cline b\u003d\"248\" baseline\u003d\"247\" l\u003d\"270\" r\u003d\"294\" t\u003d\"241\"\u003e \u003cformatting lang\u003d\"EnglishUnitedStates\"\u003e Pnce\u0026lt;(l \u003c/formatting\u003e  \u003c/line\u003e  \u003c/par\u003e  \u003c/text\u003e  \u003c/td\u003e   \u003c/tr\u003e \n \u003ctr\u003e \u003ctd bottomborder\u003d\"White\" h\u003d\"11\" leftborder\u003d\"White\" rightborder\u003d\"White\" w\u003d\"38\"\u003e \u003ctext xmlns\u003d\"http://ocr.crowdcomputingsystems.com/xml/schema-v1.xml\"\u003e \u003cpar linespacing\u003d\"380\"\u003e \u003cline b\u003d\"273\" baseline\u003d\"273\" l\u003d\"49\" r\u003d\"51\" t\u003d\"268\"\u003e1\u003c/line\u003e  \u003c/par\u003e  \u003c/text\u003e  \u003c/td\u003e   \u003ctd bottomborder\u003d\"White\" h\u003d\"11\" leftborder\u003d\"White\" rightborder\u003d\"White\" w\u003d\"130\"\u003e \u003ctext xmlns\u003d\"http://ocr.crowdcomputingsystems.com/xml/schema-v1.xml\"\u003e \u003cpar linespacing\u003d\"450\"\u003e \u003cline b\u003d\"274\" baseline\u003d\"273\" l\u003d\"90\" r\u003d\"193\" t\u003d\"267\"\u003e0eV-gite fee \u0026bull; Nwt-nember Rate\u003c/line\u003e  \u003c/par\u003e  \u003c/text\u003e  \u003c/td\u003e   \u003ctd bottomborder\u003d\"White\" h\u003d\"11\" leftborder\u003d\"White\" rightborder\u003d\"White\" w\u003d\"51\"\u003e \u003ctext xmlns\u003d\"http://ocr.crowdcomputingsystems.com/xml/schema-v1.xml\"\u003e \u003cpar align\u003d\"Right\" linespacing\u003d\"450\"\u003e \u003cline b\u003d\"273\" baseline\u003d\"273\" l\u003d\"228\" r\u003d\"253\" t\u003d\"267\"\u003ef 162 50\u003c/line\u003e  \u003c/par\u003e  \u003c/text\u003e  \u003c/td\u003e   \u003ctd bottomborder\u003d\"White\" h\u003d\"11\" leftborder\u003d\"White\" rightborder\u003d\"White\" w\u003d\"38\"\u003e \u003ctext xmlns\u003d\"http://ocr.crowdcomputingsystems.com/xml/schema-v1.xml\"\u003e \u003cpar align\u003d\"Right\" linespacing\u003d\"450\"\u003e \u003cline b\u003d\"273\" baseline\u003d\"273\" l\u003d\"269\" r\u003d\"293\" t\u003d\"267\"\u003e \u003cformatting lang\u003d\"EnglishUnitedStates\"\u003e f 162 50 \u003c/formatting\u003e  \u003c/line\u003e  \u003c/par\u003e  \u003c/text\u003e  \u003c/td\u003e   \u003c/tr\u003e \n \u003ctr\u003e \u003ctd bottomborder\u003d\"White\" h\u003d\"12\" leftborder\u003d\"White\" rightborder\u003d\"White\" topborder\u003d\"White\" w\u003d\"38\"\u003e \u003ctext xmlns\u003d\"http://ocr.crowdcomputingsystems.com/xml/schema-v1.xml\"\u003e \u003cpar linespacing\u003d\"-1\"\u003e\u003c/par\u003e  \u003c/text\u003e  \u003c/td\u003e   \u003ctd bottomborder\u003d\"White\" h\u003d\"12\" leftborder\u003d\"White\" rightborder\u003d\"White\" topborder\u003d\"White\" w\u003d\"130\"\u003e \u003ctext xmlns\u003d\"http://ocr.crowdcomputingsystems.com/xml/schema-v1.xml\"\u003e \u003cpar linespacing\u003d\"380\"\u003e \u003cline b\u003d\"284\" baseline\u003d\"282\" l\u003d\"90\" r\u003d\"180\" t\u003d\"277\"\u003e \u003cformatting lang\u003d\"EnglishUnitedStates\"\u003e Tbu*\u0026laquo;doy \u003cinvoice_date begin\u003d\"741\" class\u003d\"extraction-tag ml-tag\" data-text\u003d\"4th November 2010\" data-value\u003d\"11/04/2010\" end\u003d\"758\" estimated-accuracy\u003d\"0.9324324324324325\" ml-tagorder\u003d\"1\" score\u003d\"0.4898171820027843\" style\u003d\"border: 2px solid rgb(125, 157, 1);\" tagorder\u003d\"1\"\u003e4th November 2010\u003c/invoice_date\u003e \u003c/formatting\u003e  \u003c/line\u003e  \u003c/par\u003e  \u003c/text\u003e  \u003c/td\u003e   \u003ctd bottomborder\u003d\"White\" h\u003d\"12\" leftborder\u003d\"White\" rightborder\u003d\"White\" topborder\u003d\"White\" w\u003d\"51\"\u003e \u003ctext xmlns\u003d\"http://ocr.crowdcomputingsystems.com/xml/schema-v1.xml\"\u003e \u003cpar leftindent\u003d\"1300\" linespacing\u003d\"-1\"\u003e\u003c/par\u003e  \u003c/text\u003e  \u003c/td\u003e   \u003ctd bottomborder\u003d\"White\" h\u003d\"12\" leftborder\u003d\"White\" rightborder\u003d\"White\" topborder\u003d\"White\" w\u003d\"38\"\u003e \u003ctext xmlns\u003d\"http://ocr.crowdcomputingsystems.com/xml/schema-v1.xml\"\u003e \u003cpar linespacing\u003d\"-1\"\u003e\u003c/par\u003e  \u003c/text\u003e  \u003c/td\u003e   \u003c/tr\u003e \n \u003ctr\u003e \u003ctd bottomborder\u003d\"White\" h\u003d\"15\" leftborder\u003d\"White\" rightborder\u003d\"White\" topborder\u003d\"White\" w\u003d\"38\"\u003e \u003ctext xmlns\u003d\"http://ocr.crowdcomputingsystems.com/xml/schema-v1.xml\"\u003e \u003cpar linespacing\u003d\"450\"\u003e \u003cline b\u003d\"297\" baseline\u003d\"298\" l\u003d\"49\" r\u003d\"51\" t\u003d\"292\"\u003e1\u003c/line\u003e  \u003c/par\u003e  \u003c/text\u003e  \u003c/td\u003e   \u003ctd bottomborder\u003d\"White\" h\u003d\"15\" leftborder\u003d\"White\" rightborder\u003d\"White\" topborder\u003d\"White\" w\u003d\"130\"\u003e \u003ctext xmlns\u003d\"http://ocr.crowdcomputingsystems.com/xml/schema-v1.xml\"\u003e \u003cpar linespacing\u003d\"380\"\u003e \u003cline b\u003d\"297\" baseline\u003d\"297\" l\u003d\"89\" r\u003d\"147\" t\u003d\"292\"\u003eCtrVeretKO Devter\u003c/line\u003e  \u003c/par\u003e  \u003c/text\u003e  \u003c/td\u003e   \u003ctd bottomborder\u003d\"White\" h\u003d\"15\" leftborder\u003d\"White\" rightborder\u003d\"White\" topborder\u003d\"White\" w\u003d\"51\"\u003e \u003ctext xmlns\u003d\"http://ocr.crowdcomputingsystems.com/xml/schema-v1.xml\"\u003e \u003cpar align\u003d\"Right\" linespacing\u003d\"380\"\u003e \u003cline b\u003d\"297\" baseline\u003d\"297\" l\u003d\"232\" r\u003d\"253\" t\u003d\"292\"\u003eE2083\u003c/line\u003e  \u003c/par\u003e  \u003c/text\u003e  \u003c/td\u003e   \u003ctd bottomborder\u003d\"White\" h\u003d\"15\" leftborder\u003d\"White\" rightborder\u003d\"White\" topborder\u003d\"White\" w\u003d\"38\"\u003e \u003ctext xmlns\u003d\"http://ocr.crowdcomputingsystems.com/xml/schema-v1.xml\"\u003e \u003cpar align\u003d\"Right\" linespacing\u003d\"380\"\u003e \u003cline b\u003d\"297\" baseline\u003d\"297\" l\u003d\"273\" r\u003d\"293\" t\u003d\"292\"\u003e \u003cformatting lang\u003d\"EnglishUnitedStates\"\u003e \u0026pound;20 83 \u003c/formatting\u003e  \u003c/line\u003e  \u003c/par\u003e  \u003c/text\u003e  \u003c/td\u003e   \u003c/tr\u003e \n \u003ctr\u003e \u003ctd bottomborder\u003d\"White\" h\u003d\"12\" leftborder\u003d\"White\" rightborder\u003d\"White\" topborder\u003d\"White\" w\u003d\"38\"\u003e \u003ctext xmlns\u003d\"http://ocr.crowdcomputingsystems.com/xml/schema-v1.xml\"\u003e \u003cpar linespacing\u003d\"450\"\u003e \u003cline b\u003d\"312\" baseline\u003d\"313\" l\u003d\"49\" r\u003d\"51\" t\u003d\"307\"\u003e1\u003c/line\u003e  \u003c/par\u003e  \u003c/text\u003e  \u003c/td\u003e   \u003ctd bottomborder\u003d\"White\" h\u003d\"12\" leftborder\u003d\"White\" rightborder\u003d\"White\" topborder\u003d\"White\" w\u003d\"130\"\u003e \u003ctext xmlns\u003d\"http://ocr.crowdcomputingsystems.com/xml/schema-v1.xml\"\u003e \u003cpar linespacing\u003d\"380\"\u003e \u003cline b\u003d\"314\" baseline\u003d\"312\" l\u003d\"89\" r\u003d\"182\" t\u003d\"307\"\u003e\u003cproduct begin\u003d\"894\" class\u003d\"extraction-tag ml-tag\" data-text\u003d\"Accom-odslon Thnday 4th\" data-value\u003d\"Accom-odslon Thnday 4th\" end\u003d\"917\" estimated-accuracy\u003d\"0.858409969105465\" ml-tagorder\u003d\"2\" score\u003d\"0.5276066257680491\" style\u003d\"border: 2px solid rgb(125, 157, 1);\" tagorder\u003d\"2\"\u003eAccom-odslon Thnday 4th\u003c/product\u003e\u003c/line\u003e  \u003c/par\u003e  \u003c/text\u003e  \u003c/td\u003e   \u003ctd bottomborder\u003d\"White\" h\u003d\"12\" leftborder\u003d\"White\" rightborder\u003d\"White\" topborder\u003d\"White\" w\u003d\"51\"\u003e \u003ctext xmlns\u003d\"http://ocr.crowdcomputingsystems.com/xml/schema-v1.xml\"\u003e \u003cpar align\u003d\"Right\" linespacing\u003d\"380\"\u003e \u003cline b\u003d\"312\" baseline\u003d\"312\" l\u003d\"232\" r\u003d\"253\" t\u003d\"307\"\u003eE87 50\u003c/line\u003e  \u003c/par\u003e  \u003c/text\u003e  \u003c/td\u003e   \u003ctd bottomborder\u003d\"White\" h\u003d\"12\" leftborder\u003d\"White\" rightborder\u003d\"White\" topborder\u003d\"White\" w\u003d\"38\"\u003e \u003ctext xmlns\u003d\"http://ocr.crowdcomputingsystems.com/xml/schema-v1.xml\"\u003e \u003cpar align\u003d\"Right\" linespacing\u003d\"380\"\u003e \u003cline b\u003d\"312\" baseline\u003d\"312\" l\u003d\"273\" r\u003d\"294\" t\u003d\"307\"\u003e \u003cformatting lang\u003d\"EnglishUnitedStates\"\u003e \u0026pound;87 50 \u003c/formatting\u003e  \u003c/line\u003e  \u003c/par\u003e  \u003c/text\u003e  \u003c/td\u003e   \u003c/tr\u003e \n \u003ctr\u003e \u003ctd bottomborder\u003d\"White\" h\u003d\"13\" leftborder\u003d\"White\" rightborder\u003d\"White\" topborder\u003d\"White\" w\u003d\"38\"\u003e \u003ctext xmlns\u003d\"http://ocr.crowdcomputingsystems.com/xml/schema-v1.xml\"\u003e \u003cpar linespacing\u003d\"-1\"\u003e\u003c/par\u003e  \u003c/text\u003e  \u003c/td\u003e   \u003ctd bottomborder\u003d\"White\" h\u003d\"13\" leftborder\u003d\"White\" rightborder\u003d\"White\" topborder\u003d\"White\" w\u003d\"130\"\u003e \u003ctext xmlns\u003d\"http://ocr.crowdcomputingsystems.com/xml/schema-v1.xml\"\u003e \u003cpar linespacing\u003d\"380\"\u003e \u003cline b\u003d\"322\" baseline\u003d\"321\" l\u003d\"90\" r\u003d\"138\" t\u003d\"316\"\u003e \u003cformatting lang\u003d\"EnglishUnitedStates\"\u003e Norenbor 2010 \u003c/formatting\u003e  \u003c/line\u003e  \u003c/par\u003e  \u003c/text\u003e  \u003c/td\u003e   \u003ctd bottomborder\u003d\"White\" h\u003d\"13\" leftborder\u003d\"White\" rightborder\u003d\"White\" topborder\u003d\"White\" w\u003d\"51\"\u003e \u003ctext xmlns\u003d\"http://ocr.crowdcomputingsystems.com/xml/schema-v1.xml\"\u003e \u003cpar leftindent\u003d\"1300\" linespacing\u003d\"-1\"\u003e\u003c/par\u003e  \u003c/text\u003e  \u003c/td\u003e   \u003ctd bottomborder\u003d\"White\" h\u003d\"13\" leftborder\u003d\"White\" rightborder\u003d\"White\" topborder\u003d\"White\" w\u003d\"38\"\u003e \u003ctext xmlns\u003d\"http://ocr.crowdcomputingsystems.com/xml/schema-v1.xml\"\u003e \u003cpar linespacing\u003d\"-1\"\u003e\u003c/par\u003e  \u003c/text\u003e  \u003c/td\u003e   \u003c/tr\u003e \n \u003ctr\u003e \u003ctd bottomborder\u003d\"White\" h\u003d\"15\" leftborder\u003d\"White\" rightborder\u003d\"White\" topborder\u003d\"White\" w\u003d\"38\"\u003e \u003ctext xmlns\u003d\"http://ocr.crowdcomputingsystems.com/xml/schema-v1.xml\"\u003e \u003cpar linespacing\u003d\"-1\"\u003e\u003c/par\u003e  \u003c/text\u003e  \u003c/td\u003e   \u003ctd bottomborder\u003d\"White\" h\u003d\"15\" leftborder\u003d\"White\" rightborder\u003d\"White\" topborder\u003d\"White\" w\u003d\"130\"\u003e \u003ctext xmlns\u003d\"http://ocr.crowdcomputingsystems.com/xml/schema-v1.xml\"\u003e \u003cpar linespacing\u003d\"-1\"\u003e\u003c/par\u003e  \u003c/text\u003e  \u003c/td\u003e   \u003ctd bottomborder\u003d\"White\" h\u003d\"15\" leftborder\u003d\"White\" rightborder\u003d\"White\" topborder\u003d\"White\" w\u003d\"51\"\u003e \u003ctext xmlns\u003d\"http://ocr.crowdcomputingsystems.com/xml/schema-v1.xml\"\u003e \u003cpar align\u003d\"Right\" linespacing\u003d\"380\"\u003e \u003cline b\u003d\"336\" baseline\u003d\"336\" l\u003d\"240\" r\u003d\"253\" t\u003d\"331\"\u003e \u003cformatting lang\u003d\"EnglishUnitedStates\"\u003e VAT \u003c/formatting\u003e  \u003c/line\u003e  \u003c/par\u003e  \u003c/text\u003e  \u003c/td\u003e   \u003ctd bottomborder\u003d\"White\" h\u003d\"15\" leftborder\u003d\"White\" rightborder\u003d\"White\" topborder\u003d\"White\" w\u003d\"38\"\u003e \u003ctext xmlns\u003d\"http://ocr.crowdcomputingsystems.com/xml/schema-v1.xml\"\u003e \u003cpar align\u003d\"Right\" linespacing\u003d\"380\"\u003e \u003cline b\u003d\"336\" baseline\u003d\"336\" l\u003d\"273\" r\u003d\"293\" t\u003d\"331\"\u003e \u003cformatting lang\u003d\"EnglishUnitedStates\"\u003e \u0026pound;54 17 \u003c/formatting\u003e  \u003c/line\u003e  \u003c/par\u003e  \u003c/text\u003e  \u003c/td\u003e   \u003c/tr\u003e \n \u003ctr\u003e \u003ctd bottomborder\u003d\"White\" h\u003d\"18\" leftborder\u003d\"White\" rightborder\u003d\"White\" topborder\u003d\"White\" w\u003d\"38\"\u003e \u003ctext xmlns\u003d\"http://ocr.crowdcomputingsystems.com/xml/schema-v1.xml\"\u003e \u003cpar linespacing\u003d\"-1\"\u003e\u003c/par\u003e  \u003c/text\u003e  \u003c/td\u003e   \u003ctd bottomborder\u003d\"White\" h\u003d\"18\" leftborder\u003d\"White\" rightborder\u003d\"White\" topborder\u003d\"White\" w\u003d\"130\"\u003e \u003ctext xmlns\u003d\"http://ocr.crowdcomputingsystems.com/xml/schema-v1.xml\"\u003e \u003cpar linespacing\u003d\"-1\"\u003e\u003c/par\u003e  \u003c/text\u003e  \u003c/td\u003e   \u003ctd bottomborder\u003d\"White\" h\u003d\"18\" leftborder\u003d\"White\" rightborder\u003d\"White\" topborder\u003d\"White\" w\u003d\"51\"\u003e \u003ctext xmlns\u003d\"http://ocr.crowdcomputingsystems.com/xml/schema-v1.xml\"\u003e \u003cpar align\u003d\"Right\" linespacing\u003d\"380\"\u003e \u003cline b\u003d\"351\" baseline\u003d\"351\" l\u003d\"237\" r\u003d\"253\" t\u003d\"346\"\u003e \u003cformatting lang\u003d\"EnglishUnitedStates\"\u003e Total \u003c/formatting\u003e  \u003c/line\u003e  \u003c/par\u003e  \u003c/text\u003e  \u003c/td\u003e   \u003ctd bottomborder\u003d\"White\" h\u003d\"18\" leftborder\u003d\"White\" rightborder\u003d\"White\" topborder\u003d\"White\" w\u003d\"38\"\u003e \u003ctext xmlns\u003d\"http://ocr.crowdcomputingsystems.com/xml/schema-v1.xml\"\u003e \u003cpar align\u003d\"Right\" linespacing\u003d\"380\"\u003e \u003cline b\u003d\"351\" baseline\u003d\"351\" l\u003d\"269\" r\u003d\"293\" t\u003d\"346\"\u003e \u003cformatting lang\u003d\"EnglishUnitedStates\"\u003e \u0026pound;\u003ctotal_amount begin\u003d\"1143\" class\u003d\"extraction-tag ml-tag\" data-text\u003d\"325\" data-value\u003d\"325.00\" end\u003d\"1146\" estimated-accuracy\u003d\"0.896551724137931\" ml-tagorder\u003d\"3\" score\u003d\"0.5113475054004386\" style\u003d\"border: 2px solid rgb(125, 157, 1);\" tagorder\u003d\"3\"\u003e325\u003c/total_amount\u003e 00 \u003c/formatting\u003e  \u003c/line\u003e  \u003c/par\u003e  \u003c/text\u003e  \u003c/td\u003e   \u003c/tr\u003e \n \u003c/tbody\u003e\u003c/table\u003e\n \u003cblock b\u003d\"445\" blockname\u003d\"\" blocktype\u003d\"Text\" l\u003d\"19\" r\u003d\"147\" style\u003d\"transform: translate(42px, 501px); position: absolute; width: 284.235px; height: 101.563px;\" t\u003d\"370\"\u003e \u003cregion\u003e \u003crect b\u003d\"445\" l\u003d\"19\" r\u003d\"147\" t\u003d\"370\"\u003e\u003c/rect\u003e  \u003c/region\u003e  \u003ctext\u003e \u003cpar linespacing\u003d\"1425\"\u003e \u003cline b\u003d\"378\" baseline\u003d\"376\" l\u003d\"20\" r\u003d\"142\" style\u003d\"transform: translate(2px, 1px); position: absolute;\" t\u003d\"371\"\u003e \u003cformatting lang\u003d\"EnglishUnitedStates\"\u003e Payment ifvxiU be made vvthn 30 tiiyi \u003c/formatting\u003e  \u003c/line\u003e  \u003cline b\u003d\"397\" baseline\u003d\"396\" l\u003d\"21\" r\u003d\"74\" style\u003d\"transform: translate(4px, 27px); position: absolute;\" t\u003d\"390\"\u003e \u003cformatting lang\u003d\"EnglishUnitedStates\"\u003e R, BM Tiamlet \u003c/formatting\u003e  \u003c/line\u003e  \u003c/par\u003e  \u003cpar hasoverflowedtail\u003d\"1\" linespacing\u003d\"675\"\u003e \u003cline b\u003d\"413\" baseline\u003d\"413\" l\u003d\"21\" r\u003d\"138\" style\u003d\"transform: translate(4px, 51px); position: absolute;\" t\u003d\"408\"\u003e \u003cformatting lang\u003d\"EnglishUnitedStates\"\u003e A\u0026laquo;ojM Na-e The CortraOcVa Bant \u003c/formatting\u003e  \u003c/line\u003e  \u003cline b\u003d\"423\" baseline\u003d\"423\" l\u003d\"21\" r\u003d\"82\" style\u003d\"transform: translate(4px, 64px); position: absolute;\" t\u003d\"417\"\u003e \u003cformatting lang\u003d\"EnglishUnitedStates\"\u003e Son Cede 01-01-01 \u003c/formatting\u003e  \u003c/line\u003e  \u003cline b\u003d\"432\" baseline\u003d\"432\" l\u003d\"21\" r\u003d\"106\" style\u003d\"transform: translate(4px, 77px); position: absolute;\" t\u003d\"427\"\u003e \u003cformatting lang\u003d\"EnglishUnitedStates\"\u003e A\u0026lt;\u0026laquo;.j\u0026lt;l Nu-ter 1937913 \u003c/formatting\u003e  \u003c/line\u003e  \u003cline b\u003d\"442\" baseline\u003d\"442\" l\u003d\"21\" r\u003d\"112\" style\u003d\"transform: translate(4px, 89px); position: absolute;\" t\u003d\"436\"\u003e \u003cformatting lang\u003d\"EnglishUnitedStates\"\u003e Neloronce OEMO INVOICE 1 \u003c/formatting\u003e  \u003c/line\u003e  \u003c/par\u003e  \u003c/text\u003e  \u003c/block\u003e  \u003cblock b\u003d\"446\" blockname\u003d\"\" blocktype\u003d\"Text\" l\u003d\"168\" r\u003d\"302\" style\u003d\"transform: translate(373px, 527px); position: absolute; width: 297.559px; height: 77.1875px;\" t\u003d\"389\"\u003e \u003cregion\u003e \u003crect b\u003d\"446\" l\u003d\"168\" r\u003d\"302\" t\u003d\"389\"\u003e\u003c/rect\u003e  \u003c/region\u003e  \u003ctext\u003e \u003cpar hasoverflowedhead\u003d\"1\" linespacing\u003d\"450\"\u003e \u003cline b\u003d\"397\" baseline\u003d\"396\" l\u003d\"169\" r\u003d\"203\" style\u003d\"transform: translate(2px, 1px); position: absolute;\" t\u003d\"390\"\u003e \u003cformatting lang\u003d\"EnglishUnitedStates\"\u003e 8y Cheque \u003c/formatting\u003e  \u003c/line\u003e  \u003c/par\u003e  \u003cpar linespacing\u003d\"675\"\u003e \u003cline b\u003d\"414\" baseline\u003d\"413\" l\u003d\"169\" r\u003d\"294\" style\u003d\"transform: translate(2px, 26px); position: absolute;\" t\u003d\"408\"\u003e \u003cformatting lang\u003d\"EnglishUnitedStates\"\u003e Chequw thooM be mode wyatte to The \u003c/formatting\u003e  \u003c/line\u003e  \u003cline b\u003d\"423\" baseline\u003d\"423\" l\u003d\"169\" r\u003d\"297\" style\u003d\"transform: translate(2px, 38px); position: absolute;\" t\u003d\"417\"\u003e \u003cformatting lang\u003d\"EnglishUnitedStates\"\u003e Contrattefa 6ar\u0026raquo; a-d lenl to me adVeo \u003c/formatting\u003e  \u003c/line\u003e  \u003cline b\u003d\"432\" baseline\u003d\"432\" l\u003d\"169\" r\u003d\"299\" style\u003d\"transform: translate(2px, 51px); position: absolute;\" t\u003d\"427\"\u003e \u003cformatting lang\u003d\"EnglishUnitedStates\"\u003e abort Heaao \u0026laquo;t*e m\u0026raquo;r ivjmber OEMO \u003c/formatting\u003e  \u003c/line\u003e  \u003cline b\u003d\"443\" baseline\u003d\"442\" l\u003d\"169\" r\u003d\"284\" style\u003d\"transform: translate(2px, 64px); position: absolute;\" t\u003d\"436\"\u003e \u003cformatting lang\u003d\"EnglishUnitedStates\"\u003e INVOICE 1 on the b*c\u0026gt; \u0026lt;4 the cheque \u003c/formatting\u003e  \u003c/line\u003e  \u003c/par\u003e  \u003c/text\u003e  \u003c/block\u003e  \u003cblock b\u003d\"58\" blockname\u003d\"\" blocktype\u003d\"Separator\" l\u003d\"158\" r\u003d\"216\" style\u003d\"transform: translate(351px, 73px); position: absolute;\" t\u003d\"54\"\u003e \u003cregion\u003e \u003crect b\u003d\"55\" l\u003d\"186\" r\u003d\"204\" t\u003d\"54\"\u003e\u003c/rect\u003e  \u003crect b\u003d\"57\" l\u003d\"158\" r\u003d\"216\" t\u003d\"55\"\u003e\u003c/rect\u003e  \u003crect b\u003d\"58\" l\u003d\"173\" r\u003d\"204\" t\u003d\"57\"\u003e\u003c/rect\u003e  \u003c/region\u003e  \u003cseparator thickness\u003d\"3\" type\u003d\"Black\"\u003e \u003cstart x\u003d\"158\" y\u003d\"56\"\u003e\u003c/start\u003e \u003cend x\u003d\"216\" y\u003d\"56\"\u003e\u003c/end\u003e \u003c/separator\u003e \u003c/block\u003e  \u003cblock b\u003d\"266\" blockname\u003d\"\" blocktype\u003d\"Separator\" l\u003d\"45\" r\u003d\"298\" style\u003d\"transform: translate(100px, 358px); position: absolute;\" t\u003d\"264\"\u003e \u003cregion\u003e \u003crect b\u003d\"266\" l\u003d\"45\" r\u003d\"298\" t\u003d\"264\"\u003e\u003c/rect\u003e  \u003c/region\u003e  \u003cseparator thickness\u003d\"2\" type\u003d\"Black\"\u003e \u003cstart x\u003d\"45\" y\u003d\"265\"\u003e\u003c/start\u003e \u003cend x\u003d\"298\" y\u003d\"265\"\u003e\u003c/end\u003e \u003c/separator\u003e \u003c/block\u003e  \u003c/page\u003e           \u003c/document\u003e\u003c/body\u003e\u003c/html\u003e","tags":[{"score":0.49919087364014214,"end":340,"tag":"invoice_number","text":"117010","estimatedAccuracy":0.9154929577464789,"begin":334},{"score":0.4898171820027843,"end":758,"tag":"invoice_date","text":"11/04/2010","estimatedAccuracy":0.9324324324324325,"begin":741},{"score":0.5276066257680491,"end":917,"tag":"product","text":"Accom-odslon Thnday 4th","estimatedAccuracy":0.858409969105465,"begin":894},{"score":0.5113475054004386,"end":1146,"tag":"total_amount","text":"325.00","estimatedAccuracy":0.896551724137931,"begin":1143}],"group":"invoice_date|invoice_number|product|total_amount"}