{"finalScore":0.6645878567531709,"metaInfo":{"model":{"coreVersion":"9.3.0.9"}},"sumScore":2.6583514270126836,"tagsCounter":4.0,"taggedText":"\u003cdocument languages\u003d\"\" producer\u003d\"Workfusion\" schemalocation\u003d\"http://ocr.crowdcomputingsystems.com/xml/schema-v1.xml\" version\u003d\"1.0\" xmlns\u003d\"http://ocr.crowdcomputingsystems.com/xml/schema-v1.xml\" xsi\u003d\"http://www.w3.org/2001/XMLSchema-instance\"\u003e \u003clink href\u003d\"https://s3.amazonaws.com/workfusion-resources/ocr/ocr-xml-viewer-0.3-scale-to-width.css\" rel\u003d\"stylesheet\" type\u003d\"text/css\"\u003e\u003c/link\u003e \u003cstyle\u003e\u003c/style\u003e\u003cpage data-pages\u003d\"1\" h\u003d\"788\" resolution\u003d\"140\" style\u003d\"height: 461px;\" w\u003d\"1134\"\u003e \u003cblock b\u003d\"401\" blockname\u003d\"\" blocktype\u003d\"Text\" l\u003d\"47\" r\u003d\"178\" style\u003d\"transform: translate(58px, 336px); position: absolute; width: 162.422px; height: 36.2143px;\" t\u003d\"362\"\u003e \u003cregion\u003e \u003crect b\u003d\"401\" l\u003d\"47\" r\u003d\"178\" t\u003d\"362\"\u003e\u003c/rect\u003e  \u003c/region\u003e  \u003ctext\u003e \u003cpar linespacing\u003d\"670\"\u003e \u003cline b\u003d\"380\" baseline\u003d\"377\" l\u003d\"49\" r\u003d\"133\" style\u003d\"transform: translate(2px, 2px); position: absolute;\" t\u003d\"364\"\u003e \u003cformatting lang\u003d\"EnglishUnitedStates\"\u003e Description \u003c/formatting\u003e  \u003c/line\u003e  \u003c/par\u003e  \u003cpar linespacing\u003d\"620\"\u003e \u003cline b\u003d\"398\" baseline\u003d\"398\" l\u003d\"49\" r\u003d\"174\" style\u003d\"transform: translate(2px, 22px); position: absolute;\" t\u003d\"386\"\u003e \u003cformatting lang\u003d\"EnglishUnitedStates\"\u003e Clearance Sales \u003c/formatting\u003e  \u003c/line\u003e  \u003c/par\u003e  \u003c/text\u003e  \u003c/block\u003e  \u003cblock b\u003d\"169\" blockname\u003d\"\" blocktype\u003d\"Text\" l\u003d\"303\" r\u003d\"750\" style\u003d\"transform: translate(376px, 48px); position: absolute; width: 554.217px; height: 108.643px;\" t\u003d\"52\"\u003e \u003cregion\u003e \u003crect b\u003d\"169\" l\u003d\"303\" r\u003d\"750\" t\u003d\"52\"\u003e\u003c/rect\u003e  \u003c/region\u003e  \u003ctext\u003e \u003cpar linespacing\u003d\"670\"\u003e \u003cline b\u003d\"69\" baseline\u003d\"66\" l\u003d\"306\" r\u003d\"478\" style\u003d\"transform: translate(4px, 1px); position: absolute;\" t\u003d\"53\"\u003e \u003cformatting lang\u003d\"EnglishUnitedStates\"\u003e Poswer Misle Meganet \u003c/formatting\u003e  \u003c/line\u003e  \u003c/par\u003e  \u003cpar linespacing\u003d\"1337\"\u003e \u003cline b\u003d\"113\" baseline\u003d\"109\" l\u003d\"306\" r\u003d\"669\" style\u003d\"transform: translate(4px, 41px); position: absolute;\" t\u003d\"96\"\u003e \u003cformatting lang\u003d\"EnglishUnitedStates\"\u003e 5345 tmnbridge Uxbridge Middlesex UB111HB \u003c/formatting\u003e  \u003c/line\u003e  \u003cline b\u003d\"138\" baseline\u003d\"135\" l\u003d\"306\" r\u003d\"747\" style\u003d\"transform: translate(4px, 65px); position: absolute;\" t\u003d\"122\"\u003e \u003cformatting lang\u003d\"EnglishUnitedStates\"\u003e Phone 08088 880 088 E-mail \u003cemail begin\u003d\"175\" class\u003d\"extraction-tag ml-tag\" data-text\u003d\"megine@poswermisle.net\" data-value\u003d\"megine@poswermisle.net\" end\u003d\"197\" estimated-accuracy\u003d\"1.0\" ml-tagorder\u003d\"0\" score\u003d\"0.7769943575651787\" style\u003d\"border: 2px solid rgb(125, 157, 1);\" tagorder\u003d\"0\"\u003emegine@poswermisle.net\u003c/email\u003e \u003c/formatting\u003e  \u003c/line\u003e  \u003cline b\u003d\"166\" baseline\u003d\"162\" l\u003d\"304\" r\u003d\"575\" style\u003d\"transform: translate(1px, 90px); position: absolute;\" t\u003d\"149\"\u003e \u003cformatting lang\u003d\"EnglishUnitedStates\"\u003e Website http:iWrrtw.poswermisle.net \u003c/formatting\u003e  \u003c/line\u003e  \u003c/par\u003e  \u003c/text\u003e  \u003c/block\u003e  \u003cblock b\u003d\"227\" blockname\u003d\"\" blocktype\u003d\"Text\" l\u003d\"304\" r\u003d\"487\" style\u003d\"transform: translate(377px, 195px); position: absolute; width: 226.894px; height: 15.7857px;\" t\u003d\"210\"\u003e \u003cregion\u003e \u003crect b\u003d\"227\" l\u003d\"304\" r\u003d\"487\" t\u003d\"210\"\u003e\u003c/rect\u003e  \u003c/region\u003e  \u003ctext\u003e \u003cpar linespacing\u003d\"670\"\u003e \u003cline b\u003d\"224\" baseline\u003d\"224\" l\u003d\"306\" r\u003d\"484\" style\u003d\"transform: translate(2px, 1px); position: absolute;\" t\u003d\"211\"\u003e \u003cformatting lang\u003d\"EnglishUnitedStates\"\u003e Commission 4u Limited \u003c/formatting\u003e  \u003c/line\u003e  \u003c/par\u003e  \u003c/text\u003e  \u003c/block\u003e  \u003cblock b\u003d\"403\" blockname\u003d\"\" blocktype\u003d\"Text\" l\u003d\"515\" r\u003d\"686\" style\u003d\"transform: translate(639px, 336px); position: absolute; width: 212.016px; height: 38.0714px;\" t\u003d\"362\"\u003e \u003cregion\u003e \u003crect b\u003d\"403\" l\u003d\"515\" r\u003d\"686\" t\u003d\"362\"\u003e\u003c/rect\u003e  \u003c/region\u003e  \u003ctext\u003e \u003cpar align\u003d\"Justified\" linespacing\u003d\"670\"\u003e \u003cline b\u003d\"380\" baseline\u003d\"377\" l\u003d\"517\" r\u003d\"671\" style\u003d\"transform: translate(2px, 2px); position: absolute;\" t\u003d\"364\"\u003e \u003cformatting lang\u003d\"EnglishUnitedStates\"\u003e Qty Unit Price \u003c/formatting\u003e  \u003c/line\u003e  \u003c/par\u003e  \u003cpar align\u003d\"Justified\" linespacing\u003d\"1080\"\u003e \u003cline b\u003d\"400\" baseline\u003d\"398\" l\u003d\"527\" r\u003d\"682\" style\u003d\"transform: translate(15px, 14px); position: absolute;\" t\u003d\"377\"\u003e \u003cformatting lang\u003d\"EnglishUnitedStates\"\u003e l\u0026quot; \u0026pound;25,470.00 \u003c/formatting\u003e  \u003c/line\u003e  \u003c/par\u003e  \u003c/text\u003e  \u003c/block\u003e  \u003cblock b\u003d\"278\" blockname\u003d\"\" blocktype\u003d\"Text\" l\u003d\"823\" r\u003d\"1060\" style\u003d\"transform: translate(1020px, 55px); position: absolute; width: 293.847px; height: 203.357px;\" t\u003d\"59\"\u003e \u003cregion\u003e \u003crect b\u003d\"278\" l\u003d\"823\" r\u003d\"1060\" t\u003d\"59\"\u003e\u003c/rect\u003e  \u003c/region\u003e  \u003ctext\u003e \u003cpar linespacing\u003d\"1950\"\u003e \u003cline b\u003d\"99\" baseline\u003d\"99\" l\u003d\"828\" r\u003d\"1036\" style\u003d\"transform: translate(6px, 2px); position: absolute;\" t\u003d\"61\"\u003e \u003cformatting lang\u003d\"EnglishUnitedStates\"\u003e INVOICE \u003c/formatting\u003e  \u003c/line\u003e  \u003c/par\u003e  \u003cpar linespacing\u003d\"1337\"\u003e \u003cline b\u003d\"130\" baseline\u003d\"129\" l\u003d\"826\" r\u003d\"1012\" style\u003d\"transform: translate(4px, 53px); position: absolute;\" t\u003d\"116\"\u003e \u003cformatting lang\u003d\"EnglishUnitedStates\"\u003e Invoice Date \u003cinvoice_date begin\u003d\"390\" class\u003d\"extraction-tag ml-tag\" data-text\u003d\"05/06/2013\" data-value\u003d\"05/06/2013\" end\u003d\"400\" estimated-accuracy\u003d\"0.9974822208799858\" ml-tagorder\u003d\"1\" score\u003d\"0.7116292051549681\" style\u003d\"border: 2px solid rgb(125, 157, 1);\" tagorder\u003d\"1\"\u003e05/06/2013\u003c/invoice_date\u003e \u003c/formatting\u003e  \u003c/line\u003e  \u003cline b\u003d\"155\" baseline\u003d\"155\" l\u003d\"826\" r\u003d\"989\" style\u003d\"transform: translate(4px, 77px); position: absolute;\" t\u003d\"142\"\u003e \u003cformatting lang\u003d\"EnglishUnitedStates\"\u003e Due Date 19/06/2013 \u003c/formatting\u003e  \u003c/line\u003e  \u003cline b\u003d\"182\" baseline\u003d\"182\" l\u003d\"826\" r\u003d\"1037\" style\u003d\"transform: translate(4px, 102px); position: absolute;\" t\u003d\"169\"\u003e \u003cformatting lang\u003d\"EnglishUnitedStates\"\u003e Invoice Number \u003cinvoice_number begin\u003d\"448\" class\u003d\"extraction-tag ml-tag\" data-text\u003d\"1NV000203\" data-value\u003d\"1NV000203\" end\u003d\"457\" estimated-accuracy\u003d\"0.9429352642313766\" ml-tagorder\u003d\"2\" score\u003d\"0.5687510901578702\" style\u003d\"border: 2px solid rgb(125, 157, 1);\" tagorder\u003d\"2\"\u003e1NV000203\u003c/invoice_number\u003e \u003c/formatting\u003e  \u003c/line\u003e  \u003c/par\u003e  \u003cpar linespacing\u003d\"1389\"\u003e \u003cline b\u003d\"224\" baseline\u003d\"224\" l\u003d\"826\" r\u003d\"895\" style\u003d\"transform: translate(4px, 141px); position: absolute;\" t\u003d\"211\"\u003e \u003cformatting lang\u003d\"EnglishUnitedStates\"\u003e Ref rt432 \u003c/formatting\u003e  \u003c/line\u003e  \u003cline b\u003d\"251\" baseline\u003d\"251\" l\u003d\"826\" r\u003d\"873\" style\u003d\"transform: translate(4px, 166px); position: absolute;\" t\u003d\"238\"\u003e \u003cformatting lang\u003d\"EnglishUnitedStates\"\u003e E-mai \u003c/formatting\u003e  \u003c/line\u003e  \u003c/par\u003e  \u003cpar linespacing\u003d\"670\"\u003e \u003cline b\u003d\"275\" baseline\u003d\"271\" l\u003d\"825\" r\u003d\"1057\" style\u003d\"transform: translate(2px, 185px); position: absolute;\" t\u003d\"258\"\u003e \u003cformatting lang\u003d\"EnglishUnitedStates\"\u003e developers@clBarbcoks.co.uk \u003c/formatting\u003e  \u003c/line\u003e  \u003c/par\u003e  \u003c/text\u003e  \u003c/block\u003e  \u003cblock b\u003d\"403\" blockname\u003d\"\" blocktype\u003d\"Text\" l\u003d\"752\" r\u003d\"1087\" style\u003d\"transform: translate(932px, 336px); position: absolute; width: 415.353px; height: 38.0714px;\" t\u003d\"362\"\u003e \u003cregion\u003e \u003crect b\u003d\"403\" l\u003d\"752\" r\u003d\"1087\" t\u003d\"362\"\u003e\u003c/rect\u003e  \u003c/region\u003e  \u003ctext\u003e \u003cpar align\u003d\"Justified\" linespacing\u003d\"620\"\u003e \u003cline b\u003d\"377\" baseline\u003d\"376\" l\u003d\"753\" r\u003d\"1084\" style\u003d\"transform: translate(1px, 2px); position: absolute;\" t\u003d\"364\"\u003e \u003cformatting lang\u003d\"EnglishUnitedStates\"\u003e Net VAT Amount \u003c/formatting\u003e  \u003c/line\u003e  \u003c/par\u003e  \u003cpar align\u003d\"Justified\" linespacing\u003d\"620\"\u003e \u003cline b\u003d\"400\" baseline\u003d\"398\" l\u003d\"753\" r\u003d\"1084\" style\u003d\"transform: translate(1px, 22px); position: absolute;\" t\u003d\"386\"\u003e \u003cformatting lang\u003d\"EnglishUnitedStates\"\u003e \u0026pound;25,478.00 \u0026pound;0.00 \u0026pound;25,478.00 \u003c/formatting\u003e  \u003c/line\u003e  \u003c/par\u003e  \u003c/text\u003e  \u003c/block\u003e  \u003cblock b\u003d\"496\" blockname\u003d\"\" blocktype\u003d\"Text\" l\u003d\"937\" r\u003d\"1087\" style\u003d\"transform: translate(1162px, 404px); position: absolute; width: 185.979px; height: 56.6429px;\" t\u003d\"435\"\u003e \u003cregion\u003e \u003crect b\u003d\"496\" l\u003d\"937\" r\u003d\"1087\" t\u003d\"435\"\u003e\u003c/rect\u003e  \u003c/region\u003e  \u003ctext\u003e \u003cpar align\u003d\"Right\" linespacing\u003d\"1080\"\u003e \u003cline b\u003d\"451\" baseline\u003d\"449\" l\u003d\"959\" r\u003d\"1084\" style\u003d\"transform: translate(27px, 1px); position: absolute;\" t\u003d\"436\"\u003e \u003cformatting lang\u003d\"EnglishUnitedStates\"\u003e NE\u0026ldquo; \u0026pound;25,478.00 \u003c/formatting\u003e  \u003c/line\u003e  \u003cline b\u003d\"469\" baseline\u003d\"469\" l\u003d\"1005\" r\u003d\"1084\" style\u003d\"transform: translate(84px, 20px); position: absolute;\" t\u003d\"456\"\u003e \u003cformatting lang\u003d\"EnglishUnitedStates\"\u003e VAT \u0026pound;0.00 \u003c/formatting\u003e  \u003c/line\u003e  \u003cline b\u003d\"493\" baseline\u003d\"491\" l\u003d\"938\" r\u003d\"1084\" style\u003d\"transform: translate(1px, 40px); position: absolute;\" t\u003d\"478\"\u003e \u003cformatting lang\u003d\"EnglishUnitedStates\"\u003e TOTAL \u0026pound;\u003ctotal_amount begin\u003d\"662\" class\u003d\"extraction-tag ml-tag\" data-text\u003d\"25,470.00\" data-value\u003d\"25470.00\" end\u003d\"671\" estimated-accuracy\u003d\"0.9272727272727272\" ml-tagorder\u003d\"3\" score\u003d\"0.600976774134667\" style\u003d\"border: 2px solid rgb(125, 157, 1);\" tagorder\u003d\"3\"\u003e25,470.00\u003c/total_amount\u003e \u003c/formatting\u003e  \u003c/line\u003e  \u003c/par\u003e  \u003c/text\u003e  \u003c/block\u003e  \u003cblock b\u003d\"201\" blockname\u003d\"\" blocktype\u003d\"Separator\" l\u003d\"305\" r\u003d\"1085\" style\u003d\"transform: translate(378px, 185px); position: absolute;\" t\u003d\"199\"\u003e \u003cregion\u003e \u003crect b\u003d\"201\" l\u003d\"305\" r\u003d\"1085\" t\u003d\"199\"\u003e\u003c/rect\u003e  \u003c/region\u003e  \u003cseparator thickness\u003d\"2\" type\u003d\"Black\"\u003e \u003cstart x\u003d\"305\" y\u003d\"200\"\u003e\u003c/start\u003e \u003cend x\u003d\"1085\" y\u003d\"200\"\u003e\u003c/end\u003e \u003c/separator\u003e \u003c/block\u003e  \u003cblock b\u003d\"419\" blockname\u003d\"\" blocktype\u003d\"Separator\" l\u003d\"49\" r\u003d\"1086\" style\u003d\"transform: translate(61px, 387px); position: absolute;\" t\u003d\"417\"\u003e \u003cregion\u003e \u003crect b\u003d\"419\" l\u003d\"49\" r\u003d\"1086\" t\u003d\"417\"\u003e\u003c/rect\u003e  \u003c/region\u003e  \u003cseparator thickness\u003d\"2\" type\u003d\"Black\"\u003e \u003cstart x\u003d\"49\" y\u003d\"418\"\u003e\u003c/start\u003e \u003cend x\u003d\"1086\" y\u003d\"418\"\u003e\u003c/end\u003e \u003c/separator\u003e \u003c/block\u003e  \u003cblock b\u003d\"516\" blockname\u003d\"\" blocktype\u003d\"Separator\" l\u003d\"49\" r\u003d\"1086\" style\u003d\"transform: translate(61px, 472px); position: absolute;\" t\u003d\"508\"\u003e \u003cregion\u003e \u003crect b\u003d\"509\" l\u003d\"320\" r\u003d\"1086\" t\u003d\"508\"\u003e\u003c/rect\u003e  \u003crect b\u003d\"515\" l\u003d\"49\" r\u003d\"1086\" t\u003d\"509\"\u003e\u003c/rect\u003e  \u003crect b\u003d\"516\" l\u003d\"320\" r\u003d\"1086\" t\u003d\"515\"\u003e\u003c/rect\u003e  \u003c/region\u003e  \u003cseparator thickness\u003d\"8\" type\u003d\"Black\"\u003e \u003cstart x\u003d\"49\" y\u003d\"512\"\u003e\u003c/start\u003e \u003cend x\u003d\"1086\" y\u003d\"512\"\u003e\u003c/end\u003e \u003c/separator\u003e \u003c/block\u003e  \u003cblock b\u003d\"788\" blockname\u003d\"\" blocktype\u003d\"Separator\" l\u003d\"1133\" r\u003d\"1134\" style\u003d\"transform: translate(1405px, 0px); position: absolute;\" t\u003d\"0\"\u003e \u003cregion\u003e \u003crect b\u003d\"788\" l\u003d\"1133\" r\u003d\"1134\" t\u003d\"0\"\u003e\u003c/rect\u003e  \u003c/region\u003e  \u003cseparator thickness\u003d\"1\" type\u003d\"Black\"\u003e \u003cstart x\u003d\"1133\" y\u003d\"0\"\u003e\u003c/start\u003e \u003cend x\u003d\"1133\" y\u003d\"788\"\u003e\u003c/end\u003e \u003c/separator\u003e \u003c/block\u003e  \u003c/page\u003e   \u003c/document\u003e","tags":[{"score":0.7769943575651787,"end":197,"tag":"email","text":"megine@poswermisle.net","estimatedAccuracy":1.0,"begin":175},{"score":0.7116292051549681,"end":400,"tag":"invoice_date","text":"05/06/2013","estimatedAccuracy":0.9974822208799858,"begin":390},{"score":0.5687510901578702,"end":457,"tag":"invoice_number","text":"1NV000203","estimatedAccuracy":0.9429352642313766,"begin":448},{"score":0.600976774134667,"end":671,"tag":"total_amount","text":"25470.00","estimatedAccuracy":0.9272727272727272,"begin":662}],"group":"email|invoice_date|invoice_number|total_amount"}