{"finalScore":0.6110974896286694,"metaInfo":{"model":{"coreVersion":"9.3.0.9"}},"sumScore":1.2221949792573388,"tagsCounter":2.0,"taggedText":"\u003chtml\u003e\u003chead\u003e\u003c/head\u003e\u003cbody\u003e\u003cdocument languages\u003d\"\" producer\u003d\"Workfusion\" schemalocation\u003d\"http://ocr.crowdcomputingsystems.com/xml/schema-v1.xml\" version\u003d\"1.0\" xmlns\u003d\"http://ocr.crowdcomputingsystems.com/xml/schema-v1.xml\" xsi\u003d\"http://www.w3.org/2001/XMLSchema-instance\"\u003e \u003clink href\u003d\"https://s3.amazonaws.com/workfusion-resources/ocr/ocr-xml-viewer-0.3-scale-to-width.css\" rel\u003d\"stylesheet\" type\u003d\"text/css\"\u003e\u003c/link\u003e \u003cstyle\u003e\u003c/style\u003e\u003cpage data-pages\u003d\"1\" h\u003d\"650\" resolution\u003d\"96\" style\u003d\"height: 786px;\" w\u003d\"585\"\u003e \u003cblock b\u003d\"95\" blockname\u003d\"\" blocktype\u003d\"Text\" l\u003d\"63\" r\u003d\"118\" style\u003d\"transform: translate(81px, 98px); position: absolute; width: 70.9829px; height: 31.1458px;\" t\u003d\"72\"\u003e \u003cregion\u003e \u003crect b\u003d\"95\" l\u003d\"63\" r\u003d\"118\" t\u003d\"72\"\u003e\u003c/rect\u003e  \u003c/region\u003e  \u003ctext\u003e \u003cpar leftindent\u003d\"800\" linespacing\u003d\"530\"\u003e \u003cline b\u003d\"80\" baseline\u003d\"80\" l\u003d\"65\" r\u003d\"115\" style\u003d\"transform: translate(3px, 1px); position: absolute;\" t\u003d\"73\"\u003e \u003cformatting lang\u003d\"EnglishUnitedStates\"\u003e \u003csupplier_name begin\u003d\"13\" class\u003d\"extraction-tag ml-tag\" data-text\u003d\"National Global Corp\" data-value\u003d\"National Global Corp\" end\u003d\"33\" estimated-accuracy\u003d\"0.8202742626904089\" ml-tagorder\u003d\"0\" score\u003d\"0.48713600338860996\" style\u003d\"border: 2px solid rgb(125, 157, 1);\" tagorder\u003d\"0\"\u003eNational Global Corp\u003c/supplier_name\u003e \u003c/formatting\u003e  \u003c/line\u003e  \u003c/par\u003e  \u003cpar leftindent\u003d\"800\" linespacing\u003d\"530\"\u003e \u003cline b\u003d\"92\" baseline\u003d\"90\" l\u003d\"65\" r\u003d\"115\" style\u003d\"transform: translate(3px, 15px); position: absolute;\" t\u003d\"83\"\u003e \u003cformatting lang\u003d\"EnglishUnitedStates\"\u003e (Addsk\u0026gt;gan) \u003c/formatting\u003e  \u003c/line\u003e  \u003c/par\u003e  \u003c/text\u003e  \u003c/block\u003e  \u003cblock b\u003d\"143\" blockname\u003d\"\" blocktype\u003d\"Text\" l\u003d\"65\" r\u003d\"143\" style\u003d\"transform: translate(84px, 164px); position: absolute; width: 100.667px; height: 29.7917px;\" t\u003d\"121\"\u003e \u003cregion\u003e \u003crect b\u003d\"143\" l\u003d\"65\" r\u003d\"143\" t\u003d\"121\"\u003e\u003c/rect\u003e  \u003c/region\u003e  \u003ctext\u003e \u003cpar leftindent\u003d\"800\" linespacing\u003d\"750\" rightindent\u003d\"28300\"\u003e \u003cline b\u003d\"129\" baseline\u003d\"129\" l\u003d\"66\" r\u003d\"135\" style\u003d\"transform: translate(1px, 1px); position: absolute;\" t\u003d\"122\"\u003e \u003cformatting lang\u003d\"EnglishUnitedStates\"\u003e 515 Hainea Lane \u003c/formatting\u003e  \u003c/line\u003e  \u003cline b\u003d\"140\" baseline\u003d\"139\" l\u003d\"67\" r\u003d\"140\" style\u003d\"transform: translate(3px, 15px); position: absolute;\" t\u003d\"132\"\u003e \u003cformatting lang\u003d\"EnglishUnitedStates\"\u003e Eoston. MA02201 \u003c/formatting\u003e  \u003c/line\u003e  \u003c/par\u003e  \u003c/text\u003e  \u003c/block\u003e  \u003cblock b\u003d\"195\" blockname\u003d\"\" blocktype\u003d\"Text\" l\u003d\"66\" r\u003d\"149\" style\u003d\"transform: translate(85px, 218px); position: absolute; width: 107.12px; height: 46.0417px;\" t\u003d\"161\"\u003e \u003cregion\u003e \u003crect b\u003d\"195\" l\u003d\"66\" r\u003d\"149\" t\u003d\"161\"\u003e\u003c/rect\u003e  \u003c/region\u003e  \u003ctext\u003e \u003cpar leftindent\u003d\"800\" linespacing\u003d\"750\" rightindent\u003d\"28300\"\u003e \u003cline b\u003d\"169\" baseline\u003d\"169\" l\u003d\"67\" r\u003d\"140\" style\u003d\"transform: translate(1px, 1px); position: absolute;\" t\u003d\"162\"\u003e \u003cformatting lang\u003d\"EnglishUnitedStates\"\u003e Tel: 908-515-1290 \u003c/formatting\u003e  \u003c/line\u003e  \u003cline b\u003d\"179\" baseline\u003d\"179\" l\u003d\"68\" r\u003d\"144\" style\u003d\"transform: translate(3px, 15px); position: absolute;\" t\u003d\"172\"\u003e \u003cformatting lang\u003d\"EnglishUnitedStates\"\u003e Fax: 908-515-1299 \u003c/formatting\u003e  \u003c/line\u003e  \u003cline b\u003d\"192\" baseline\u003d\"190\" l\u003d\"67\" r\u003d\"146\" style\u003d\"transform: translate(1px, 30px); position: absolute;\" t\u003d\"183\"\u003e \u003cformatting lang\u003d\"EnglishUnitedStates\"\u003e www. exam pie. com \u003c/formatting\u003e  \u003c/line\u003e  \u003c/par\u003e  \u003c/text\u003e  \u003c/block\u003e  \u003cregion xmlns\u003d\"http://ocr.crowdcomputingsystems.com/xml/schema-v1.xml\"\u003e \u003crect b\u003d\"435\" l\u003d\"56\" r\u003d\"489\" t\u003d\"209\"\u003e\u003c/rect\u003e  \u003c/region\u003e \u003ctable b\u003d\"435\" blockname\u003d\"\" blocktype\u003d\"Table\" l\u003d\"56\" r\u003d\"489\" style\u003d\"transform: translate(72px, 283px); position: absolute; user-select: auto;\" t\u003d\"209\" xmlns\u003d\"\"\u003e \u003ctbody\u003e\u003ctr\u003e \u003ctd bottomborder\u003d\"White\" h\u003d\"21\" leftborder\u003d\"White\" rightborder\u003d\"White\" topborder\u003d\"White\" w\u003d\"105\"\u003e \u003ctext xmlns\u003d\"http://ocr.crowdcomputingsystems.com/xml/schema-v1.xml\"\u003e \u003cpar linespacing\u003d\"530\"\u003e \u003cline b\u003d\"218\" baseline\u003d\"218\" l\u003d\"65\" r\u003d\"84\" t\u003d\"211\"\u003e \u003cformatting lang\u003d\"EnglishUnitedStates\"\u003e Date \u003c/formatting\u003e  \u003c/line\u003e  \u003c/par\u003e  \u003c/text\u003e  \u003c/td\u003e   \u003ctd bottomborder\u003d\"White\" h\u003d\"21\" leftborder\u003d\"White\" rightborder\u003d\"White\" topborder\u003d\"White\" w\u003d\"159\"\u003e \u003ctext xmlns\u003d\"http://ocr.crowdcomputingsystems.com/xml/schema-v1.xml\"\u003e \u003cpar leftindent\u003d\"4200\" linespacing\u003d\"530\"\u003e \u003cline b\u003d\"219\" baseline\u003d\"219\" l\u003d\"217\" r\u003d\"257\" t\u003d\"212\"\u003e \u003cformatting lang\u003d\"EnglishUnitedStates\"\u003e \u003cinvoice_date begin\u003d\"242\" class\u003d\"extraction-tag ml-tag\" data-text\u003d\"1/13/2015\" data-value\u003d\"01/13/2015\" end\u003d\"251\" estimated-accuracy\u003d\"1.0\" ml-tagorder\u003d\"1\" score\u003d\"0.7350589758687287\" style\u003d\"border: 2px solid rgb(125, 157, 1);\" tagorder\u003d\"1\"\u003e1/13/2015\u003c/invoice_date\u003e \u003c/formatting\u003e  \u003c/line\u003e  \u003c/par\u003e  \u003c/text\u003e  \u003c/td\u003e   \u003ctd bottomborder\u003d\"White\" h\u003d\"21\" leftborder\u003d\"White\" rightborder\u003d\"White\" topborder\u003d\"White\" w\u003d\"169\"\u003e \u003ctext xmlns\u003d\"http://ocr.crowdcomputingsystems.com/xml/schema-v1.xml\"\u003e \u003cpar align\u003d\"Justified\" leftindent\u003d\"3700\" linespacing\u003d\"530\"\u003e \u003cline b\u003d\"229\" baseline\u003d\"218\" l\u003d\"370\" r\u003d\"489\" t\u003d\"211\"\u003e \u003cformatting lang\u003d\"EnglishUnitedStates\"\u003e Invoice Number ǀj \u003c/formatting\u003e  \u003c/line\u003e  \u003c/par\u003e  \u003c/text\u003e  \u003c/td\u003e   \u003c/tr\u003e \n \u003ctr\u003e \u003ctd bottomborder\u003d\"White\" h\u003d\"16\" leftborder\u003d\"White\" rightborder\u003d\"White\" topborder\u003d\"White\" w\u003d\"105\"\u003e \u003ctext xmlns\u003d\"http://ocr.crowdcomputingsystems.com/xml/schema-v1.xml\"\u003e \u003cpar linespacing\u003d\"450\"\u003e \u003cline b\u003d\"236\" baseline\u003d\"236\" l\u003d\"65\" r\u003d\"124\" t\u003d\"230\"\u003e \u003cformatting lang\u003d\"EnglishUnitedStates\"\u003e Room Number \u003c/formatting\u003e  \u003c/line\u003e  \u003c/par\u003e  \u003c/text\u003e  \u003c/td\u003e   \u003ctd bottomborder\u003d\"White\" h\u003d\"16\" leftborder\u003d\"White\" rightborder\u003d\"White\" topborder\u003d\"White\" w\u003d\"159\"\u003e \u003ctext xmlns\u003d\"http://ocr.crowdcomputingsystems.com/xml/schema-v1.xml\"\u003e \u003cpar leftindent\u003d\"4200\" linespacing\u003d\"450\"\u003e \u003cline b\u003d\"236\" baseline\u003d\"236\" l\u003d\"217\" r\u003d\"241\" t\u003d\"230\"\u003e \u003cformatting lang\u003d\"EnglishUnitedStates\"\u003e 10334 \u003c/formatting\u003e  \u003c/line\u003e  \u003c/par\u003e  \u003c/text\u003e  \u003c/td\u003e   \u003ctd bottomborder\u003d\"White\" h\u003d\"16\" leftborder\u003d\"White\" rightborder\u003d\"White\" topborder\u003d\"White\" w\u003d\"169\"\u003e \u003ctext xmlns\u003d\"http://ocr.crowdcomputingsystems.com/xml/schema-v1.xml\"\u003e \u003cpar align\u003d\"Justified\" leftindent\u003d\"3700\" linespacing\u003d\"530\"\u003e \u003cline b\u003d\"237\" baseline\u003d\"237\" l\u003d\"369\" r\u003d\"397\" t\u003d\"230\"\u003e \u003cformatting lang\u003d\"EnglishUnitedStates\"\u003e Terms \u003c/formatting\u003e  \u003c/line\u003e  \u003c/par\u003e  \u003c/text\u003e  \u003c/td\u003e   \u003c/tr\u003e \n \u003ctr\u003e \u003ctd bottomborder\u003d\"White\" colspan\u003d\"3\" h\u003d\"51\" leftborder\u003d\"White\" rightborder\u003d\"White\" topborder\u003d\"White\" w\u003d\"433\"\u003e \u003ctext xmlns\u003d\"http://ocr.crowdcomputingsystems.com/xml/schema-v1.xml\"\u003e \u003cpar linespacing\u003d\"530\"\u003e \u003cline b\u003d\"291\" baseline\u003d\"290\" l\u003d\"65\" r\u003d\"97\" t\u003d\"283\"\u003e \u003cformatting lang\u003d\"EnglishUnitedStates\"\u003e Bill To: \u003c/formatting\u003e  \u003c/line\u003e  \u003c/par\u003e  \u003c/text\u003e  \u003c/td\u003e   \u003c/tr\u003e \n \u003ctr\u003e \u003ctd bottomborder\u003d\"White\" h\u003d\"21\" leftborder\u003d\"White\" rightborder\u003d\"White\" topborder\u003d\"White\" w\u003d\"105\"\u003e \u003ctext xmlns\u003d\"http://ocr.crowdcomputingsystems.com/xml/schema-v1.xml\"\u003e \u003cpar linespacing\u003d\"530\"\u003e \u003cline b\u003d\"313\" baseline\u003d\"311\" l\u003d\"65\" r\u003d\"110\" t\u003d\"304\"\u003e \u003cformatting lang\u003d\"EnglishUnitedStates\"\u003e Company: \u003c/formatting\u003e  \u003c/line\u003e  \u003c/par\u003e  \u003c/text\u003e  \u003c/td\u003e   \u003ctd bottomborder\u003d\"White\" h\u003d\"21\" leftborder\u003d\"White\" rightborder\u003d\"White\" topborder\u003d\"White\" w\u003d\"159\"\u003e \u003ctext xmlns\u003d\"http://ocr.crowdcomputingsystems.com/xml/schema-v1.xml\"\u003e \u003cpar leftindent\u003d\"2300\" linespacing\u003d\"530\"\u003e \u003cline b\u003d\"312\" baseline\u003d\"310\" l\u003d\"191\" r\u003d\"261\" t\u003d\"303\"\u003e \u003cformatting lang\u003d\"EnglishUnitedStates\"\u003e Hobbs Auto Body \u003c/formatting\u003e  \u003c/line\u003e  \u003c/par\u003e  \u003c/text\u003e  \u003c/td\u003e   \u003ctd bottomborder\u003d\"White\" h\u003d\"21\" leftborder\u003d\"White\" rightborder\u003d\"White\" topborder\u003d\"White\" w\u003d\"169\"\u003e \u003ctext xmlns\u003d\"http://ocr.crowdcomputingsystems.com/xml/schema-v1.xml\"\u003e \u003cpar leftindent\u003d\"3700\" linespacing\u003d\"-1\"\u003e\u003c/par\u003e  \u003c/text\u003e  \u003c/td\u003e   \u003c/tr\u003e \n \u003ctr\u003e \u003ctd bottomborder\u003d\"White\" h\u003d\"20\" leftborder\u003d\"White\" rightborder\u003d\"White\" topborder\u003d\"White\" w\u003d\"105\"\u003e \u003ctext xmlns\u003d\"http://ocr.crowdcomputingsystems.com/xml/schema-v1.xml\"\u003e \u003cpar linespacing\u003d\"530\"\u003e \u003cline b\u003d\"331\" baseline\u003d\"331\" l\u003d\"65\" r\u003d\"91\" t\u003d\"324\"\u003e \u003cformatting lang\u003d\"EnglishUnitedStates\"\u003e Name: \u003c/formatting\u003e  \u003c/line\u003e  \u003c/par\u003e  \u003c/text\u003e  \u003c/td\u003e   \u003ctd bottomborder\u003d\"White\" h\u003d\"20\" leftborder\u003d\"White\" rightborder\u003d\"White\" topborder\u003d\"White\" w\u003d\"159\"\u003e \u003ctext xmlns\u003d\"http://ocr.crowdcomputingsystems.com/xml/schema-v1.xml\"\u003e \u003cpar leftindent\u003d\"2300\" linespacing\u003d\"530\"\u003e \u003cline b\u003d\"330\" baseline\u003d\"330\" l\u003d\"191\" r\u003d\"226\" t\u003d\"323\"\u003e \u003cformatting lang\u003d\"EnglishUnitedStates\"\u003e Bill Hobb \u003c/formatting\u003e  \u003c/line\u003e  \u003c/par\u003e  \u003c/text\u003e  \u003c/td\u003e   \u003ctd bottomborder\u003d\"White\" h\u003d\"20\" leftborder\u003d\"White\" rightborder\u003d\"White\" topborder\u003d\"White\" w\u003d\"169\"\u003e \u003ctext xmlns\u003d\"http://ocr.crowdcomputingsystems.com/xml/schema-v1.xml\"\u003e \u003cpar leftindent\u003d\"3700\" linespacing\u003d\"-1\"\u003e\u003c/par\u003e  \u003c/text\u003e  \u003c/td\u003e   \u003c/tr\u003e \n \u003ctr\u003e \u003ctd bottomborder\u003d\"White\" h\u003d\"21\" leftborder\u003d\"White\" rightborder\u003d\"White\" topborder\u003d\"White\" w\u003d\"105\"\u003e \u003ctext xmlns\u003d\"http://ocr.crowdcomputingsystems.com/xml/schema-v1.xml\"\u003e \u003cpar linespacing\u003d\"530\"\u003e \u003cline b\u003d\"352\" baseline\u003d\"352\" l\u003d\"64\" r\u003d\"133\" t\u003d\"345\"\u003e \u003cformatting lang\u003d\"EnglishUnitedStates\"\u003e Address Line 1: \u003c/formatting\u003e  \u003c/line\u003e  \u003c/par\u003e  \u003c/text\u003e  \u003c/td\u003e   \u003ctd bottomborder\u003d\"White\" h\u003d\"21\" leftborder\u003d\"White\" rightborder\u003d\"White\" topborder\u003d\"White\" w\u003d\"159\"\u003e \u003ctext xmlns\u003d\"http://ocr.crowdcomputingsystems.com/xml/schema-v1.xml\"\u003e \u003cpar leftindent\u003d\"2300\" linespacing\u003d\"530\"\u003e \u003cline b\u003d\"351\" baseline\u003d\"351\" l\u003d\"191\" r\u003d\"270\" t\u003d\"344\"\u003e \u003cformatting lang\u003d\"EnglishUnitedStates\"\u003e 785 Industrial Ro3d \u003c/formatting\u003e  \u003c/line\u003e  \u003c/par\u003e  \u003c/text\u003e  \u003c/td\u003e   \u003ctd bottomborder\u003d\"White\" h\u003d\"21\" leftborder\u003d\"White\" rightborder\u003d\"White\" topborder\u003d\"White\" w\u003d\"169\"\u003e \u003ctext xmlns\u003d\"http://ocr.crowdcomputingsystems.com/xml/schema-v1.xml\"\u003e \u003cpar leftindent\u003d\"3700\" linespacing\u003d\"-1\"\u003e\u003c/par\u003e  \u003c/text\u003e  \u003c/td\u003e   \u003c/tr\u003e \n \u003ctr\u003e \u003ctd bottomborder\u003d\"White\" h\u003d\"20\" leftborder\u003d\"White\" rightborder\u003d\"White\" topborder\u003d\"White\" w\u003d\"105\"\u003e \u003ctext xmlns\u003d\"http://ocr.crowdcomputingsystems.com/xml/schema-v1.xml\"\u003e \u003cpar linespacing\u003d\"530\"\u003e \u003cline b\u003d\"372\" baseline\u003d\"372\" l\u003d\"64\" r\u003d\"133\" t\u003d\"365\"\u003e \u003cformatting lang\u003d\"EnglishUnitedStates\"\u003e Address Line 2: \u003c/formatting\u003e  \u003c/line\u003e  \u003c/par\u003e  \u003c/text\u003e  \u003c/td\u003e   \u003ctd bottomborder\u003d\"White\" h\u003d\"20\" leftborder\u003d\"White\" rightborder\u003d\"White\" topborder\u003d\"White\" w\u003d\"159\"\u003e \u003ctext xmlns\u003d\"http://ocr.crowdcomputingsystems.com/xml/schema-v1.xml\"\u003e \u003cpar leftindent\u003d\"2300\" linespacing\u003d\"530\"\u003e \u003cline b\u003d\"371\" baseline\u003d\"371\" l\u003d\"191\" r\u003d\"228\" t\u003d\"364\"\u003e \u003cformatting lang\u003d\"EnglishUnitedStates\"\u003e Suite 553 \u003c/formatting\u003e  \u003c/line\u003e  \u003c/par\u003e  \u003c/text\u003e  \u003c/td\u003e   \u003ctd bottomborder\u003d\"White\" h\u003d\"20\" leftborder\u003d\"White\" rightborder\u003d\"White\" topborder\u003d\"White\" w\u003d\"169\"\u003e \u003ctext xmlns\u003d\"http://ocr.crowdcomputingsystems.com/xml/schema-v1.xml\"\u003e \u003cpar leftindent\u003d\"3700\" linespacing\u003d\"-1\"\u003e\u003c/par\u003e  \u003c/text\u003e  \u003c/td\u003e   \u003c/tr\u003e \n \u003ctr\u003e \u003ctd bottomborder\u003d\"White\" h\u003d\"20\" leftborder\u003d\"White\" rightborder\u003d\"White\" topborder\u003d\"White\" w\u003d\"105\"\u003e \u003ctext xmlns\u003d\"http://ocr.crowdcomputingsystems.com/xml/schema-v1.xml\"\u003e \u003cpar linespacing\u003d\"530\"\u003e \u003cline b\u003d\"394\" baseline\u003d\"392\" l\u003d\"64\" r\u003d\"126\" t\u003d\"385\"\u003e \u003cformatting lang\u003d\"EnglishUnitedStates\"\u003e City. State ZIP \u003c/formatting\u003e  \u003c/line\u003e  \u003c/par\u003e  \u003c/text\u003e  \u003c/td\u003e   \u003ctd bottomborder\u003d\"White\" h\u003d\"20\" leftborder\u003d\"White\" rightborder\u003d\"White\" topborder\u003d\"White\" w\u003d\"159\"\u003e \u003ctext xmlns\u003d\"http://ocr.crowdcomputingsystems.com/xml/schema-v1.xml\"\u003e \u003cpar leftindent\u003d\"2300\" linespacing\u003d\"530\"\u003e \u003cline b\u003d\"392\" baseline\u003d\"391\" l\u003d\"191\" r\u003d\"264\" t\u003d\"384\"\u003e \u003cformatting lang\u003d\"EnglishUnitedStates\"\u003e Eoston. MA 02201 \u003c/formatting\u003e  \u003c/line\u003e  \u003c/par\u003e  \u003c/text\u003e  \u003c/td\u003e   \u003ctd bottomborder\u003d\"White\" h\u003d\"20\" leftborder\u003d\"White\" rightborder\u003d\"White\" topborder\u003d\"White\" w\u003d\"169\"\u003e \u003ctext xmlns\u003d\"http://ocr.crowdcomputingsystems.com/xml/schema-v1.xml\"\u003e \u003cpar leftindent\u003d\"3700\" linespacing\u003d\"-1\"\u003e\u003c/par\u003e  \u003c/text\u003e  \u003c/td\u003e   \u003c/tr\u003e \n \u003ctr\u003e \u003ctd bottomborder\u003d\"White\" h\u003d\"19\" leftborder\u003d\"White\" rightborder\u003d\"White\" topborder\u003d\"White\" w\u003d\"105\"\u003e \u003ctext xmlns\u003d\"http://ocr.crowdcomputingsystems.com/xml/schema-v1.xml\"\u003e \u003cpar linespacing\u003d\"530\"\u003e \u003cline b\u003d\"413\" baseline\u003d\"412\" l\u003d\"64\" r\u003d\"81\" t\u003d\"405\"\u003e \u003cformatting lang\u003d\"EnglishUnitedStates\"\u003e Tel: \u003c/formatting\u003e  \u003c/line\u003e  \u003c/par\u003e  \u003c/text\u003e  \u003c/td\u003e   \u003ctd bottomborder\u003d\"White\" h\u003d\"19\" leftborder\u003d\"White\" rightborder\u003d\"White\" topborder\u003d\"White\" w\u003d\"159\"\u003e \u003ctext xmlns\u003d\"http://ocr.crowdcomputingsystems.com/xml/schema-v1.xml\"\u003e \u003cpar leftindent\u003d\"2300\" linespacing\u003d\"530\"\u003e \u003cline b\u003d\"411\" baseline\u003d\"411\" l\u003d\"191\" r\u003d\"254\" t\u003d\"404\"\u003e \u003cformatting lang\u003d\"EnglishUnitedStates\"\u003e 1-888-123-4557 \u003c/formatting\u003e  \u003c/line\u003e  \u003c/par\u003e  \u003c/text\u003e  \u003c/td\u003e   \u003ctd bottomborder\u003d\"White\" h\u003d\"19\" leftborder\u003d\"White\" rightborder\u003d\"White\" topborder\u003d\"White\" w\u003d\"169\"\u003e \u003ctext xmlns\u003d\"http://ocr.crowdcomputingsystems.com/xml/schema-v1.xml\"\u003e \u003cpar leftindent\u003d\"3700\" linespacing\u003d\"-1\"\u003e\u003c/par\u003e  \u003c/text\u003e  \u003c/td\u003e   \u003c/tr\u003e \n \u003ctr\u003e \u003ctd bottomborder\u003d\"White\" h\u003d\"17\" leftborder\u003d\"White\" rightborder\u003d\"White\" topborder\u003d\"White\" w\u003d\"105\"\u003e \u003ctext xmlns\u003d\"http://ocr.crowdcomputingsystems.com/xml/schema-v1.xml\"\u003e \u003cpar linespacing\u003d\"530\"\u003e \u003cline b\u003d\"432\" baseline\u003d\"432\" l\u003d\"65\" r\u003d\"82\" t\u003d\"425\"\u003e \u003cformatting lang\u003d\"EnglishUnitedStates\"\u003e Fax: \u003c/formatting\u003e  \u003c/line\u003e  \u003c/par\u003e  \u003c/text\u003e  \u003c/td\u003e   \u003ctd bottomborder\u003d\"White\" h\u003d\"17\" leftborder\u003d\"White\" rightborder\u003d\"White\" topborder\u003d\"White\" w\u003d\"159\"\u003e \u003ctext xmlns\u003d\"http://ocr.crowdcomputingsystems.com/xml/schema-v1.xml\"\u003e \u003cpar leftindent\u003d\"2300\" linespacing\u003d\"530\"\u003e \u003cline b\u003d\"431\" baseline\u003d\"431\" l\u003d\"191\" r\u003d\"254\" t\u003d\"424\"\u003e \u003cformatting lang\u003d\"EnglishUnitedStates\"\u003e 1-SSS-111-2222 \u003c/formatting\u003e  \u003c/line\u003e  \u003c/par\u003e  \u003c/text\u003e  \u003c/td\u003e   \u003ctd bottomborder\u003d\"White\" h\u003d\"17\" leftborder\u003d\"White\" rightborder\u003d\"White\" topborder\u003d\"White\" w\u003d\"169\"\u003e \u003ctext xmlns\u003d\"http://ocr.crowdcomputingsystems.com/xml/schema-v1.xml\"\u003e \u003cpar leftindent\u003d\"3700\" linespacing\u003d\"-1\"\u003e\u003c/par\u003e  \u003c/text\u003e  \u003c/td\u003e   \u003c/tr\u003e \n \u003c/tbody\u003e\u003c/table\u003e\n \u003cblock b\u003d\"650\" blockname\u003d\"\" blocktype\u003d\"SeparatorsBox\" class\u003d\"hidden\" l\u003d\"0\" r\u003d\"585\" style\u003d\"transform: translate(0px, 0px); position: absolute;\" t\u003d\"0\"\u003e \u003cregion\u003e \u003crect b\u003d\"1\" l\u003d\"0\" r\u003d\"585\" t\u003d\"0\"\u003e\u003c/rect\u003e  \u003crect b\u003d\"649\" l\u003d\"0\" r\u003d\"585\" t\u003d\"1\"\u003e\u003c/rect\u003e  \u003crect b\u003d\"650\" l\u003d\"0\" r\u003d\"585\" t\u003d\"649\"\u003e\u003c/rect\u003e  \u003c/region\u003e  \u003cseparatorsbox\u003e \u003cseparator thickness\u003d\"1\" type\u003d\"Black\"\u003e \u003cstart x\u003d\"0\" y\u003d\"0\"\u003e\u003c/start\u003e \u003cend x\u003d\"585\" y\u003d\"0\"\u003e\u003c/end\u003e \u003c/separator\u003e \u003cseparator thickness\u003d\"1\" type\u003d\"Black\"\u003e \u003cstart x\u003d\"0\" y\u003d\"649\"\u003e\u003c/start\u003e \u003cend x\u003d\"585\" y\u003d\"649\"\u003e\u003c/end\u003e \u003c/separator\u003e \u003cseparator thickness\u003d\"1\" type\u003d\"Black\"\u003e \u003cstart x\u003d\"0\" y\u003d\"0\"\u003e\u003c/start\u003e \u003cend x\u003d\"0\" y\u003d\"650\"\u003e\u003c/end\u003e \u003c/separator\u003e \u003cseparator thickness\u003d\"1\" type\u003d\"Black\"\u003e \u003cstart x\u003d\"584\" y\u003d\"0\"\u003e\u003c/start\u003e \u003cend x\u003d\"584\" y\u003d\"650\"\u003e\u003c/end\u003e \u003c/separator\u003e \u003c/separatorsbox\u003e \u003c/block\u003e  \u003cblock b\u003d\"475\" blockname\u003d\"\" blocktype\u003d\"Separator\" class\u003d\"hidden\" l\u003d\"137\" r\u003d\"214\" style\u003d\"transform: translate(177px, 639px); position: absolute;\" t\u003d\"472\"\u003e \u003cregion\u003e \u003crect b\u003d\"475\" l\u003d\"137\" r\u003d\"214\" t\u003d\"472\"\u003e\u003c/rect\u003e  \u003c/region\u003e  \u003cseparator thickness\u003d\"2\" type\u003d\"Black\"\u003e \u003cstart x\u003d\"137\" y\u003d\"473\"\u003e\u003c/start\u003e \u003cend x\u003d\"214\" y\u003d\"473\"\u003e\u003c/end\u003e \u003c/separator\u003e \u003c/block\u003e  \u003cblock b\u003d\"479\" blockname\u003d\"\" blocktype\u003d\"Separator\" l\u003d\"414\" r\u003d\"514\" style\u003d\"transform: translate(534px, 645px); position: absolute;\" t\u003d\"476\"\u003e \u003cregion\u003e \u003crect b\u003d\"479\" l\u003d\"414\" r\u003d\"514\" t\u003d\"476\"\u003e\u003c/rect\u003e  \u003c/region\u003e  \u003cseparator thickness\u003d\"3\" type\u003d\"Black\"\u003e \u003cstart x\u003d\"414\" y\u003d\"477\"\u003e\u003c/start\u003e \u003cend x\u003d\"514\" y\u003d\"477\"\u003e\u003c/end\u003e \u003c/separator\u003e \u003c/block\u003e  \u003cblock b\u003d\"485\" blockname\u003d\"\" blocktype\u003d\"Separator\" l\u003d\"414\" r\u003d\"508\" style\u003d\"transform: translate(534px, 649px); position: absolute;\" t\u003d\"479\"\u003e \u003cregion\u003e \u003crect b\u003d\"485\" l\u003d\"414\" r\u003d\"508\" t\u003d\"479\"\u003e\u003c/rect\u003e  \u003c/region\u003e  \u003cseparator thickness\u003d\"6\" type\u003d\"Black\"\u003e \u003cstart x\u003d\"414\" y\u003d\"482\"\u003e\u003c/start\u003e \u003cend x\u003d\"508\" y\u003d\"482\"\u003e\u003c/end\u003e \u003c/separator\u003e \u003c/block\u003e  \u003cblock b\u003d\"484\" blockname\u003d\"\" blocktype\u003d\"Separator\" l\u003d\"338\" r\u003d\"400\" style\u003d\"transform: translate(436px, 653px); position: absolute;\" t\u003d\"482\"\u003e \u003cregion\u003e \u003crect b\u003d\"484\" l\u003d\"338\" r\u003d\"400\" t\u003d\"482\"\u003e\u003c/rect\u003e  \u003c/region\u003e  \u003cseparator thickness\u003d\"2\" type\u003d\"Black\"\u003e \u003cstart x\u003d\"338\" y\u003d\"483\"\u003e\u003c/start\u003e \u003cend x\u003d\"400\" y\u003d\"483\"\u003e\u003c/end\u003e \u003c/separator\u003e \u003c/block\u003e  \u003cblock b\u003d\"498\" blockname\u003d\"\" blocktype\u003d\"Separator\" l\u003d\"98\" r\u003d\"214\" style\u003d\"transform: translate(126px, 672px); position: absolute;\" t\u003d\"496\"\u003e \u003cregion\u003e \u003crect b\u003d\"498\" l\u003d\"98\" r\u003d\"214\" t\u003d\"496\"\u003e\u003c/rect\u003e  \u003c/region\u003e  \u003cseparator thickness\u003d\"2\" type\u003d\"Black\"\u003e \u003cstart x\u003d\"98\" y\u003d\"497\"\u003e\u003c/start\u003e \u003cend x\u003d\"214\" y\u003d\"497\"\u003e\u003c/end\u003e \u003c/separator\u003e \u003c/block\u003e  \u003cblock b\u003d\"505\" blockname\u003d\"\" blocktype\u003d\"Separator\" l\u003d\"214\" r\u003d\"322\" style\u003d\"transform: translate(276px, 676px); position: absolute;\" t\u003d\"499\"\u003e \u003cregion\u003e \u003crect b\u003d\"505\" l\u003d\"214\" r\u003d\"322\" t\u003d\"499\"\u003e\u003c/rect\u003e  \u003c/region\u003e  \u003cseparator thickness\u003d\"6\" type\u003d\"Black\"\u003e \u003cstart x\u003d\"214\" y\u003d\"502\"\u003e\u003c/start\u003e \u003cend x\u003d\"322\" y\u003d\"502\"\u003e\u003c/end\u003e \u003c/separator\u003e \u003c/block\u003e  \u003cblock b\u003d\"505\" blockname\u003d\"\" blocktype\u003d\"Separator\" l\u003d\"414\" r\u003d\"508\" style\u003d\"transform: translate(534px, 676px); position: absolute;\" t\u003d\"499\"\u003e \u003cregion\u003e \u003crect b\u003d\"505\" l\u003d\"414\" r\u003d\"508\" t\u003d\"499\"\u003e\u003c/rect\u003e  \u003c/region\u003e  \u003cseparator thickness\u003d\"6\" type\u003d\"Black\"\u003e \u003cstart x\u003d\"414\" y\u003d\"502\"\u003e\u003c/start\u003e \u003cend x\u003d\"508\" y\u003d\"502\"\u003e\u003c/end\u003e \u003c/separator\u003e \u003c/block\u003e  \u003cblock b\u003d\"508\" blockname\u003d\"\" blocktype\u003d\"Separator\" l\u003d\"214\" r\u003d\"322\" style\u003d\"transform: translate(276px, 685px); position: absolute;\" t\u003d\"506\"\u003e \u003cregion\u003e \u003crect b\u003d\"508\" l\u003d\"214\" r\u003d\"322\" t\u003d\"506\"\u003e\u003c/rect\u003e  \u003c/region\u003e  \u003cseparator thickness\u003d\"2\" type\u003d\"Black\"\u003e \u003cstart x\u003d\"214\" y\u003d\"507\"\u003e\u003c/start\u003e \u003cend x\u003d\"322\" y\u003d\"507\"\u003e\u003c/end\u003e \u003c/separator\u003e \u003c/block\u003e  \u003cblock b\u003d\"508\" blockname\u003d\"\" blocktype\u003d\"Separator\" l\u003d\"414\" r\u003d\"508\" style\u003d\"transform: translate(534px, 685px); position: absolute;\" t\u003d\"506\"\u003e \u003cregion\u003e \u003crect b\u003d\"508\" l\u003d\"414\" r\u003d\"508\" t\u003d\"506\"\u003e\u003c/rect\u003e  \u003c/region\u003e  \u003cseparator thickness\u003d\"2\" type\u003d\"Black\"\u003e \u003cstart x\u003d\"414\" y\u003d\"507\"\u003e\u003c/start\u003e \u003cend x\u003d\"508\" y\u003d\"507\"\u003e\u003c/end\u003e \u003c/separator\u003e \u003c/block\u003e  \u003cblock b\u003d\"511\" blockname\u003d\"\" blocktype\u003d\"Separator\" l\u003d\"95\" r\u003d\"205\" style\u003d\"transform: translate(123px, 689px); position: absolute;\" t\u003d\"509\"\u003e \u003cregion\u003e \u003crect b\u003d\"511\" l\u003d\"95\" r\u003d\"205\" t\u003d\"509\"\u003e\u003c/rect\u003e  \u003c/region\u003e  \u003cseparator thickness\u003d\"2\" type\u003d\"Black\"\u003e \u003cstart x\u003d\"95\" y\u003d\"510\"\u003e\u003c/start\u003e \u003cend x\u003d\"205\" y\u003d\"510\"\u003e\u003c/end\u003e \u003c/separator\u003e \u003c/block\u003e  \u003cblock b\u003d\"521\" blockname\u003d\"\" blocktype\u003d\"Separator\" l\u003d\"58\" r\u003d\"206\" style\u003d\"transform: translate(75px, 704px); position: absolute;\" t\u003d\"520\"\u003e \u003cregion\u003e \u003crect b\u003d\"521\" l\u003d\"58\" r\u003d\"206\" t\u003d\"520\"\u003e\u003c/rect\u003e  \u003c/region\u003e  \u003cseparator thickness\u003d\"1\" type\u003d\"Black\"\u003e \u003cstart x\u003d\"58\" y\u003d\"520\"\u003e\u003c/start\u003e \u003cend x\u003d\"206\" y\u003d\"520\"\u003e\u003c/end\u003e \u003c/separator\u003e \u003c/block\u003e  \u003cblock b\u003d\"533\" blockname\u003d\"\" blocktype\u003d\"Separator\" class\u003d\"hidden\" l\u003d\"86\" r\u003d\"208\" style\u003d\"transform: translate(111px, 719px); position: absolute;\" t\u003d\"531\"\u003e \u003cregion\u003e \u003crect b\u003d\"533\" l\u003d\"86\" r\u003d\"208\" t\u003d\"531\"\u003e\u003c/rect\u003e  \u003c/region\u003e  \u003cseparator thickness\u003d\"2\" type\u003d\"Black\"\u003e \u003cstart x\u003d\"86\" y\u003d\"532\"\u003e\u003c/start\u003e \u003cend x\u003d\"208\" y\u003d\"532\"\u003e\u003c/end\u003e \u003c/separator\u003e \u003c/block\u003e  \u003cblock b\u003d\"545\" blockname\u003d\"\" blocktype\u003d\"Separator\" class\u003d\"hidden\" l\u003d\"403\" r\u003d\"519\" style\u003d\"transform: translate(520px, 734px); position: absolute;\" t\u003d\"542\"\u003e \u003cregion\u003e \u003crect b\u003d\"545\" l\u003d\"403\" r\u003d\"519\" t\u003d\"542\"\u003e\u003c/rect\u003e  \u003c/region\u003e  \u003cseparator thickness\u003d\"2\" type\u003d\"Black\"\u003e \u003cstart x\u003d\"403\" y\u003d\"543\"\u003e\u003c/start\u003e \u003cend x\u003d\"519\" y\u003d\"543\"\u003e\u003c/end\u003e \u003c/separator\u003e \u003c/block\u003e  \u003cblock b\u003d\"544\" blockname\u003d\"\" blocktype\u003d\"Separator\" l\u003d\"94\" r\u003d\"256\" style\u003d\"transform: translate(121px, 735px); position: absolute;\" t\u003d\"543\"\u003e \u003cregion\u003e \u003crect b\u003d\"544\" l\u003d\"94\" r\u003d\"256\" t\u003d\"543\"\u003e\u003c/rect\u003e  \u003c/region\u003e  \u003cseparator thickness\u003d\"1\" type\u003d\"Black\"\u003e \u003cstart x\u003d\"94\" y\u003d\"543\"\u003e\u003c/start\u003e \u003cend x\u003d\"256\" y\u003d\"543\"\u003e\u003c/end\u003e \u003c/separator\u003e \u003c/block\u003e  \u003cblock b\u003d\"556\" blockname\u003d\"\" blocktype\u003d\"Separator\" class\u003d\"hidden\" l\u003d\"403\" r\u003d\"519\" style\u003d\"transform: translate(520px, 750px); position: absolute;\" t\u003d\"554\"\u003e \u003cregion\u003e \u003crect b\u003d\"556\" l\u003d\"403\" r\u003d\"519\" t\u003d\"554\"\u003e\u003c/rect\u003e  \u003c/region\u003e  \u003cseparator thickness\u003d\"2\" type\u003d\"Black\"\u003e \u003cstart x\u003d\"403\" y\u003d\"555\"\u003e\u003c/start\u003e \u003cend x\u003d\"519\" y\u003d\"555\"\u003e\u003c/end\u003e \u003c/separator\u003e \u003c/block\u003e  \u003cblock b\u003d\"567\" blockname\u003d\"\" blocktype\u003d\"Separator\" class\u003d\"hidden\" l\u003d\"412\" r\u003d\"519\" style\u003d\"transform: translate(532px, 758px); position: absolute;\" t\u003d\"560\"\u003e \u003cregion\u003e \u003crect b\u003d\"561\" l\u003d\"412\" r\u003d\"519\" t\u003d\"560\"\u003e\u003c/rect\u003e  \u003crect b\u003d\"567\" l\u003d\"412\" r\u003d\"519\" t\u003d\"561\"\u003e\u003c/rect\u003e  \u003c/region\u003e  \u003cseparator thickness\u003d\"7\" type\u003d\"Black\"\u003e \u003cstart x\u003d\"412\" y\u003d\"563\"\u003e\u003c/start\u003e \u003cend x\u003d\"519\" y\u003d\"563\"\u003e\u003c/end\u003e \u003c/separator\u003e \u003c/block\u003e  \u003cblock b\u003d\"578\" blockname\u003d\"\" blocktype\u003d\"Separator\" l\u003d\"396\" r\u003d\"519\" style\u003d\"transform: translate(511px, 781px); position: absolute;\" t\u003d\"577\"\u003e \u003cregion\u003e \u003crect b\u003d\"578\" l\u003d\"396\" r\u003d\"519\" t\u003d\"577\"\u003e\u003c/rect\u003e  \u003c/region\u003e  \u003cseparator thickness\u003d\"1\" type\u003d\"Black\"\u003e \u003cstart x\u003d\"396\" y\u003d\"577\"\u003e\u003c/start\u003e \u003cend x\u003d\"519\" y\u003d\"577\"\u003e\u003c/end\u003e \u003c/separator\u003e \u003c/block\u003e  \u003cblock b\u003d\"578\" blockname\u003d\"\" blocktype\u003d\"Separator\" class\u003d\"hidden\" l\u003d\"404\" r\u003d\"405\" style\u003d\"transform: translate(521px, 731px); position: absolute;\" t\u003d\"540\"\u003e \u003cregion\u003e \u003crect b\u003d\"578\" l\u003d\"404\" r\u003d\"405\" t\u003d\"540\"\u003e\u003c/rect\u003e  \u003c/region\u003e  \u003cseparator thickness\u003d\"1\" type\u003d\"Black\"\u003e \u003cstart x\u003d\"404\" y\u003d\"540\"\u003e\u003c/start\u003e \u003cend x\u003d\"404\" y\u003d\"578\"\u003e\u003c/end\u003e \u003c/separator\u003e \u003c/block\u003e  \u003cblock b\u003d\"560\" blockname\u003d\"\" blocktype\u003d\"Separator\" l\u003d\"517\" r\u003d\"519\" style\u003d\"transform: translate(667px, 731px); position: absolute;\" t\u003d\"540\"\u003e \u003cregion\u003e \u003crect b\u003d\"560\" l\u003d\"517\" r\u003d\"519\" t\u003d\"540\"\u003e\u003c/rect\u003e  \u003c/region\u003e  \u003cseparator thickness\u003d\"2\" type\u003d\"Black\"\u003e \u003cstart x\u003d\"518\" y\u003d\"540\"\u003e\u003c/start\u003e \u003cend x\u003d\"518\" y\u003d\"560\"\u003e\u003c/end\u003e \u003c/separator\u003e \u003c/block\u003e  \u003cblock b\u003d\"510\" blockname\u003d\"\" blocktype\u003d\"Separator\" l\u003d\"58\" r\u003d\"92\" style\u003d\"transform: translate(75px, 689px); position: absolute;\" t\u003d\"509\"\u003e \u003cregion\u003e \u003crect b\u003d\"510\" l\u003d\"58\" r\u003d\"92\" t\u003d\"509\"\u003e\u003c/rect\u003e  \u003c/region\u003e  \u003cseparator thickness\u003d\"1\" type\u003d\"Dotted\"\u003e \u003cstart x\u003d\"58\" y\u003d\"509\"\u003e\u003c/start\u003e \u003cend x\u003d\"92\" y\u003d\"509\"\u003e\u003c/end\u003e \u003c/separator\u003e \u003c/block\u003e  \u003cblock b\u003d\"581\" blockname\u003d\"\" blocktype\u003d\"Text\" l\u003d\"56\" r\u003d\"522\" style\u003d\"transform: translate(72px, 609px); position: absolute; width: 601.419px; height: 177.396px;\" t\u003d\"450\"\u003e \u003cregion\u003e \u003crect b\u003d\"581\" l\u003d\"56\" r\u003d\"522\" t\u003d\"450\"\u003e\u003c/rect\u003e  \u003c/region\u003e  \u003ctext\u003e \u003cpar align\u003d\"Justified\" linespacing\u003d\"825\"\u003e \u003cline b\u003d\"484\" baseline\u003d\"482\" l\u003d\"65\" r\u003d\"268\" style\u003d\"transform: translate(12px, 33px); position: absolute;\" t\u003d\"474\"\u003e \u003cformatting lang\u003d\"EnglishUnitedStates\"\u003e Dining 03/03/15 1 \u003c/formatting\u003e  \u003c/line\u003e  \u003c/par\u003e  \u003cpar align\u003d\"Justified\" linespacing\u003d\"825\"\u003e \u003cline b\u003d\"494\" baseline\u003d\"494\" l\u003d\"65\" r\u003d\"90\" style\u003d\"transform: translate(12px, 50px); position: absolute;\" t\u003d\"487\"\u003e \u003cformatting lang\u003d\"EnglishUnitedStates\"\u003e Item 3 \u003c/formatting\u003e  \u003c/line\u003e  \u003c/par\u003e  \u003cpar align\u003d\"Justified\" linespacing\u003d\"825\"\u003e \u003cline b\u003d\"505\" baseline\u003d\"505\" l\u003d\"65\" r\u003d\"90\" style\u003d\"transform: translate(12px, 65px); position: absolute;\" t\u003d\"498\"\u003e \u003cformatting lang\u003d\"EnglishUnitedStates\"\u003e Item 4 \u003c/formatting\u003e  \u003c/line\u003e  \u003c/par\u003e  \u003cpar align\u003d\"Justified\" linespacing\u003d\"825\"\u003e \u003cline b\u003d\"517\" baseline\u003d\"517\" l\u003d\"65\" r\u003d\"90\" style\u003d\"transform: translate(12px, 81px); position: absolute;\" t\u003d\"510\"\u003e \u003cformatting lang\u003d\"EnglishUnitedStates\"\u003e Item 5 \u003c/formatting\u003e  \u003c/line\u003e  \u003c/par\u003e  \u003cpar align\u003d\"Justified\" linespacing\u003d\"825\"\u003e \u003cline b\u003d\"529\" baseline\u003d\"528\" l\u003d\"65\" r\u003d\"90\" style\u003d\"transform: translate(12px, 96px); position: absolute;\" t\u003d\"521\"\u003e \u003cformatting lang\u003d\"EnglishUnitedStates\"\u003e Item 6 \u003c/formatting\u003e  \u003c/line\u003e  \u003c/par\u003e  \u003cpar align\u003d\"Justified\" linespacing\u003d\"530\"\u003e \u003cline b\u003d\"539\" baseline\u003d\"539\" l\u003d\"65\" r\u003d\"90\" style\u003d\"transform: translate(12px, 111px); position: absolute;\" t\u003d\"532\"\u003e \u003cformatting lang\u003d\"EnglishUnitedStates\"\u003e Item 7 \u003c/formatting\u003e  \u003c/line\u003e  \u003c/par\u003e  \u003cpar align\u003d\"Justified\" leftindent\u003d\"21800\" linespacing\u003d\"825\"\u003e \u003cline b\u003d\"552\" baseline\u003d\"552\" l\u003d\"348\" r\u003d\"464\" style\u003d\"transform: translate(377px, 126px); position: absolute;\" t\u003d\"543\"\u003e \u003cformatting lang\u003d\"EnglishUnitedStates\"\u003e Subtotal S \u003c/formatting\u003e  \u003c/line\u003e  \u003c/par\u003e  \u003cpar align\u003d\"Justified\" leftindent\u003d\"21800\" linespacing\u003d\"825\"\u003e \u003cline b\u003d\"562\" baseline\u003d\"562\" l\u003d\"346\" r\u003d\"464\" style\u003d\"transform: translate(374px, 139px); position: absolute;\" t\u003d\"553\"\u003e \u003cformatting lang\u003d\"EnglishUnitedStates\"\u003e Late Fees \u0026raquo; \u003c/formatting\u003e  \u003c/line\u003e  \u003c/par\u003e  \u003cpar align\u003d\"Justified\" leftindent\u003d\"21800\" linespacing\u003d\"825\"\u003e \u003cline b\u003d\"574\" baseline\u003d\"574\" l\u003d\"345\" r\u003d\"476\" style\u003d\"transform: translate(373px, 156px); position: absolute;\" t\u003d\"565\"\u003e \u003cformatting lang\u003d\"EnglishUnitedStates\"\u003e Taxes 8% ~!T~ \u003c/formatting\u003e  \u003c/line\u003e  \u003c/par\u003e  \u003c/text\u003e  \u003c/block\u003e  \u003cblock b\u003d\"229\" blockname\u003d\"\" blocktype\u003d\"Text\" class\u003d\"hidden\" l\u003d\"59\" r\u003d\"485\" style\u003d\"transform: translate(76px, 286px); position: absolute; width: 549.795px; height: 24.375px;\" t\u003d\"211\"\u003e \u003cregion\u003e \u003crect b\u003d\"229\" l\u003d\"59\" r\u003d\"485\" t\u003d\"211\"\u003e\u003c/rect\u003e  \u003c/region\u003e  \u003ctext\u003e \u003cpar linespacing\u003d\"-1\"\u003e\u003c/par\u003e  \u003c/text\u003e  \u003c/block\u003e  \u003cblock b\u003d\"250\" blockname\u003d\"\" blocktype\u003d\"Text\" class\u003d\"hidden\" l\u003d\"56\" r\u003d\"489\" style\u003d\"transform: translate(72px, 283px); position: absolute; width: 558.829px; height: 55.5208px;\" t\u003d\"209\"\u003e \u003cregion\u003e \u003crect b\u003d\"250\" l\u003d\"56\" r\u003d\"489\" t\u003d\"209\"\u003e\u003c/rect\u003e  \u003c/region\u003e  \u003ctext\u003e \u003cpar align\u003d\"Justified\" linespacing\u003d\"600\"\u003e \u003cline b\u003d\"237\" baseline\u003d\"236\" l\u003d\"65\" r\u003d\"397\" style\u003d\"transform: translate(12px, 26px); position: absolute;\" t\u003d\"228\"\u003e \u003cformatting lang\u003d\"EnglishUnitedStates\"\u003e Room Number 10334 \u0027 Terms \u003c/formatting\u003e  \u003c/line\u003e  \u003c/par\u003e  \u003c/text\u003e  \u003c/block\u003e  \u003c/page\u003e           \u003c/document\u003e\u003c/body\u003e\u003c/html\u003e","tags":[{"score":0.48713600338860996,"end":33,"tag":"supplier_name","text":"National Global Corp","estimatedAccuracy":0.8202742626904089,"begin":13},{"score":0.7350589758687287,"end":251,"tag":"invoice_date","text":"01/13/2015","estimatedAccuracy":1.0,"begin":242}],"group":"invoice_date|supplier_name"}