{"finalScore":0.647496877709821,"metaInfo":{"model":{"coreVersion":"9.3.0.9"}},"sumScore":6.47496877709821,"tagsCounter":10.0,"taggedText":"\u003chtml\u003e\u003chead\u003e\u003cscript src\u003d\"https://ajax.googleapis.com/ajax/libs/jquery/2.2.0/jquery.min.js\"\u003e\u003c/script\u003e\u003c/head\u003e\u003cbody\u003e\u003cdocument languages\u003d\"\" producer\u003d\"Workfusion\" schemalocation\u003d\"http://ocr.crowdcomputingsystems.com/xml/schema-v1.xml\" version\u003d\"1.0\" xmlns\u003d\"http://ocr.crowdcomputingsystems.com/xml/schema-v1.xml\" xsi\u003d\"http://www.w3.org/2001/XMLSchema-instance\"\u003e \u003clink href\u003d\"https://s3.amazonaws.com/workfusion-resources/ocr/ocr-xml-viewer-0.3-scale-to-width.css\" rel\u003d\"stylesheet\" type\u003d\"text/css\"\u003e\u003c/link\u003e \u003cstyle\u003e\u003c/style\u003e\u003cpage data-pages\u003d\"1\" h\u003d\"883\" resolution\u003d\"96\" style\u003d\"height: 1044px;\" w\u003d\"623\"\u003e \u003cblock b\u003d\"126\" blockname\u003d\"\" blocktype\u003d\"Text\" l\u003d\"57\" r\u003d\"116\" style\u003d\"transform: translate(129px, 88px); position: absolute; width: 133.152px; height: 82.6042px;\" t\u003d\"65\"\u003e \u003cregion\u003e \u003crect b\u003d\"126\" l\u003d\"57\" r\u003d\"116\" t\u003d\"65\"\u003e\u003c/rect\u003e  \u003c/region\u003e  \u003ctext\u003e \u003cpar linespacing\u003d\"-1\"\u003e\u003c/par\u003e  \u003c/text\u003e  \u003c/block\u003e  \u003cblock b\u003d\"127\" blockname\u003d\"\" blocktype\u003d\"Text\" l\u003d\"130\" r\u003d\"324\" style\u003d\"transform: translate(293px, 80px); position: absolute; width: 437.823px; height: 92.0833px;\" t\u003d\"59\"\u003e \u003cregion\u003e \u003crect b\u003d\"127\" l\u003d\"130\" r\u003d\"324\" t\u003d\"59\"\u003e\u003c/rect\u003e  \u003c/region\u003e  \u003ctext\u003e \u003cpar align\u003d\"Right\" linespacing\u003d\"1050\"\u003e \u003cline b\u003d\"78\" baseline\u003d\"74\" l\u003d\"132\" r\u003d\"321\" style\u003d\"transform: translate(5px, 1px); position: absolute;\" t\u003d\"60\"\u003e \u003cformatting lang\u003d\"EnglishUnitedStates\"\u003e \u003csupplier_name begin\u003d\"26\" class\u003d\"extraction-tag ml-tag\" data-text\u003d\"Bank of Montreal\" data-value\u003d\"Bank of Montreal\" end\u003d\"42\" estimated-accuracy\u003d\"0.8173573565650453\" ml-tagorder\u003d\"0\" score\u003d\"0.4795211372449598\" style\u003d\"border: 2px solid rgb(125, 157, 1);\" tagorder\u003d\"0\"\u003eBank of Montreal\u003c/supplier_name\u003e \u003c/formatting\u003e  \u003c/line\u003e  \u003c/par\u003e  \u003c/text\u003e  \u003c/block\u003e  \u003cblock b\u003d\"126\" blockname\u003d\"\" blocktype\u003d\"Text\" l\u003d\"407\" r\u003d\"552\" style\u003d\"transform: translate(919px, 135px); position: absolute; width: 327.239px; height: 35.2083px;\" t\u003d\"100\"\u003e \u003cregion\u003e \u003crect b\u003d\"126\" l\u003d\"407\" r\u003d\"552\" t\u003d\"100\"\u003e\u003c/rect\u003e  \u003c/region\u003e  \u003ctext\u003e \u003cpar linespacing\u003d\"975\" startindent\u003d\"1700\"\u003e \u003cline b\u003d\"112\" baseline\u003d\"109\" l\u003d\"429\" r\u003d\"549\" style\u003d\"transform: translate(50px, 1px); position: absolute;\" t\u003d\"101\"\u003e \u003cformatting lang\u003d\"EnglishUnitedStates\"\u003e DATE: \u003cinvoice_date begin\u003d\"69\" class\u003d\"extraction-tag ml-tag\" data-text\u003d\"August 20.\" data-value\u003d\"08/20/2019\" end\u003d\"79\" estimated-accuracy\u003d\"0.9324324324324325\" ml-tagorder\u003d\"1\" score\u003d\"0.4811650509963141\" style\u003d\"border: 2px solid rgb(125, 157, 1);\" tagorder\u003d\"1\"\u003eAugust 20.\u003c/invoice_date\u003e 2C06 \u003c/formatting\u003e  \u003c/line\u003e  \u003cline b\u003d\"123\" baseline\u003d\"123\" l\u003d\"409\" r\u003d\"513\" style\u003d\"transform: translate(5px, 19px); position: absolute;\" t\u003d\"114\"\u003e \u003cformatting lang\u003d\"EnglishUnitedStates\"\u003e INVOICE a \u003cinvoice_number begin\u003d\"101\" class\u003d\"extraction-tag ml-tag\" data-text\u003d\"INVI048\" data-value\u003d\"INVI048\" end\u003d\"108\" estimated-accuracy\u003d\"0.9910049438421189\" ml-tagorder\u003d\"2\" score\u003d\"0.7456796301807056\" style\u003d\"border: 2px solid rgb(125, 157, 1);\" tagorder\u003d\"2\"\u003eINVI048\u003c/invoice_number\u003e \u003c/formatting\u003e  \u003c/line\u003e  \u003c/par\u003e  \u003c/text\u003e  \u003c/block\u003e  \u003cblock b\u003d\"238\" blockname\u003d\"\" blocktype\u003d\"Text\" l\u003d\"75\" r\u003d\"438\" style\u003d\"transform: translate(169px, 234px); position: absolute; width: 819.226px; height: 88.0208px;\" t\u003d\"173\"\u003e \u003cregion\u003e \u003crect b\u003d\"238\" l\u003d\"75\" r\u003d\"438\" t\u003d\"173\"\u003e\u003c/rect\u003e  \u003c/region\u003e  \u003ctext\u003e \u003cpar align\u003d\"Justified\" leftindent\u003d\"1400\" linespacing\u003d\"975\"\u003e \u003cline b\u003d\"185\" baseline\u003d\"183\" l\u003d\"76\" r\u003d\"435\" style\u003d\"transform: translate(2px, 3px); position: absolute;\" t\u003d\"175\"\u003e \u003cformatting lang\u003d\"EnglishUnitedStates\"\u003e Bill To: CI003 Ship To: \u003c/formatting\u003e  \u003c/line\u003e  \u003c/par\u003e  \u003cpar leftindent\u003d\"5500\" linespacing\u003d\"975\"\u003e \u003cline b\u003d\"196\" baseline\u003d\"196\" l\u003d\"131\" r\u003d\"221\" style\u003d\"transform: translate(126px, 19px); position: absolute;\" t\u003d\"187\"\u003e \u003cformatting lang\u003d\"EnglishUnitedStates\"\u003e Test Customer Two \u003c/formatting\u003e  \u003c/line\u003e  \u003cline b\u003d\"211\" baseline\u003d\"209\" l\u003d\"131\" r\u003d\"225\" style\u003d\"transform: translate(126px, 38px); position: absolute;\" t\u003d\"201\"\u003e \u003cformatting lang\u003d\"EnglishUnitedStates\"\u003e 68 WILLIAM Square \u003c/formatting\u003e  \u003c/line\u003e  \u003cline b\u003d\"225\" baseline\u003d\"222\" l\u003d\"131\" r\u003d\"196\" style\u003d\"transform: translate(126px, 56px); position: absolute;\" t\u003d\"214\"\u003e \u003cformatting lang\u003d\"EnglishUnitedStates\"\u003e Sydney 12345 \u003c/formatting\u003e  \u003c/line\u003e  \u003cline b\u003d\"235\" baseline\u003d\"235\" l\u003d\"131\" r\u003d\"171\" style\u003d\"transform: translate(126px, 73px); position: absolute;\" t\u003d\"227\"\u003e \u003cformatting lang\u003d\"EnglishUnitedStates\"\u003e Australia \u003c/formatting\u003e  \u003c/line\u003e  \u003c/par\u003e  \u003c/text\u003e  \u003c/block\u003e  \u003cregion xmlns\u003d\"http://ocr.crowdcomputingsystems.com/xml/schema-v1.xml\"\u003e \u003crect b\u003d\"315\" l\u003d\"58\" r\u003d\"567\" t\u003d\"273\"\u003e\u003c/rect\u003e  \u003c/region\u003e \u003ctable b\u003d\"315\" blockname\u003d\"\" blocktype\u003d\"Table\" l\u003d\"58\" r\u003d\"567\" style\u003d\"transform: translate(131px, 370px); position: absolute; user-select: auto;\" t\u003d\"273\" xmlns\u003d\"\"\u003e \u003ctbody\u003e\u003ctr\u003e \u003ctd h\u003d\"21\" w\u003d\"71\"\u003e \u003ctext xmlns\u003d\"http://ocr.crowdcomputingsystems.com/xml/schema-v1.xml\"\u003e \u003cpar align\u003d\"Center\" linespacing\u003d\"600\"\u003e \u003cline b\u003d\"287\" baseline\u003d\"286\" l\u003d\"79\" r\u003d\"108\" t\u003d\"278\"\u003e \u003cformatting lang\u003d\"EnglishUnitedStates\"\u003e p.o.a \u003c/formatting\u003e  \u003c/line\u003e  \u003c/par\u003e  \u003c/text\u003e  \u003c/td\u003e   \u003ctd h\u003d\"21\" w\u003d\"125\"\u003e \u003ctext xmlns\u003d\"http://ocr.crowdcomputingsystems.com/xml/schema-v1.xml\"\u003e \u003cpar align\u003d\"Center\" linespacing\u003d\"600\"\u003e \u003cline b\u003d\"289\" baseline\u003d\"286\" l\u003d\"151\" r\u003d\"234\" t\u003d\"278\"\u003e \u003cformatting lang\u003d\"EnglishUnitedStates\"\u003e Soles Rep.Nome \u003c/formatting\u003e  \u003c/line\u003e  \u003c/par\u003e  \u003c/text\u003e  \u003c/td\u003e   \u003ctd h\u003d\"21\" w\u003d\"62\"\u003e \u003ctext xmlns\u003d\"http://ocr.crowdcomputingsystems.com/xml/schema-v1.xml\"\u003e \u003cpar linespacing\u003d\"600\"\u003e \u003cline b\u003d\"290\" baseline\u003d\"287\" l\u003d\"261\" r\u003d\"309\" t\u003d\"279\"\u003e \u003cformatting lang\u003d\"EnglishUnitedStates\"\u003e Ship Dale \u003c/formatting\u003e  \u003c/line\u003e  \u003c/par\u003e  \u003c/text\u003e  \u003c/td\u003e   \u003ctd h\u003d\"21\" w\u003d\"76\"\u003e \u003ctext xmlns\u003d\"http://ocr.crowdcomputingsystems.com/xml/schema-v1.xml\"\u003e \u003cpar align\u003d\"Center\" leftindent\u003d\"100\" linespacing\u003d\"600\"\u003e \u003cline b\u003d\"289\" baseline\u003d\"286\" l\u003d\"333\" r\u003d\"374\" t\u003d\"278\"\u003e \u003cformatting lang\u003d\"EnglishUnitedStates\"\u003e Ship Vio \u003c/formatting\u003e  \u003c/line\u003e  \u003c/par\u003e  \u003c/text\u003e  \u003c/td\u003e   \u003ctd h\u003d\"21\" w\u003d\"80\"\u003e \u003ctext xmlns\u003d\"http://ocr.crowdcomputingsystems.com/xml/schema-v1.xml\"\u003e \u003cpar align\u003d\"Center\" leftindent\u003d\"100\" linespacing\u003d\"600\"\u003e \u003cline b\u003d\"287\" baseline\u003d\"287\" l\u003d\"416\" r\u003d\"446\" t\u003d\"279\"\u003e \u003cformatting lang\u003d\"EnglishUnitedStates\"\u003e Temis \u003c/formatting\u003e  \u003c/line\u003e  \u003c/par\u003e  \u003c/text\u003e  \u003c/td\u003e   \u003ctd h\u003d\"21\" w\u003d\"95\"\u003e \u003ctext xmlns\u003d\"http://ocr.crowdcomputingsystems.com/xml/schema-v1.xml\"\u003e \u003cpar align\u003d\"Center\" leftindent\u003d\"200\" linespacing\u003d\"600\"\u003e \u003cline b\u003d\"287\" baseline\u003d\"287\" l\u003d\"496\" r\u003d\"541\" t\u003d\"279\"\u003e \u003cformatting lang\u003d\"EnglishUnitedStates\"\u003e Due D.ite \u003c/formatting\u003e  \u003c/line\u003e  \u003c/par\u003e  \u003c/text\u003e  \u003c/td\u003e   \u003c/tr\u003e \n \u003ctr\u003e \u003ctd h\u003d\"21\" w\u003d\"71\"\u003e \u003ctext xmlns\u003d\"http://ocr.crowdcomputingsystems.com/xml/schema-v1.xml\"\u003e \u003cpar leftindent\u003d\"1600\" linespacing\u003d\"-1\"\u003e\u003c/par\u003e  \u003c/text\u003e  \u003c/td\u003e   \u003ctd h\u003d\"21\" w\u003d\"125\"\u003e \u003ctext xmlns\u003d\"http://ocr.crowdcomputingsystems.com/xml/schema-v1.xml\"\u003e \u003cpar align\u003d\"Center\" linespacing\u003d\"600\"\u003e \u003cline b\u003d\"307\" baseline\u003d\"307\" l\u003d\"176\" r\u003d\"206\" t\u003d\"299\"\u003e \u003cformatting lang\u003d\"EnglishUnitedStates\"\u003e Salesl \u003c/formatting\u003e  \u003c/line\u003e  \u003c/par\u003e  \u003c/text\u003e  \u003c/td\u003e   \u003ctd h\u003d\"21\" w\u003d\"62\"\u003e \u003ctext xmlns\u003d\"http://ocr.crowdcomputingsystems.com/xml/schema-v1.xml\"\u003e \u003cpar linespacing\u003d\"680\"\u003e \u003cline b\u003d\"308\" baseline\u003d\"308\" l\u003d\"262\" r\u003d\"308\" t\u003d\"299\"\u003e \u003cformatting lang\u003d\"EnglishUnitedStates\"\u003e 8/20/2006 \u003c/formatting\u003e  \u003c/line\u003e  \u003c/par\u003e  \u003c/text\u003e  \u003c/td\u003e   \u003ctd h\u003d\"21\" w\u003d\"76\"\u003e \u003ctext xmlns\u003d\"http://ocr.crowdcomputingsystems.com/xml/schema-v1.xml\"\u003e \u003cpar align\u003d\"Center\" leftindent\u003d\"100\" linespacing\u003d\"600\"\u003e \u003cline b\u003d\"307\" baseline\u003d\"307\" l\u003d\"343\" r\u003d\"364\" t\u003d\"299\"\u003e \u003cformatting lang\u003d\"EnglishUnitedStates\"\u003e UPS \u003c/formatting\u003e  \u003c/line\u003e  \u003c/par\u003e  \u003c/text\u003e  \u003c/td\u003e   \u003ctd h\u003d\"21\" w\u003d\"80\"\u003e \u003ctext xmlns\u003d\"http://ocr.crowdcomputingsystems.com/xml/schema-v1.xml\"\u003e \u003cpar align\u003d\"Center\" leftindent\u003d\"100\" linespacing\u003d\"680\"\u003e \u003cline b\u003d\"308\" baseline\u003d\"308\" l\u003d\"417\" r\u003d\"447\" t\u003d\"299\"\u003e \u003cformatting lang\u003d\"EnglishUnitedStates\"\u003e Net 60 \u003c/formatting\u003e  \u003c/line\u003e  \u003c/par\u003e  \u003c/text\u003e  \u003c/td\u003e   \u003ctd h\u003d\"21\" w\u003d\"95\"\u003e \u003ctext xmlns\u003d\"http://ocr.crowdcomputingsystems.com/xml/schema-v1.xml\"\u003e \u003cpar leftindent\u003d\"1800\" linespacing\u003d\"-1\"\u003e\u003c/par\u003e  \u003c/text\u003e  \u003c/td\u003e   \u003c/tr\u003e \n \u003c/tbody\u003e\u003c/table\u003e\n \u003cregion xmlns\u003d\"http://ocr.crowdcomputingsystems.com/xml/schema-v1.xml\"\u003e \u003crect b\u003d\"740\" l\u003d\"58\" r\u003d\"567\" t\u003d\"335\"\u003e\u003c/rect\u003e  \u003c/region\u003e \u003ctable b\u003d\"740\" blockname\u003d\"\" blocktype\u003d\"Table\" l\u003d\"58\" r\u003d\"567\" style\u003d\"transform: translate(131px, 454px); position: absolute; user-select: auto;\" t\u003d\"335\" xmlns\u003d\"\"\u003e \u003ctbody\u003e\u003ctr\u003e \u003ctd h\u003d\"20\" w\u003d\"258\"\u003e \u003ctext xmlns\u003d\"http://ocr.crowdcomputingsystems.com/xml/schema-v1.xml\"\u003e \u003cpar align\u003d\"Center\" leftindent\u003d\"200\" linespacing\u003d\"600\"\u003e \u003cline b\u003d\"350\" baseline\u003d\"348\" l\u003d\"159\" r\u003d\"215\" t\u003d\"340\"\u003e \u003cformatting lang\u003d\"EnglishUnitedStates\"\u003e Description \u003c/formatting\u003e  \u003c/line\u003e  \u003c/par\u003e  \u003c/text\u003e  \u003c/td\u003e   \u003ctd h\u003d\"20\" w\u003d\"76\"\u003e \u003ctext xmlns\u003d\"http://ocr.crowdcomputingsystems.com/xml/schema-v1.xml\"\u003e \u003cpar align\u003d\"Right\" linespacing\u003d\"600\" rightindent\u003d\"1300\"\u003e \u003cline b\u003d\"350\" baseline\u003d\"348\" l\u003d\"333\" r\u003d\"375\" t\u003d\"340\"\u003e \u003cformatting lang\u003d\"EnglishUnitedStates\"\u003e Quantity \u003c/formatting\u003e  \u003c/line\u003e  \u003c/par\u003e  \u003c/text\u003e  \u003c/td\u003e   \u003ctd h\u003d\"20\" w\u003d\"80\"\u003e \u003ctext xmlns\u003d\"http://ocr.crowdcomputingsystems.com/xml/schema-v1.xml\"\u003e \u003cpar leftindent\u003d\"1200\" linespacing\u003d\"680\"\u003e \u003cline b\u003d\"349\" baseline\u003d\"349\" l\u003d\"408\" r\u003d\"455\" t\u003d\"340\"\u003e \u003cformatting lang\u003d\"EnglishUnitedStates\"\u003e Unit Price \u003c/formatting\u003e  \u003c/line\u003e  \u003c/par\u003e  \u003c/text\u003e  \u003c/td\u003e   \u003ctd h\u003d\"20\" w\u003d\"95\"\u003e \u003ctext xmlns\u003d\"http://ocr.crowdcomputingsystems.com/xml/schema-v1.xml\"\u003e \u003cpar align\u003d\"Center\" leftindent\u003d\"200\" linespacing\u003d\"600\"\u003e \u003cline b\u003d\"349\" baseline\u003d\"348\" l\u003d\"494\" r\u003d\"543\" t\u003d\"340\"\u003e \u003cformatting lang\u003d\"EnglishUnitedStates\"\u003e LineTot.il \u003c/formatting\u003e  \u003c/line\u003e  \u003c/par\u003e  \u003c/text\u003e  \u003c/td\u003e   \u003c/tr\u003e \n \u003ctr\u003e \u003ctd bottomborder\u003d\"White\" h\u003d\"41\" w\u003d\"258\"\u003e \u003ctext xmlns\u003d\"http://ocr.crowdcomputingsystems.com/xml/schema-v1.xml\"\u003e \u003cpar linespacing\u003d\"600\"\u003e \u003cline b\u003d\"375\" baseline\u003d\"372\" l\u003d\"59\" r\u003d\"310\" t\u003d\"364\"\u003e\u003cproduct begin\u003d\"646\" class\u003d\"extraction-tag ml-tag\" data-text\u003d\"Very long product description that occupies more than\" data-value\u003d\"Very long product description that occupies more than 1 line - in fact. it occupies 2 lines\" end\u003d\"741\" estimated-accuracy\u003d\"0.9706931936990422\" ml-tagorder\u003d\"9\" score\u003d\"0.7194244809484801\" style\u003d\"border: 2px solid rgb(125, 157, 1);\" tagorder\u003d\"9\"\u003eVery long product description that occupies more than\u003c/product\u003e\u003c/line\u003e\u003cproduct begin\u003d\"646\" class\u003d\"extraction-tag ml-tag\" data-text\u003d\"Very long product description that occupies more than\" data-value\u003d\"Very long product description that occupies more than 1 line - in fact. it occupies 2 lines\" end\u003d\"741\" estimated-accuracy\u003d\"0.9706931936990422\" ml-tagorder\u003d\"9\" score\u003d\"0.7194244809484801\" style\u003d\"border: 2px solid rgb(125, 157, 1);\" tagorder\u003d\"9\"\u003e  \u003c/product\u003e\u003c/par\u003e\u003cproduct begin\u003d\"646\" class\u003d\"extraction-tag ml-tag\" data-text\u003d\"Very long product description that occupies more than\" data-value\u003d\"Very long product description that occupies more than 1 line - in fact. it occupies 2 lines\" end\u003d\"741\" estimated-accuracy\u003d\"0.9706931936990422\" ml-tagorder\u003d\"9\" score\u003d\"0.7194244809484801\" style\u003d\"border: 2px solid rgb(125, 157, 1);\" tagorder\u003d\"9\"\u003e  \u003c/product\u003e\u003cpar linespacing\u003d\"680\"\u003e\u003cproduct begin\u003d\"646\" class\u003d\"extraction-tag ml-tag\" data-text\u003d\"Very long product description that occupies more than\" data-value\u003d\"Very long product description that occupies more than 1 line - in fact. it occupies 2 lines\" end\u003d\"741\" estimated-accuracy\u003d\"0.9706931936990422\" ml-tagorder\u003d\"9\" score\u003d\"0.7194244809484801\" style\u003d\"border: 2px solid rgb(125, 157, 1);\" tagorder\u003d\"9\"\u003e \u003c/product\u003e\u003cline b\u003d\"387\" baseline\u003d\"385\" l\u003d\"60\" r\u003d\"212\" t\u003d\"376\"\u003e\u003cproduct begin\u003d\"646\" class\u003d\"extraction-tag ml-tag\" data-text\u003d\"Very long product description that occupies more than\" data-value\u003d\"Very long product description that occupies more than 1 line - in fact. it occupies 2 lines\" end\u003d\"741\" estimated-accuracy\u003d\"0.9706931936990422\" ml-tagorder\u003d\"9\" score\u003d\"0.7194244809484801\" style\u003d\"border: 2px solid rgb(125, 157, 1);\" tagorder\u003d\"9\"\u003e1 line - in fact. it occupies 2 lines\u003c/product\u003e\u003c/line\u003e  \u003c/par\u003e  \u003c/text\u003e  \u003c/td\u003e   \u003ctd bottomborder\u003d\"White\" h\u003d\"41\" w\u003d\"76\"\u003e \u003ctext xmlns\u003d\"http://ocr.crowdcomputingsystems.com/xml/schema-v1.xml\"\u003e \u003cpar align\u003d\"Right\" linespacing\u003d\"680\" rightindent\u003d\"1300\"\u003e \u003cline b\u003d\"379\" baseline\u003d\"379\" l\u003d\"372\" r\u003d\"375\" t\u003d\"370\"\u003e\u003cquantity begin\u003d\"753\" class\u003d\"extraction-tag ml-tag\" data-text\u003d\"1\" data-value\u003d\"1.00\" end\u003d\"754\" estimated-accuracy\u003d\"1.0\" ml-tagorder\u003d\"3\" score\u003d\"0.815366576533946\" style\u003d\"border: 2px solid rgb(125, 157, 1);\" tagorder\u003d\"3\"\u003e1\u003c/quantity\u003e\u003c/line\u003e  \u003c/par\u003e  \u003c/text\u003e  \u003c/td\u003e   \u003ctd bottomborder\u003d\"White\" h\u003d\"41\" w\u003d\"80\"\u003e \u003ctext xmlns\u003d\"http://ocr.crowdcomputingsystems.com/xml/schema-v1.xml\"\u003e \u003cpar align\u003d\"Right\" linespacing\u003d\"680\"\u003e \u003cline b\u003d\"380\" baseline\u003d\"380\" l\u003d\"435\" r\u003d\"465\" t\u003d\"371\"\u003e\u003cprice begin\u003d\"766\" class\u003d\"extraction-tag ml-tag\" data-text\u003d\"199.99\" data-value\u003d\"199.99\" end\u003d\"772\" estimated-accuracy\u003d\"0.994535519125683\" ml-tagorder\u003d\"4\" score\u003d\"0.8550033487489188\" style\u003d\"border: 2px solid rgb(125, 157, 1);\" tagorder\u003d\"4\"\u003e199.99\u003c/price\u003e\u003c/line\u003e  \u003c/par\u003e  \u003c/text\u003e  \u003c/td\u003e   \u003ctd bottomborder\u003d\"White\" h\u003d\"41\" w\u003d\"95\"\u003e \u003ctext xmlns\u003d\"http://ocr.crowdcomputingsystems.com/xml/schema-v1.xml\"\u003e \u003cpar align\u003d\"Right\" linespacing\u003d\"600\"\u003e \u003cline b\u003d\"379\" baseline\u003d\"379\" l\u003d\"529\" r\u003d\"559\" t\u003d\"371\"\u003e \u003cformatting lang\u003d\"EnglishUnitedStates\"\u003e 199.99 \u003c/formatting\u003e  \u003c/line\u003e  \u003c/par\u003e  \u003c/text\u003e  \u003c/td\u003e   \u003c/tr\u003e \n \u003ctr\u003e \u003ctd bottomborder\u003d\"White\" h\u003d\"42\" topborder\u003d\"White\" w\u003d\"258\"\u003e \u003ctext xmlns\u003d\"http://ocr.crowdcomputingsystems.com/xml/schema-v1.xml\"\u003e \u003cpar linespacing\u003d\"600\"\u003e \u003cline b\u003d\"421\" baseline\u003d\"419\" l\u003d\"60\" r\u003d\"190\" t\u003d\"411\"\u003eOne \u003cproduct begin\u003d\"815\" class\u003d\"extraction-tag ml-tag\" data-text\u003d\"line product description\" data-value\u003d\"line product description\" end\u003d\"839\" estimated-accuracy\u003d\"0.8780487804878049\" ml-tagorder\u003d\"5\" score\u003d\"0.5538278937243316\" style\u003d\"border: 2px solid rgb(125, 157, 1);\" tagorder\u003d\"5\"\u003eline product description\u003c/product\u003e\u003c/line\u003e  \u003c/par\u003e  \u003c/text\u003e  \u003c/td\u003e   \u003ctd bottomborder\u003d\"White\" h\u003d\"42\" topborder\u003d\"White\" w\u003d\"76\"\u003e \u003ctext xmlns\u003d\"http://ocr.crowdcomputingsystems.com/xml/schema-v1.xml\"\u003e \u003cpar align\u003d\"Right\" linespacing\u003d\"600\" rightindent\u003d\"1300\"\u003e \u003cline b\u003d\"419\" baseline\u003d\"419\" l\u003d\"371\" r\u003d\"376\" t\u003d\"411\"\u003e\u003cquantity begin\u003d\"851\" class\u003d\"extraction-tag ml-tag\" data-text\u003d\"2\" data-value\u003d\"2.00\" end\u003d\"852\" estimated-accuracy\u003d\"1.0\" ml-tagorder\u003d\"6\" score\u003d\"0.7312038312960792\" style\u003d\"border: 2px solid rgb(125, 157, 1);\" tagorder\u003d\"6\"\u003e2\u003c/quantity\u003e\u003c/line\u003e  \u003c/par\u003e  \u003c/text\u003e  \u003c/td\u003e   \u003ctd bottomborder\u003d\"White\" h\u003d\"42\" topborder\u003d\"White\" w\u003d\"80\"\u003e \u003ctext xmlns\u003d\"http://ocr.crowdcomputingsystems.com/xml/schema-v1.xml\"\u003e \u003cpar align\u003d\"Right\" linespacing\u003d\"600\"\u003e \u003cline b\u003d\"420\" baseline\u003d\"420\" l\u003d\"435\" r\u003d\"465\" t\u003d\"412\"\u003e\u003cprice begin\u003d\"864\" class\u003d\"extraction-tag ml-tag\" data-text\u003d\"420\" data-value\u003d\"420.00\" end\u003d\"867\" estimated-accuracy\u003d\"0.898020231044844\" ml-tagorder\u003d\"7\" score\u003d\"0.4898448953616587\" style\u003d\"border: 2px solid rgb(125, 157, 1);\" tagorder\u003d\"7\"\u003e420\u003c/price\u003e \u003cprice begin\u003d\"868\" class\u003d\"extraction-tag ml-tag\" data-text\u003d\"00\" data-value\u003d\"00.00\" end\u003d\"870\" estimated-accuracy\u003d\"0.9303848796552469\" ml-tagorder\u003d\"8\" score\u003d\"0.6039319320628168\" style\u003d\"border: 2px solid rgb(125, 157, 1);\" tagorder\u003d\"8\"\u003e00\u003c/price\u003e\u003c/line\u003e  \u003c/par\u003e  \u003c/text\u003e  \u003c/td\u003e   \u003ctd bottomborder\u003d\"White\" h\u003d\"42\" topborder\u003d\"White\" w\u003d\"95\"\u003e \u003ctext xmlns\u003d\"http://ocr.crowdcomputingsystems.com/xml/schema-v1.xml\"\u003e \u003cpar align\u003d\"Right\" linespacing\u003d\"600\"\u003e \u003cline b\u003d\"420\" baseline\u003d\"420\" l\u003d\"528\" r\u003d\"559\" t\u003d\"412\"\u003e \u003cformatting lang\u003d\"EnglishUnitedStates\"\u003e 840.00 \u003c/formatting\u003e  \u003c/line\u003e  \u003c/par\u003e  \u003c/text\u003e  \u003c/td\u003e   \u003c/tr\u003e \n \u003ctr\u003e \u003ctd bottomborder\u003d\"White\" colspan\u003d\"3\" h\u003d\"139\" leftborder\u003d\"White\" rowspan\u003d\"7\" w\u003d\"414\"\u003e \u003ctext xmlns\u003d\"http://ocr.crowdcomputingsystems.com/xml/schema-v1.xml\"\u003e \u003cpar align\u003d\"Right\" linespacing\u003d\"680\" rightindent\u003d\"800\"\u003e \u003cline b\u003d\"615\" baseline\u003d\"615\" l\u003d\"408\" r\u003d\"463\" t\u003d\"606\"\u003e \u003cformatting lang\u003d\"EnglishUnitedStates\"\u003e SUBTOTAL \u003c/formatting\u003e  \u003c/line\u003e  \u003c/par\u003e  \u003cpar align\u003d\"Justified\" leftindent\u003d\"23300\" linespacing\u003d\"1500\"\u003e \u003cline b\u003d\"634\" baseline\u003d\"634\" l\u003d\"369\" r\u003d\"459\" t\u003d\"626\"\u003e \u003cformatting lang\u003d\"EnglishUnitedStates\"\u003e PST 6 50% \u003c/formatting\u003e  \u003c/line\u003e  \u003c/par\u003e  \u003cpar align\u003d\"Justified\" leftindent\u003d\"23300\" linespacing\u003d\"1500\"\u003e \u003cline b\u003d\"655\" baseline\u003d\"655\" l\u003d\"368\" r\u003d\"459\" t\u003d\"646\"\u003e \u003cformatting lang\u003d\"EnglishUnitedStates\"\u003e GST 3 20% \u003c/formatting\u003e  \u003c/line\u003e  \u003c/par\u003e  \u003cpar align\u003d\"Right\" linespacing\u003d\"1500\" rightindent\u003d\"800\"\u003e \u003cline b\u003d\"675\" baseline\u003d\"675\" l\u003d\"346\" r\u003d\"462\" t\u003d\"667\"\u003e \u003cformatting lang\u003d\"EnglishUnitedStates\"\u003e SHIPPING \u0026amp; HANDLING \u003c/formatting\u003e  \u003c/line\u003e  \u003c/par\u003e  \u003cpar align\u003d\"Right\" linespacing\u003d\"1500\" rightindent\u003d\"800\"\u003e \u003cline b\u003d\"695\" baseline\u003d\"695\" l\u003d\"428\" r\u003d\"462\" t\u003d\"687\"\u003e \u003cformatting lang\u003d\"EnglishUnitedStates\"\u003e TOTAL \u003c/formatting\u003e  \u003c/line\u003e  \u003c/par\u003e  \u003cpar align\u003d\"Right\" linespacing\u003d\"600\" rightindent\u003d\"800\"\u003e \u003cline b\u003d\"714\" baseline\u003d\"714\" l\u003d\"439\" r\u003d\"462\" t\u003d\"706\"\u003e \u003cformatting lang\u003d\"EnglishUnitedStates\"\u003e PAID \u003c/formatting\u003e  \u003c/line\u003e  \u003c/par\u003e  \u003cpar align\u003d\"Right\" linespacing\u003d\"600\" rightindent\u003d\"800\"\u003e \u003cline b\u003d\"733\" baseline\u003d\"733\" l\u003d\"403\" r\u003d\"461\" t\u003d\"725\"\u003e \u003cformatting lang\u003d\"EnglishUnitedStates\"\u003e TOTAL DUE \u003c/formatting\u003e  \u003c/line\u003e  \u003c/par\u003e  \u003c/text\u003e  \u003c/td\u003e   \u003ctd h\u003d\"20\" w\u003d\"95\"\u003e \u003ctext xmlns\u003d\"http://ocr.crowdcomputingsystems.com/xml/schema-v1.xml\"\u003e \u003cpar align\u003d\"Right\" linespacing\u003d\"680\"\u003e \u003cline b\u003d\"616\" baseline\u003d\"615\" l\u003d\"520\" r\u003d\"559\" t\u003d\"606\"\u003e \u003cformatting lang\u003d\"EnglishUnitedStates\"\u003e 1,039 99 \u003c/formatting\u003e  \u003c/line\u003e  \u003c/par\u003e  \u003c/text\u003e  \u003c/td\u003e   \u003c/tr\u003e \n \u003ctr\u003e \u003ctd h\u003d\"20\" w\u003d\"95\"\u003e \u003ctext xmlns\u003d\"http://ocr.crowdcomputingsystems.com/xml/schema-v1.xml\"\u003e \u003cpar align\u003d\"Right\" linespacing\u003d\"600\"\u003e \u003cline b\u003d\"634\" baseline\u003d\"634\" l\u003d\"533\" r\u003d\"559\" t\u003d\"626\"\u003e \u003cformatting lang\u003d\"EnglishUnitedStates\"\u003e 67.60 \u003c/formatting\u003e  \u003c/line\u003e  \u003c/par\u003e  \u003c/text\u003e  \u003c/td\u003e   \u003c/tr\u003e \n \u003ctr\u003e \u003ctd h\u003d\"21\" w\u003d\"95\"\u003e \u003ctext xmlns\u003d\"http://ocr.crowdcomputingsystems.com/xml/schema-v1.xml\"\u003e \u003cpar align\u003d\"Right\" linespacing\u003d\"680\"\u003e \u003cline b\u003d\"655\" baseline\u003d\"655\" l\u003d\"533\" r\u003d\"559\" t\u003d\"646\"\u003e \u003cformatting lang\u003d\"EnglishUnitedStates\"\u003e 3328 \u003c/formatting\u003e  \u003c/line\u003e  \u003c/par\u003e  \u003c/text\u003e  \u003c/td\u003e   \u003c/tr\u003e \n \u003ctr\u003e \u003ctd h\u003d\"20\" w\u003d\"95\"\u003e \u003ctext xmlns\u003d\"http://ocr.crowdcomputingsystems.com/xml/schema-v1.xml\"\u003e \u003cpar leftindent\u003d\"5400\" linespacing\u003d\"450\"\u003e \u003cline b\u003d\"673\" baseline\u003d\"677\" l\u003d\"544\" r\u003d\"547\" t\u003d\"671\"\u003e \u003cformatting lang\u003d\"EnglishUnitedStates\"\u003e \u0026bull; \u003c/formatting\u003e  \u003c/line\u003e  \u003c/par\u003e  \u003c/text\u003e  \u003c/td\u003e   \u003c/tr\u003e \n \u003ctr\u003e \u003ctd h\u003d\"19\" w\u003d\"95\"\u003e \u003ctext xmlns\u003d\"http://ocr.crowdcomputingsystems.com/xml/schema-v1.xml\"\u003e \u003cpar align\u003d\"Right\" linespacing\u003d\"600\"\u003e \u003cline b\u003d\"697\" baseline\u003d\"695\" l\u003d\"520\" r\u003d\"559\" t\u003d\"687\"\u003e \u003cformatting lang\u003d\"EnglishUnitedStates\"\u003e 1,140 87 \u003c/formatting\u003e  \u003c/line\u003e  \u003c/par\u003e  \u003c/text\u003e  \u003c/td\u003e   \u003c/tr\u003e \n \u003ctr\u003e \u003ctd h\u003d\"20\" w\u003d\"95\"\u003e \u003ctext xmlns\u003d\"http://ocr.crowdcomputingsystems.com/xml/schema-v1.xml\"\u003e \u003cpar leftindent\u003d\"5400\" linespacing\u003d\"230\"\u003e \u003cline b\u003d\"715\" baseline\u003d\"716\" l\u003d\"544\" r\u003d\"547\" t\u003d\"713\"\u003e \u003cformatting lang\u003d\"EnglishUnitedStates\"\u003e - \u003c/formatting\u003e  \u003c/line\u003e  \u003c/par\u003e  \u003c/text\u003e  \u003c/td\u003e   \u003c/tr\u003e \n \u003ctr\u003e \u003ctd h\u003d\"19\" w\u003d\"95\"\u003e \u003ctext xmlns\u003d\"http://ocr.crowdcomputingsystems.com/xml/schema-v1.xml\"\u003e \u003cpar align\u003d\"Right\" linespacing\u003d\"600\"\u003e \u003cline b\u003d\"737\" baseline\u003d\"736\" l\u003d\"520\" r\u003d\"559\" t\u003d\"728\"\u003e \u003cformatting lang\u003d\"EnglishUnitedStates\"\u003e 1,140.87 \u003c/formatting\u003e  \u003c/line\u003e  \u003c/par\u003e  \u003c/text\u003e  \u003c/td\u003e   \u003c/tr\u003e \n \u003c/tbody\u003e\u003c/table\u003e\n \u003cblock b\u003d\"771\" blockname\u003d\"\" blocktype\u003d\"Text\" l\u003d\"221\" r\u003d\"402\" style\u003d\"transform: translate(499px, 1026px); position: absolute; width: 408.485px; height: 17.6042px;\" t\u003d\"758\"\u003e \u003cregion\u003e \u003crect b\u003d\"771\" l\u003d\"221\" r\u003d\"402\" t\u003d\"758\"\u003e\u003c/rect\u003e  \u003c/region\u003e  \u003ctext\u003e \u003cpar linespacing\u003d\"680\"\u003e \u003cline b\u003d\"769\" baseline\u003d\"768\" l\u003d\"222\" r\u003d\"400\" style\u003d\"transform: translate(2px, 1px); position: absolute;\" t\u003d\"759\"\u003e \u003cformatting lang\u003d\"EnglishUnitedStates\"\u003e THANK YOU FOR YOUR BUSINESSI \u003c/formatting\u003e  \u003c/line\u003e  \u003c/par\u003e  \u003c/text\u003e  \u003c/block\u003e  \u003cblock b\u003d\"883\" blockname\u003d\"\" blocktype\u003d\"SeparatorsBox\" class\u003d\"hidden\" l\u003d\"0\" r\u003d\"623\" style\u003d\"transform: translate(0px, 0px); position: absolute;\" t\u003d\"0\"\u003e \u003cregion\u003e \u003crect b\u003d\"3\" l\u003d\"0\" r\u003d\"623\" t\u003d\"0\"\u003e\u003c/rect\u003e  \u003crect b\u003d\"881\" l\u003d\"0\" r\u003d\"623\" t\u003d\"3\"\u003e\u003c/rect\u003e  \u003crect b\u003d\"883\" l\u003d\"0\" r\u003d\"623\" t\u003d\"881\"\u003e\u003c/rect\u003e  \u003c/region\u003e  \u003cseparatorsbox\u003e \u003cseparator thickness\u003d\"3\" type\u003d\"Black\"\u003e \u003cstart x\u003d\"0\" y\u003d\"1\"\u003e\u003c/start\u003e \u003cend x\u003d\"623\" y\u003d\"1\"\u003e\u003c/end\u003e \u003c/separator\u003e \u003cseparator thickness\u003d\"2\" type\u003d\"Black\"\u003e \u003cstart x\u003d\"0\" y\u003d\"882\"\u003e\u003c/start\u003e \u003cend x\u003d\"623\" y\u003d\"882\"\u003e\u003c/end\u003e \u003c/separator\u003e \u003cseparator thickness\u003d\"2\" type\u003d\"Black\"\u003e \u003cstart x\u003d\"1\" y\u003d\"0\"\u003e\u003c/start\u003e \u003cend x\u003d\"1\" y\u003d\"883\"\u003e\u003c/end\u003e \u003c/separator\u003e \u003cseparator thickness\u003d\"2\" type\u003d\"Black\"\u003e \u003cstart x\u003d\"622\" y\u003d\"0\"\u003e\u003c/start\u003e \u003cend x\u003d\"622\" y\u003d\"883\"\u003e\u003c/end\u003e \u003c/separator\u003e \u003c/separatorsbox\u003e \u003c/block\u003e  \u003cblock b\u003d\"275\" blockname\u003d\"\" blocktype\u003d\"Separator\" l\u003d\"58\" r\u003d\"567\" style\u003d\"transform: translate(131px, 370px); position: absolute;\" t\u003d\"273\"\u003e \u003cregion\u003e \u003crect b\u003d\"275\" l\u003d\"58\" r\u003d\"567\" t\u003d\"273\"\u003e\u003c/rect\u003e  \u003c/region\u003e  \u003cseparator thickness\u003d\"2\" type\u003d\"Black\"\u003e \u003cstart x\u003d\"58\" y\u003d\"274\"\u003e\u003c/start\u003e \u003cend x\u003d\"567\" y\u003d\"274\"\u003e\u003c/end\u003e \u003c/separator\u003e \u003c/block\u003e  \u003cblock b\u003d\"295\" blockname\u003d\"\" blocktype\u003d\"Separator\" l\u003d\"58\" r\u003d\"567\" style\u003d\"transform: translate(131px, 397px); position: absolute;\" t\u003d\"293\"\u003e \u003cregion\u003e \u003crect b\u003d\"295\" l\u003d\"58\" r\u003d\"567\" t\u003d\"293\"\u003e\u003c/rect\u003e  \u003c/region\u003e  \u003cseparator thickness\u003d\"2\" type\u003d\"Black\"\u003e \u003cstart x\u003d\"58\" y\u003d\"294\"\u003e\u003c/start\u003e \u003cend x\u003d\"567\" y\u003d\"294\"\u003e\u003c/end\u003e \u003c/separator\u003e \u003c/block\u003e  \u003cblock b\u003d\"315\" blockname\u003d\"\" blocktype\u003d\"Separator\" l\u003d\"58\" r\u003d\"567\" style\u003d\"transform: translate(131px, 425px); position: absolute;\" t\u003d\"314\"\u003e \u003cregion\u003e \u003crect b\u003d\"315\" l\u003d\"58\" r\u003d\"567\" t\u003d\"314\"\u003e\u003c/rect\u003e  \u003c/region\u003e  \u003cseparator thickness\u003d\"1\" type\u003d\"Black\"\u003e \u003cstart x\u003d\"58\" y\u003d\"314\"\u003e\u003c/start\u003e \u003cend x\u003d\"567\" y\u003d\"314\"\u003e\u003c/end\u003e \u003c/separator\u003e \u003c/block\u003e  \u003cblock b\u003d\"336\" blockname\u003d\"\" blocktype\u003d\"Separator\" l\u003d\"58\" r\u003d\"567\" style\u003d\"transform: translate(131px, 454px); position: absolute;\" t\u003d\"335\"\u003e \u003cregion\u003e \u003crect b\u003d\"336\" l\u003d\"58\" r\u003d\"567\" t\u003d\"335\"\u003e\u003c/rect\u003e  \u003c/region\u003e  \u003cseparator thickness\u003d\"1\" type\u003d\"Black\"\u003e \u003cstart x\u003d\"58\" y\u003d\"335\"\u003e\u003c/start\u003e \u003cend x\u003d\"567\" y\u003d\"335\"\u003e\u003c/end\u003e \u003c/separator\u003e \u003c/block\u003e  \u003cblock b\u003d\"356\" blockname\u003d\"\" blocktype\u003d\"Separator\" l\u003d\"58\" r\u003d\"567\" style\u003d\"transform: translate(131px, 479px); position: absolute;\" t\u003d\"354\"\u003e \u003cregion\u003e \u003crect b\u003d\"356\" l\u003d\"58\" r\u003d\"567\" t\u003d\"354\"\u003e\u003c/rect\u003e  \u003c/region\u003e  \u003cseparator thickness\u003d\"2\" type\u003d\"Black\"\u003e \u003cstart x\u003d\"58\" y\u003d\"355\"\u003e\u003c/start\u003e \u003cend x\u003d\"567\" y\u003d\"355\"\u003e\u003c/end\u003e \u003c/separator\u003e \u003c/block\u003e  \u003cblock b\u003d\"602\" blockname\u003d\"\" blocktype\u003d\"Separator\" l\u003d\"58\" r\u003d\"567\" style\u003d\"transform: translate(131px, 813px); position: absolute;\" t\u003d\"600\"\u003e \u003cregion\u003e \u003crect b\u003d\"602\" l\u003d\"58\" r\u003d\"567\" t\u003d\"600\"\u003e\u003c/rect\u003e  \u003c/region\u003e  \u003cseparator thickness\u003d\"2\" type\u003d\"Black\"\u003e \u003cstart x\u003d\"58\" y\u003d\"601\"\u003e\u003c/start\u003e \u003cend x\u003d\"567\" y\u003d\"601\"\u003e\u003c/end\u003e \u003c/separator\u003e \u003c/block\u003e  \u003cblock b\u003d\"622\" blockname\u003d\"\" blocktype\u003d\"Separator\" l\u003d\"471\" r\u003d\"567\" style\u003d\"transform: translate(1063px, 840px); position: absolute;\" t\u003d\"620\"\u003e \u003cregion\u003e \u003crect b\u003d\"622\" l\u003d\"471\" r\u003d\"567\" t\u003d\"620\"\u003e\u003c/rect\u003e  \u003c/region\u003e  \u003cseparator thickness\u003d\"2\" type\u003d\"Black\"\u003e \u003cstart x\u003d\"471\" y\u003d\"621\"\u003e\u003c/start\u003e \u003cend x\u003d\"567\" y\u003d\"621\"\u003e\u003c/end\u003e \u003c/separator\u003e \u003c/block\u003e  \u003cblock b\u003d\"642\" blockname\u003d\"\" blocktype\u003d\"Separator\" l\u003d\"471\" r\u003d\"567\" style\u003d\"transform: translate(1063px, 868px); position: absolute;\" t\u003d\"641\"\u003e \u003cregion\u003e \u003crect b\u003d\"642\" l\u003d\"471\" r\u003d\"567\" t\u003d\"641\"\u003e\u003c/rect\u003e  \u003c/region\u003e  \u003cseparator thickness\u003d\"1\" type\u003d\"Black\"\u003e \u003cstart x\u003d\"471\" y\u003d\"641\"\u003e\u003c/start\u003e \u003cend x\u003d\"567\" y\u003d\"641\"\u003e\u003c/end\u003e \u003c/separator\u003e \u003c/block\u003e  \u003cblock b\u003d\"663\" blockname\u003d\"\" blocktype\u003d\"Separator\" l\u003d\"471\" r\u003d\"567\" style\u003d\"transform: translate(1063px, 895px); position: absolute;\" t\u003d\"661\"\u003e \u003cregion\u003e \u003crect b\u003d\"663\" l\u003d\"471\" r\u003d\"567\" t\u003d\"661\"\u003e\u003c/rect\u003e  \u003c/region\u003e  \u003cseparator thickness\u003d\"2\" type\u003d\"Black\"\u003e \u003cstart x\u003d\"471\" y\u003d\"662\"\u003e\u003c/start\u003e \u003cend x\u003d\"567\" y\u003d\"662\"\u003e\u003c/end\u003e \u003c/separator\u003e \u003c/block\u003e  \u003cblock b\u003d\"683\" blockname\u003d\"\" blocktype\u003d\"Separator\" l\u003d\"471\" r\u003d\"567\" style\u003d\"transform: translate(1063px, 924px); position: absolute;\" t\u003d\"682\"\u003e \u003cregion\u003e \u003crect b\u003d\"683\" l\u003d\"471\" r\u003d\"567\" t\u003d\"682\"\u003e\u003c/rect\u003e  \u003c/region\u003e  \u003cseparator thickness\u003d\"1\" type\u003d\"Black\"\u003e \u003cstart x\u003d\"471\" y\u003d\"682\"\u003e\u003c/start\u003e \u003cend x\u003d\"567\" y\u003d\"682\"\u003e\u003c/end\u003e \u003c/separator\u003e \u003c/block\u003e  \u003cblock b\u003d\"702\" blockname\u003d\"\" blocktype\u003d\"Separator\" l\u003d\"471\" r\u003d\"567\" style\u003d\"transform: translate(1063px, 949px); position: absolute;\" t\u003d\"701\"\u003e \u003cregion\u003e \u003crect b\u003d\"702\" l\u003d\"471\" r\u003d\"567\" t\u003d\"701\"\u003e\u003c/rect\u003e  \u003c/region\u003e  \u003cseparator thickness\u003d\"1\" type\u003d\"Black\"\u003e \u003cstart x\u003d\"471\" y\u003d\"701\"\u003e\u003c/start\u003e \u003cend x\u003d\"567\" y\u003d\"701\"\u003e\u003c/end\u003e \u003c/separator\u003e \u003c/block\u003e  \u003cblock b\u003d\"722\" blockname\u003d\"\" blocktype\u003d\"Separator\" l\u003d\"471\" r\u003d\"567\" style\u003d\"transform: translate(1063px, 975px); position: absolute;\" t\u003d\"720\"\u003e \u003cregion\u003e \u003crect b\u003d\"722\" l\u003d\"471\" r\u003d\"567\" t\u003d\"720\"\u003e\u003c/rect\u003e  \u003c/region\u003e  \u003cseparator thickness\u003d\"2\" type\u003d\"Black\"\u003e \u003cstart x\u003d\"471\" y\u003d\"721\"\u003e\u003c/start\u003e \u003cend x\u003d\"567\" y\u003d\"721\"\u003e\u003c/end\u003e \u003c/separator\u003e \u003c/block\u003e  \u003cblock b\u003d\"740\" blockname\u003d\"\" blocktype\u003d\"Separator\" l\u003d\"471\" r\u003d\"567\" style\u003d\"transform: translate(1063px, 1001px); position: absolute;\" t\u003d\"739\"\u003e \u003cregion\u003e \u003crect b\u003d\"740\" l\u003d\"471\" r\u003d\"567\" t\u003d\"739\"\u003e\u003c/rect\u003e  \u003c/region\u003e  \u003cseparator thickness\u003d\"1\" type\u003d\"Black\"\u003e \u003cstart x\u003d\"471\" y\u003d\"739\"\u003e\u003c/start\u003e \u003cend x\u003d\"567\" y\u003d\"739\"\u003e\u003c/end\u003e \u003c/separator\u003e \u003c/block\u003e  \u003cblock b\u003d\"315\" blockname\u003d\"\" blocktype\u003d\"Separator\" l\u003d\"58\" r\u003d\"59\" style\u003d\"transform: translate(131px, 370px); position: absolute;\" t\u003d\"273\"\u003e \u003cregion\u003e \u003crect b\u003d\"315\" l\u003d\"58\" r\u003d\"59\" t\u003d\"273\"\u003e\u003c/rect\u003e  \u003c/region\u003e  \u003cseparator thickness\u003d\"1\" type\u003d\"Black\"\u003e \u003cstart x\u003d\"58\" y\u003d\"273\"\u003e\u003c/start\u003e \u003cend x\u003d\"58\" y\u003d\"315\"\u003e\u003c/end\u003e \u003c/separator\u003e \u003c/block\u003e  \u003cblock b\u003d\"601\" blockname\u003d\"\" blocktype\u003d\"Separator\" l\u003d\"58\" r\u003d\"59\" style\u003d\"transform: translate(131px, 454px); position: absolute;\" t\u003d\"335\"\u003e \u003cregion\u003e \u003crect b\u003d\"601\" l\u003d\"58\" r\u003d\"59\" t\u003d\"335\"\u003e\u003c/rect\u003e  \u003c/region\u003e  \u003cseparator thickness\u003d\"1\" type\u003d\"Black\"\u003e \u003cstart x\u003d\"58\" y\u003d\"335\"\u003e\u003c/start\u003e \u003cend x\u003d\"58\" y\u003d\"601\"\u003e\u003c/end\u003e \u003c/separator\u003e \u003c/block\u003e  \u003cblock b\u003d\"315\" blockname\u003d\"\" blocktype\u003d\"Separator\" l\u003d\"128\" r\u003d\"130\" style\u003d\"transform: translate(289px, 370px); position: absolute;\" t\u003d\"273\"\u003e \u003cregion\u003e \u003crect b\u003d\"315\" l\u003d\"128\" r\u003d\"130\" t\u003d\"273\"\u003e\u003c/rect\u003e  \u003c/region\u003e  \u003cseparator thickness\u003d\"2\" type\u003d\"Black\"\u003e \u003cstart x\u003d\"129\" y\u003d\"273\"\u003e\u003c/start\u003e \u003cend x\u003d\"129\" y\u003d\"315\"\u003e\u003c/end\u003e \u003c/separator\u003e \u003c/block\u003e  \u003cblock b\u003d\"315\" blockname\u003d\"\" blocktype\u003d\"Separator\" l\u003d\"254\" r\u003d\"255\" style\u003d\"transform: translate(573px, 370px); position: absolute;\" t\u003d\"273\"\u003e \u003cregion\u003e \u003crect b\u003d\"315\" l\u003d\"254\" r\u003d\"255\" t\u003d\"273\"\u003e\u003c/rect\u003e  \u003c/region\u003e  \u003cseparator thickness\u003d\"1\" type\u003d\"Black\"\u003e \u003cstart x\u003d\"254\" y\u003d\"273\"\u003e\u003c/start\u003e \u003cend x\u003d\"254\" y\u003d\"315\"\u003e\u003c/end\u003e \u003c/separator\u003e \u003c/block\u003e  \u003cblock b\u003d\"315\" blockname\u003d\"\" blocktype\u003d\"Separator\" l\u003d\"315\" r\u003d\"317\" style\u003d\"transform: translate(711px, 370px); position: absolute;\" t\u003d\"273\"\u003e \u003cregion\u003e \u003crect b\u003d\"315\" l\u003d\"315\" r\u003d\"317\" t\u003d\"273\"\u003e\u003c/rect\u003e  \u003c/region\u003e  \u003cseparator thickness\u003d\"2\" type\u003d\"Black\"\u003e \u003cstart x\u003d\"316\" y\u003d\"273\"\u003e\u003c/start\u003e \u003cend x\u003d\"316\" y\u003d\"315\"\u003e\u003c/end\u003e \u003c/separator\u003e \u003c/block\u003e  \u003cblock b\u003d\"602\" blockname\u003d\"\" blocktype\u003d\"Separator\" l\u003d\"315\" r\u003d\"317\" style\u003d\"transform: translate(711px, 454px); position: absolute;\" t\u003d\"335\"\u003e \u003cregion\u003e \u003crect b\u003d\"602\" l\u003d\"315\" r\u003d\"317\" t\u003d\"335\"\u003e\u003c/rect\u003e  \u003c/region\u003e  \u003cseparator thickness\u003d\"2\" type\u003d\"Black\"\u003e \u003cstart x\u003d\"316\" y\u003d\"335\"\u003e\u003c/start\u003e \u003cend x\u003d\"316\" y\u003d\"602\"\u003e\u003c/end\u003e \u003c/separator\u003e \u003c/block\u003e  \u003cblock b\u003d\"315\" blockname\u003d\"\" blocktype\u003d\"Separator\" l\u003d\"391\" r\u003d\"393\" style\u003d\"transform: translate(882px, 370px); position: absolute;\" t\u003d\"273\"\u003e \u003cregion\u003e \u003crect b\u003d\"315\" l\u003d\"391\" r\u003d\"393\" t\u003d\"273\"\u003e\u003c/rect\u003e  \u003c/region\u003e  \u003cseparator thickness\u003d\"2\" type\u003d\"Black\"\u003e \u003cstart x\u003d\"392\" y\u003d\"273\"\u003e\u003c/start\u003e \u003cend x\u003d\"392\" y\u003d\"315\"\u003e\u003c/end\u003e \u003c/separator\u003e \u003c/block\u003e  \u003cblock b\u003d\"602\" blockname\u003d\"\" blocktype\u003d\"Separator\" l\u003d\"391\" r\u003d\"393\" style\u003d\"transform: translate(882px, 454px); position: absolute;\" t\u003d\"335\"\u003e \u003cregion\u003e \u003crect b\u003d\"602\" l\u003d\"391\" r\u003d\"393\" t\u003d\"335\"\u003e\u003c/rect\u003e  \u003c/region\u003e  \u003cseparator thickness\u003d\"2\" type\u003d\"Black\"\u003e \u003cstart x\u003d\"392\" y\u003d\"335\"\u003e\u003c/start\u003e \u003cend x\u003d\"392\" y\u003d\"602\"\u003e\u003c/end\u003e \u003c/separator\u003e \u003c/block\u003e  \u003cblock b\u003d\"315\" blockname\u003d\"\" blocktype\u003d\"Separator\" l\u003d\"471\" r\u003d\"473\" style\u003d\"transform: translate(1063px, 370px); position: absolute;\" t\u003d\"273\"\u003e \u003cregion\u003e \u003crect b\u003d\"315\" l\u003d\"471\" r\u003d\"473\" t\u003d\"273\"\u003e\u003c/rect\u003e  \u003c/region\u003e  \u003cseparator thickness\u003d\"2\" type\u003d\"Black\"\u003e \u003cstart x\u003d\"472\" y\u003d\"273\"\u003e\u003c/start\u003e \u003cend x\u003d\"472\" y\u003d\"315\"\u003e\u003c/end\u003e \u003c/separator\u003e \u003c/block\u003e  \u003cblock b\u003d\"740\" blockname\u003d\"\" blocktype\u003d\"Separator\" l\u003d\"471\" r\u003d\"473\" style\u003d\"transform: translate(1063px, 454px); position: absolute;\" t\u003d\"335\"\u003e \u003cregion\u003e \u003crect b\u003d\"740\" l\u003d\"471\" r\u003d\"473\" t\u003d\"335\"\u003e\u003c/rect\u003e  \u003c/region\u003e  \u003cseparator thickness\u003d\"2\" type\u003d\"Black\"\u003e \u003cstart x\u003d\"472\" y\u003d\"335\"\u003e\u003c/start\u003e \u003cend x\u003d\"472\" y\u003d\"740\"\u003e\u003c/end\u003e \u003c/separator\u003e \u003c/block\u003e  \u003cblock b\u003d\"315\" blockname\u003d\"\" blocktype\u003d\"Separator\" l\u003d\"565\" r\u003d\"567\" style\u003d\"transform: translate(1275px, 370px); position: absolute;\" t\u003d\"273\"\u003e \u003cregion\u003e \u003crect b\u003d\"315\" l\u003d\"565\" r\u003d\"567\" t\u003d\"273\"\u003e\u003c/rect\u003e  \u003c/region\u003e  \u003cseparator thickness\u003d\"2\" type\u003d\"Black\"\u003e \u003cstart x\u003d\"566\" y\u003d\"273\"\u003e\u003c/start\u003e \u003cend x\u003d\"566\" y\u003d\"315\"\u003e\u003c/end\u003e \u003c/separator\u003e \u003c/block\u003e  \u003cblock b\u003d\"740\" blockname\u003d\"\" blocktype\u003d\"Separator\" l\u003d\"565\" r\u003d\"567\" style\u003d\"transform: translate(1275px, 454px); position: absolute;\" t\u003d\"335\"\u003e \u003cregion\u003e \u003crect b\u003d\"740\" l\u003d\"565\" r\u003d\"567\" t\u003d\"335\"\u003e\u003c/rect\u003e  \u003c/region\u003e  \u003cseparator thickness\u003d\"2\" type\u003d\"Black\"\u003e \u003cstart x\u003d\"566\" y\u003d\"335\"\u003e\u003c/start\u003e \u003cend x\u003d\"566\" y\u003d\"740\"\u003e\u003c/end\u003e \u003c/separator\u003e \u003c/block\u003e  \u003c/page\u003e               \u003c/document\u003e\u003c/body\u003e\u003c/html\u003e","tags":[{"score":0.4795211372449598,"end":42,"tag":"supplier_name","text":"Bank of Montreal","estimatedAccuracy":0.8173573565650453,"begin":26},{"score":0.4811650509963141,"end":79,"tag":"invoice_date","text":"08/20/2019","estimatedAccuracy":0.9324324324324325,"begin":69},{"score":0.7456796301807056,"end":108,"tag":"invoice_number","text":"INVI048","estimatedAccuracy":0.9910049438421189,"begin":101},{"score":0.7194244809484801,"end":741,"tag":"product","text":"Very long product description that occupies more than 1 line - in fact. it occupies 2 lines","estimatedAccuracy":0.9706931936990422,"begin":646},{"score":0.815366576533946,"end":754,"tag":"quantity","text":"1.00","estimatedAccuracy":1.0,"begin":753},{"score":0.8550033487489188,"end":772,"tag":"price","text":"199.99","estimatedAccuracy":0.994535519125683,"begin":766},{"score":0.5538278937243316,"end":839,"tag":"product","text":"line product description","estimatedAccuracy":0.8780487804878049,"begin":815},{"score":0.7312038312960792,"end":852,"tag":"quantity","text":"2.00","estimatedAccuracy":1.0,"begin":851},{"score":0.4898448953616587,"end":867,"tag":"price","text":"420.00","estimatedAccuracy":0.898020231044844,"begin":864},{"score":0.6039319320628168,"end":870,"tag":"price","text":"00.00","estimatedAccuracy":0.9303848796552469,"begin":868}],"group":"invoice_date|invoice_number|price|product|quantity|supplier_name"}