{"finalScore":0.5901307513680984,"metaInfo":{"model":{"coreVersion":"9.3.0.9"}},"sumScore":10.622353524625773,"tagsCounter":18.0,"taggedText":"\u003chtml\u003e\u003chead\u003e\u003cscript src\u003d\"https://ajax.googleapis.com/ajax/libs/jquery/2.2.0/jquery.min.js\"\u003e\u003c/script\u003e\u003c/head\u003e\u003cbody\u003e\u003cdocument languages\u003d\"\" producer\u003d\"Workfusion\" schemalocation\u003d\"http://ocr.crowdcomputingsystems.com/xml/schema-v1.xml\" version\u003d\"1.0\" xmlns\u003d\"http://ocr.crowdcomputingsystems.com/xml/schema-v1.xml\" xsi\u003d\"http://www.w3.org/2001/XMLSchema-instance\"\u003e \u003clink href\u003d\"https://s3.amazonaws.com/workfusion-resources/ocr/ocr-xml-viewer-0.3-scale-to-width.css\" rel\u003d\"stylesheet\" type\u003d\"text/css\"\u003e\u003c/link\u003e \u003cstyle\u003e\u003c/style\u003e\u003cpage data-pages\u003d\"1\" h\u003d\"800\" resolution\u003d\"96\" style\u003d\"height: 1044px;\" w\u003d\"620\"\u003e \u003cblock b\u003d\"44\" blockname\u003d\"\" blocktype\u003d\"Text\" l\u003d\"414\" r\u003d\"447\" style\u003d\"transform: translate(925px, 43px); position: absolute; width: 73.7177px; height: 16.25px;\" t\u003d\"32\"\u003e \u003cregion\u003e \u003crect b\u003d\"44\" l\u003d\"414\" r\u003d\"447\" t\u003d\"32\"\u003e\u003c/rect\u003e  \u003c/region\u003e  \u003ctext\u003e \u003cpar linespacing\u003d\"530\"\u003e \u003cline b\u003d\"41\" baseline\u003d\"40\" l\u003d\"415\" r\u003d\"444\" style\u003d\"transform: translate(2px, 1px); position: absolute;\" t\u003d\"33\"\u003e \u003cformatting lang\u003d\"EnglishUnitedStates\"\u003e Reg No: \u003c/formatting\u003e  \u003c/line\u003e  \u003c/par\u003e  \u003c/text\u003e  \u003c/block\u003e  \u003cblock b\u003d\"42\" blockname\u003d\"\" blocktype\u003d\"Text\" l\u003d\"481\" r\u003d\"536\" style\u003d\"transform: translate(1074px, 43px); position: absolute; width: 122.863px; height: 13.5417px;\" t\u003d\"32\"\u003e \u003cregion\u003e \u003crect b\u003d\"42\" l\u003d\"481\" r\u003d\"536\" t\u003d\"32\"\u003e\u003c/rect\u003e  \u003c/region\u003e  \u003ctext\u003e \u003cpar linespacing\u003d\"450\"\u003e \u003cline b\u003d\"39\" baseline\u003d\"39\" l\u003d\"482\" r\u003d\"533\" style\u003d\"transform: translate(2px, 1px); position: absolute;\" t\u003d\"33\"\u003e \u003cformatting lang\u003d\"EnglishUnitedStates\"\u003e 74-2999212 \u003c/formatting\u003e  \u003c/line\u003e  \u003c/par\u003e  \u003c/text\u003e  \u003c/block\u003e  \u003cblock b\u003d\"101\" blockname\u003d\"\" blocktype\u003d\"Text\" l\u003d\"37\" r\u003d\"134\" style\u003d\"transform: translate(83px, 69px); position: absolute; width: 216.685px; height: 67.7083px;\" t\u003d\"51\"\u003e \u003cregion\u003e \u003crect b\u003d\"101\" l\u003d\"37\" r\u003d\"134\" t\u003d\"51\"\u003e\u003c/rect\u003e  \u003c/region\u003e  \u003ctext\u003e \u003cpar linespacing\u003d\"2480\"\u003e \u003cline b\u003d\"96\" baseline\u003d\"85\" l\u003d\"39\" r\u003d\"131\" style\u003d\"transform: translate(4px, 1px); position: absolute;\" t\u003d\"52\"\u003e \u003cformatting lang\u003d\"EnglishUnitedStates\"\u003e QfcCube \u003c/formatting\u003e  \u003c/line\u003e  \u003c/par\u003e  \u003c/text\u003e  \u003c/block\u003e  \u003cblock b\u003d\"133\" blockname\u003d\"\" blocktype\u003d\"Text\" l\u003d\"140\" r\u003d\"271\" style\u003d\"transform: translate(313px, 43px); position: absolute; width: 292.637px; height: 136.771px;\" t\u003d\"32\"\u003e \u003cregion\u003e \u003crect b\u003d\"133\" l\u003d\"140\" r\u003d\"271\" t\u003d\"32\"\u003e\u003c/rect\u003e  \u003c/region\u003e  \u003ctext\u003e \u003cpar linespacing\u003d\"975\"\u003e \u003cline b\u003d\"40\" baseline\u003d\"39\" l\u003d\"142\" r\u003d\"194\" style\u003d\"transform: translate(4px, 1px); position: absolute;\" t\u003d\"33\"\u003e \u003cformatting lang\u003d\"EnglishUnitedStates\"\u003e Cgayw Cube Inc \u003c/formatting\u003e  \u003c/line\u003e  \u003c/par\u003e  \u003cpar linespacing\u003d\"975\" rightindent\u003d\"5200\"\u003e \u003cline b\u003d\"53\" baseline\u003d\"52\" l\u003d\"141\" r\u003d\"202\" style\u003d\"transform: translate(2px, 19px); position: absolute;\" t\u003d\"46\"\u003e \u003cformatting lang\u003d\"EnglishUnitedStates\"\u003e 3S3 Fiancisco 9 \u003c/formatting\u003e  \u003c/line\u003e  \u003cline b\u003d\"65\" baseline\u003d\"65\" l\u003d\"141\" r\u003d\"192\" style\u003d\"transform: translate(2px, 37px); position: absolute;\" t\u003d\"59\"\u003e \u003cformatting lang\u003d\"EnglishUnitedStates\"\u003e San Francisco \u003c/formatting\u003e  \u003c/line\u003e  \u003cline b\u003d\"79\" baseline\u003d\"79\" l\u003d\"141\" r\u003d\"176\" style\u003d\"transform: translate(2px, 54px); position: absolute;\" t\u003d\"72\"\u003e \u003cformatting lang\u003d\"EnglishUnitedStates\"\u003e CA 94133 \u003c/formatting\u003e  \u003c/line\u003e  \u003cline b\u003d\"92\" baseline\u003d\"91\" l\u003d\"142\" r\u003d\"151\" style\u003d\"transform: translate(4px, 72px); position: absolute;\" t\u003d\"85\"\u003e \u003cformatting lang\u003d\"EnglishUnitedStates\"\u003e US \u003c/formatting\u003e  \u003c/line\u003e  \u003c/par\u003e  \u003cpar align\u003d\"Justified\" linespacing\u003d\"975\"\u003e \u003cline b\u003d\"104\" baseline\u003d\"104\" l\u003d\"142\" r\u003d\"268\" style\u003d\"transform: translate(4px, 89px); position: absolute;\" t\u003d\"98\"\u003e \u003cformatting lang\u003d\"EnglishUnitedStates\"\u003e Phcne: Fax: \u003c/formatting\u003e  \u003c/line\u003e  \u003c/par\u003e  \u003cpar align\u003d\"Justified\" linespacing\u003d\"975\"\u003e \u003cline b\u003d\"118\" baseline\u003d\"117\" l\u003d\"142\" r\u003d\"258\" style\u003d\"transform: translate(4px, 107px); position: absolute;\" t\u003d\"111\"\u003e \u003cformatting lang\u003d\"EnglishUnitedStates\"\u003e EmaJ: admif\u0026gt;9xiraubexom \u003c/formatting\u003e  \u003c/line\u003e  \u003c/par\u003e  \u003cpar align\u003d\"Justified\" linespacing\u003d\"975\"\u003e \u003cline b\u003d\"131\" baseline\u003d\"130\" l\u003d\"141\" r\u003d\"249\" style\u003d\"transform: translate(2px, 125px); position: absolute;\" t\u003d\"124\"\u003e \u003cformatting lang\u003d\"EnglishUnitedStates\"\u003e Website: wwvi.xieraibexom \u003c/formatting\u003e  \u003c/line\u003e  \u003c/par\u003e  \u003c/text\u003e  \u003c/block\u003e  \u003cblock b\u003d\"232\" blockname\u003d\"\" blocktype\u003d\"Text\" l\u003d\"35\" r\u003d\"195\" style\u003d\"transform: translate(78px, 214px); position: absolute; width: 357.419px; height: 100.208px;\" t\u003d\"158\"\u003e \u003cregion\u003e \u003crect b\u003d\"232\" l\u003d\"35\" r\u003d\"195\" t\u003d\"158\"\u003e\u003c/rect\u003e  \u003c/region\u003e  \u003ctext\u003e \u003cpar linespacing\u003d\"900\"\u003e \u003cline b\u003d\"166\" baseline\u003d\"166\" l\u003d\"36\" r\u003d\"48\" style\u003d\"transform: translate(2px, 1px); position: absolute;\" t\u003d\"159\"\u003e \u003cformatting lang\u003d\"EnglishUnitedStates\"\u003e To: \u003c/formatting\u003e  \u003c/line\u003e  \u003c/par\u003e  \u003cpar linespacing\u003d\"900\"\u003e \u003cline b\u003d\"179\" baseline\u003d\"179\" l\u003d\"36\" r\u003d\"61\" style\u003d\"transform: translate(2px, 19px); position: absolute;\" t\u003d\"172\"\u003e \u003cformatting lang\u003d\"EnglishUnitedStates\"\u003e Jafaba \u003c/formatting\u003e  \u003c/line\u003e  \u003c/par\u003e  \u003cpar linespacing\u003d\"900\"\u003e \u003cline b\u003d\"193\" baseline\u003d\"191\" l\u003d\"37\" r\u003d\"109\" style\u003d\"transform: translate(4px, 37px); position: absolute;\" t\u003d\"185\"\u003e \u003cformatting lang\u003d\"EnglishUnitedStates\"\u003e Bjsjkiw Computing \u003c/formatting\u003e  \u003c/line\u003e  \u003c/par\u003e  \u003cpar linespacing\u003d\"900\" rightindent\u003d\"29400\"\u003e \u003cline b\u003d\"205\" baseline\u003d\"203\" l\u003d\"37\" r\u003d\"192\" style\u003d\"transform: translate(4px, 53px); position: absolute;\" t\u003d\"197\"\u003e \u003cformatting lang\u003d\"EnglishUnitedStates\"\u003e Summit Place Shopping Center Urlt *288 \u003c/formatting\u003e  \u003c/line\u003e  \u003cline b\u003d\"217\" baseline\u003d\"217\" l\u003d\"37\" r\u003d\"122\" style\u003d\"transform: translate(4px, 70px); position: absolute;\" t\u003d\"210\"\u003e \u003cformatting lang\u003d\"EnglishUnitedStates\"\u003e SiVertJlOfl\u0026raquo;, CO 80498 \u003c/formatting\u003e  \u003c/line\u003e  \u003cline b\u003d\"229\" baseline\u003d\"229\" l\u003d\"37\" r\u003d\"47\" style\u003d\"transform: translate(4px, 88px); position: absolute;\" t\u003d\"223\"\u003e \u003cformatting lang\u003d\"EnglishUnitedStates\"\u003e US \u003c/formatting\u003e  \u003c/line\u003e  \u003c/par\u003e  \u003c/text\u003e  \u003c/block\u003e  \u003cblock b\u003d\"135\" blockname\u003d\"\" blocktype\u003d\"Text\" l\u003d\"414\" r\u003d\"474\" style\u003d\"transform: translate(925px, 148px); position: absolute; width: 134.032px; height: 35.2083px;\" t\u003d\"109\"\u003e \u003cregion\u003e \u003crect b\u003d\"135\" l\u003d\"414\" r\u003d\"474\" t\u003d\"109\"\u003e\u003c/rect\u003e  \u003c/region\u003e  \u003ctext\u003e \u003cpar linespacing\u003d\"450\"\u003e \u003cline b\u003d\"117\" baseline\u003d\"117\" l\u003d\"415\" r\u003d\"436\" style\u003d\"transform: translate(2px, 3px); position: absolute;\" t\u003d\"111\"\u003e \u003cformatting lang\u003d\"EnglishUnitedStates\"\u003e Coder \u003c/formatting\u003e  \u003c/line\u003e  \u003c/par\u003e  \u003cpar linespacing\u003d\"450\"\u003e \u003cline b\u003d\"132\" baseline\u003d\"130\" l\u003d\"415\" r\u003d\"471\" style\u003d\"transform: translate(2px, 20px); position: absolute;\" t\u003d\"124\"\u003e \u003cformatting lang\u003d\"EnglishUnitedStates\"\u003e Oirrency Coder \u003c/formatting\u003e  \u003c/line\u003e  \u003c/par\u003e  \u003c/text\u003e  \u003c/block\u003e  \u003cblock b\u003d\"133\" blockname\u003d\"\" blocktype\u003d\"Text\" l\u003d\"481\" r\u003d\"544\" style\u003d\"transform: translate(1074px, 149px); position: absolute; width: 140.734px; height: 31.1458px;\" t\u003d\"110\"\u003e \u003cregion\u003e \u003crect b\u003d\"133\" l\u003d\"481\" r\u003d\"544\" t\u003d\"110\"\u003e\u003c/rect\u003e  \u003c/region\u003e  \u003ctext\u003e \u003cpar align\u003d\"Justified\" linespacing\u003d\"975\"\u003e \u003cline b\u003d\"117\" baseline\u003d\"117\" l\u003d\"482\" r\u003d\"541\" style\u003d\"transform: translate(2px, 1px); position: absolute;\" t\u003d\"111\"\u003e \u003cformatting lang\u003d\"EnglishUnitedStates\"\u003e POl2.03.0005 \u003c/formatting\u003e  \u003c/line\u003e  \u003cline b\u003d\"130\" baseline\u003d\"130\" l\u003d\"482\" r\u003d\"499\" style\u003d\"transform: translate(2px, 19px); position: absolute;\" t\u003d\"124\"\u003e \u003cformatting lang\u003d\"EnglishUnitedStates\"\u003e USD \u003c/formatting\u003e  \u003c/line\u003e  \u003c/par\u003e  \u003c/text\u003e  \u003c/block\u003e  \u003cblock b\u003d\"152\" blockname\u003d\"\" blocktype\u003d\"Text\" l\u003d\"373\" r\u003d\"470\" style\u003d\"transform: translate(833px, 187px); position: absolute; width: 216.685px; height: 18.9583px;\" t\u003d\"138\"\u003e \u003cregion\u003e \u003crect b\u003d\"152\" l\u003d\"373\" r\u003d\"470\" t\u003d\"138\"\u003e\u003c/rect\u003e  \u003c/region\u003e  \u003ctext\u003e \u003cpar linespacing\u003d\"750\"\u003e \u003cline b\u003d\"149\" baseline\u003d\"149\" l\u003d\"374\" r\u003d\"467\" style\u003d\"transform: translate(2px, 1px); position: absolute;\" t\u003d\"139\"\u003e \u003cformatting lang\u003d\"EnglishUnitedStates\"\u003e Purchase Order \u003c/formatting\u003e  \u003c/line\u003e  \u003c/par\u003e  \u003c/text\u003e  \u003c/block\u003e  \u003cblock b\u003d\"319\" blockname\u003d\"\" blocktype\u003d\"Text\" l\u003d\"33\" r\u003d\"584\" style\u003d\"transform: translate(74px, 336px); position: absolute; width: 1230.86px; height: 96.1458px;\" t\u003d\"248\"\u003e \u003cregion\u003e \u003crect b\u003d\"319\" l\u003d\"33\" r\u003d\"584\" t\u003d\"248\"\u003e\u003c/rect\u003e  \u003c/region\u003e  \u003ctext\u003e \u003cpar linespacing\u003d\"450\"\u003e \u003cline b\u003d\"268\" baseline\u003d\"268\" l\u003d\"36\" r\u003d\"65\" style\u003d\"transform: translate(7px, 19px); position: absolute;\" t\u003d\"262\"\u003e \u003cformatting lang\u003d\"EnglishUnitedStates\"\u003e Tax No: \u003c/formatting\u003e  \u003c/line\u003e  \u003c/par\u003e  \u003cpar align\u003d\"Justified\" leftindent\u003d\"3000\" linespacing\u003d\"1350\"\u003e \u003cline b\u003d\"298\" baseline\u003d\"291\" l\u003d\"73\" r\u003d\"579\" style\u003d\"transform: translate(89px, 45px); position: absolute;\" t\u003d\"281\"\u003e \u003cformatting lang\u003d\"EnglishUnitedStates\"\u003e I \u003cinvoice_date begin\u003d\"593\" class\u003d\"extraction-tag ml-tag\" data-text\u003d\"21-Mar-2012\" data-value\u003d\"03/21/2012\" end\u003d\"604\" estimated-accuracy\u003d\"0.9696969696969697\" ml-tagorder\u003d\"0\" score\u003d\"0.5587353657150577\" style\u003d\"border: 2px solid rgb(125, 157, 1);\" tagorder\u003d\"0\"\u003e21-Mar-2012\u003c/invoice_date\u003eǀ Payment Terms160 Days \u003c/formatting\u003e  \u003c/line\u003e  \u003cline b\u003d\"316\" baseline\u003d\"310\" l\u003d\"73\" r\u003d\"579\" style\u003d\"transform: translate(89px, 69px); position: absolute;\" t\u003d\"299\"\u003e \u003cformatting lang\u003d\"EnglishUnitedStates\"\u003e DateI 21-Mar-2012[SMppIng TermspF \u003c/formatting\u003e  \u003c/line\u003e  \u003c/par\u003e  \u003c/text\u003e  \u003c/block\u003e  \u003cregion xmlns\u003d\"http://ocr.crowdcomputingsystems.com/xml/schema-v1.xml\"\u003e \u003crect b\u003d\"544\" l\u003d\"36\" r\u003d\"582\" t\u003d\"319\"\u003e\u003c/rect\u003e  \u003c/region\u003e \u003ctable b\u003d\"544\" blockname\u003d\"\" blocktype\u003d\"Table\" l\u003d\"36\" r\u003d\"582\" style\u003d\"transform: translate(80px, 432px); position: absolute; user-select: auto;\" t\u003d\"319\" xmlns\u003d\"\"\u003e \u003ctbody\u003e\u003ctr\u003e \u003ctd h\u003d\"17\" w\u003d\"33\"\u003e \u003ctext xmlns\u003d\"http://ocr.crowdcomputingsystems.com/xml/schema-v1.xml\"\u003e \u003cpar leftindent\u003d\"800\" linespacing\u003d\"450\"\u003e \u003cline b\u003d\"329\" baseline\u003d\"329\" l\u003d\"47\" r\u003d\"58\" t\u003d\"323\"\u003e \u003cformatting lang\u003d\"EnglishUnitedStates\"\u003e No. \u003c/formatting\u003e  \u003c/line\u003e  \u003c/par\u003e  \u003c/text\u003e  \u003c/td\u003e   \u003ctd h\u003d\"17\" w\u003d\"62\"\u003e \u003ctext xmlns\u003d\"http://ocr.crowdcomputingsystems.com/xml/schema-v1.xml\"\u003e \u003cpar linespacing\u003d\"450\"\u003e \u003cline b\u003d\"330\" baseline\u003d\"329\" l\u003d\"74\" r\u003d\"112\" t\u003d\"323\"\u003e \u003cformatting lang\u003d\"EnglishUnitedStates\"\u003e Hem Code \u003c/formatting\u003e  \u003c/line\u003e  \u003c/par\u003e  \u003c/text\u003e  \u003c/td\u003e   \u003ctd h\u003d\"17\" w\u003d\"192\"\u003e \u003ctext xmlns\u003d\"http://ocr.crowdcomputingsystems.com/xml/schema-v1.xml\"\u003e \u003cpar linespacing\u003d\"450\"\u003e \u003cline b\u003d\"331\" baseline\u003d\"329\" l\u003d\"134\" r\u003d\"174\" t\u003d\"323\"\u003e \u003cformatting lang\u003d\"EnglishUnitedStates\"\u003e CescripOcxi \u003c/formatting\u003e  \u003c/line\u003e  \u003c/par\u003e  \u003c/text\u003e  \u003c/td\u003e   \u003ctd h\u003d\"17\" w\u003d\"64\"\u003e \u003ctext xmlns\u003d\"http://ocr.crowdcomputingsystems.com/xml/schema-v1.xml\"\u003e \u003cpar align\u003d\"Center\" linespacing\u003d\"450\" rightindent\u003d\"100\"\u003e \u003cline b\u003d\"329\" baseline\u003d\"329\" l\u003d\"338\" r\u003d\"373\" t\u003d\"323\"\u003e \u003cformatting lang\u003d\"EnglishUnitedStates\"\u003e Unit Price \u003c/formatting\u003e  \u003c/line\u003e  \u003c/par\u003e  \u003c/text\u003e  \u003c/td\u003e   \u003ctd h\u003d\"17\" w\u003d\"67\"\u003e \u003ctext xmlns\u003d\"http://ocr.crowdcomputingsystems.com/xml/schema-v1.xml\"\u003e \u003cpar align\u003d\"Center\" leftindent\u003d\"200\" linespacing\u003d\"450\"\u003e \u003cline b\u003d\"331\" baseline\u003d\"329\" l\u003d\"404\" r\u003d\"435\" t\u003d\"323\"\u003e \u003cformatting lang\u003d\"EnglishUnitedStates\"\u003e Quantity \u003c/formatting\u003e  \u003c/line\u003e  \u003c/par\u003e  \u003c/text\u003e  \u003c/td\u003e   \u003ctd h\u003d\"17\" w\u003d\"64\"\u003e \u003ctext xmlns\u003d\"http://ocr.crowdcomputingsystems.com/xml/schema-v1.xml\"\u003e \u003cpar align\u003d\"Center\" linespacing\u003d\"450\" rightindent\u003d\"100\"\u003e \u003cline b\u003d\"330\" baseline\u003d\"329\" l\u003d\"471\" r\u003d\"502\" t\u003d\"323\"\u003e \u003cformatting lang\u003d\"EnglishUnitedStates\"\u003e Discount \u003c/formatting\u003e  \u003c/line\u003e  \u003c/par\u003e  \u003c/text\u003e  \u003c/td\u003e   \u003ctd h\u003d\"17\" w\u003d\"64\"\u003e \u003ctext xmlns\u003d\"http://ocr.crowdcomputingsystems.com/xml/schema-v1.xml\"\u003e \u003cpar align\u003d\"Center\" linespacing\u003d\"450\"\u003e \u003cline b\u003d\"329\" baseline\u003d\"329\" l\u003d\"535\" r\u003d\"564\" t\u003d\"323\"\u003e \u003cformatting lang\u003d\"EnglishUnitedStates\"\u003e Amount \u003c/formatting\u003e  \u003c/line\u003e  \u003c/par\u003e  \u003c/text\u003e  \u003c/td\u003e   \u003c/tr\u003e \n \u003ctr\u003e \u003ctd bottomborder\u003d\"White\" h\u003d\"32\" w\u003d\"33\"\u003e \u003ctext xmlns\u003d\"http://ocr.crowdcomputingsystems.com/xml/schema-v1.xml\"\u003e \u003cpar align\u003d\"Center\" linespacing\u003d\"530\"\u003e \u003cline b\u003d\"352\" baseline\u003d\"353\" l\u003d\"51\" r\u003d\"54\" t\u003d\"346\"\u003e \u003cformatting lang\u003d\"EnglishUnitedStates\"\u003e 1 \u003c/formatting\u003e  \u003c/line\u003e  \u003c/par\u003e  \u003c/text\u003e  \u003c/td\u003e   \u003ctd bottomborder\u003d\"White\" h\u003d\"32\" w\u003d\"62\"\u003e \u003ctext xmlns\u003d\"http://ocr.crowdcomputingsystems.com/xml/schema-v1.xml\"\u003e \u003cpar linespacing\u003d\"450\"\u003e \u003cline b\u003d\"352\" baseline\u003d\"352\" l\u003d\"74\" r\u003d\"109\" t\u003d\"346\"\u003e \u003cformatting lang\u003d\"EnglishUnitedStates\"\u003e INVOOOOS \u003c/formatting\u003e  \u003c/line\u003e  \u003c/par\u003e  \u003c/text\u003e  \u003c/td\u003e   \u003ctd bottomborder\u003d\"White\" h\u003d\"32\" w\u003d\"192\"\u003e \u003ctext xmlns\u003d\"http://ocr.crowdcomputingsystems.com/xml/schema-v1.xml\"\u003e \u003cpar linespacing\u003d\"750\"\u003e \u003cline b\u003d\"354\" baseline\u003d\"352\" l\u003d\"134\" r\u003d\"283\" t\u003d\"346\"\u003e190!mAh Slim Battery Charging Case foe\u003c/line\u003e  \u003cline b\u003d\"363\" baseline\u003d\"362\" l\u003d\"134\" r\u003d\"175\" t\u003d\"356\"\u003eiPhone4/4S\u003c/line\u003e  \u003c/par\u003e  \u003c/text\u003e  \u003c/td\u003e   \u003ctd bottomborder\u003d\"White\" h\u003d\"32\" w\u003d\"64\"\u003e \u003ctext xmlns\u003d\"http://ocr.crowdcomputingsystems.com/xml/schema-v1.xml\"\u003e \u003cpar align\u003d\"Center\" linespacing\u003d\"450\" rightindent\u003d\"100\"\u003e \u003cline b\u003d\"352\" baseline\u003d\"352\" l\u003d\"346\" r\u003d\"365\" t\u003d\"346\"\u003e\u003cprice begin\u003d\"969\" class\u003d\"extraction-tag ml-tag\" data-text\u003d\"15.00\" data-value\u003d\"15.00\" end\u003d\"974\" estimated-accuracy\u003d\"0.994535519125683\" ml-tagorder\u003d\"1\" score\u003d\"0.7845498284782179\" style\u003d\"border: 2px solid rgb(125, 157, 1);\" tagorder\u003d\"1\"\u003e15.00\u003c/price\u003e\u003c/line\u003e  \u003c/par\u003e  \u003c/text\u003e  \u003c/td\u003e   \u003ctd bottomborder\u003d\"White\" h\u003d\"32\" w\u003d\"67\"\u003e \u003ctext xmlns\u003d\"http://ocr.crowdcomputingsystems.com/xml/schema-v1.xml\"\u003e \u003cpar linespacing\u003d\"450\"\u003e \u003cline b\u003d\"352\" baseline\u003d\"352\" l\u003d\"391\" r\u003d\"433\" t\u003d\"346\"\u003eIC\u003cquantity begin\u003d\"988\" class\u003d\"extraction-tag ml-tag\" data-text\u003d\"O\" data-value\u003d\"0.00\" end\u003d\"989\" estimated-accuracy\u003d\"0.9394799650411275\" ml-tagorder\u003d\"2\" score\u003d\"0.508759838965476\" style\u003d\"border: 2px solid rgb(125, 157, 1);\" tagorder\u003d\"2\"\u003eO\u003c/quantity\u003e \u003cquantity begin\u003d\"990\" class\u003d\"extraction-tag ml-tag\" data-text\u003d\".00\" data-value\u003d\"0.00\" end\u003d\"993\" estimated-accuracy\u003d\"0.9970511962984747\" ml-tagorder\u003d\"3\" score\u003d\"0.6276777408771371\" style\u003d\"border: 2px solid rgb(125, 157, 1);\" tagorder\u003d\"3\"\u003e.00\u003c/quantity\u003e PC\u003cquantity begin\u003d\"996\" class\u003d\"extraction-tag ml-tag\" data-text\u003d\"S\" data-value\u003d\"S.00\" end\u003d\"997\" estimated-accuracy\u003d\"0.9620135310656205\" ml-tagorder\u003d\"4\" score\u003d\"0.5407185806539765\" style\u003d\"border: 2px solid rgb(125, 157, 1);\" tagorder\u003d\"4\"\u003eS\u003c/quantity\u003e\u003c/line\u003e  \u003c/par\u003e  \u003c/text\u003e  \u003c/td\u003e   \u003ctd bottomborder\u003d\"White\" h\u003d\"32\" w\u003d\"64\"\u003e \u003ctext xmlns\u003d\"http://ocr.crowdcomputingsystems.com/xml/schema-v1.xml\"\u003e \u003cpar align\u003d\"Center\" linespacing\u003d\"450\" rightindent\u003d\"100\"\u003e \u003cline b\u003d\"352\" baseline\u003d\"352\" l\u003d\"479\" r\u003d\"495\" t\u003d\"346\"\u003e \u003cformatting lang\u003d\"EnglishUnitedStates\"\u003e \u003cprice begin\u003d\"1011\" class\u003d\"extraction-tag ml-tag\" data-text\u003d\"0.00\" data-value\u003d\"0.00\" end\u003d\"1015\" estimated-accuracy\u003d\"0.994535519125683\" ml-tagorder\u003d\"5\" score\u003d\"0.7906050551132473\" style\u003d\"border: 2px solid rgb(125, 157, 1);\" tagorder\u003d\"5\"\u003e0.00\u003c/price\u003e \u003c/formatting\u003e  \u003c/line\u003e  \u003c/par\u003e  \u003c/text\u003e  \u003c/td\u003e   \u003ctd bottomborder\u003d\"White\" h\u003d\"32\" w\u003d\"64\"\u003e \u003ctext xmlns\u003d\"http://ocr.crowdcomputingsystems.com/xml/schema-v1.xml\"\u003e \u003cpar align\u003d\"Center\" linespacing\u003d\"450\"\u003e \u003cline b\u003d\"354\" baseline\u003d\"352\" l\u003d\"534\" r\u003d\"566\" t\u003d\"346\"\u003e \u003cformatting lang\u003d\"EnglishUnitedStates\"\u003e 1,500.00 \u003c/formatting\u003e  \u003c/line\u003e  \u003c/par\u003e  \u003c/text\u003e  \u003c/td\u003e   \u003c/tr\u003e \n \u003ctr\u003e \u003ctd bottomborder\u003d\"White\" h\u003d\"24\" topborder\u003d\"White\" w\u003d\"33\"\u003e \u003ctext xmlns\u003d\"http://ocr.crowdcomputingsystems.com/xml/schema-v1.xml\"\u003e \u003cpar align\u003d\"Center\" linespacing\u003d\"450\"\u003e \u003cline b\u003d\"378\" baseline\u003d\"378\" l\u003d\"51\" r\u003d\"55\" t\u003d\"372\"\u003e \u003cformatting lang\u003d\"EnglishUnitedStates\"\u003e 2 \u003c/formatting\u003e  \u003c/line\u003e  \u003c/par\u003e  \u003c/text\u003e  \u003c/td\u003e   \u003ctd bottomborder\u003d\"White\" h\u003d\"24\" topborder\u003d\"White\" w\u003d\"62\"\u003e \u003ctext xmlns\u003d\"http://ocr.crowdcomputingsystems.com/xml/schema-v1.xml\"\u003e \u003cpar linespacing\u003d\"450\"\u003e \u003cline b\u003d\"378\" baseline\u003d\"378\" l\u003d\"74\" r\u003d\"110\" t\u003d\"372\"\u003e \u003cformatting lang\u003d\"EnglishUnitedStates\"\u003e INV00006 \u003c/formatting\u003e  \u003c/line\u003e  \u003c/par\u003e  \u003c/text\u003e  \u003c/td\u003e   \u003ctd bottomborder\u003d\"White\" h\u003d\"24\" topborder\u003d\"White\" w\u003d\"192\"\u003e \u003ctext xmlns\u003d\"http://ocr.crowdcomputingsystems.com/xml/schema-v1.xml\"\u003e \u003cpar linespacing\u003d\"450\"\u003e \u003cline b\u003d\"379\" baseline\u003d\"377\" l\u003d\"134\" r\u003d\"305\" t\u003d\"371\"\u003e2403mAh Sdar Powered Recharge\u0026laquo;*e Battery\u003c/line\u003e  \u003c/par\u003e  \u003cpar linespacing\u003d\"450\"\u003e \u003cline b\u003d\"388\" baseline\u003d\"387\" l\u003d\"134\" r\u003d\"219\" t\u003d\"381\"\u003ePack foe i Piece or iPod\u003c/line\u003e  \u003c/par\u003e  \u003c/text\u003e  \u003c/td\u003e   \u003ctd bottomborder\u003d\"White\" h\u003d\"24\" topborder\u003d\"White\" w\u003d\"64\"\u003e \u003ctext xmlns\u003d\"http://ocr.crowdcomputingsystems.com/xml/schema-v1.xml\"\u003e \u003cpar align\u003d\"Center\" linespacing\u003d\"450\" rightindent\u003d\"100\"\u003e \u003cline b\u003d\"379\" baseline\u003d\"378\" l\u003d\"346\" r\u003d\"365\" t\u003d\"372\"\u003e\u003cprice begin\u003d\"1183\" class\u003d\"extraction-tag ml-tag\" data-text\u003d\"12.00\" data-value\u003d\"12.00\" end\u003d\"1188\" estimated-accuracy\u003d\"0.9551020408163265\" ml-tagorder\u003d\"6\" score\u003d\"0.6704227057670876\" style\u003d\"border: 2px solid rgb(125, 157, 1);\" tagorder\u003d\"6\"\u003e12.00\u003c/price\u003e\u003c/line\u003e  \u003c/par\u003e  \u003c/text\u003e  \u003c/td\u003e   \u003ctd bottomborder\u003d\"White\" h\u003d\"24\" topborder\u003d\"White\" w\u003d\"67\"\u003e \u003ctext xmlns\u003d\"http://ocr.crowdcomputingsystems.com/xml/schema-v1.xml\"\u003e \u003cpar linespacing\u003d\"450\"\u003e \u003cline b\u003d\"378\" baseline\u003d\"378\" l\u003d\"391\" r\u003d\"432\" t\u003d\"372\"\u003e210.00 PCS\u003c/line\u003e  \u003c/par\u003e  \u003c/text\u003e  \u003c/td\u003e   \u003ctd bottomborder\u003d\"White\" h\u003d\"24\" topborder\u003d\"White\" w\u003d\"64\"\u003e \u003ctext xmlns\u003d\"http://ocr.crowdcomputingsystems.com/xml/schema-v1.xml\"\u003e \u003cpar align\u003d\"Center\" linespacing\u003d\"450\" rightindent\u003d\"100\"\u003e \u003cline b\u003d\"378\" baseline\u003d\"378\" l\u003d\"479\" r\u003d\"495\" t\u003d\"372\"\u003e \u003cformatting lang\u003d\"EnglishUnitedStates\"\u003e \u003cprice begin\u003d\"1224\" class\u003d\"extraction-tag ml-tag\" data-text\u003d\"0.00\" data-value\u003d\"0.00\" end\u003d\"1228\" estimated-accuracy\u003d\"0.9533133217639133\" ml-tagorder\u003d\"7\" score\u003d\"0.668045964500559\" style\u003d\"border: 2px solid rgb(125, 157, 1);\" tagorder\u003d\"7\"\u003e0.00\u003c/price\u003e \u003c/formatting\u003e  \u003c/line\u003e  \u003c/par\u003e  \u003c/text\u003e  \u003c/td\u003e   \u003ctd bottomborder\u003d\"White\" h\u003d\"24\" topborder\u003d\"White\" w\u003d\"64\"\u003e \u003ctext xmlns\u003d\"http://ocr.crowdcomputingsystems.com/xml/schema-v1.xml\"\u003e \u003cpar align\u003d\"Center\" linespacing\u003d\"450\"\u003e \u003cline b\u003d\"380\" baseline\u003d\"378\" l\u003d\"534\" r\u003d\"566\" t\u003d\"372\"\u003e \u003cformatting lang\u003d\"EnglishUnitedStates\"\u003e 2,400.00 \u003c/formatting\u003e  \u003c/line\u003e  \u003c/par\u003e  \u003c/text\u003e  \u003c/td\u003e   \u003c/tr\u003e \n \u003ctr\u003e \u003ctd bottomborder\u003d\"White\" h\u003d\"19\" topborder\u003d\"White\" w\u003d\"33\"\u003e \u003ctext xmlns\u003d\"http://ocr.crowdcomputingsystems.com/xml/schema-v1.xml\"\u003e \u003cpar align\u003d\"Center\" linespacing\u003d\"530\"\u003e \u003cline b\u003d\"404\" baseline\u003d\"404\" l\u003d\"50\" r\u003d\"55\" t\u003d\"397\"\u003e \u003cformatting lang\u003d\"EnglishUnitedStates\"\u003e 3 \u003c/formatting\u003e  \u003c/line\u003e  \u003c/par\u003e  \u003c/text\u003e  \u003c/td\u003e   \u003ctd bottomborder\u003d\"White\" h\u003d\"19\" topborder\u003d\"White\" w\u003d\"62\"\u003e \u003ctext xmlns\u003d\"http://ocr.crowdcomputingsystems.com/xml/schema-v1.xml\"\u003e \u003cpar linespacing\u003d\"450\"\u003e \u003cline b\u003d\"403\" baseline\u003d\"403\" l\u003d\"74\" r\u003d\"110\" t\u003d\"397\"\u003e \u003cformatting lang\u003d\"EnglishUnitedStates\"\u003e \u003cproduct begin\u003d\"1292\" class\u003d\"extraction-tag ml-tag\" data-text\u003d\"INV00002\" data-value\u003d\"INV00002 APPLE IPAD CASING - BLACK\" end\u003d\"1340\" estimated-accuracy\u003d\"0.8355823305843867\" ml-tagorder\u003d\"17\" score\u003d\"0.5017573286607611\" style\u003d\"border: 2px solid rgb(125, 157, 1);\" tagorder\u003d\"17\"\u003eINV00002 \u003c/product\u003e\u003c/formatting\u003e\u003cproduct begin\u003d\"1292\" class\u003d\"extraction-tag ml-tag\" data-text\u003d\"INV00002\" data-value\u003d\"INV00002 APPLE IPAD CASING - BLACK\" end\u003d\"1340\" estimated-accuracy\u003d\"0.8355823305843867\" ml-tagorder\u003d\"17\" score\u003d\"0.5017573286607611\" style\u003d\"border: 2px solid rgb(125, 157, 1);\" tagorder\u003d\"17\"\u003e  \u003c/product\u003e\u003c/line\u003e\u003cproduct begin\u003d\"1292\" class\u003d\"extraction-tag ml-tag\" data-text\u003d\"INV00002\" data-value\u003d\"INV00002 APPLE IPAD CASING - BLACK\" end\u003d\"1340\" estimated-accuracy\u003d\"0.8355823305843867\" ml-tagorder\u003d\"17\" score\u003d\"0.5017573286607611\" style\u003d\"border: 2px solid rgb(125, 157, 1);\" tagorder\u003d\"17\"\u003e  \u003c/product\u003e\u003c/par\u003e\u003cproduct begin\u003d\"1292\" class\u003d\"extraction-tag ml-tag\" data-text\u003d\"INV00002\" data-value\u003d\"INV00002 APPLE IPAD CASING - BLACK\" end\u003d\"1340\" estimated-accuracy\u003d\"0.8355823305843867\" ml-tagorder\u003d\"17\" score\u003d\"0.5017573286607611\" style\u003d\"border: 2px solid rgb(125, 157, 1);\" tagorder\u003d\"17\"\u003e  \u003c/product\u003e\u003c/text\u003e\u003cproduct begin\u003d\"1292\" class\u003d\"extraction-tag ml-tag\" data-text\u003d\"INV00002\" data-value\u003d\"INV00002 APPLE IPAD CASING - BLACK\" end\u003d\"1340\" estimated-accuracy\u003d\"0.8355823305843867\" ml-tagorder\u003d\"17\" score\u003d\"0.5017573286607611\" style\u003d\"border: 2px solid rgb(125, 157, 1);\" tagorder\u003d\"17\"\u003e  \u003c/product\u003e\u003c/td\u003e\u003cproduct begin\u003d\"1292\" class\u003d\"extraction-tag ml-tag\" data-text\u003d\"INV00002\" data-value\u003d\"INV00002 APPLE IPAD CASING - BLACK\" end\u003d\"1340\" estimated-accuracy\u003d\"0.8355823305843867\" ml-tagorder\u003d\"17\" score\u003d\"0.5017573286607611\" style\u003d\"border: 2px solid rgb(125, 157, 1);\" tagorder\u003d\"17\"\u003e   \u003c/product\u003e\u003ctd bottomborder\u003d\"White\" h\u003d\"19\" topborder\u003d\"White\" w\u003d\"192\"\u003e\u003cproduct begin\u003d\"1292\" class\u003d\"extraction-tag ml-tag\" data-text\u003d\"INV00002\" data-value\u003d\"INV00002 APPLE IPAD CASING - BLACK\" end\u003d\"1340\" estimated-accuracy\u003d\"0.8355823305843867\" ml-tagorder\u003d\"17\" score\u003d\"0.5017573286607611\" style\u003d\"border: 2px solid rgb(125, 157, 1);\" tagorder\u003d\"17\"\u003e \u003c/product\u003e\u003ctext xmlns\u003d\"http://ocr.crowdcomputingsystems.com/xml/schema-v1.xml\"\u003e\u003cproduct begin\u003d\"1292\" class\u003d\"extraction-tag ml-tag\" data-text\u003d\"INV00002\" data-value\u003d\"INV00002 APPLE IPAD CASING - BLACK\" end\u003d\"1340\" estimated-accuracy\u003d\"0.8355823305843867\" ml-tagorder\u003d\"17\" score\u003d\"0.5017573286607611\" style\u003d\"border: 2px solid rgb(125, 157, 1);\" tagorder\u003d\"17\"\u003e \u003c/product\u003e\u003cpar linespacing\u003d\"450\"\u003e\u003cproduct begin\u003d\"1292\" class\u003d\"extraction-tag ml-tag\" data-text\u003d\"INV00002\" data-value\u003d\"INV00002 APPLE IPAD CASING - BLACK\" end\u003d\"1340\" estimated-accuracy\u003d\"0.8355823305843867\" ml-tagorder\u003d\"17\" score\u003d\"0.5017573286607611\" style\u003d\"border: 2px solid rgb(125, 157, 1);\" tagorder\u003d\"17\"\u003e \u003c/product\u003e\u003cline b\u003d\"404\" baseline\u003d\"403\" l\u003d\"134\" r\u003d\"241\" t\u003d\"397\"\u003e\u003cproduct begin\u003d\"1292\" class\u003d\"extraction-tag ml-tag\" data-text\u003d\"INV00002\" data-value\u003d\"INV00002 APPLE IPAD CASING - BLACK\" end\u003d\"1340\" estimated-accuracy\u003d\"0.8355823305843867\" ml-tagorder\u003d\"17\" score\u003d\"0.5017573286607611\" style\u003d\"border: 2px solid rgb(125, 157, 1);\" tagorder\u003d\"17\"\u003eAPPLE IPAD CASING - BLACK\u003c/product\u003e\u003c/line\u003e  \u003c/par\u003e  \u003c/text\u003e  \u003c/td\u003e   \u003ctd bottomborder\u003d\"White\" h\u003d\"19\" topborder\u003d\"White\" w\u003d\"64\"\u003e \u003ctext xmlns\u003d\"http://ocr.crowdcomputingsystems.com/xml/schema-v1.xml\"\u003e \u003cpar align\u003d\"Center\" linespacing\u003d\"450\" rightindent\u003d\"100\"\u003e \u003cline b\u003d\"403\" baseline\u003d\"403\" l\u003d\"345\" r\u003d\"365\" t\u003d\"397\"\u003e\u003cprice begin\u003d\"1352\" class\u003d\"extraction-tag ml-tag\" data-text\u003d\"20.00\" data-value\u003d\"20.00\" end\u003d\"1357\" estimated-accuracy\u003d\"0.8924084008491355\" ml-tagorder\u003d\"8\" score\u003d\"0.4687239575532311\" style\u003d\"border: 2px solid rgb(125, 157, 1);\" tagorder\u003d\"8\"\u003e20.00\u003c/price\u003e\u003c/line\u003e  \u003c/par\u003e  \u003c/text\u003e  \u003c/td\u003e   \u003ctd bottomborder\u003d\"White\" h\u003d\"19\" topborder\u003d\"White\" w\u003d\"67\"\u003e \u003ctext xmlns\u003d\"http://ocr.crowdcomputingsystems.com/xml/schema-v1.xml\"\u003e \u003cpar linespacing\u003d\"450\"\u003e \u003cline b\u003d\"403\" baseline\u003d\"403\" l\u003d\"391\" r\u003d\"433\" t\u003d\"397\"\u003e2(0.00 PCS\u003c/line\u003e  \u003c/par\u003e  \u003c/text\u003e  \u003c/td\u003e   \u003ctd bottomborder\u003d\"White\" h\u003d\"19\" topborder\u003d\"White\" w\u003d\"64\"\u003e \u003ctext xmlns\u003d\"http://ocr.crowdcomputingsystems.com/xml/schema-v1.xml\"\u003e \u003cpar align\u003d\"Center\" linespacing\u003d\"450\" rightindent\u003d\"100\"\u003e \u003cline b\u003d\"404\" baseline\u003d\"403\" l\u003d\"479\" r\u003d\"495\" t\u003d\"397\"\u003e \u003cformatting lang\u003d\"EnglishUnitedStates\"\u003e \u003cprice begin\u003d\"1393\" class\u003d\"extraction-tag ml-tag\" data-text\u003d\"0.00\" data-value\u003d\"0.00\" end\u003d\"1397\" estimated-accuracy\u003d\"0.9851485148514851\" ml-tagorder\u003d\"9\" score\u003d\"0.7524826643951865\" style\u003d\"border: 2px solid rgb(125, 157, 1);\" tagorder\u003d\"9\"\u003e0.00\u003c/price\u003e \u003c/formatting\u003e  \u003c/line\u003e  \u003c/par\u003e  \u003c/text\u003e  \u003c/td\u003e   \u003ctd bottomborder\u003d\"White\" h\u003d\"19\" topborder\u003d\"White\" w\u003d\"64\"\u003e \u003ctext xmlns\u003d\"http://ocr.crowdcomputingsystems.com/xml/schema-v1.xml\"\u003e \u003cpar align\u003d\"Center\" linespacing\u003d\"450\"\u003e \u003cline b\u003d\"405\" baseline\u003d\"403\" l\u003d\"533\" r\u003d\"566\" t\u003d\"397\"\u003e \u003cformatting lang\u003d\"EnglishUnitedStates\"\u003e 4,000.00 \u003c/formatting\u003e  \u003c/line\u003e  \u003c/par\u003e  \u003c/text\u003e  \u003c/td\u003e   \u003c/tr\u003e \n \u003ctr\u003e \u003ctd bottomborder\u003d\"White\" h\u003d\"21\" topborder\u003d\"White\" w\u003d\"33\"\u003e \u003ctext xmlns\u003d\"http://ocr.crowdcomputingsystems.com/xml/schema-v1.xml\"\u003e \u003cpar align\u003d\"Center\" linespacing\u003d\"450\"\u003e \u003cline b\u003d\"424\" baseline\u003d\"424\" l\u003d\"50\" r\u003d\"55\" t\u003d\"418\"\u003e \u003cformatting lang\u003d\"EnglishUnitedStates\"\u003e 4 \u003c/formatting\u003e  \u003c/line\u003e  \u003c/par\u003e  \u003c/text\u003e  \u003c/td\u003e   \u003ctd bottomborder\u003d\"White\" h\u003d\"21\" topborder\u003d\"White\" w\u003d\"62\"\u003e \u003ctext xmlns\u003d\"http://ocr.crowdcomputingsystems.com/xml/schema-v1.xml\"\u003e \u003cpar linespacing\u003d\"450\"\u003e \u003cline b\u003d\"424\" baseline\u003d\"424\" l\u003d\"74\" r\u003d\"109\" t\u003d\"418\"\u003e \u003cformatting lang\u003d\"EnglishUnitedStates\"\u003e INVOCO03 \u003c/formatting\u003e  \u003c/line\u003e  \u003c/par\u003e  \u003c/text\u003e  \u003c/td\u003e   \u003ctd bottomborder\u003d\"White\" h\u003d\"21\" topborder\u003d\"White\" w\u003d\"192\"\u003e \u003ctext xmlns\u003d\"http://ocr.crowdcomputingsystems.com/xml/schema-v1.xml\"\u003e \u003cpar linespacing\u003d\"450\"\u003e \u003cline b\u003d\"425\" baseline\u003d\"424\" l\u003d\"134\" r\u003d\"306\" t\u003d\"418\"\u003eSAM9JNG GALAXY TAB 10.1* CASING - BLACK\u003c/line\u003e  \u003c/par\u003e  \u003c/text\u003e  \u003c/td\u003e   \u003ctd bottomborder\u003d\"White\" h\u003d\"21\" topborder\u003d\"White\" w\u003d\"64\"\u003e \u003ctext xmlns\u003d\"http://ocr.crowdcomputingsystems.com/xml/schema-v1.xml\"\u003e \u003cpar align\u003d\"Center\" linespacing\u003d\"450\" rightindent\u003d\"100\"\u003e \u003cline b\u003d\"424\" baseline\u003d\"424\" l\u003d\"346\" r\u003d\"365\" t\u003d\"418\"\u003e\u003cprice begin\u003d\"1535\" class\u003d\"extraction-tag ml-tag\" data-text\u003d\"10.00\" data-value\u003d\"10.00\" end\u003d\"1540\" estimated-accuracy\u003d\"0.8951886639348328\" ml-tagorder\u003d\"10\" score\u003d\"0.48206626328493846\" style\u003d\"border: 2px solid rgb(125, 157, 1);\" tagorder\u003d\"10\"\u003e10.00\u003c/price\u003e\u003c/line\u003e  \u003c/par\u003e  \u003c/text\u003e  \u003c/td\u003e   \u003ctd bottomborder\u003d\"White\" h\u003d\"21\" topborder\u003d\"White\" w\u003d\"67\"\u003e \u003ctext xmlns\u003d\"http://ocr.crowdcomputingsystems.com/xml/schema-v1.xml\"\u003e \u003cpar linespacing\u003d\"450\"\u003e \u003cline b\u003d\"424\" baseline\u003d\"424\" l\u003d\"391\" r\u003d\"432\" t\u003d\"418\"\u003e210.00 PCS\u003c/line\u003e  \u003c/par\u003e  \u003c/text\u003e  \u003c/td\u003e   \u003ctd bottomborder\u003d\"White\" h\u003d\"21\" topborder\u003d\"White\" w\u003d\"64\"\u003e \u003ctext xmlns\u003d\"http://ocr.crowdcomputingsystems.com/xml/schema-v1.xml\"\u003e \u003cpar align\u003d\"Center\" linespacing\u003d\"450\" rightindent\u003d\"100\"\u003e \u003cline b\u003d\"424\" baseline\u003d\"424\" l\u003d\"479\" r\u003d\"495\" t\u003d\"418\"\u003e \u003cformatting lang\u003d\"EnglishUnitedStates\"\u003e \u003cprice begin\u003d\"1576\" class\u003d\"extraction-tag ml-tag\" data-text\u003d\"0.00\" data-value\u003d\"0.00\" end\u003d\"1580\" estimated-accuracy\u003d\"0.9705882352941176\" ml-tagorder\u003d\"11\" score\u003d\"0.6963967795858869\" style\u003d\"border: 2px solid rgb(125, 157, 1);\" tagorder\u003d\"11\"\u003e0.00\u003c/price\u003e \u003c/formatting\u003e  \u003c/line\u003e  \u003c/par\u003e  \u003c/text\u003e  \u003c/td\u003e   \u003ctd bottomborder\u003d\"White\" h\u003d\"21\" topborder\u003d\"White\" w\u003d\"64\"\u003e \u003ctext xmlns\u003d\"http://ocr.crowdcomputingsystems.com/xml/schema-v1.xml\"\u003e \u003cpar align\u003d\"Center\" linespacing\u003d\"450\"\u003e \u003cline b\u003d\"426\" baseline\u003d\"424\" l\u003d\"534\" r\u003d\"566\" t\u003d\"418\"\u003e \u003cformatting lang\u003d\"EnglishUnitedStates\"\u003e 2,000.00 \u003c/formatting\u003e  \u003c/line\u003e  \u003c/par\u003e  \u003c/text\u003e  \u003c/td\u003e   \u003c/tr\u003e \n \u003ctr\u003e \u003ctd h\u003d\"112\" topborder\u003d\"White\" w\u003d\"33\"\u003e \u003ctext xmlns\u003d\"http://ocr.crowdcomputingsystems.com/xml/schema-v1.xml\"\u003e \u003cpar align\u003d\"Center\" linespacing\u003d\"530\"\u003e \u003cline b\u003d\"445\" baseline\u003d\"445\" l\u003d\"51\" r\u003d\"55\" t\u003d\"438\"\u003e \u003cformatting lang\u003d\"EnglishUnitedStates\"\u003e 5 \u003c/formatting\u003e  \u003c/line\u003e  \u003c/par\u003e  \u003c/text\u003e  \u003c/td\u003e   \u003ctd h\u003d\"112\" topborder\u003d\"White\" w\u003d\"62\"\u003e \u003ctext xmlns\u003d\"http://ocr.crowdcomputingsystems.com/xml/schema-v1.xml\"\u003e \u003cpar linespacing\u003d\"450\"\u003e \u003cline b\u003d\"444\" baseline\u003d\"444\" l\u003d\"74\" r\u003d\"109\" t\u003d\"438\"\u003e \u003cformatting lang\u003d\"EnglishUnitedStates\"\u003e \u003cinvoice_number begin\u003d\"1644\" class\u003d\"extraction-tag ml-tag\" data-text\u003d\"INV00001\" data-value\u003d\"INV00001\" end\u003d\"1652\" estimated-accuracy\u003d\"0.9027777777777778\" ml-tagorder\u003d\"12\" score\u003d\"0.4554503474193389\" style\u003d\"border: 2px solid rgb(125, 157, 1);\" tagorder\u003d\"12\"\u003eINV00001\u003c/invoice_number\u003e \u003c/formatting\u003e  \u003c/line\u003e  \u003c/par\u003e  \u003c/text\u003e  \u003c/td\u003e   \u003ctd h\u003d\"112\" topborder\u003d\"White\" w\u003d\"192\"\u003e \u003ctext xmlns\u003d\"http://ocr.crowdcomputingsystems.com/xml/schema-v1.xml\"\u003e \u003cpar linespacing\u003d\"450\"\u003e \u003cline b\u003d\"444\" baseline\u003d\"444\" l\u003d\"134\" r\u003d\"243\" t\u003d\"438\"\u003e\u003cproduct begin\u003d\"1667\" class\u003d\"extraction-tag ml-tag\" data-text\u003d\"APPLE IPAD CASING - WHITE\" data-value\u003d\"APPLE IPAD CASING - WHITE\" end\u003d\"1692\" estimated-accuracy\u003d\"0.8395522388059702\" ml-tagorder\u003d\"13\" score\u003d\"0.5094660569168636\" style\u003d\"border: 2px solid rgb(125, 157, 1);\" tagorder\u003d\"13\"\u003eAPPLE IPAD CASING - WHITE\u003c/product\u003e\u003c/line\u003e  \u003c/par\u003e  \u003c/text\u003e  \u003c/td\u003e   \u003ctd h\u003d\"112\" topborder\u003d\"White\" w\u003d\"64\"\u003e \u003ctext xmlns\u003d\"http://ocr.crowdcomputingsystems.com/xml/schema-v1.xml\"\u003e \u003cpar align\u003d\"Center\" linespacing\u003d\"450\" rightindent\u003d\"100\"\u003e \u003cline b\u003d\"444\" baseline\u003d\"444\" l\u003d\"345\" r\u003d\"365\" t\u003d\"438\"\u003e\u003cprice begin\u003d\"1704\" class\u003d\"extraction-tag ml-tag\" data-text\u003d\"20.00\" data-value\u003d\"20.00\" end\u003d\"1709\" estimated-accuracy\u003d\"0.8919802720408126\" ml-tagorder\u003d\"14\" score\u003d\"0.46679650078937124\" style\u003d\"border: 2px solid rgb(125, 157, 1);\" tagorder\u003d\"14\"\u003e20.00\u003c/price\u003e\u003c/line\u003e  \u003c/par\u003e  \u003c/text\u003e  \u003c/td\u003e   \u003ctd h\u003d\"112\" topborder\u003d\"White\" w\u003d\"67\"\u003e \u003ctext xmlns\u003d\"http://ocr.crowdcomputingsystems.com/xml/schema-v1.xml\"\u003e \u003cpar linespacing\u003d\"450\"\u003e \u003cline b\u003d\"444\" baseline\u003d\"444\" l\u003d\"391\" r\u003d\"432\" t\u003d\"438\"\u003e2(0.00 PCS\u003c/line\u003e  \u003c/par\u003e  \u003c/text\u003e  \u003c/td\u003e   \u003ctd h\u003d\"112\" topborder\u003d\"White\" w\u003d\"64\"\u003e \u003ctext xmlns\u003d\"http://ocr.crowdcomputingsystems.com/xml/schema-v1.xml\"\u003e \u003cpar align\u003d\"Center\" linespacing\u003d\"450\" rightindent\u003d\"100\"\u003e \u003cline b\u003d\"444\" baseline\u003d\"444\" l\u003d\"479\" r\u003d\"495\" t\u003d\"438\"\u003e \u003cformatting lang\u003d\"EnglishUnitedStates\"\u003e \u003cprice begin\u003d\"1745\" class\u003d\"extraction-tag ml-tag\" data-text\u003d\"0.00\" data-value\u003d\"0.00\" end\u003d\"1749\" estimated-accuracy\u003d\"0.9376376513119994\" ml-tagorder\u003d\"15\" score\u003d\"0.6194705359097343\" style\u003d\"border: 2px solid rgb(125, 157, 1);\" tagorder\u003d\"15\"\u003e0.00\u003c/price\u003e \u003c/formatting\u003e  \u003c/line\u003e  \u003c/par\u003e  \u003c/text\u003e  \u003c/td\u003e   \u003ctd h\u003d\"112\" topborder\u003d\"White\" w\u003d\"64\"\u003e \u003ctext xmlns\u003d\"http://ocr.crowdcomputingsystems.com/xml/schema-v1.xml\"\u003e \u003cpar align\u003d\"Center\" linespacing\u003d\"450\"\u003e \u003cline b\u003d\"446\" baseline\u003d\"444\" l\u003d\"533\" r\u003d\"566\" t\u003d\"438\"\u003e \u003cformatting lang\u003d\"EnglishUnitedStates\"\u003e 4,000.00 \u003c/formatting\u003e  \u003c/line\u003e  \u003c/par\u003e  \u003c/text\u003e  \u003c/td\u003e   \u003c/tr\u003e \n \u003c/tbody\u003e\u003c/table\u003e\n \u003cblock b\u003d\"658\" blockname\u003d\"\" blocktype\u003d\"Text\" l\u003d\"39\" r\u003d\"580\" style\u003d\"transform: translate(87px, 745px); position: absolute; width: 1208.52px; height: 146.25px;\" t\u003d\"550\"\u003e \u003cregion\u003e \u003crect b\u003d\"658\" l\u003d\"39\" r\u003d\"580\" t\u003d\"550\"\u003e\u003c/rect\u003e  \u003c/region\u003e  \u003ctext\u003e \u003cpar align\u003d\"Justified\" linespacing\u003d\"450\"\u003e \u003cline b\u003d\"560\" baseline\u003d\"558\" l\u003d\"40\" r\u003d\"577\" style\u003d\"transform: translate(2px, 3px); position: absolute;\" t\u003d\"552\"\u003e \u003cformatting lang\u003d\"EnglishUnitedStates\"\u003e Noter Sub Totair 13,900.00 \u003c/formatting\u003e  \u003c/line\u003e  \u003c/par\u003e  \u003cpar align\u003d\"Justified\" linespacing\u003d\"750\"\u003e \u003cline b\u003d\"572\" baseline\u003d\"570\" l\u003d\"41\" r\u003d\"577\" style\u003d\"transform: translate(4px, 19px); position: absolute;\" t\u003d\"564\"\u003e \u003cformatting lang\u003d\"EnglishUnitedStates\"\u003e 1. Ptease serai two copies of your imoice. Discountr 0.00 \u003c/formatting\u003e  \u003c/line\u003e  \u003c/par\u003e  \u003cpar align\u003d\"Justified\" linespacing\u003d\"750\"\u003e \u003cline b\u003d\"585\" baseline\u003d\"580\" l\u003d\"40\" r\u003d\"577\" style\u003d\"transform: translate(2px, 31px); position: absolute;\" t\u003d\"573\"\u003e \u003cformatting lang\u003d\"EnglishUnitedStates\"\u003e 2. Enta this order \u0027n accordance with the prices, terms, delivery methcxt, and v ,T -- \u003c/formatting\u003e  \u003c/line\u003e  \u003c/par\u003e  \u003cpar align\u003d\"Justified\" linespacing\u003d\"750\"\u003e \u003cline b\u003d\"592\" baseline\u003d\"590\" l\u003d\"40\" r\u003d\"137\" style\u003d\"transform: translate(2px, 46px); position: absolute;\" t\u003d\"584\"\u003e \u003cformatting lang\u003d\"EnglishUnitedStates\"\u003e specifications feted atore. \u003c/formatting\u003e  \u003c/line\u003e  \u003c/par\u003e  \u003cpar align\u003d\"Justified\" linespacing\u003d\"750\"\u003e \u003cline b\u003d\"602\" baseline\u003d\"600\" l\u003d\"40\" r\u003d\"577\" style\u003d\"transform: translate(2px, 56px); position: absolute;\" t\u003d\"591\"\u003e \u003cformatting lang\u003d\"EnglishUnitedStates\"\u003e 3. Please ratify us Immediately if you are unable to ship as specifed. 0 00 \u003c/formatting\u003e  \u003c/line\u003e  \u003c/par\u003e  \u003cpar align\u003d\"Justified\" linespacing\u003d\"750\"\u003e \u003cline b\u003d\"612\" baseline\u003d\"610\" l\u003d\"40\" r\u003d\"577\" style\u003d\"transform: translate(2px, 73px); position: absolute;\" t\u003d\"604\"\u003e \u003cformatting lang\u003d\"EnglishUnitedStates\"\u003e 4. Late delivery wJI be subject to cancellation 0.00 \u003c/formatting\u003e  \u003c/line\u003e  \u003c/par\u003e  \u003cpar align\u003d\"Justified\" leftindent\u003d\"29900\" linespacing\u003d\"450\"\u003e \u003cline b\u003d\"625\" baseline\u003d\"623\" l\u003d\"432\" r\u003d\"577\" style\u003d\"transform: translate(878px, 91px); position: absolute;\" t\u003d\"617\"\u003e \u003cformatting lang\u003d\"EnglishUnitedStates\"\u003e SWppngr \u003cprice begin\u003d\"2192\" class\u003d\"extraction-tag ml-tag\" data-text\u003d\"0.00\" data-value\u003d\"0.00\" end\u003d\"2196\" estimated-accuracy\u003d\"0.900248383519716\" ml-tagorder\u003d\"16\" score\u003d\"0.5202280100397013\" style\u003d\"border: 2px solid rgb(125, 157, 1);\" tagorder\u003d\"16\"\u003e0.00\u003c/price\u003e \u003c/formatting\u003e  \u003c/line\u003e  \u003c/par\u003e  \u003cpar align\u003d\"Justified\" leftindent\u003d\"30700\" linespacing\u003d\"450\"\u003e \u003cline b\u003d\"641\" baseline\u003d\"640\" l\u003d\"442\" r\u003d\"577\" style\u003d\"transform: translate(900px, 114px); position: absolute;\" t\u003d\"634\"\u003e \u003cformatting lang\u003d\"EnglishUnitedStates\"\u003e Total: 14,595.00 \u003c/formatting\u003e  \u003c/line\u003e  \u003c/par\u003e  \u003cpar align\u003d\"Justified\" leftindent\u003d\"800\" linespacing\u003d\"450\"\u003e \u003cline b\u003d\"655\" baseline\u003d\"653\" l\u003d\"44\" r\u003d\"380\" style\u003d\"transform: translate(11px, 131px); position: absolute;\" t\u003d\"647\"\u003e \u003cformatting lang\u003d\"EnglishUnitedStates\"\u003e Prepared By, Approved 8y, \u003c/formatting\u003e  \u003c/line\u003e  \u003c/par\u003e  \u003c/text\u003e  \u003c/block\u003e  \u003cblock b\u003d\"771\" blockname\u003d\"\" blocktype\u003d\"Text\" l\u003d\"533\" r\u003d\"579\" style\u003d\"transform: translate(1191px, 1026px); position: absolute; width: 102.758px; height: 17.6042px;\" t\u003d\"758\"\u003e \u003cregion\u003e \u003crect b\u003d\"771\" l\u003d\"533\" r\u003d\"579\" t\u003d\"758\"\u003e\u003c/rect\u003e  \u003c/region\u003e  \u003ctext\u003e \u003cpar align\u003d\"Right\" linespacing\u003d\"450\"\u003e \u003cline b\u003d\"768\" baseline\u003d\"766\" l\u003d\"534\" r\u003d\"577\" style\u003d\"transform: translate(2px, 3px); position: absolute;\" t\u003d\"760\"\u003e \u003cformatting lang\u003d\"EnglishUnitedStates\"\u003e Page : 1 / 1 \u003c/formatting\u003e  \u003c/line\u003e  \u003c/par\u003e  \u003c/text\u003e  \u003c/block\u003e  \u003cblock b\u003d\"103\" blockname\u003d\"\" blocktype\u003d\"Separator\" l\u003d\"284\" r\u003d\"342\" style\u003d\"transform: translate(634px, 134px); position: absolute;\" t\u003d\"99\"\u003e \u003cregion\u003e \u003crect b\u003d\"103\" l\u003d\"284\" r\u003d\"342\" t\u003d\"99\"\u003e\u003c/rect\u003e  \u003c/region\u003e  \u003cseparator thickness\u003d\"4\" type\u003d\"Black\"\u003e \u003cstart x\u003d\"284\" y\u003d\"101\"\u003e\u003c/start\u003e \u003cend x\u003d\"342\" y\u003d\"101\"\u003e\u003c/end\u003e \u003c/separator\u003e \u003c/block\u003e  \u003cblock b\u003d\"105\" blockname\u003d\"\" blocktype\u003d\"Separator\" class\u003d\"hidden\" l\u003d\"181\" r\u003d\"240\" style\u003d\"transform: translate(404px, 137px); position: absolute;\" t\u003d\"101\"\u003e \u003cregion\u003e \u003crect b\u003d\"105\" l\u003d\"181\" r\u003d\"240\" t\u003d\"101\"\u003e\u003c/rect\u003e  \u003c/region\u003e  \u003cseparator thickness\u003d\"4\" type\u003d\"Black\"\u003e \u003cstart x\u003d\"181\" y\u003d\"103\"\u003e\u003c/start\u003e \u003cend x\u003d\"240\" y\u003d\"103\"\u003e\u003c/end\u003e \u003c/separator\u003e \u003c/block\u003e  \u003cblock b\u003d\"147\" blockname\u003d\"\" blocktype\u003d\"Separator\" l\u003d\"37\" r\u003d\"365\" style\u003d\"transform: translate(83px, 196px); position: absolute;\" t\u003d\"145\"\u003e \u003cregion\u003e \u003crect b\u003d\"147\" l\u003d\"37\" r\u003d\"365\" t\u003d\"145\"\u003e\u003c/rect\u003e  \u003c/region\u003e  \u003cseparator thickness\u003d\"2\" type\u003d\"Black\"\u003e \u003cstart x\u003d\"37\" y\u003d\"146\"\u003e\u003c/start\u003e \u003cend x\u003d\"365\" y\u003d\"146\"\u003e\u003c/end\u003e \u003c/separator\u003e \u003c/block\u003e  \u003cblock b\u003d\"147\" blockname\u003d\"\" blocktype\u003d\"Separator\" l\u003d\"477\" r\u003d\"581\" style\u003d\"transform: translate(1066px, 196px); position: absolute;\" t\u003d\"145\"\u003e \u003cregion\u003e \u003crect b\u003d\"147\" l\u003d\"477\" r\u003d\"581\" t\u003d\"145\"\u003e\u003c/rect\u003e  \u003c/region\u003e  \u003cseparator thickness\u003d\"2\" type\u003d\"Black\"\u003e \u003cstart x\u003d\"477\" y\u003d\"146\"\u003e\u003c/start\u003e \u003cend x\u003d\"581\" y\u003d\"146\"\u003e\u003c/end\u003e \u003c/separator\u003e \u003c/block\u003e  \u003cblock b\u003d\"254\" blockname\u003d\"\" blocktype\u003d\"Separator\" l\u003d\"197\" r\u003d\"255\" style\u003d\"transform: translate(440px, 339px); position: absolute;\" t\u003d\"250\"\u003e \u003cregion\u003e \u003crect b\u003d\"254\" l\u003d\"197\" r\u003d\"255\" t\u003d\"250\"\u003e\u003c/rect\u003e  \u003c/region\u003e  \u003cseparator thickness\u003d\"4\" type\u003d\"Black\"\u003e \u003cstart x\u003d\"197\" y\u003d\"252\"\u003e\u003c/start\u003e \u003cend x\u003d\"255\" y\u003d\"252\"\u003e\u003c/end\u003e \u003c/separator\u003e \u003c/block\u003e  \u003cblock b\u003d\"285\" blockname\u003d\"\" blocktype\u003d\"Separator\" class\u003d\"hidden\" l\u003d\"56\" r\u003d\"173\" style\u003d\"transform: translate(125px, 378px); position: absolute;\" t\u003d\"279\"\u003e \u003cregion\u003e \u003crect b\u003d\"285\" l\u003d\"56\" r\u003d\"173\" t\u003d\"279\"\u003e\u003c/rect\u003e  \u003c/region\u003e  \u003cseparator thickness\u003d\"6\" type\u003d\"Black\"\u003e \u003cstart x\u003d\"56\" y\u003d\"282\"\u003e\u003c/start\u003e \u003cend x\u003d\"173\" y\u003d\"282\"\u003e\u003c/end\u003e \u003c/separator\u003e \u003c/block\u003e  \u003cblock b\u003d\"285\" blockname\u003d\"\" blocktype\u003d\"Separator\" class\u003d\"hidden\" l\u003d\"344\" r\u003d\"446\" style\u003d\"transform: translate(768px, 378px); position: absolute;\" t\u003d\"279\"\u003e \u003cregion\u003e \u003crect b\u003d\"285\" l\u003d\"344\" r\u003d\"446\" t\u003d\"279\"\u003e\u003c/rect\u003e  \u003c/region\u003e  \u003cseparator thickness\u003d\"5\" type\u003d\"Black\"\u003e \u003cstart x\u003d\"344\" y\u003d\"282\"\u003e\u003c/start\u003e \u003cend x\u003d\"446\" y\u003d\"282\"\u003e\u003c/end\u003e \u003c/separator\u003e \u003c/block\u003e  \u003cblock b\u003d\"281\" blockname\u003d\"\" blocktype\u003d\"Separator\" l\u003d\"173\" r\u003d\"308\" style\u003d\"transform: translate(386px, 379px); position: absolute;\" t\u003d\"280\"\u003e \u003cregion\u003e \u003crect b\u003d\"281\" l\u003d\"173\" r\u003d\"308\" t\u003d\"280\"\u003e\u003c/rect\u003e  \u003c/region\u003e  \u003cseparator thickness\u003d\"1\" type\u003d\"Black\"\u003e \u003cstart x\u003d\"173\" y\u003d\"280\"\u003e\u003c/start\u003e \u003cend x\u003d\"308\" y\u003d\"280\"\u003e\u003c/end\u003e \u003c/separator\u003e \u003c/block\u003e  \u003cblock b\u003d\"281\" blockname\u003d\"\" blocktype\u003d\"Separator\" l\u003d\"446\" r\u003d\"583\" style\u003d\"transform: translate(996px, 379px); position: absolute;\" t\u003d\"280\"\u003e \u003cregion\u003e \u003crect b\u003d\"281\" l\u003d\"446\" r\u003d\"583\" t\u003d\"280\"\u003e\u003c/rect\u003e  \u003c/region\u003e  \u003cseparator thickness\u003d\"1\" type\u003d\"Black\"\u003e \u003cstart x\u003d\"446\" y\u003d\"280\"\u003e\u003c/start\u003e \u003cend x\u003d\"583\" y\u003d\"280\"\u003e\u003c/end\u003e \u003c/separator\u003e \u003c/block\u003e  \u003cblock b\u003d\"301\" blockname\u003d\"\" blocktype\u003d\"Separator\" class\u003d\"hidden\" l\u003d\"58\" r\u003d\"173\" style\u003d\"transform: translate(130px, 397px); position: absolute;\" t\u003d\"293\"\u003e \u003cregion\u003e \u003crect b\u003d\"294\" l\u003d\"170\" r\u003d\"173\" t\u003d\"293\"\u003e\u003c/rect\u003e  \u003crect b\u003d\"300\" l\u003d\"58\" r\u003d\"173\" t\u003d\"294\"\u003e\u003c/rect\u003e  \u003crect b\u003d\"301\" l\u003d\"170\" r\u003d\"173\" t\u003d\"300\"\u003e\u003c/rect\u003e  \u003c/region\u003e  \u003cseparator thickness\u003d\"7\" type\u003d\"Black\"\u003e \u003cstart x\u003d\"58\" y\u003d\"297\"\u003e\u003c/start\u003e \u003cend x\u003d\"173\" y\u003d\"297\"\u003e\u003c/end\u003e \u003c/separator\u003e \u003c/block\u003e  \u003cblock b\u003d\"301\" blockname\u003d\"\" blocktype\u003d\"Separator\" class\u003d\"hidden\" l\u003d\"344\" r\u003d\"446\" style\u003d\"transform: translate(768px, 398px); position: absolute;\" t\u003d\"294\"\u003e \u003cregion\u003e \u003crect b\u003d\"301\" l\u003d\"344\" r\u003d\"446\" t\u003d\"294\"\u003e\u003c/rect\u003e  \u003c/region\u003e  \u003cseparator thickness\u003d\"7\" type\u003d\"Black\"\u003e \u003cstart x\u003d\"344\" y\u003d\"297\"\u003e\u003c/start\u003e \u003cend x\u003d\"446\" y\u003d\"297\"\u003e\u003c/end\u003e \u003c/separator\u003e \u003c/block\u003e  \u003cblock b\u003d\"298\" blockname\u003d\"\" blocktype\u003d\"Separator\" class\u003d\"hidden\" l\u003d\"173\" r\u003d\"308\" style\u003d\"transform: translate(386px, 402px); position: absolute;\" t\u003d\"297\"\u003e \u003cregion\u003e \u003crect b\u003d\"298\" l\u003d\"173\" r\u003d\"308\" t\u003d\"297\"\u003e\u003c/rect\u003e  \u003c/region\u003e  \u003cseparator thickness\u003d\"1\" type\u003d\"Black\"\u003e \u003cstart x\u003d\"173\" y\u003d\"297\"\u003e\u003c/start\u003e \u003cend x\u003d\"308\" y\u003d\"297\"\u003e\u003c/end\u003e \u003c/separator\u003e \u003c/block\u003e  \u003cblock b\u003d\"298\" blockname\u003d\"\" blocktype\u003d\"Separator\" class\u003d\"hidden\" l\u003d\"446\" r\u003d\"583\" style\u003d\"transform: translate(996px, 402px); position: absolute;\" t\u003d\"297\"\u003e \u003cregion\u003e \u003crect b\u003d\"298\" l\u003d\"446\" r\u003d\"583\" t\u003d\"297\"\u003e\u003c/rect\u003e  \u003c/region\u003e  \u003cseparator thickness\u003d\"1\" type\u003d\"Black\"\u003e \u003cstart x\u003d\"446\" y\u003d\"297\"\u003e\u003c/start\u003e \u003cend x\u003d\"583\" y\u003d\"297\"\u003e\u003c/end\u003e \u003c/separator\u003e \u003c/block\u003e  \u003cblock b\u003d\"317\" blockname\u003d\"\" blocktype\u003d\"Separator\" class\u003d\"hidden\" l\u003d\"72\" r\u003d\"173\" style\u003d\"transform: translate(161px, 421px); position: absolute;\" t\u003d\"311\"\u003e \u003cregion\u003e \u003crect b\u003d\"312\" l\u003d\"170\" r\u003d\"173\" t\u003d\"311\"\u003e\u003c/rect\u003e  \u003crect b\u003d\"316\" l\u003d\"72\" r\u003d\"173\" t\u003d\"312\"\u003e\u003c/rect\u003e  \u003crect b\u003d\"317\" l\u003d\"72\" r\u003d\"170\" t\u003d\"316\"\u003e\u003c/rect\u003e  \u003c/region\u003e  \u003cseparator thickness\u003d\"5\" type\u003d\"Black\"\u003e \u003cstart x\u003d\"72\" y\u003d\"314\"\u003e\u003c/start\u003e \u003cend x\u003d\"173\" y\u003d\"314\"\u003e\u003c/end\u003e \u003c/separator\u003e \u003c/block\u003e  \u003cblock b\u003d\"317\" blockname\u003d\"\" blocktype\u003d\"Separator\" class\u003d\"hidden\" l\u003d\"342\" r\u003d\"446\" style\u003d\"transform: translate(764px, 421px); position: absolute;\" t\u003d\"311\"\u003e \u003cregion\u003e \u003crect b\u003d\"312\" l\u003d\"442\" r\u003d\"446\" t\u003d\"311\"\u003e\u003c/rect\u003e  \u003crect b\u003d\"316\" l\u003d\"342\" r\u003d\"446\" t\u003d\"312\"\u003e\u003c/rect\u003e  \u003crect b\u003d\"317\" l\u003d\"342\" r\u003d\"443\" t\u003d\"316\"\u003e\u003c/rect\u003e  \u003c/region\u003e  \u003cseparator thickness\u003d\"5\" type\u003d\"Black\"\u003e \u003cstart x\u003d\"342\" y\u003d\"314\"\u003e\u003c/start\u003e \u003cend x\u003d\"446\" y\u003d\"314\"\u003e\u003c/end\u003e \u003c/separator\u003e \u003c/block\u003e  \u003cblock b\u003d\"316\" blockname\u003d\"\" blocktype\u003d\"Separator\" class\u003d\"hidden\" l\u003d\"173\" r\u003d\"308\" style\u003d\"transform: translate(386px, 427px); position: absolute;\" t\u003d\"315\"\u003e \u003cregion\u003e \u003crect b\u003d\"316\" l\u003d\"173\" r\u003d\"308\" t\u003d\"315\"\u003e\u003c/rect\u003e  \u003c/region\u003e  \u003cseparator thickness\u003d\"1\" type\u003d\"Black\"\u003e \u003cstart x\u003d\"173\" y\u003d\"315\"\u003e\u003c/start\u003e \u003cend x\u003d\"308\" y\u003d\"315\"\u003e\u003c/end\u003e \u003c/separator\u003e \u003c/block\u003e  \u003cblock b\u003d\"316\" blockname\u003d\"\" blocktype\u003d\"Separator\" class\u003d\"hidden\" l\u003d\"446\" r\u003d\"583\" style\u003d\"transform: translate(996px, 427px); position: absolute;\" t\u003d\"315\"\u003e \u003cregion\u003e \u003crect b\u003d\"316\" l\u003d\"446\" r\u003d\"583\" t\u003d\"315\"\u003e\u003c/rect\u003e  \u003c/region\u003e  \u003cseparator thickness\u003d\"1\" type\u003d\"Black\"\u003e \u003cstart x\u003d\"446\" y\u003d\"315\"\u003e\u003c/start\u003e \u003cend x\u003d\"583\" y\u003d\"315\"\u003e\u003c/end\u003e \u003c/separator\u003e \u003c/block\u003e  \u003cblock b\u003d\"320\" blockname\u003d\"\" blocktype\u003d\"Separator\" l\u003d\"36\" r\u003d\"582\" style\u003d\"transform: translate(80px, 432px); position: absolute;\" t\u003d\"319\"\u003e \u003cregion\u003e \u003crect b\u003d\"320\" l\u003d\"36\" r\u003d\"582\" t\u003d\"319\"\u003e\u003c/rect\u003e  \u003c/region\u003e  \u003cseparator thickness\u003d\"1\" type\u003d\"Black\"\u003e \u003cstart x\u003d\"36\" y\u003d\"319\"\u003e\u003c/start\u003e \u003cend x\u003d\"582\" y\u003d\"319\"\u003e\u003c/end\u003e \u003c/separator\u003e \u003c/block\u003e  \u003cblock b\u003d\"337\" blockname\u003d\"\" blocktype\u003d\"Separator\" l\u003d\"35\" r\u003d\"583\" style\u003d\"transform: translate(78px, 455px); position: absolute;\" t\u003d\"336\"\u003e \u003cregion\u003e \u003crect b\u003d\"337\" l\u003d\"35\" r\u003d\"583\" t\u003d\"336\"\u003e\u003c/rect\u003e  \u003c/region\u003e  \u003cseparator thickness\u003d\"1\" type\u003d\"Black\"\u003e \u003cstart x\u003d\"35\" y\u003d\"336\"\u003e\u003c/start\u003e \u003cend x\u003d\"583\" y\u003d\"336\"\u003e\u003c/end\u003e \u003c/separator\u003e \u003c/block\u003e  \u003cblock b\u003d\"544\" blockname\u003d\"\" blocktype\u003d\"Separator\" l\u003d\"36\" r\u003d\"582\" style\u003d\"transform: translate(80px, 735px); position: absolute;\" t\u003d\"543\"\u003e \u003cregion\u003e \u003crect b\u003d\"544\" l\u003d\"36\" r\u003d\"582\" t\u003d\"543\"\u003e\u003c/rect\u003e  \u003c/region\u003e  \u003cseparator thickness\u003d\"1\" type\u003d\"Black\"\u003e \u003cstart x\u003d\"36\" y\u003d\"543\"\u003e\u003c/start\u003e \u003cend x\u003d\"582\" y\u003d\"543\"\u003e\u003c/end\u003e \u003c/separator\u003e \u003c/block\u003e  \u003cblock b\u003d\"630\" blockname\u003d\"\" blocktype\u003d\"Separator\" l\u003d\"392\" r\u003d\"580\" style\u003d\"transform: translate(876px, 852px); position: absolute;\" t\u003d\"629\"\u003e \u003cregion\u003e \u003crect b\u003d\"630\" l\u003d\"392\" r\u003d\"580\" t\u003d\"629\"\u003e\u003c/rect\u003e  \u003c/region\u003e  \u003cseparator thickness\u003d\"1\" type\u003d\"Black\"\u003e \u003cstart x\u003d\"392\" y\u003d\"629\"\u003e\u003c/start\u003e \u003cend x\u003d\"580\" y\u003d\"629\"\u003e\u003c/end\u003e \u003c/separator\u003e \u003c/block\u003e  \u003cblock b\u003d\"734\" blockname\u003d\"\" blocktype\u003d\"Separator\" l\u003d\"39\" r\u003d\"240\" style\u003d\"transform: translate(87px, 993px); position: absolute;\" t\u003d\"733\"\u003e \u003cregion\u003e \u003crect b\u003d\"734\" l\u003d\"39\" r\u003d\"240\" t\u003d\"733\"\u003e\u003c/rect\u003e  \u003c/region\u003e  \u003cseparator thickness\u003d\"1\" type\u003d\"Black\"\u003e \u003cstart x\u003d\"39\" y\u003d\"733\"\u003e\u003c/start\u003e \u003cend x\u003d\"240\" y\u003d\"733\"\u003e\u003c/end\u003e \u003c/separator\u003e \u003c/block\u003e  \u003cblock b\u003d\"734\" blockname\u003d\"\" blocktype\u003d\"Separator\" l\u003d\"330\" r\u003d\"530\" style\u003d\"transform: translate(737px, 993px); position: absolute;\" t\u003d\"733\"\u003e \u003cregion\u003e \u003crect b\u003d\"734\" l\u003d\"330\" r\u003d\"530\" t\u003d\"733\"\u003e\u003c/rect\u003e  \u003c/region\u003e  \u003cseparator thickness\u003d\"1\" type\u003d\"Black\"\u003e \u003cstart x\u003d\"330\" y\u003d\"733\"\u003e\u003c/start\u003e \u003cend x\u003d\"530\" y\u003d\"733\"\u003e\u003c/end\u003e \u003c/separator\u003e \u003c/block\u003e  \u003cblock b\u003d\"800\" blockname\u003d\"\" blocktype\u003d\"Separator\" l\u003d\"0\" r\u003d\"620\" style\u003d\"transform: translate(0px, 1082px); position: absolute;\" t\u003d\"799\"\u003e \u003cregion\u003e \u003crect b\u003d\"800\" l\u003d\"0\" r\u003d\"620\" t\u003d\"799\"\u003e\u003c/rect\u003e  \u003c/region\u003e  \u003cseparator thickness\u003d\"1\" type\u003d\"Black\"\u003e \u003cstart x\u003d\"0\" y\u003d\"799\"\u003e\u003c/start\u003e \u003cend x\u003d\"620\" y\u003d\"799\"\u003e\u003c/end\u003e \u003c/separator\u003e \u003c/block\u003e  \u003cblock b\u003d\"800\" blockname\u003d\"\" blocktype\u003d\"Separator\" l\u003d\"0\" r\u003d\"1\" style\u003d\"transform: translate(0px, 0px); position: absolute;\" t\u003d\"0\"\u003e \u003cregion\u003e \u003crect b\u003d\"800\" l\u003d\"0\" r\u003d\"1\" t\u003d\"0\"\u003e\u003c/rect\u003e  \u003c/region\u003e  \u003cseparator thickness\u003d\"1\" type\u003d\"Black\"\u003e \u003cstart x\u003d\"0\" y\u003d\"0\"\u003e\u003c/start\u003e \u003cend x\u003d\"0\" y\u003d\"800\"\u003e\u003c/end\u003e \u003c/separator\u003e \u003c/block\u003e  \u003cblock b\u003d\"544\" blockname\u003d\"\" blocktype\u003d\"Separator\" l\u003d\"36\" r\u003d\"37\" style\u003d\"transform: translate(80px, 432px); position: absolute;\" t\u003d\"319\"\u003e \u003cregion\u003e \u003crect b\u003d\"544\" l\u003d\"36\" r\u003d\"37\" t\u003d\"319\"\u003e\u003c/rect\u003e  \u003c/region\u003e  \u003cseparator thickness\u003d\"1\" type\u003d\"Black\"\u003e \u003cstart x\u003d\"36\" y\u003d\"319\"\u003e\u003c/start\u003e \u003cend x\u003d\"36\" y\u003d\"544\"\u003e\u003c/end\u003e \u003c/separator\u003e \u003c/block\u003e  \u003cblock b\u003d\"544\" blockname\u003d\"\" blocktype\u003d\"Separator\" l\u003d\"69\" r\u003d\"70\" style\u003d\"transform: translate(154px, 432px); position: absolute;\" t\u003d\"319\"\u003e \u003cregion\u003e \u003crect b\u003d\"544\" l\u003d\"69\" r\u003d\"70\" t\u003d\"319\"\u003e\u003c/rect\u003e  \u003c/region\u003e  \u003cseparator thickness\u003d\"1\" type\u003d\"Black\"\u003e \u003cstart x\u003d\"69\" y\u003d\"319\"\u003e\u003c/start\u003e \u003cend x\u003d\"69\" y\u003d\"544\"\u003e\u003c/end\u003e \u003c/separator\u003e \u003c/block\u003e  \u003cblock b\u003d\"544\" blockname\u003d\"\" blocktype\u003d\"Separator\" l\u003d\"131\" r\u003d\"132\" style\u003d\"transform: translate(293px, 432px); position: absolute;\" t\u003d\"319\"\u003e \u003cregion\u003e \u003crect b\u003d\"544\" l\u003d\"131\" r\u003d\"132\" t\u003d\"319\"\u003e\u003c/rect\u003e  \u003c/region\u003e  \u003cseparator thickness\u003d\"1\" type\u003d\"Black\"\u003e \u003cstart x\u003d\"131\" y\u003d\"319\"\u003e\u003c/start\u003e \u003cend x\u003d\"131\" y\u003d\"544\"\u003e\u003c/end\u003e \u003c/separator\u003e \u003c/block\u003e  \u003cblock b\u003d\"544\" blockname\u003d\"\" blocktype\u003d\"Separator\" l\u003d\"323\" r\u003d\"324\" style\u003d\"transform: translate(722px, 432px); position: absolute;\" t\u003d\"319\"\u003e \u003cregion\u003e \u003crect b\u003d\"544\" l\u003d\"323\" r\u003d\"324\" t\u003d\"319\"\u003e\u003c/rect\u003e  \u003c/region\u003e  \u003cseparator thickness\u003d\"1\" type\u003d\"Black\"\u003e \u003cstart x\u003d\"323\" y\u003d\"319\"\u003e\u003c/start\u003e \u003cend x\u003d\"323\" y\u003d\"544\"\u003e\u003c/end\u003e \u003c/separator\u003e \u003c/block\u003e  \u003cblock b\u003d\"544\" blockname\u003d\"\" blocktype\u003d\"Separator\" l\u003d\"387\" r\u003d\"388\" style\u003d\"transform: translate(865px, 432px); position: absolute;\" t\u003d\"319\"\u003e \u003cregion\u003e \u003crect b\u003d\"544\" l\u003d\"387\" r\u003d\"388\" t\u003d\"319\"\u003e\u003c/rect\u003e  \u003c/region\u003e  \u003cseparator thickness\u003d\"1\" type\u003d\"Black\"\u003e \u003cstart x\u003d\"387\" y\u003d\"319\"\u003e\u003c/start\u003e \u003cend x\u003d\"387\" y\u003d\"544\"\u003e\u003c/end\u003e \u003c/separator\u003e \u003c/block\u003e  \u003cblock b\u003d\"544\" blockname\u003d\"\" blocktype\u003d\"Separator\" l\u003d\"454\" r\u003d\"455\" style\u003d\"transform: translate(1014px, 432px); position: absolute;\" t\u003d\"319\"\u003e \u003cregion\u003e \u003crect b\u003d\"544\" l\u003d\"454\" r\u003d\"455\" t\u003d\"319\"\u003e\u003c/rect\u003e  \u003c/region\u003e  \u003cseparator thickness\u003d\"1\" type\u003d\"Black\"\u003e \u003cstart x\u003d\"454\" y\u003d\"319\"\u003e\u003c/start\u003e \u003cend x\u003d\"454\" y\u003d\"544\"\u003e\u003c/end\u003e \u003c/separator\u003e \u003c/block\u003e  \u003cblock b\u003d\"544\" blockname\u003d\"\" blocktype\u003d\"Separator\" l\u003d\"518\" r\u003d\"519\" style\u003d\"transform: translate(1157px, 432px); position: absolute;\" t\u003d\"319\"\u003e \u003cregion\u003e \u003crect b\u003d\"544\" l\u003d\"518\" r\u003d\"519\" t\u003d\"319\"\u003e\u003c/rect\u003e  \u003c/region\u003e  \u003cseparator thickness\u003d\"1\" type\u003d\"Black\"\u003e \u003cstart x\u003d\"518\" y\u003d\"319\"\u003e\u003c/start\u003e \u003cend x\u003d\"518\" y\u003d\"544\"\u003e\u003c/end\u003e \u003c/separator\u003e \u003c/block\u003e  \u003cblock b\u003d\"544\" blockname\u003d\"\" blocktype\u003d\"Separator\" l\u003d\"581\" r\u003d\"582\" style\u003d\"transform: translate(1298px, 378px); position: absolute;\" t\u003d\"279\"\u003e \u003cregion\u003e \u003crect b\u003d\"544\" l\u003d\"581\" r\u003d\"582\" t\u003d\"279\"\u003e\u003c/rect\u003e  \u003c/region\u003e  \u003cseparator thickness\u003d\"1\" type\u003d\"Black\"\u003e \u003cstart x\u003d\"581\" y\u003d\"279\"\u003e\u003c/start\u003e \u003cend x\u003d\"581\" y\u003d\"544\"\u003e\u003c/end\u003e \u003c/separator\u003e \u003c/block\u003e  \u003cblock b\u003d\"800\" blockname\u003d\"\" blocktype\u003d\"Separator\" l\u003d\"619\" r\u003d\"620\" style\u003d\"transform: translate(1383px, 0px); position: absolute;\" t\u003d\"0\"\u003e \u003cregion\u003e \u003crect b\u003d\"800\" l\u003d\"619\" r\u003d\"620\" t\u003d\"0\"\u003e\u003c/rect\u003e  \u003c/region\u003e  \u003cseparator thickness\u003d\"1\" type\u003d\"Black\"\u003e \u003cstart x\u003d\"619\" y\u003d\"0\"\u003e\u003c/start\u003e \u003cend x\u003d\"619\" y\u003d\"800\"\u003e\u003c/end\u003e \u003c/separator\u003e \u003c/block\u003e  \u003c/page\u003e     \u003c/document\u003e\u003c/body\u003e\u003c/html\u003e","tags":[{"score":0.5587353657150577,"end":604,"tag":"invoice_date","text":"03/21/2012","estimatedAccuracy":0.9696969696969697,"begin":593},{"score":0.7845498284782179,"end":974,"tag":"price","text":"15.00","estimatedAccuracy":0.994535519125683,"begin":969},{"score":0.508759838965476,"end":989,"tag":"quantity","text":"0.00","estimatedAccuracy":0.9394799650411275,"begin":988},{"score":0.6276777408771371,"end":993,"tag":"quantity","text":"0.00","estimatedAccuracy":0.9970511962984747,"begin":990},{"score":0.5407185806539765,"end":997,"tag":"quantity","text":"S.00","estimatedAccuracy":0.9620135310656205,"begin":996},{"score":0.7906050551132473,"end":1015,"tag":"price","text":"0.00","estimatedAccuracy":0.994535519125683,"begin":1011},{"score":0.6704227057670876,"end":1188,"tag":"price","text":"12.00","estimatedAccuracy":0.9551020408163265,"begin":1183},{"score":0.668045964500559,"end":1228,"tag":"price","text":"0.00","estimatedAccuracy":0.9533133217639133,"begin":1224},{"score":0.5017573286607611,"end":1340,"tag":"product","text":"INV00002 APPLE IPAD CASING - BLACK","estimatedAccuracy":0.8355823305843867,"begin":1292},{"score":0.4687239575532311,"end":1357,"tag":"price","text":"20.00","estimatedAccuracy":0.8924084008491355,"begin":1352},{"score":0.7524826643951865,"end":1397,"tag":"price","text":"0.00","estimatedAccuracy":0.9851485148514851,"begin":1393},{"score":0.48206626328493846,"end":1540,"tag":"price","text":"10.00","estimatedAccuracy":0.8951886639348328,"begin":1535},{"score":0.6963967795858869,"end":1580,"tag":"price","text":"0.00","estimatedAccuracy":0.9705882352941176,"begin":1576},{"score":0.4554503474193389,"end":1652,"tag":"invoice_number","text":"INV00001","estimatedAccuracy":0.9027777777777778,"begin":1644},{"score":0.5094660569168636,"end":1692,"tag":"product","text":"APPLE IPAD CASING - WHITE","estimatedAccuracy":0.8395522388059702,"begin":1667},{"score":0.46679650078937124,"end":1709,"tag":"price","text":"20.00","estimatedAccuracy":0.8919802720408126,"begin":1704},{"score":0.6194705359097343,"end":1749,"tag":"price","text":"0.00","estimatedAccuracy":0.9376376513119994,"begin":1745},{"score":0.5202280100397013,"end":2196,"tag":"price","text":"0.00","estimatedAccuracy":0.900248383519716,"begin":2192}],"group":"invoice_date|invoice_number|price|product|quantity"}