[{"dataValue":"FOWLER-COLLIER","score":0.6744574066335222,"name":"supplier_name","begin":20,"end":34},{"dataValue":"36848788","score":0.8208301372471909,"name":"invoice_number","begin":176,"end":184},{"dataValue":"January 22, 2016","score":0.6516598943822227,"name":"invoice_date","begin":191,"end":207},{"dataValue":"crewedit@iqulfsdoil.edu","score":0.7024535542429761,"name":"email","begin":263,"end":286},{"dataValue":"959,783.6","score":0.5235636475766035,"name":"total_amount","begin":966,"end":975}]