[{"dataValue":"Blanda Inc","score":0.5828102420863784,"name":"supplier_name","begin":18,"end":28},{"dataValue":"7536317931","score":0.7911484213002787,"name":"invoice_number","begin":45,"end":55},{"dataValue":"Intelligent Wooden Computer","score":0.8459050514735107,"name":"product","begin":309,"end":336},{"dataValue":"$481.68","score":0.9428820042688956,"name":"price","begin":344,"end":351},{"dataValue":"15","score":0.94798760419264,"name":"quantity","begin":359,"end":361},{"dataValue":"Intelligent Bronze Chair","score":0.8058915492238568,"name":"product","begin":449,"end":473},{"dataValue":"$349.09","score":0.9001390015303398,"name":"price","begin":481,"end":488},{"dataValue":"39","score":0.89585521070676,"name":"quantity","begin":496,"end":498},{"dataValue":"Enormous Wool Shirt","score":0.741059375397894,"name":"product","begin":570,"end":589},{"dataValue":"$761.52","score":0.8850766118339027,"name":"price","begin":597,"end":604},{"dataValue":"59","score":0.880219130460293,"name":"quantity","begin":612,"end":614},{"dataValue":"Heavy Duty Wool Bottle","score":0.7282020331928669,"name":"product","begin":686,"end":708},{"dataValue":"$730.14","score":0.8171219704641786,"name":"price","begin":716,"end":723},{"dataValue":"39","score":0.9081132789603763,"name":"quantity","begin":731,"end":733},{"dataValue":"113,093.82","score":0.7577175309956207,"name":"total_amount","begin":887,"end":897}]