[{"dataValue":"Mertz LLC","score":0.6537430099929213,"name":"supplier_name","begin":0,"end":9},{"dataValue":"3202057232","score":0.7968843593916962,"name":"invoice_number","begin":127,"end":137},{"dataValue":"Awesome Plastic Bench","score":0.8580746437848085,"name":"product","begin":332,"end":353},{"dataValue":"$940.38","score":0.9168844053664459,"name":"price","begin":361,"end":368},{"dataValue":"27","score":0.9280636240222613,"name":"quantity","begin":376,"end":378},{"dataValue":"Fantastic Cotton Bench","score":0.7763351778101865,"name":"product","begin":466,"end":488},{"dataValue":"$610.87","score":0.8558041866538627,"name":"price","begin":496,"end":503},{"dataValue":"78","score":0.8835608729623131,"name":"quantity","begin":511,"end":513},{"dataValue":"Awesome Bronze Keyboard","score":0.8713264584773883,"name":"product","begin":573,"end":596},{"dataValue":"$473.72","score":0.8064471785493341,"name":"price","begin":604,"end":611},{"dataValue":"1","score":0.8379334531165535,"name":"quantity","begin":619,"end":620},{"dataValue":"Lightweight Wooden Bottle","score":0.7704084241801783,"name":"product","begin":707,"end":732},{"dataValue":"$659.83","score":0.8340971337602093,"name":"price","begin":740,"end":747},{"dataValue":"31","score":0.8049633882813347,"name":"quantity","begin":755,"end":757},{"dataValue":"Heavy Duty Marble Chair","score":0.6699538967775718,"name":"product","begin":818,"end":841},{"dataValue":"$534.70","score":0.786645183043104,"name":"price","begin":849,"end":856},{"dataValue":"~23","score":0.6678537767707798,"name":"quantity","begin":864,"end":867},{"dataValue":"Durable Silk Shoes","score":0.8788116120698386,"name":"product","begin":955,"end":973},{"dataValue":"$812.32","score":0.8191277389674257,"name":"price","begin":981,"end":988},{"dataValue":"21","score":0.7385234321462011,"name":"quantity","begin":996,"end":998},{"dataValue":"Durable Bronze Wallet","score":0.8311055795489304,"name":"product","begin":1085,"end":1106},{"dataValue":"$541.48","score":0.8756574915540789,"name":"price","begin":1114,"end":1121},{"dataValue":"16","score":0.7674432519846041,"name":"quantity","begin":1129,"end":1131},{"dataValue":"Synergistic Plastic Bag","score":0.7417338979092623,"name":"product","begin":1207,"end":1230},{"dataValue":"$170.11","score":0.8167788990040691,"name":"price","begin":1238,"end":1245},{"dataValue":"61","score":0.8942393841983338,"name":"quantity","begin":1253,"end":1255},{"dataValue":"Aerodynamic Steel Shoes","score":0.8758687051249363,"name":"product","begin":1343,"end":1366},{"dataValue":"$343.57","score":0.8092236693836123,"name":"price","begin":1374,"end":1381},{"dataValue":"22","score":0.8996972999521416,"name":"quantity","begin":1389,"end":1391},{"dataValue":"149,922.32","score":0.7787170564091878,"name":"total_amount","begin":1491,"end":1501}]