[{"dataValue":"12501425","score":0.7534276243372932,"name":"invoice_number","begin":9,"end":17},{"dataValue":"iohn.doeStexamole.com","score":0.49987651143640893,"name":"email","begin":137,"end":158},{"dataValue":"January 16, 2018","score":0.7200496881158504,"name":"invoice_date","begin":165,"end":181},{"dataValue":"Workfi","score":0.69144198548475,"name":"supplier_name","begin":189,"end":195},{"dataValue":"Social Media   Marketing","score":0.6520399047439832,"name":"product","begin":343,"end":367},{"dataValue":"$1.00","score":0.7700532681541374,"name":"price","begin":422,"end":427},{"dataValue":"38","score":0.789571993388257,"name":"quantity","begin":435,"end":437},{"dataValue":"Development","score":0.6839843953321191,"name":"product","begin":460,"end":471},{"dataValue":"$60.00","score":0.8593126144634566,"name":"price","begin":541,"end":547},{"dataValue":"15","score":0.9312319549894493,"name":"quantity","begin":555,"end":557},{"dataValue":"Pilot Development","score":0.7270688725719565,"name":"product","begin":581,"end":598},{"dataValue":"S150.00","score":0.6530595677600441,"name":"price","begin":643,"end":650},{"dataValue":"74","score":0.8734202003479756,"name":"quantity","begin":658,"end":660},{"dataValue":"Customer Support","score":0.6744685224432169,"name":"product","begin":687,"end":703},{"dataValue":"$20.00","score":0.7907470517812654,"name":"price","begin":743,"end":749},{"dataValue":"92","score":0.9095521004955248,"name":"quantity","begin":757,"end":759},{"dataValue":"16,653.6","score":0.6126149590875211,"name":"total_amount","begin":867,"end":875}]