[{"dataValue":"Padberg-Padberg","score":0.6869969791940183,"name":"supplier_name","begin":20,"end":35},{"dataValue":"9982242803","score":0.864818543564433,"name":"invoice_number","begin":50,"end":60},{"dataValue":"September 12, 1990","score":0.7654967419194232,"name":"invoice_date","begin":70,"end":88},{"dataValue":"cara.trantow@hotmail.com","score":0.7443590379280887,"name":"email","begin":106,"end":130},{"dataValue":"Practical Granite Bench","score":0.8483605040498166,"name":"product","begin":377,"end":400},{"dataValue":"$456.12","score":0.9315577350303504,"name":"price","begin":406,"end":413},{"dataValue":"23","score":0.930269160430319,"name":"quantity","begin":419,"end":421},{"dataValue":"Gorgeous Iron Bench","score":0.8298929538131709,"name":"product","begin":491,"end":510},{"dataValue":"$411.70","score":0.9071671298547258,"name":"price","begin":516,"end":523},{"dataValue":"37","score":0.9309512186120916,"name":"quantity","begin":529,"end":531},{"dataValue":"30,868.39","score":0.8533048936395173,"name":"total_amount","begin":706,"end":715}]