[{"dataValue":"Bartoletti, Bartoletti and Bartoletti","score":0.7307342690965636,"name":"supplier_name","begin":20,"end":57},{"dataValue":"3461319999","score":0.8603801961996466,"name":"invoice_number","begin":72,"end":82},{"dataValue":"August 16, 1971","score":0.7762471179041709,"name":"invoice_date","begin":92,"end":107},{"dataValue":"cali.mcclure@yahoo.com","score":0.7423301264927064,"name":"email","begin":125,"end":147},{"dataValue":"Synergistic Rubber Shirt","score":0.8100768277963506,"name":"product","begin":386,"end":410},{"dataValue":"$463.13","score":0.9609213967288024,"name":"price","begin":416,"end":423},{"dataValue":"19","score":0.9038014645122427,"name":"quantity","begin":429,"end":431},{"dataValue":"Aerodynamic Linen Shirt","score":0.8502011851577397,"name":"product","begin":500,"end":523},{"dataValue":"$156.96","score":0.9287901933547632,"name":"price","begin":529,"end":536},{"dataValue":"46","score":0.8928565025691715,"name":"quantity","begin":542,"end":544},{"dataValue":"Synergistic Cotton Shirt","score":0.7390897944313439,"name":"product","begin":602,"end":626},{"dataValue":"$182.44","score":0.8603600422918889,"name":"price","begin":632,"end":639},{"dataValue":"6","score":0.8811562450317935,"name":"quantity","begin":645,"end":646},{"dataValue":"Small Bronze Hat","score":0.862713777074505,"name":"product","begin":721,"end":737},{"dataValue":"$215.36","score":0.8811984926282739,"name":"price","begin":743,"end":750},{"dataValue":"32","score":0.8441896039414182,"name":"quantity","begin":756,"end":758},{"dataValue":"Fantastic Marble Bottle","score":0.8333671752639716,"name":"product","begin":838,"end":861},{"dataValue":"$418.55","score":0.8777968100408294,"name":"price","begin":867,"end":874},{"dataValue":"16","score":0.9090631247522453,"name":"quantity","begin":880,"end":882},{"dataValue":"Intelligent Wooden Plate","score":0.7679131204514986,"name":"product","begin":951,"end":975},{"dataValue":"$53.27","score":0.9229799025242589,"name":"price","begin":981,"end":987},{"dataValue":"44","score":0.7923465005769534,"name":"quantity","begin":993,"end":995},{"dataValue":"39,655.76","score":0.827067057468474,"name":"total_amount","begin":1151,"end":1160}]