[{"dataValue":"21-Mar-2012","score":0.5587353657150577,"name":"invoice_date","begin":593,"end":604},{"dataValue":"15.00","score":0.7845498284782179,"name":"price","begin":969,"end":974},{"dataValue":"O","score":0.508759838965476,"name":"quantity","begin":988,"end":989},{"dataValue":".00","score":0.6276777408771371,"name":"quantity","begin":990,"end":993},{"dataValue":"S","score":0.5407185806539765,"name":"quantity","begin":996,"end":997},{"dataValue":"0.00","score":0.7906050551132473,"name":"price","begin":1011,"end":1015},{"dataValue":"12.00","score":0.6704227057670876,"name":"price","begin":1183,"end":1188},{"dataValue":"0.00","score":0.668045964500559,"name":"price","begin":1224,"end":1228},{"dataValue":"INV00002               APPLE IPAD CASING - BLACK","score":0.5017573286607611,"name":"product","begin":1292,"end":1340},{"dataValue":"20.00","score":0.4687239575532311,"name":"price","begin":1352,"end":1357},{"dataValue":"0.00","score":0.7524826643951865,"name":"price","begin":1393,"end":1397},{"dataValue":"10.00","score":0.48206626328493846,"name":"price","begin":1535,"end":1540},{"dataValue":"0.00","score":0.6963967795858869,"name":"price","begin":1576,"end":1580},{"dataValue":"INV00001","score":0.4554503474193389,"name":"invoice_number","begin":1644,"end":1652},{"dataValue":"APPLE IPAD CASING - WHITE","score":0.5094660569168636,"name":"product","begin":1667,"end":1692},{"dataValue":"20.00","score":0.46679650078937124,"name":"price","begin":1704,"end":1709},{"dataValue":"0.00","score":0.6194705359097343,"name":"price","begin":1745,"end":1749},{"dataValue":"0.00","score":0.5202280100397013,"name":"price","begin":2192,"end":2196}]