[{"dataValue":"Bank of Montreal","score":0.4795211372449598,"name":"supplier_name","begin":26,"end":42},{"dataValue":"August 20.","score":0.4811650509963141,"name":"invoice_date","begin":69,"end":79},{"dataValue":"INVI048","score":0.7456796301807056,"name":"invoice_number","begin":101,"end":108},{"dataValue":"Very long product description that occupies more than     1 line - in fact. it occupies 2 lines","score":0.7194244809484801,"name":"product","begin":646,"end":741},{"dataValue":"1","score":0.815366576533946,"name":"quantity","begin":753,"end":754},{"dataValue":"199.99","score":0.8550033487489188,"name":"price","begin":766,"end":772},{"dataValue":"line product description","score":0.5538278937243316,"name":"product","begin":815,"end":839},{"dataValue":"2","score":0.7312038312960792,"name":"quantity","begin":851,"end":852},{"dataValue":"420","score":0.4898448953616587,"name":"price","begin":864,"end":867},{"dataValue":"00","score":0.6039319320628168,"name":"price","begin":868,"end":870}]