[{"dataValue":"Ellel Ministries","score":0.562610821942861,"name":"supplier_name","begin":13,"end":29},{"dataValue":"infc@uk.stcre.ellel.crg","score":0.7124209626157467,"name":"email","begin":296,"end":319},{"dataValue":"Life 32 of 52: Dynamic     Praying - MP3 Download     Download","score":0.4739778242520509,"name":"product","begin":745,"end":807},{"dataValue":"£2.49","score":0.6356168135488038,"name":"price","begin":841,"end":846},{"dataValue":"1","score":0.8318563897726278,"name":"quantity","begin":858,"end":859}]