[{"dataValue":"Dave Steve","score":0.7392465044227521,"name":"supplier_name","begin":43,"end":53},{"dataValue":"15.1.2016","score":0.596234025693905,"name":"invoice_date","begin":350,"end":359},{"dataValue":"Example service","score":0.7437520899598989,"name":"product","begin":696,"end":711},{"dataValue":"75.00","score":0.5437974658526651,"name":"price","begin":764,"end":769},{"dataValue":"Example product","score":0.46505828745386063,"name":"product","begin":828,"end":843},{"dataValue":"412.13","score":0.5637218409739978,"name":"total_amount","begin":1046,"end":1052}]