[{"dataValue":"Contact@lnvoiceNinja.com","score":0.4151372048193097,"name":"email","begin":75,"end":99},{"dataValue":"00984","score":0.6365139092598878,"name":"invoice_number","begin":233,"end":238},{"dataValue":"Marcus Industries","score":0.5830925035331068,"name":"supplier_name","begin":255,"end":272},{"dataValue":"Sep 8, 2014","score":0.735374500318852,"name":"invoice_date","begin":322,"end":333},{"dataValue":"885.00","score":0.5339428369160799,"name":"price","begin":810,"end":816},{"dataValue":"600.00","score":0.6173897758177199,"name":"price","begin":1191,"end":1197},{"dataValue":"1","score":0.6647504331981523,"name":"quantity","begin":1209,"end":1210},{"dataValue":"Bathroom sink installation","score":0.5609901875264558,"name":"product","begin":1279,"end":1305},{"dataValue":"250.00","score":0.6784501365343177,"name":"price","begin":1317,"end":1323},{"dataValue":"2","score":0.8039837758874034,"name":"quantity","begin":1335,"end":1336},{"dataValue":"1,838.80","score":0.8225532044418403,"name":"total_amount","begin":1783,"end":1791}]