[{"dataValue":"Jkdie-Kool Company","score":0.44365582356617145,"name":"supplier_name","begin":13,"end":31},{"dataValue":"YQurEm.ail@YQur.Slte.com","score":0.6020868521161116,"name":"email","begin":93,"end":117},{"dataValue":"Jan 1, 0001","score":0.5132585490431169,"name":"invoice_date","begin":231,"end":242},{"dataValue":"Provided Services Description (date range)","score":0.4749365942176017,"name":"product","begin":420,"end":462},{"dataValue":"$0.00","score":0.8548056602718628,"name":"price","begin":474,"end":479},{"dataValue":"0.00","score":0.5355189399672273,"name":"total_amount","begin":766,"end":770}]