[{"dataValue":"Skeie Hardware Store","score":0.42514334635599954,"name":"supplier_name","begin":44,"end":64},{"dataValue":"customer@mycmail.com","score":0.7223249719619473,"name":"email","begin":330,"end":350},{"dataValue":"January 13.2015","score":0.5806949668160419,"name":"invoice_date","begin":449,"end":464},{"dataValue":"Card Reader For iPhone \u0026 iPad","score":0.42285069617208304,"name":"product","begin":617,"end":646},{"dataValue":"2","score":0.8030740995249082,"name":"quantity","begin":658,"end":659},{"dataValue":"$19.00","score":0.5891680150580829,"name":"price","begin":671,"end":677},{"dataValue":"_ , . includes card readcr, receipt phnter. iPad     Complete Kit POS , .     stand, \u0026 cash drawer","score":0.6832557461674947,"name":"product","begin":716,"end":814},{"dataValue":"1","score":0.8331276954783858,"name":"quantity","begin":826,"end":827},{"dataValue":"$649.00","score":0.8021126673683779,"name":"price","begin":839,"end":846},{"dataValue":"776.31","score":0.7884142768432632,"name":"total_amount","begin":1322,"end":1328}]