{"finalScore":0.6649539589661181,"metaInfo":{"model":{"coreVersion":"9.3.0.9"}},"sumScore":0.6649539589661181,"tagsCounter":1.0,"taggedText":"\u003chtml\u003e\u003chead\u003e\u003cscript src\u003d\"https://ajax.googleapis.com/ajax/libs/jquery/2.2.0/jquery.min.js\"\u003e\u003c/script\u003e\u003c/head\u003e\u003cbody\u003e\u003cdocument languages\u003d\"\" producer\u003d\"Workfusion\" schemalocation\u003d\"http://ocr.crowdcomputingsystems.com/xml/schema-v1.xml\" version\u003d\"1.0\" xmlns\u003d\"http://ocr.crowdcomputingsystems.com/xml/schema-v1.xml\" xsi\u003d\"http://www.w3.org/2001/XMLSchema-instance\"\u003e \u003clink href\u003d\"https://s3.amazonaws.com/workfusion-resources/ocr/ocr-xml-viewer-0.3-scale-to-width.css\" rel\u003d\"stylesheet\" type\u003d\"text/css\"\u003e\u003c/link\u003e \u003cscript src\u003d\"https://s3.amazonaws.com/workfusion-resources/jquery/core/1.8.3/jquery.min.js\" type\u003d\"text/javascript\"\u003e\u003c/script\u003e\u003cscript src\u003d\"https://s3.amazonaws.com/workfusion-resources/ocr/ocr-xml-viewer-0.3-scale-to-width.js\"\u003e\u003c/script\u003e\u003cscript\u003e\u003c/script\u003e\u003cstyle\u003e\u003c/style\u003e\u003cpage data-pages\u003d\"1\" h\u003d\"4394\" resolution\u003d\"400\" style\u003d\"height: 1088px;\" w\u003d\"3411\"\u003e \u003cblock b\u003d\"494\" blockname\u003d\"\" blocktype\u003d\"Text\" l\u003d\"196\" r\u003d\"514\" style\u003d\"transform: translate(94px, 46px); position: absolute; width: 153.266px; height: 78px;\" t\u003d\"182\"\u003e \u003cregion\u003e \u003crect b\u003d\"494\" l\u003d\"196\" r\u003d\"514\" t\u003d\"182\"\u003e\u003c/rect\u003e  \u003c/region\u003e  \u003ctext\u003e \u003cpar linespacing\u003d\"-1\"\u003e\u003c/par\u003e  \u003c/text\u003e  \u003c/block\u003e  \u003cblock b\u003d\"640\" blockname\u003d\"\" blocktype\u003d\"Text\" l\u003d\"176\" r\u003d\"1044\" style\u003d\"transform: translate(85px, 61px); position: absolute; width: 418.35px; height: 99.5px;\" t\u003d\"242\"\u003e \u003cregion\u003e \u003crect b\u003d\"502\" l\u003d\"532\" r\u003d\"1044\" t\u003d\"242\"\u003e\u003c/rect\u003e  \u003crect b\u003d\"640\" l\u003d\"176\" r\u003d\"1044\" t\u003d\"502\"\u003e\u003c/rect\u003e  \u003c/region\u003e  \u003ctext\u003e \u003cpar leftindent\u003d\"6700\" linespacing\u003d\"1512\" rightindent\u003d\"3200\"\u003e \u003cline b\u003d\"327\" baseline\u003d\"326\" l\u003d\"553\" r\u003d\"867\" style\u003d\"transform: translate(182px, 4px); position: absolute;\" t\u003d\"257\"\u003e \u003cformatting lang\u003d\"EnglishUnitedStates\"\u003e PEOPLE \u003c/formatting\u003e  \u003c/line\u003e  \u003cline b\u003d\"411\" baseline\u003d\"410\" l\u003d\"549\" r\u003d\"751\" style\u003d\"transform: translate(180px, 25px); position: absolute;\" t\u003d\"343\"\u003e \u003cformatting lang\u003d\"EnglishUnitedStates\"\u003e WHO \u003c/formatting\u003e  \u003c/line\u003e  \u003cline b\u003d\"495\" baseline\u003d\"494\" l\u003d\"549\" r\u003d\"821\" style\u003d\"transform: translate(180px, 46px); position: absolute;\" t\u003d\"427\"\u003e \u003cformatting lang\u003d\"EnglishUnitedStates\"\u003e GET IT\u0027 \u003c/formatting\u003e  \u003c/line\u003e  \u003c/par\u003e  \u003cpar linespacing\u003d\"1120\"\u003e \u003cline b\u003d\"635\" baseline\u003d\"633\" l\u003d\"193\" r\u003d\"1029\" style\u003d\"transform: translate(8px, 82px); position: absolute;\" t\u003d\"571\"\u003e \u003cformatting lang\u003d\"EnglishUnitedStates\"\u003e CDW.com I 800.800.4239 \u003c/formatting\u003e  \u003c/line\u003e  \u003c/par\u003e  \u003c/text\u003e  \u003c/block\u003e  \u003cblock b\u003d\"1102\" blockname\u003d\"\" blocktype\u003d\"Text\" l\u003d\"282\" r\u003d\"1346\" style\u003d\"transform: translate(136px, 193px); position: absolute; width: 512.816px; height: 82.5px;\" t\u003d\"772\"\u003e \u003cregion\u003e \u003crect b\u003d\"1102\" l\u003d\"282\" r\u003d\"1346\" t\u003d\"772\"\u003e\u003c/rect\u003e  \u003c/region\u003e  \u003ctext\u003e \u003cpar linespacing\u003d\"1152\"\u003e \u003cline b\u003d\"839\" baseline\u003d\"828\" l\u003d\"299\" r\u003d\"943\" style\u003d\"transform: translate(8px, 2px); position: absolute;\" t\u003d\"781\"\u003e \u003cformatting lang\u003d\"EnglishUnitedStates\"\u003e MARSHALL GROUP. \u003c/formatting\u003e  \u003c/line\u003e  \u003c/par\u003e  \u003cpar linespacing\u003d\"1152\"\u003e \u003cline b\u003d\"901\" baseline\u003d\"891\" l\u003d\"297\" r\u003d\"1223\" style\u003d\"transform: translate(7px, 15px); position: absolute;\" t\u003d\"831\"\u003e \u003cformatting lang\u003d\"EnglishUnitedStates\"\u003e 5130 MIGUEL SPURS APT. 616 \u003c/formatting\u003e  \u003c/line\u003e  \u003cline b\u003d\"961\" baseline\u003d\"956\" l\u003d\"301\" r\u003d\"993\" style\u003d\"transform: translate(9px, 35px); position: absolute;\" t\u003d\"911\"\u003e \u003cformatting lang\u003d\"EnglishUnitedStates\"\u003e n ACCOUNTS PAYABLE \u003c/formatting\u003e  \u003c/line\u003e  \u003cline b\u003d\"1035\" baseline\u003d\"1020\" l\u003d\"295\" r\u003d\"1331\" style\u003d\"transform: translate(6px, 50px); position: absolute;\" t\u003d\"971\"\u003e \u003cformatting lang\u003d\"EnglishUnitedStates\"\u003e TAMMYVIEW, CT 25825 \u003c/formatting\u003e  \u003c/line\u003e  \u003cline b\u003d\"1099\" baseline\u003d\"1084\" l\u003d\"295\" r\u003d\"767\" style\u003d\"transform: translate(6px, 61px); position: absolute;\" t\u003d\"1017\"\u003e \u003cformatting lang\u003d\"EnglishUnitedStates\"\u003e (346)725-8454x9464 \u003c/formatting\u003e  \u003c/line\u003e  \u003c/par\u003e  \u003c/text\u003e  \u003c/block\u003e  \u003cblock b\u003d\"256\" blockname\u003d\"\" blocktype\u003d\"Text\" l\u003d\"1324\" r\u003d\"2062\" style\u003d\"transform: translate(638px, 47px); position: absolute; width: 355.694px; height: 17px;\" t\u003d\"188\"\u003e \u003cregion\u003e \u003crect b\u003d\"256\" l\u003d\"1324\" r\u003d\"2062\" t\u003d\"188\"\u003e\u003c/rect\u003e  \u003c/region\u003e  \u003ctext\u003e \u003cpar linespacing\u003d\"920\"\u003e \u003cline b\u003d\"253\" baseline\u003d\"250\" l\u003d\"1339\" r\u003d\"2047\" style\u003d\"transform: translate(7px, 3px); position: absolute;\" t\u003d\"199\"\u003e \u003cformatting lang\u003d\"EnglishUnitedStates\"\u003e ***ORIGINAL COPY*** \u003c/formatting\u003e  \u003c/line\u003e  \u003c/par\u003e  \u003c/text\u003e  \u003c/block\u003e  \u003cblock b\u003d\"510\" blockname\u003d\"\" blocktype\u003d\"Text\" l\u003d\"2110\" r\u003d\"2820\" style\u003d\"transform: translate(1017px, 95px); position: absolute; width: 342.199px; height: 33px;\" t\u003d\"378\"\u003e \u003cregion\u003e \u003crect b\u003d\"510\" l\u003d\"2110\" r\u003d\"2820\" t\u003d\"378\"\u003e\u003c/rect\u003e  \u003c/region\u003e  \u003ctext\u003e \u003cpar leftindent\u003d\"1700\" linespacing\u003d\"1152\" startindent\u003d\"-1700\"\u003e \u003cline b\u003d\"443\" baseline\u003d\"442\" l\u003d\"2127\" r\u003d\"2805\" style\u003d\"transform: translate(8px, 3px); position: absolute;\" t\u003d\"391\"\u003e \u003cformatting lang\u003d\"EnglishUnitedStates\"\u003e Tax Identification \u003c/formatting\u003e  \u003c/line\u003e  \u003cline b\u003d\"507\" baseline\u003d\"504\" l\u003d\"2203\" r\u003d\"2581\" style\u003d\"transform: translate(45px, 19px); position: absolute;\" t\u003d\"453\"\u003e \u003cformatting lang\u003d\"EnglishUnitedStates\"\u003e 36-4530079 \u003c/formatting\u003e  \u003c/line\u003e  \u003c/par\u003e  \u003c/text\u003e  \u003c/block\u003e  \u003cregion xmlns\u003d\"http://ocr.crowdcomputingsystems.com/xml/schema-v1.xml\"\u003e \u003crect b\u003d\"711\" l\u003d\"2107\" r\u003d\"3268\" t\u003d\"536\"\u003e\u003c/rect\u003e  \u003c/region\u003e \u003ctable b\u003d\"711\" blockname\u003d\"\" blocktype\u003d\"Table\" l\u003d\"2107\" r\u003d\"3268\" style\u003d\"transform: translate(1016px, 134px); position: absolute;\" t\u003d\"536\" xmlns\u003d\"\"\u003e \u003ctbody\u003e\u003ctr\u003e \u003ctd bottomborder\u003d\"White\" h\u003d\"81\" leftborder\u003d\"White\" rightborder\u003d\"White\" topborder\u003d\"White\" w\u003d\"349\"\u003e \u003ctext xmlns\u003d\"http://ocr.crowdcomputingsystems.com/xml/schema-v1.xml\"\u003e \u003cpar linespacing\u003d\"860\"\u003e \u003cline b\u003d\"595\" baseline\u003d\"594\" l\u003d\"2107\" r\u003d\"2424\" t\u003d\"546\"\u003e \u003cformatting lang\u003d\"EnglishUnitedStates\"\u003e 1 INVOICE NO. \u003c/formatting\u003e  \u003c/line\u003e  \u003c/par\u003e  \u003c/text\u003e  \u003c/td\u003e   \u003ctd bottomborder\u003d\"White\" h\u003d\"81\" leftborder\u003d\"White\" rightborder\u003d\"White\" topborder\u003d\"White\" w\u003d\"391\"\u003e \u003ctext xmlns\u003d\"http://ocr.crowdcomputingsystems.com/xml/schema-v1.xml\"\u003e \u003cpar align\u003d\"Right\" linespacing\u003d\"630\"\u003e \u003cline b\u003d\"594\" baseline\u003d\"594\" l\u003d\"2532\" r\u003d\"2817\" t\u003d\"559\"\u003e \u003cformatting lang\u003d\"EnglishUnitedStates\"\u003e ACCOUNT NO \u003c/formatting\u003e  \u003c/line\u003e  \u003c/par\u003e  \u003c/text\u003e  \u003c/td\u003e   \u003ctd bottomborder\u003d\"White\" h\u003d\"81\" leftborder\u003d\"White\" rightborder\u003d\"White\" topborder\u003d\"White\" w\u003d\"421\"\u003e \u003ctext xmlns\u003d\"http://ocr.crowdcomputingsystems.com/xml/schema-v1.xml\"\u003e \u003cpar leftindent\u003d\"1300\" linespacing\u003d\"680\"\u003e \u003cline b\u003d\"597\" baseline\u003d\"597\" l\u003d\"2915\" r\u003d\"3221\" t\u003d\"559\"\u003e \u003cformatting lang\u003d\"EnglishUnitedStates\"\u003e INVOICE DATE \u003c/formatting\u003e  \u003c/line\u003e  \u003c/par\u003e  \u003c/text\u003e  \u003c/td\u003e   \u003c/tr\u003e \n \u003ctr\u003e \u003ctd h\u003d\"94\" leftborder\u003d\"White\" rightborder\u003d\"White\" topborder\u003d\"White\" w\u003d\"349\"\u003e \u003ctext xmlns\u003d\"http://ocr.crowdcomputingsystems.com/xml/schema-v1.xml\"\u003e \u003cpar linespacing\u003d\"880\"\u003e \u003cline b\u003d\"697\" baseline\u003d\"696\" l\u003d\"2127\" r\u003d\"2391\" t\u003d\"647\"\u003e \u003cformatting lang\u003d\"EnglishUnitedStates\"\u003e QE24584 \u003c/formatting\u003e  \u003c/line\u003e  \u003c/par\u003e  \u003c/text\u003e  \u003c/td\u003e   \u003ctd h\u003d\"94\" leftborder\u003d\"White\" rightborder\u003d\"White\" topborder\u003d\"White\" w\u003d\"391\"\u003e \u003ctext xmlns\u003d\"http://ocr.crowdcomputingsystems.com/xml/schema-v1.xml\"\u003e \u003cpar leftindent\u003d\"1500\" linespacing\u003d\"900\"\u003e \u003cline b\u003d\"697\" baseline\u003d\"697\" l\u003d\"2547\" r\u003d\"2803\" t\u003d\"647\"\u003e \u003cformatting lang\u003d\"EnglishUnitedStates\"\u003e 0266940 \u003c/formatting\u003e  \u003c/line\u003e  \u003c/par\u003e  \u003c/text\u003e  \u003c/td\u003e   \u003ctd h\u003d\"94\" leftborder\u003d\"White\" topborder\u003d\"White\" w\u003d\"421\"\u003e \u003ctext xmlns\u003d\"http://ocr.crowdcomputingsystems.com/xml/schema-v1.xml\"\u003e \u003cpar leftindent\u003d\"1300\" linespacing\u003d\"920\"\u003e \u003cline b\u003d\"698\" baseline\u003d\"698\" l\u003d\"2919\" r\u003d\"3189\" t\u003d\"647\"\u003e \u003cformatting lang\u003d\"EnglishUnitedStates\"\u003e \u003cinvoice_date begin\u003d\"494\" class\u003d\"extraction-tag ml-tag\" data-text\u003d\"08-19-70\" data-value\u003d\"08-19-70\" end\u003d\"502\" ml-tagorder\u003d\"0\" score\u003d\"0.6649539589661181\" style\u003d\"border: 2px solid rgb(125, 157, 1);\" tagorder\u003d\"0\"\u003e08-19-70\u003c/invoice_date\u003e \u003c/formatting\u003e  \u003c/line\u003e  \u003c/par\u003e  \u003c/text\u003e  \u003c/td\u003e   \u003c/tr\u003e \n \u003c/tbody\u003e\u003c/table\u003e\n \u003cblock b\u003d\"1096\" blockname\u003d\"\" blocktype\u003d\"Text\" l\u003d\"1766\" r\u003d\"2674\" style\u003d\"transform: translate(851px, 191px); position: absolute; width: 437.629px; height: 83.5px;\" t\u003d\"762\"\u003e \u003cregion\u003e \u003crect b\u003d\"1096\" l\u003d\"1766\" r\u003d\"2674\" t\u003d\"762\"\u003e\u003c/rect\u003e  \u003c/region\u003e  \u003ctext\u003e \u003cpar linespacing\u003d\"1152\"\u003e \u003cline b\u003d\"845\" baseline\u003d\"828\" l\u003d\"1785\" r\u003d\"2169\" style\u003d\"transform: translate(9px, 3px); position: absolute;\" t\u003d\"775\"\u003e \u003cformatting lang\u003d\"EnglishUnitedStates\"\u003e MARSHALL GROUP \u003c/formatting\u003e  \u003c/line\u003e  \u003c/par\u003e  \u003cpar linespacing\u003d\"1152\"\u003e \u003cline b\u003d\"891\" baseline\u003d\"889\" l\u003d\"1785\" r\u003d\"2657\" style\u003d\"transform: translate(9px, 18px); position: absolute;\" t\u003d\"835\"\u003e \u003cformatting lang\u003d\"EnglishUnitedStates\"\u003e 7350 CROSSPOINT PARKWAY \u003c/formatting\u003e  \u003c/line\u003e  \u003cline b\u003d\"963\" baseline\u003d\"954\" l\u003d\"1785\" r\u003d\"2205\" style\u003d\"transform: translate(9px, 37px); position: absolute;\" t\u003d\"909\"\u003e \u003cformatting lang\u003d\"EnglishUnitedStates\"\u003e pJCfJ PUCIIA \u003c/formatting\u003e  \u003c/line\u003e  \u003cline b\u003d\"1039\" baseline\u003d\"1018\" l\u003d\"1787\" r\u003d\"2577\" style\u003d\"transform: translate(10px, 52px); position: absolute;\" t\u003d\"969\"\u003e \u003cformatting lang\u003d\"EnglishUnitedStates\"\u003e tGETZVILLE, NY 14068 \u003c/formatting\u003e  \u003c/line\u003e  \u003cline b\u003d\"1091\" baseline\u003d\"1081\" l\u003d\"1781\" r\u003d\"2545\" style\u003d\"transform: translate(7px, 68px); position: absolute;\" t\u003d\"1035\"\u003e \u003cformatting lang\u003d\"EnglishUnitedStates\"\u003e o yourp.o. *23330 REBILL \u003c/formatting\u003e  \u003c/line\u003e  \u003c/par\u003e  \u003c/text\u003e  \u003c/block\u003e  \u003cregion xmlns\u003d\"http://ocr.crowdcomputingsystems.com/xml/schema-v1.xml\"\u003e \u003crect b\u003d\"1365\" l\u003d\"160\" r\u003d\"3232\" t\u003d\"1129\"\u003e\u003c/rect\u003e  \u003c/region\u003e \u003ctable b\u003d\"1365\" blockname\u003d\"\" blocktype\u003d\"Table\" l\u003d\"160\" r\u003d\"3232\" style\u003d\"transform: translate(77px, 282px); position: absolute;\" t\u003d\"1129\" xmlns\u003d\"\"\u003e \u003ctbody\u003e\u003ctr\u003e \u003ctd bottomborder\u003d\"White\" h\u003d\"94\" leftborder\u003d\"White\" rightborder\u003d\"White\" topborder\u003d\"White\" w\u003d\"181\"\u003e \u003ctext xmlns\u003d\"http://ocr.crowdcomputingsystems.com/xml/schema-v1.xml\"\u003e \u003cpar linespacing\u003d\"-1\"\u003e\u003c/par\u003e  \u003c/text\u003e  \u003c/td\u003e   \u003ctd bottomborder\u003d\"White\" h\u003d\"94\" leftborder\u003d\"White\" rightborder\u003d\"White\" topborder\u003d\"White\" w\u003d\"518\"\u003e \u003ctext xmlns\u003d\"http://ocr.crowdcomputingsystems.com/xml/schema-v1.xml\"\u003e \u003cpar leftindent\u003d\"800\" linespacing\u003d\"520\"\u003e \u003cline b\u003d\"1195\" baseline\u003d\"1193\" l\u003d\"386\" r\u003d\"781\" t\u003d\"1164\"\u003e \u003cformatting lang\u003d\"EnglishUnitedStates\"\u003e ACCOUNT MANAGFR \u003c/formatting\u003e  \u003c/line\u003e  \u003c/par\u003e  \u003c/text\u003e  \u003c/td\u003e   \u003ctd bottomborder\u003d\"White\" h\u003d\"94\" leftborder\u003d\"White\" rightborder\u003d\"White\" topborder\u003d\"White\" w\u003d\"339\"\u003e \u003ctext xmlns\u003d\"http://ocr.crowdcomputingsystems.com/xml/schema-v1.xml\"\u003e \u003cpar linespacing\u003d\"520\"\u003e \u003cline b\u003d\"1194\" baseline\u003d\"1194\" l\u003d\"881\" r\u003d\"1176\" t\u003d\"1165\"\u003e \u003cformatting lang\u003d\"EnglishUnitedStates\"\u003e DATE ORDFnFD \u003c/formatting\u003e  \u003c/line\u003e  \u003c/par\u003e  \u003c/text\u003e  \u003c/td\u003e   \u003ctd bottomborder\u003d\"White\" h\u003d\"94\" leftborder\u003d\"White\" rightborder\u003d\"White\" topborder\u003d\"White\" w\u003d\"335\"\u003e \u003ctext xmlns\u003d\"http://ocr.crowdcomputingsystems.com/xml/schema-v1.xml\"\u003e \u003cpar linespacing\u003d\"490\"\u003e \u003cline b\u003d\"1193\" baseline\u003d\"1192\" l\u003d\"1230\" r\u003d\"1502\" t\u003d\"1165\"\u003e \u003cformatting lang\u003d\"EnglishUnitedStates\"\u003e DATE SMIPPFD \u003c/formatting\u003e  \u003c/line\u003e  \u003c/par\u003e  \u003c/text\u003e  \u003c/td\u003e   \u003ctd bottomborder\u003d\"White\" h\u003d\"94\" leftborder\u003d\"White\" rightborder\u003d\"White\" topborder\u003d\"White\" w\u003d\"125\"\u003e \u003ctext xmlns\u003d\"http://ocr.crowdcomputingsystems.com/xml/schema-v1.xml\"\u003e \u003cpar linespacing\u003d\"-1\"\u003e\u003c/par\u003e  \u003c/text\u003e  \u003c/td\u003e   \u003ctd bottomborder\u003d\"White\" h\u003d\"94\" leftborder\u003d\"White\" rightborder\u003d\"White\" topborder\u003d\"White\" w\u003d\"195\"\u003e \u003ctext xmlns\u003d\"http://ocr.crowdcomputingsystems.com/xml/schema-v1.xml\"\u003e \u003cpar linespacing\u003d\"470\"\u003e \u003cline b\u003d\"1193\" baseline\u003d\"1190\" l\u003d\"1682\" r\u003d\"1832\" t\u003d\"1164\"\u003e \u003cformatting lang\u003d\"EnglishUnitedStates\"\u003e WFiGHT \u003c/formatting\u003e  \u003c/line\u003e  \u003c/par\u003e  \u003c/text\u003e  \u003c/td\u003e   \u003ctd bottomborder\u003d\"White\" h\u003d\"94\" leftborder\u003d\"White\" rightborder\u003d\"White\" topborder\u003d\"White\" w\u003d\"691\"\u003e \u003ctext xmlns\u003d\"http://ocr.crowdcomputingsystems.com/xml/schema-v1.xml\"\u003e \u003cpar align\u003d\"Center\" leftindent\u003d\"300\" linespacing\u003d\"560\"\u003e \u003cline b\u003d\"1191\" baseline\u003d\"1191\" l\u003d\"2082\" r\u003d\"2321\" t\u003d\"1160\"\u003e \u003cformatting lang\u003d\"EnglishUnitedStates\"\u003e SHipecn via \u003c/formatting\u003e  \u003c/line\u003e  \u003c/par\u003e  \u003c/text\u003e  \u003c/td\u003e   \u003ctd bottomborder\u003d\"White\" h\u003d\"94\" leftborder\u003d\"White\" rightborder\u003d\"White\" topborder\u003d\"White\" w\u003d\"688\"\u003e \u003ctext xmlns\u003d\"http://ocr.crowdcomputingsystems.com/xml/schema-v1.xml\"\u003e \u003cpar align\u003d\"Center\" linespacing\u003d\"580\" rightindent\u003d\"400\"\u003e \u003cline b\u003d\"1190\" baseline\u003d\"1190\" l\u003d\"2829\" r\u003d\"2961\" t\u003d\"1158\"\u003e \u003cformatting lang\u003d\"EnglishUnitedStates\"\u003e TERMS \u003c/formatting\u003e  \u003c/line\u003e  \u003c/par\u003e  \u003c/text\u003e  \u003c/td\u003e   \u003c/tr\u003e \n \u003ctr\u003e \u003ctd bottomborder\u003d\"White\" h\u003d\"142\" leftborder\u003d\"White\" topborder\u003d\"White\" w\u003d\"181\"\u003e \u003ctext xmlns\u003d\"http://ocr.crowdcomputingsystems.com/xml/schema-v1.xml\"\u003e \u003cpar linespacing\u003d\"-1\"\u003e\u003c/par\u003e  \u003c/text\u003e  \u003c/td\u003e   \u003ctd bottomborder\u003d\"White\" h\u003d\"142\" topborder\u003d\"White\" w\u003d\"518\"\u003e \u003ctext xmlns\u003d\"http://ocr.crowdcomputingsystems.com/xml/schema-v1.xml\"\u003e \u003cpar linespacing\u003d\"2000\"\u003e \u003cline b\u003d\"1352\" baseline\u003d\"1341\" l\u003d\"341\" r\u003d\"803\" t\u003d\"1230\"\u003e \u003cformatting lang\u003d\"EnglishUnitedStates\"\u003e IjONATHAN HUN \u003c/formatting\u003e  \u003c/line\u003e  \u003c/par\u003e  \u003c/text\u003e  \u003c/td\u003e   \u003ctd bottomborder\u003d\"White\" h\u003d\"142\" topborder\u003d\"White\" w\u003d\"339\"\u003e \u003ctext xmlns\u003d\"http://ocr.crowdcomputingsystems.com/xml/schema-v1.xml\"\u003e \u003cpar linespacing\u003d\"-1\"\u003e\u003c/par\u003e  \u003c/text\u003e  \u003c/td\u003e   \u003ctd bottomborder\u003d\"White\" h\u003d\"142\" topborder\u003d\"White\" w\u003d\"335\"\u003e \u003ctext xmlns\u003d\"http://ocr.crowdcomputingsystems.com/xml/schema-v1.xml\"\u003e \u003cpar linespacing\u003d\"920\"\u003e \u003cline b\u003d\"1342\" baseline\u003d\"1341\" l\u003d\"1222\" r\u003d\"1483\" t\u003d\"1290\"\u003e \u003cformatting lang\u003d\"EnglishUnitedStates\"\u003e 08-19-70 \u003c/formatting\u003e  \u003c/line\u003e  \u003c/par\u003e  \u003c/text\u003e  \u003c/td\u003e   \u003ctd bottomborder\u003d\"White\" h\u003d\"142\" rightborder\u003d\"White\" topborder\u003d\"White\" w\u003d\"125\"\u003e \u003ctext xmlns\u003d\"http://ocr.crowdcomputingsystems.com/xml/schema-v1.xml\"\u003e \u003cpar linespacing\u003d\"-1\"\u003e\u003c/par\u003e  \u003c/text\u003e  \u003c/td\u003e   \u003ctd bottomborder\u003d\"White\" h\u003d\"142\" leftborder\u003d\"White\" topborder\u003d\"White\" w\u003d\"195\"\u003e \u003ctext xmlns\u003d\"http://ocr.crowdcomputingsystems.com/xml/schema-v1.xml\"\u003e \u003cpar linespacing\u003d\"-1\"\u003e\u003c/par\u003e  \u003c/text\u003e  \u003c/td\u003e   \u003ctd bottomborder\u003d\"White\" h\u003d\"142\" topborder\u003d\"White\" w\u003d\"691\"\u003e \u003ctext xmlns\u003d\"http://ocr.crowdcomputingsystems.com/xml/schema-v1.xml\"\u003e \u003cpar linespacing\u003d\"920\"\u003e \u003cline b\u003d\"1351\" baseline\u003d\"1341\" l\u003d\"1861\" r\u003d\"2501\" t\u003d\"1290\"\u003e \u003cformatting lang\u003d\"EnglishUnitedStates\"\u003e UPS Ground ( 2- 3 \u003c/formatting\u003e  \u003c/line\u003e  \u003c/par\u003e  \u003c/text\u003e  \u003c/td\u003e   \u003ctd bottomborder\u003d\"White\" h\u003d\"142\" rightborder\u003d\"White\" topborder\u003d\"White\" w\u003d\"688\"\u003e \u003ctext xmlns\u003d\"http://ocr.crowdcomputingsystems.com/xml/schema-v1.xml\"\u003e \u003cpar linespacing\u003d\"940\"\u003e \u003cline b\u003d\"1353\" baseline\u003d\"1341\" l\u003d\"2579\" r\u003d\"3229\" t\u003d\"1289\"\u003e \u003cformatting lang\u003d\"EnglishUnitedStates\"\u003e NET 45 Days Verba \u003c/formatting\u003e  \u003c/line\u003e  \u003c/par\u003e  \u003c/text\u003e  \u003c/td\u003e   \u003c/tr\u003e \n \u003c/tbody\u003e\u003c/table\u003e\n \u003cblock b\u003d\"1438\" blockname\u003d\"\" blocktype\u003d\"Text\" l\u003d\"198\" r\u003d\"1456\" style\u003d\"transform: translate(95px, 348px); position: absolute; width: 606.318px; height: 11.5px;\" t\u003d\"1392\"\u003e \u003cregion\u003e \u003crect b\u003d\"1438\" l\u003d\"198\" r\u003d\"1456\" t\u003d\"1392\"\u003e\u003c/rect\u003e  \u003c/region\u003e  \u003ctext\u003e \u003cpar align\u003d\"Justified\" linespacing\u003d\"560\"\u003e \u003cline b\u003d\"1433\" baseline\u003d\"1429\" l\u003d\"214\" r\u003d\"1440\" style\u003d\"transform: translate(8px, 2px); position: absolute;\" t\u003d\"1398\"\u003e \u003cformatting lang\u003d\"EnglishUnitedStates\"\u003e ORDER SHIPPED ITEMNUMBER DESCRIPTION \u003c/formatting\u003e  \u003c/line\u003e  \u003c/par\u003e  \u003c/text\u003e  \u003c/block\u003e  \u003cblock b\u003d\"1434\" blockname\u003d\"\" blocktype\u003d\"Text\" l\u003d\"2518\" r\u003d\"3152\" style\u003d\"transform: translate(1214px, 348px); position: absolute; width: 305.569px; height: 11px;\" t\u003d\"1390\"\u003e \u003cregion\u003e \u003crect b\u003d\"1434\" l\u003d\"2518\" r\u003d\"3152\" t\u003d\"1390\"\u003e\u003c/rect\u003e  \u003c/region\u003e  \u003ctext\u003e \u003cpar align\u003d\"Justified\" linespacing\u003d\"560\"\u003e \u003cline b\u003d\"1428\" baseline\u003d\"1428\" l\u003d\"2533\" r\u003d\"3134\" style\u003d\"transform: translate(7px, 2px); position: absolute;\" t\u003d\"1397\"\u003e \u003cformatting lang\u003d\"EnglishUnitedStates\"\u003e UNJTPRCF FXTFNSION \u003c/formatting\u003e  \u003c/line\u003e  \u003c/par\u003e  \u003c/text\u003e  \u003c/block\u003e  \u003cblock b\u003d\"1602\" blockname\u003d\"\" blocktype\u003d\"Text\" l\u003d\"368\" r\u003d\"438\" style\u003d\"transform: translate(177px, 384px); position: absolute; width: 33.7379px; height: 17px;\" t\u003d\"1534\"\u003e \u003cregion\u003e \u003crect b\u003d\"1602\" l\u003d\"368\" r\u003d\"438\" t\u003d\"1534\"\u003e\u003c/rect\u003e  \u003c/region\u003e  \u003ctext\u003e \u003cpar align\u003d\"Justified\"\u003e \u003cline b\u003d\"1597\" baseline\u003d\"1597\" l\u003d\"384\" r\u003d\"419\" style\u003d\"transform: translate(8px, 3px); position: absolute;\" t\u003d\"1546\"\u003e3\u003c/line\u003e  \u003c/par\u003e  \u003c/text\u003e  \u003c/block\u003e  \u003cblock b\u003d\"1858\" blockname\u003d\"\" blocktype\u003d\"Text\" l\u003d\"752\" r\u003d\"2406\" style\u003d\"transform: translate(362px, 384px); position: absolute; width: 797.179px; height: 81px;\" t\u003d\"1534\"\u003e \u003cregion\u003e \u003crect b\u003d\"1858\" l\u003d\"752\" r\u003d\"2406\" t\u003d\"1534\"\u003e\u003c/rect\u003e  \u003c/region\u003e  \u003ctext\u003e \u003cpar linespacing\u003d\"1152\" startindent\u003d\"1600\"\u003e \u003cline b\u003d\"1598\" baseline\u003d\"1598\" l\u003d\"843\" r\u003d\"2389\" style\u003d\"transform: translate(44px, 3px); position: absolute;\" t\u003d\"1547\"\u003e2816999 HP ETHERNET 10GB 2P 560SFP ADAPT\u003c/line\u003e  \u003cline b\u003d\"1663\" baseline\u003d\"1662\" l\u003d\"761\" r\u003d\"1363\" style\u003d\"transform: translate(4px, 20px); position: absolute;\" t\u003d\"1612\"\u003e \u003cformatting lang\u003d\"EnglishUnitedStates\"\u003e MFG#: 665249-B21 \u003c/formatting\u003e  \u003c/line\u003e  \u003c/par\u003e  \u003cpar leftindent\u003d\"20700\" linespacing\u003d\"1152\"\u003e \u003cline b\u003d\"1726\" baseline\u003d\"1725\" l\u003d\"1901\" r\u003d\"2222\" style\u003d\"transform: translate(554px, 35px); position: absolute;\" t\u003d\"1674\"\u003e \u003cformatting lang\u003d\"EnglishUnitedStates\"\u003e Subtotal: \u003c/formatting\u003e  \u003c/line\u003e  \u003cline b\u003d\"1803\" baseline\u003d\"1789\" l\u003d\"1900\" r\u003d\"2185\" style\u003d\"transform: translate(553px, 51px); position: absolute;\" t\u003d\"1739\"\u003e \u003cformatting lang\u003d\"EnglishUnitedStates\"\u003e Freight: \u003c/formatting\u003e  \u003c/line\u003e  \u003c/par\u003e  \u003cpar leftindent\u003d\"20700\" linespacing\u003d\"1152\"\u003e \u003cline b\u003d\"1854\" baseline\u003d\"1853\" l\u003d\"1900\" r\u003d\"2263\" style\u003d\"transform: translate(553px, 68px); position: absolute;\" t\u003d\"1804\"\u003e \u003cformatting lang\u003d\"EnglishUnitedStates\"\u003e Sales Tax: \u003c/formatting\u003e  \u003c/line\u003e  \u003c/par\u003e  \u003c/text\u003e  \u003c/block\u003e  \u003cblock b\u003d\"1602\" blockname\u003d\"\" blocktype\u003d\"Text\" l\u003d\"2528\" r\u003d\"2780\" style\u003d\"transform: translate(1218px, 384px); position: absolute; width: 121.456px; height: 17px;\" t\u003d\"1534\"\u003e \u003cregion\u003e \u003crect b\u003d\"1602\" l\u003d\"2528\" r\u003d\"2780\" t\u003d\"1534\"\u003e\u003c/rect\u003e  \u003c/region\u003e  \u003ctext\u003e \u003cpar linespacing\u003d\"920\"\u003e \u003cline b\u003d\"1597\" baseline\u003d\"1596\" l\u003d\"2545\" r\u003d\"2765\" style\u003d\"transform: translate(8px, 3px); position: absolute;\" t\u003d\"1545\"\u003e69.96\u003c/line\u003e  \u003c/par\u003e  \u003c/text\u003e  \u003c/block\u003e  \u003cblock b\u003d\"1858\" blockname\u003d\"\" blocktype\u003d\"Text\" l\u003d\"2944\" r\u003d\"3240\" style\u003d\"transform: translate(1419px, 384px); position: absolute; width: 142.663px; height: 81px;\" t\u003d\"1534\"\u003e \u003cregion\u003e \u003crect b\u003d\"1858\" l\u003d\"2944\" r\u003d\"3240\" t\u003d\"1534\"\u003e\u003c/rect\u003e  \u003c/region\u003e  \u003ctext\u003e \u003cpar align\u003d\"Right\" linespacing\u003d\"920\"\u003e \u003cline b\u003d\"1597\" baseline\u003d\"1597\" l\u003d\"2960\" r\u003d\"3221\" style\u003d\"transform: translate(8px, 3px); position: absolute;\" t\u003d\"1546\"\u003e \u003cformatting lang\u003d\"EnglishUnitedStates\"\u003e 447.57 \u003c/formatting\u003e  \u003c/line\u003e  \u003c/par\u003e  \u003cpar align\u003d\"Right\" linespacing\u003d\"1152\"\u003e \u003cline b\u003d\"1726\" baseline\u003d\"1725\" l\u003d\"2961\" r\u003d\"3221\" style\u003d\"transform: translate(8px, 35px); position: absolute;\" t\u003d\"1675\"\u003e \u003cformatting lang\u003d\"EnglishUnitedStates\"\u003e 224.77 \u003c/formatting\u003e  \u003c/line\u003e  \u003c/par\u003e  \u003cpar align\u003d\"Right\" linespacing\u003d\"1152\"\u003e \u003cline b\u003d\"1789\" baseline\u003d\"1787\" l\u003d\"3036\" r\u003d\"3223\" style\u003d\"transform: translate(44px, 51px); position: absolute;\" t\u003d\"1739\"\u003e \u003cformatting lang\u003d\"EnglishUnitedStates\"\u003e 828.77 \u003c/formatting\u003e  \u003c/line\u003e  \u003c/par\u003e  \u003cpar align\u003d\"Right\" linespacing\u003d\"1152\"\u003e \u003cline b\u003d\"1853\" baseline\u003d\"1853\" l\u003d\"3124\" r\u003d\"3223\" style\u003d\"transform: translate(87px, 67px); position: absolute;\" t\u003d\"1803\"\u003e \u003cformatting lang\u003d\"EnglishUnitedStates\"\u003e .00 \u003c/formatting\u003e  \u003c/line\u003e  \u003c/par\u003e  \u003c/text\u003e  \u003c/block\u003e  \u003cblock b\u003d\"3132\" blockname\u003d\"\" blocktype\u003d\"Text\" l\u003d\"144\" r\u003d\"1976\" style\u003d\"transform: translate(69px, 743px); position: absolute; width: 882.969px; height: 40px;\" t\u003d\"2972\"\u003e \u003cregion\u003e \u003crect b\u003d\"3132\" l\u003d\"144\" r\u003d\"1976\" t\u003d\"2972\"\u003e\u003c/rect\u003e  \u003c/region\u003e  \u003ctext\u003e \u003cpar linespacing\u003d\"830\"\u003e \u003cline b\u003d\"3030\" baseline\u003d\"3029\" l\u003d\"161\" r\u003d\"751\" style\u003d\"transform: translate(8px, 3px); position: absolute;\" t\u003d\"2983\"\u003e \u003cformatting lang\u003d\"EnglishUnitedStates\"\u003e PLEASE REMIT TO: \u003c/formatting\u003e  \u003c/line\u003e  \u003c/par\u003e  \u003cpar linespacing\u003d\"900\"\u003e \u003cline b\u003d\"3127\" baseline\u003d\"3116\" l\u003d\"159\" r\u003d\"1960\" style\u003d\"transform: translate(7px, 24px); position: absolute;\" t\u003d\"3066\"\u003e \u003cformatting lang\u003d\"EnglishUnitedStates\"\u003e MARTIN, BURCH AND KING,LLC, PO BOX 75723, CHlCAGO, IL 60675-5723 \u003c/formatting\u003e  \u003c/line\u003e  \u003c/par\u003e  \u003c/text\u003e  \u003c/block\u003e  \u003cblock b\u003d\"3082\" blockname\u003d\"\" blocktype\u003d\"Text\" l\u003d\"2470\" r\u003d\"2684\" style\u003d\"transform: translate(1190px, 744px); position: absolute; width: 103.142px; height: 26.5px;\" t\u003d\"2976\"\u003e \u003cregion\u003e \u003crect b\u003d\"3082\" l\u003d\"2470\" r\u003d\"2684\" t\u003d\"2976\"\u003e\u003c/rect\u003e  \u003c/region\u003e  \u003ctext\u003e \u003cpar linespacing\u003d\"650\"\u003e \u003cline b\u003d\"3019\" baseline\u003d\"3019\" l\u003d\"2484\" r\u003d\"2667\" style\u003d\"transform: translate(7px, 2px); position: absolute;\" t\u003d\"2983\"\u003e \u003cformatting lang\u003d\"EnglishUnitedStates\"\u003e INVOICE \u003c/formatting\u003e  \u003c/line\u003e  \u003c/par\u003e  \u003cpar linespacing\u003d\"670\"\u003e \u003cline b\u003d\"3076\" baseline\u003d\"3075\" l\u003d\"2483\" r\u003d\"2627\" style\u003d\"transform: translate(6px, 16px); position: absolute;\" t\u003d\"3038\"\u003e \u003cformatting lang\u003d\"EnglishUnitedStates\"\u003e TOTAL \u003c/formatting\u003e  \u003c/line\u003e  \u003c/par\u003e  \u003c/text\u003e  \u003c/block\u003e  \u003cblock b\u003d\"3098\" blockname\u003d\"\" blocktype\u003d\"Text\" l\u003d\"2704\" r\u003d\"2784\" style\u003d\"transform: translate(1303px, 741px); position: absolute; width: 38.5576px; height: 34px;\" t\u003d\"2962\"\u003e \u003cregion\u003e \u003crect b\u003d\"3098\" l\u003d\"2704\" r\u003d\"2784\" t\u003d\"2962\"\u003e\u003c/rect\u003e  \u003c/region\u003e  \u003ctext\u003e \u003cpar align\u003d\"Justified\"\u003e \u003cline b\u003d\"3095\" baseline\u003d\"3092\" l\u003d\"2721\" r\u003d\"2775\" style\u003d\"transform: translate(8px, 5px); position: absolute;\" t\u003d\"2983\"\u003e \u003cformatting lang\u003d\"EnglishUnitedStates\"\u003e * \u003c/formatting\u003e  \u003c/line\u003e  \u003c/par\u003e  \u003c/text\u003e  \u003c/block\u003e  \u003cblock b\u003d\"3136\" blockname\u003d\"\" blocktype\u003d\"Text\" l\u003d\"2792\" r\u003d\"3240\" style\u003d\"transform: translate(1346px, 738px); position: absolute; width: 215.923px; height: 46.5px;\" t\u003d\"2950\"\u003e \u003cregion\u003e \u003crect b\u003d\"3022\" l\u003d\"2792\" r\u003d\"3240\" t\u003d\"2950\"\u003e\u003c/rect\u003e  \u003crect b\u003d\"3136\" l\u003d\"2858\" r\u003d\"3240\" t\u003d\"3022\"\u003e\u003c/rect\u003e  \u003c/region\u003e  \u003ctext\u003e \u003cpar align\u003d\"Right\" linespacing\u003d\"2286\"\u003e \u003cline b\u003d\"3017\" baseline\u003d\"3003\" l\u003d\"2805\" r\u003d\"3224\" style\u003d\"transform: translate(6px, 2px); position: absolute;\" t\u003d\"2958\"\u003e \u003cformatting lang\u003d\"EnglishUnitedStates\"\u003e US Currency \u003c/formatting\u003e  \u003c/line\u003e  \u003cline b\u003d\"3131\" baseline\u003d\"3130\" l\u003d\"2957\" r\u003d\"3216\" style\u003d\"transform: translate(80px, 33px); position: absolute;\" t\u003d\"3081\"\u003e \u003cformatting lang\u003d\"EnglishUnitedStates\"\u003e 1896.29 \u003c/formatting\u003e  \u003c/line\u003e  \u003c/par\u003e  \u003c/text\u003e  \u003c/block\u003e  \u003cblock b\u003d\"3292\" blockname\u003d\"\" blocktype\u003d\"Text\" l\u003d\"146\" r\u003d\"3228\" style\u003d\"transform: translate(70px, 809px); position: absolute; width: 1485.43px; height: 14px;\" t\u003d\"3236\"\u003e \u003cregion\u003e \u003crect b\u003d\"3292\" l\u003d\"146\" r\u003d\"3228\" t\u003d\"3236\"\u003e\u003c/rect\u003e  \u003c/region\u003e  \u003ctext\u003e \u003cpar linespacing\u003d\"670\"\u003e \u003cline b\u003d\"3287\" baseline\u003d\"3283\" l\u003d\"161\" r\u003d\"3211\" style\u003d\"transform: translate(7px, 3px); position: absolute;\" t\u003d\"3246\"\u003e \u003cformatting lang\u003d\"EnglishUnitedStates\"\u003e EXPLANATION OF OUR RETURN AND FREIGHT POLICIES ARE ON BASK OF TOISINVOICE F YOU HAVE ANY QUESTIONS ABOUT THE ORDER OR iWC#CE. PLEASE WRITE OR CALL \u003c/formatting\u003e  \u003c/line\u003e  \u003c/par\u003e  \u003c/text\u003e  \u003c/block\u003e  \u003cblock b\u003d\"3442\" blockname\u003d\"\" blocktype\u003d\"Text\" l\u003d\"152\" r\u003d\"2264\" style\u003d\"transform: translate(73px, 843px); position: absolute; width: 1017.92px; height: 18px;\" t\u003d\"3370\"\u003e \u003cregion\u003e \u003crect b\u003d\"3442\" l\u003d\"152\" r\u003d\"2264\" t\u003d\"3370\"\u003e\u003c/rect\u003e  \u003c/region\u003e  \u003ctext\u003e \u003cpar linespacing\u003d\"970\"\u003e \u003cline b\u003d\"3437\" baseline\u003d\"3436\" l\u003d\"169\" r\u003d\"2247\" style\u003d\"transform: translate(8px, 3px); position: absolute;\" t\u003d\"3382\"\u003e \u003cformatting lang\u003d\"EnglishUnitedStates\"\u003e EVERYTHING WE DO REVOLVES AROUND MEETING YOUR NEEDS. \u003c/formatting\u003e  \u003c/line\u003e  \u003c/par\u003e  \u003c/text\u003e  \u003c/block\u003e  \u003cblock b\u003d\"3782\" blockname\u003d\"\" blocktype\u003d\"Text\" l\u003d\"124\" r\u003d\"1946\" style\u003d\"transform: translate(60px, 863px); position: absolute; width: 878.15px; height: 82.5px;\" t\u003d\"3452\"\u003e \u003cregion\u003e \u003crect b\u003d\"3562\" l\u003d\"124\" r\u003d\"1946\" t\u003d\"3452\"\u003e\u003c/rect\u003e  \u003crect b\u003d\"3782\" l\u003d\"268\" r\u003d\"1946\" t\u003d\"3562\"\u003e\u003c/rect\u003e  \u003c/region\u003e  \u003ctext\u003e \u003cpar linespacing\u003d\"1314\"\u003e \u003cline b\u003d\"3557\" baseline\u003d\"3543\" l\u003d\"147\" r\u003d\"1740\" style\u003d\"transform: translate(11px, 2px); position: absolute;\" t\u003d\"3460\"\u003e \u003cformatting lang\u003d\"EnglishUnitedStates\"\u003e ^ ✓ Account managers and technology experts dedicated to \u003c/formatting\u003e  \u003c/line\u003e  \u003c/par\u003e  \u003cpar leftindent\u003d\"2900\" linespacing\u003d\"1314\" rightindent\u003d\"23500\"\u003e \u003cline b\u003d\"3630\" baseline\u003d\"3615\" l\u003d\"287\" r\u003d\"1929\" style\u003d\"transform: translate(79px, 30px); position: absolute;\" t\u003d\"3571\"\u003e \u003cformatting lang\u003d\"EnglishUnitedStates\"\u003e providing solutions specific to your needs ✓ Custom configuration \u003c/formatting\u003e  \u003c/line\u003e  \u003cline b\u003d\"3703\" baseline\u003d\"3690\" l\u003d\"284\" r\u003d\"1737\" style\u003d\"transform: translate(77px, 49px); position: absolute;\" t\u003d\"3646\"\u003e \u003cformatting lang\u003d\"EnglishUnitedStates\"\u003e ✓ Extended service plans ✓ Toll-free technical support ✓ \u003c/formatting\u003e  \u003c/line\u003e  \u003cline b\u003d\"3777\" baseline\u003d\"3763\" l\u003d\"284\" r\u003d\"1769\" style\u003d\"transform: translate(77px, 67px); position: absolute;\" t\u003d\"3719\"\u003e \u003cformatting lang\u003d\"EnglishUnitedStates\"\u003e Comprehensive product selection ✓ Secure online ordering \u003c/formatting\u003e  \u003c/line\u003e  \u003c/par\u003e  \u003c/text\u003e  \u003c/block\u003e  \u003cblock b\u003d\"3996\" blockname\u003d\"\" blocktype\u003d\"Text\" l\u003d\"394\" r\u003d\"560\" style\u003d\"transform: translate(190px, 972px); position: absolute; width: 80.007px; height: 27.5px;\" t\u003d\"3886\"\u003e \u003cregion\u003e \u003crect b\u003d\"3996\" l\u003d\"394\" r\u003d\"560\" t\u003d\"3886\"\u003e\u003c/rect\u003e  \u003c/region\u003e  \u003ctext\u003e \u003cpar align\u003d\"Justified\"\u003e \u003cline b\u003d\"3991\" baseline\u003d\"3991\" l\u003d\"401\" r\u003d\"553\" style\u003d\"transform: translate(3px, 5px); position: absolute;\" t\u003d\"3906\"\u003e \u003cformatting lang\u003d\"EnglishUnitedStates\"\u003e aA \u003c/formatting\u003e  \u003c/line\u003e  \u003c/par\u003e  \u003c/text\u003e  \u003c/block\u003e  \u003cblock b\u003d\"3998\" blockname\u003d\"\" blocktype\u003d\"Text\" l\u003d\"650\" r\u003d\"836\" style\u003d\"transform: translate(313px, 965px); position: absolute; width: 89.6464px; height: 35px;\" t\u003d\"3858\"\u003e \u003cregion\u003e \u003crect b\u003d\"3998\" l\u003d\"650\" r\u003d\"836\" t\u003d\"3858\"\u003e\u003c/rect\u003e  \u003c/region\u003e  \u003ctext\u003e \u003cpar linespacing\u003d\"2390\"\u003e \u003cline b\u003d\"3997\" baseline\u003d\"3996\" l\u003d\"651\" r\u003d\"807\" style\u003d\"transform: translate(0px, 1px); position: absolute;\" t\u003d\"3863\"\u003e \u003cformatting lang\u003d\"EnglishUnitedStates\"\u003e fad \u003c/formatting\u003e  \u003c/line\u003e  \u003c/par\u003e  \u003c/text\u003e  \u003c/block\u003e  \u003cblock b\u003d\"4030\" blockname\u003d\"\" blocktype\u003d\"Text\" l\u003d\"940\" r\u003d\"1066\" style\u003d\"transform: translate(453px, 968px); position: absolute; width: 60.7282px; height: 40px;\" t\u003d\"3870\"\u003e \u003cregion\u003e \u003crect b\u003d\"4030\" l\u003d\"940\" r\u003d\"1066\" t\u003d\"3870\"\u003e\u003c/rect\u003e  \u003c/region\u003e  \u003ctext\u003e \u003cpar align\u003d\"Justified\"\u003e \u003cline b\u003d\"3919\" baseline\u003d\"3919\" l\u003d\"955\" r\u003d\"1049\" style\u003d\"transform: translate(7px, 2px); position: absolute;\" t\u003d\"3878\"\u003e \u003cformatting lang\u003d\"EnglishUnitedStates\"\u003e N 1 / \u003c/formatting\u003e  \u003c/line\u003e  \u003c/par\u003e  \u003cpar align\u003d\"Justified\"\u003e \u003cline b\u003d\"4027\" baseline\u003d\"4024\" l\u003d\"975\" r\u003d\"1039\" style\u003d\"transform: translate(17px, 12px); position: absolute;\" t\u003d\"3919\"\u003e \u003cformatting lang\u003d\"EnglishUnitedStates\"\u003e t \u003c/formatting\u003e  \u003c/line\u003e  \u003c/par\u003e  \u003c/text\u003e  \u003c/block\u003e  \u003cblock b\u003d\"4058\" blockname\u003d\"\" blocktype\u003d\"Text\" l\u003d\"1216\" r\u003d\"1896\" style\u003d\"transform: translate(586px, 967px); position: absolute; width: 327.74px; height: 48px;\" t\u003d\"3866\"\u003e \u003cregion\u003e \u003crect b\u003d\"4058\" l\u003d\"1216\" r\u003d\"1896\" t\u003d\"3866\"\u003e\u003c/rect\u003e  \u003c/region\u003e  \u003ctext\u003e \u003cpar linespacing\u003d\"1260\"\u003e \u003cline b\u003d\"3911\" baseline\u003d\"3911\" l\u003d\"1232\" r\u003d\"1817\" style\u003d\"transform: translate(8px, 2px); position: absolute;\" t\u003d\"3874\"\u003e \u003cformatting lang\u003d\"EnglishUnitedStates\"\u003e WE\u0026rsquo;VE GOT THE PEOPLE \u003c/formatting\u003e  \u003c/line\u003e  \u003cline b\u003d\"3982\" baseline\u003d\"3981\" l\u003d\"1232\" r\u003d\"1888\" style\u003d\"transform: translate(8px, 19px); position: absolute;\" t\u003d\"3942\"\u003e \u003cformatting lang\u003d\"EnglishUnitedStates\"\u003e WE\u0026rsquo;VE GOT THE PARTMERS. \u003c/formatting\u003e  \u003c/line\u003e  \u003cline b\u003d\"4053\" baseline\u003d\"4051\" l\u003d\"1231\" r\u003d\"1744\" style\u003d\"transform: translate(7px, 37px); position: absolute;\" t\u003d\"4013\"\u003e \u003cformatting lang\u003d\"EnglishUnitedStates\"\u003e WE\u0026rsquo;VE GOT THE PLAN \u003c/formatting\u003e  \u003c/line\u003e  \u003c/par\u003e  \u003c/text\u003e  \u003c/block\u003e  \u003cblock b\u003d\"4216\" blockname\u003d\"\" blocktype\u003d\"Text\" l\u003d\"268\" r\u003d\"1916\" style\u003d\"transform: translate(129px, 1035px); position: absolute; width: 794.287px; height: 19.5px;\" t\u003d\"4138\"\u003e \u003cregion\u003e \u003crect b\u003d\"4216\" l\u003d\"268\" r\u003d\"1916\" t\u003d\"4138\"\u003e\u003c/rect\u003e  \u003c/region\u003e  \u003ctext\u003e \u003cpar linespacing\u003d\"970\"\u003e \u003cline b\u003d\"4211\" baseline\u003d\"4206\" l\u003d\"283\" r\u003d\"1900\" style\u003d\"transform: translate(7px, 4px); position: absolute;\" t\u003d\"4152\"\u003e \u003cformatting lang\u003d\"EnglishUnitedStates\"\u003e WE\u0027RE PEOPLE WHO GET 1T. CDW.com I 800.800.4239 \u003c/formatting\u003e  \u003c/line\u003e  \u003c/par\u003e  \u003c/text\u003e  \u003c/block\u003e  \u003cblock b\u003d\"3618\" blockname\u003d\"\" blocktype\u003d\"Text\" l\u003d\"2408\" r\u003d\"2980\" style\u003d\"transform: translate(1161px, 866px); position: absolute; width: 275.687px; height: 39px;\" t\u003d\"3462\"\u003e \u003cregion\u003e \u003crect b\u003d\"3616\" l\u003d\"2408\" r\u003d\"2980\" t\u003d\"3462\"\u003e\u003c/rect\u003e  \u003crect b\u003d\"3618\" l\u003d\"2408\" r\u003d\"2554\" t\u003d\"3616\"\u003e\u003c/rect\u003e  \u003c/region\u003e  \u003ctext\u003e \u003cpar linespacing\u003d\"-1\"\u003e\u003c/par\u003e  \u003c/text\u003e  \u003c/block\u003e  \u003cblock b\u003d\"3864\" blockname\u003d\"\" blocktype\u003d\"Text\" l\u003d\"2318\" r\u003d\"3056\" style\u003d\"transform: translate(1117px, 905px); position: absolute; width: 355.694px; height: 61.5px;\" t\u003d\"3618\"\u003e \u003cregion\u003e \u003crect b\u003d\"3700\" l\u003d\"2318\" r\u003d\"2806\" t\u003d\"3618\"\u003e\u003c/rect\u003e  \u003crect b\u003d\"3736\" l\u003d\"2318\" r\u003d\"3056\" t\u003d\"3700\"\u003e\u003c/rect\u003e  \u003crect b\u003d\"3748\" l\u003d\"2390\" r\u003d\"3056\" t\u003d\"3736\"\u003e\u003c/rect\u003e  \u003crect b\u003d\"3762\" l\u003d\"2412\" r\u003d\"3056\" t\u003d\"3748\"\u003e\u003c/rect\u003e  \u003crect b\u003d\"3828\" l\u003d\"2412\" r\u003d\"3032\" t\u003d\"3762\"\u003e\u003c/rect\u003e  \u003crect b\u003d\"3864\" l\u003d\"2748\" r\u003d\"3032\" t\u003d\"3828\"\u003e\u003c/rect\u003e  \u003c/region\u003e  \u003ctext\u003e \u003cpar align\u003d\"Justified\"\u003e \u003cline b\u003d\"3743\" baseline\u003d\"3728\" l\u003d\"2545\" r\u003d\"3053\" style\u003d\"transform: translate(109px, 1px); position: absolute;\" t\u003d\"3623\"\u003e \u003cformatting lang\u003d\"EnglishUnitedStates\"\u003e ^ 0 hv_ . \u003c/formatting\u003e  \u003c/line\u003e  \u003c/par\u003e  \u003c/text\u003e  \u003c/block\u003e  \u003cblock b\u003d\"3922\" blockname\u003d\"\" blocktype\u003d\"Text\" l\u003d\"2086\" r\u003d\"3120\" style\u003d\"transform: translate(1005px, 968px); position: absolute; width: 498.357px; height: 12.5px;\" t\u003d\"3872\"\u003e \u003cregion\u003e \u003crect b\u003d\"3922\" l\u003d\"2086\" r\u003d\"3120\" t\u003d\"3872\"\u003e\u003c/rect\u003e  \u003c/region\u003e  \u003ctext\u003e \u003cpar linespacing\u003d\"700\"\u003e \u003cline b\u003d\"3917\" baseline\u003d\"3916\" l\u003d\"2102\" r\u003d\"3105\" style\u003d\"transform: translate(8px, 1px); position: absolute;\" t\u003d\"3877\"\u003e \u003cformatting lang\u003d\"EnglishUnitedStates\"\u003e THE COW TECHMOUNER TAKES TO THE ROAD \u003c/formatting\u003e  \u003c/line\u003e  \u003c/par\u003e  \u003c/text\u003e  \u003c/block\u003e  \u003cblock b\u003d\"4162\" blockname\u003d\"\" blocktype\u003d\"Text\" l\u003d\"2144\" r\u003d\"3004\" style\u003d\"transform: translate(1033px, 992px); position: absolute; width: 414.494px; height: 48.5px;\" t\u003d\"3968\"\u003e \u003cregion\u003e \u003crect b\u003d\"4162\" l\u003d\"2144\" r\u003d\"3004\" t\u003d\"3968\"\u003e\u003c/rect\u003e  \u003c/region\u003e  \u003ctext\u003e \u003cpar align\u003d\"Justified\" linespacing\u003d\"1062\"\u003e \u003cline b\u003d\"4019\" baseline\u003d\"4018\" l\u003d\"2163\" r\u003d\"2988\" style\u003d\"transform: translate(9px, 2px); position: absolute;\" t\u003d\"3977\"\u003e \u003cformatting lang\u003d\"EnglishUnitedStates\"\u003e Check out this 48-foot tricked-out \u003c/formatting\u003e  \u003c/line\u003e  \u003cline b\u003d\"4086\" baseline\u003d\"4077\" l\u003d\"2160\" r\u003d\"2801\" style\u003d\"transform: translate(8px, 17px); position: absolute;\" t\u003d\"4035\"\u003e \u003cformatting lang\u003d\"EnglishUnitedStates\"\u003e tech experience on wheels. \u003c/formatting\u003e  \u003c/line\u003e  \u003c/par\u003e  \u003cpar align\u003d\"Justified\" linespacing\u003d\"770\"\u003e \u003cline b\u003d\"4158\" baseline\u003d\"4158\" l\u003d\"2161\" r\u003d\"2965\" style\u003d\"transform: translate(8px, 37px); position: absolute;\" t\u003d\"4115\"\u003e \u003cformatting lang\u003d\"EnglishUnitedStates\"\u003e VisitCDW.COM/TECHNOLMEII \u0026gt; \u003c/formatting\u003e  \u003c/line\u003e  \u003c/par\u003e  \u003c/text\u003e  \u003c/block\u003e  \u003cblock b\u003d\"4350\" blockname\u003d\"\" blocktype\u003d\"Text\" l\u003d\"2079\" r\u003d\"3148\" style\u003d\"transform: translate(1002px, 1079px); position: absolute; width: 515.226px; height: 9px;\" t\u003d\"4314\"\u003e \u003cregion\u003e \u003crect b\u003d\"4350\" l\u003d\"2079\" r\u003d\"3148\" t\u003d\"4314\"\u003e\u003c/rect\u003e  \u003c/region\u003e  \u003ctext\u003e \u003cpar linespacing\u003d\"380\"\u003e \u003cline b\u003d\"4342\" baseline\u003d\"4342\" l\u003d\"2086\" r\u003d\"3139\" style\u003d\"transform: translate(3px, 2px); position: absolute;\" t\u003d\"4321\"\u003e \u003cformatting lang\u003d\"EnglishUnitedStates\"\u003e wai in m irturrr ir AnnnrriATrn \u003c/formatting\u003e  \u003c/line\u003e  \u003c/par\u003e  \u003c/text\u003e  \u003c/block\u003e  \u003cblock b\u003d\"4051\" blockname\u003d\"\" blocktype\u003d\"SeparatorsBox\" class\u003d\"hidden\" l\u003d\"380\" r\u003d\"573\" style\u003d\"transform: translate(183px, 965px); position: absolute;\" t\u003d\"3858\"\u003e \u003cregion\u003e \u003crect b\u003d\"3864\" l\u003d\"401\" r\u003d\"561\" t\u003d\"3858\"\u003e\u003c/rect\u003e  \u003crect b\u003d\"3865\" l\u003d\"401\" r\u003d\"568\" t\u003d\"3864\"\u003e\u003c/rect\u003e  \u003crect b\u003d\"3874\" l\u003d\"561\" r\u003d\"568\" t\u003d\"3865\"\u003e\u003c/rect\u003e  \u003crect b\u003d\"3875\" l\u003d\"561\" r\u003d\"573\" t\u003d\"3874\"\u003e\u003c/rect\u003e  \u003crect b\u003d\"3882\" l\u003d\"568\" r\u003d\"573\" t\u003d\"3875\"\u003e\u003c/rect\u003e  \u003crect b\u003d\"4031\" l\u003d\"380\" r\u003d\"573\" t\u003d\"3882\"\u003e\u003c/rect\u003e  \u003crect b\u003d\"4033\" l\u003d\"568\" r\u003d\"573\" t\u003d\"4031\"\u003e\u003c/rect\u003e  \u003crect b\u003d\"4034\" l\u003d\"553\" r\u003d\"573\" t\u003d\"4033\"\u003e\u003c/rect\u003e  \u003crect b\u003d\"4044\" l\u003d\"553\" r\u003d\"568\" t\u003d\"4034\"\u003e\u003c/rect\u003e  \u003crect b\u003d\"4045\" l\u003d\"400\" r\u003d\"568\" t\u003d\"4044\"\u003e\u003c/rect\u003e  \u003crect b\u003d\"4051\" l\u003d\"400\" r\u003d\"553\" t\u003d\"4045\"\u003e\u003c/rect\u003e  \u003c/region\u003e  \u003cseparatorsbox\u003e \u003cseparator thickness\u003d\"5\" type\u003d\"Black\"\u003e \u003cstart x\u003d\"400\" y\u003d\"4048\"\u003e\u003c/start\u003e \u003cend x\u003d\"553\" y\u003d\"4048\"\u003e\u003c/end\u003e \u003c/separator\u003e \u003cseparator thickness\u003d\"5\" type\u003d\"Black\"\u003e \u003cstart x\u003d\"401\" y\u003d\"3861\"\u003e\u003c/start\u003e \u003cend x\u003d\"561\" y\u003d\"3861\"\u003e\u003c/end\u003e \u003c/separator\u003e \u003cseparator thickness\u003d\"5\" type\u003d\"Black\"\u003e \u003cstart x\u003d\"382\" y\u003d\"3882\"\u003e\u003c/start\u003e \u003cend x\u003d\"382\" y\u003d\"4031\"\u003e\u003c/end\u003e \u003c/separator\u003e \u003cseparator thickness\u003d\"4\" type\u003d\"Black\"\u003e \u003cstart x\u003d\"570\" y\u003d\"3875\"\u003e\u003c/start\u003e \u003cend x\u003d\"570\" y\u003d\"4034\"\u003e\u003c/end\u003e \u003c/separator\u003e \u003c/separatorsbox\u003e \u003c/block\u003e  \u003cblock b\u003d\"4050\" blockname\u003d\"\" blocktype\u003d\"SeparatorsBox\" class\u003d\"hidden\" l\u003d\"912\" r\u003d\"1100\" style\u003d\"transform: translate(440px, 965px); position: absolute;\" t\u003d\"3858\"\u003e \u003cregion\u003e \u003crect b\u003d\"3861\" l\u003d\"932\" r\u003d\"1085\" t\u003d\"3858\"\u003e\u003c/rect\u003e  \u003crect b\u003d\"3862\" l\u003d\"932\" r\u003d\"1096\" t\u003d\"3861\"\u003e\u003c/rect\u003e  \u003crect b\u003d\"3874\" l\u003d\"1085\" r\u003d\"1096\" t\u003d\"3862\"\u003e\u003c/rect\u003e  \u003crect b\u003d\"3875\" l\u003d\"1085\" r\u003d\"1100\" t\u003d\"3874\"\u003e\u003c/rect\u003e  \u003crect b\u003d\"3879\" l\u003d\"1096\" r\u003d\"1100\" t\u003d\"3875\"\u003e\u003c/rect\u003e  \u003crect b\u003d\"4029\" l\u003d\"912\" r\u003d\"1100\" t\u003d\"3879\"\u003e\u003c/rect\u003e  \u003crect b\u003d\"4032\" l\u003d\"912\" r\u003d\"917\" t\u003d\"4029\"\u003e\u003c/rect\u003e  \u003crect b\u003d\"4033\" l\u003d\"912\" r\u003d\"931\" t\u003d\"4032\"\u003e\u003c/rect\u003e  \u003crect b\u003d\"4044\" l\u003d\"917\" r\u003d\"931\" t\u003d\"4033\"\u003e\u003c/rect\u003e  \u003crect b\u003d\"4045\" l\u003d\"917\" r\u003d\"1081\" t\u003d\"4044\"\u003e\u003c/rect\u003e  \u003crect b\u003d\"4050\" l\u003d\"931\" r\u003d\"1081\" t\u003d\"4045\"\u003e\u003c/rect\u003e  \u003c/region\u003e  \u003cseparatorsbox\u003e \u003cseparator thickness\u003d\"3\" type\u003d\"Black\"\u003e \u003cstart x\u003d\"932\" y\u003d\"3860\"\u003e\u003c/start\u003e \u003cend x\u003d\"1085\" y\u003d\"3860\"\u003e\u003c/end\u003e \u003c/separator\u003e \u003cseparator thickness\u003d\"4\" type\u003d\"Black\"\u003e \u003cstart x\u003d\"931\" y\u003d\"4047\"\u003e\u003c/start\u003e \u003cend x\u003d\"1081\" y\u003d\"4047\"\u003e\u003c/end\u003e \u003c/separator\u003e \u003cseparator thickness\u003d\"4\" type\u003d\"Black\"\u003e \u003cstart x\u003d\"914\" y\u003d\"3879\"\u003e\u003c/start\u003e \u003cend x\u003d\"914\" y\u003d\"4033\"\u003e\u003c/end\u003e \u003c/separator\u003e \u003cseparator thickness\u003d\"3\" type\u003d\"Black\"\u003e \u003cstart x\u003d\"1098\" y\u003d\"3875\"\u003e\u003c/start\u003e \u003cend x\u003d\"1098\" y\u003d\"4029\"\u003e\u003c/end\u003e \u003c/separator\u003e \u003c/separatorsbox\u003e \u003c/block\u003e  \u003cblock b\u003d\"130\" blockname\u003d\"\" blocktype\u003d\"Separator\" l\u003d\"123\" r\u003d\"3268\" style\u003d\"transform: translate(59px, 29px); position: absolute;\" t\u003d\"117\"\u003e \u003cregion\u003e \u003crect b\u003d\"118\" l\u003d\"2368\" r\u003d\"2976\" t\u003d\"117\"\u003e\u003c/rect\u003e  \u003crect b\u003d\"119\" l\u003d\"2368\" r\u003d\"3022\" t\u003d\"118\"\u003e\u003c/rect\u003e  \u003crect b\u003d\"121\" l\u003d\"277\" r\u003d\"3022\" t\u003d\"119\"\u003e\u003c/rect\u003e  \u003crect b\u003d\"122\" l\u003d\"195\" r\u003d\"3268\" t\u003d\"121\"\u003e\u003c/rect\u003e  \u003crect b\u003d\"123\" l\u003d\"123\" r\u003d\"3268\" t\u003d\"122\"\u003e\u003c/rect\u003e  \u003crect b\u003d\"125\" l\u003d\"123\" r\u003d\"3268\" t\u003d\"123\"\u003e\u003c/rect\u003e  \u003crect b\u003d\"126\" l\u003d\"123\" r\u003d\"3268\" t\u003d\"125\"\u003e\u003c/rect\u003e  \u003crect b\u003d\"127\" l\u003d\"123\" r\u003d\"3268\" t\u003d\"126\"\u003e\u003c/rect\u003e  \u003crect b\u003d\"128\" l\u003d\"123\" r\u003d\"3268\" t\u003d\"127\"\u003e\u003c/rect\u003e  \u003crect b\u003d\"130\" l\u003d\"3042\" r\u003d\"3268\" t\u003d\"128\"\u003e\u003c/rect\u003e  \u003c/region\u003e  \u003cseparator thickness\u003d\"8\" type\u003d\"Black\"\u003e \u003cstart x\u003d\"123\" y\u003d\"123\"\u003e\u003c/start\u003e \u003cend x\u003d\"3268\" y\u003d\"123\"\u003e\u003c/end\u003e \u003c/separator\u003e \u003c/block\u003e  \u003cblock b\u003d\"711\" blockname\u003d\"\" blocktype\u003d\"Separator\" l\u003d\"2117\" r\u003d\"3208\" style\u003d\"transform: translate(1020px, 175px); position: absolute;\" t\u003d\"701\"\u003e \u003cregion\u003e \u003crect b\u003d\"703\" l\u003d\"2117\" r\u003d\"3010\" t\u003d\"701\"\u003e\u003c/rect\u003e  \u003crect b\u003d\"706\" l\u003d\"2117\" r\u003d\"3182\" t\u003d\"703\"\u003e\u003c/rect\u003e  \u003crect b\u003d\"709\" l\u003d\"2117\" r\u003d\"3208\" t\u003d\"706\"\u003e\u003c/rect\u003e  \u003crect b\u003d\"710\" l\u003d\"2117\" r\u003d\"3182\" t\u003d\"709\"\u003e\u003c/rect\u003e  \u003crect b\u003d\"711\" l\u003d\"3010\" r\u003d\"3182\" t\u003d\"710\"\u003e\u003c/rect\u003e  \u003c/region\u003e  \u003cseparator thickness\u003d\"8\" type\u003d\"Black\"\u003e \u003cstart x\u003d\"2117\" y\u003d\"706\"\u003e\u003c/start\u003e \u003cend x\u003d\"3208\" y\u003d\"706\"\u003e\u003c/end\u003e \u003c/separator\u003e \u003c/block\u003e  \u003cblock b\u003d\"1019\" blockname\u003d\"\" blocktype\u003d\"Separator\" class\u003d\"hidden\" l\u003d\"2049\" r\u003d\"2161\" style\u003d\"transform: translate(988px, 254px); position: absolute;\" t\u003d\"1014\"\u003e \u003cregion\u003e \u003crect b\u003d\"1019\" l\u003d\"2049\" r\u003d\"2161\" t\u003d\"1014\"\u003e\u003c/rect\u003e  \u003c/region\u003e  \u003cseparator thickness\u003d\"5\" type\u003d\"Black\"\u003e \u003cstart x\u003d\"2049\" y\u003d\"1016\"\u003e\u003c/start\u003e \u003cend x\u003d\"2161\" y\u003d\"1016\"\u003e\u003c/end\u003e \u003c/separator\u003e \u003c/block\u003e  \u003cblock b\u003d\"2941\" blockname\u003d\"\" blocktype\u003d\"Separator\" l\u003d\"112\" r\u003d\"3261\" style\u003d\"transform: translate(54px, 732px); position: absolute;\" t\u003d\"2927\"\u003e \u003cregion\u003e \u003crect b\u003d\"2928\" l\u003d\"2788\" r\u003d\"3261\" t\u003d\"2927\"\u003e\u003c/rect\u003e  \u003crect b\u003d\"2929\" l\u003d\"2764\" r\u003d\"3261\" t\u003d\"2928\"\u003e\u003c/rect\u003e  \u003crect b\u003d\"2930\" l\u003d\"112\" r\u003d\"3261\" t\u003d\"2929\"\u003e\u003c/rect\u003e  \u003crect b\u003d\"2937\" l\u003d\"112\" r\u003d\"3261\" t\u003d\"2930\"\u003e\u003c/rect\u003e  \u003crect b\u003d\"2938\" l\u003d\"116\" r\u003d\"3261\" t\u003d\"2937\"\u003e\u003c/rect\u003e  \u003crect b\u003d\"2939\" l\u003d\"661\" r\u003d\"2811\" t\u003d\"2938\"\u003e\u003c/rect\u003e  \u003crect b\u003d\"2940\" l\u003d\"843\" r\u003d\"2381\" t\u003d\"2939\"\u003e\u003c/rect\u003e  \u003crect b\u003d\"2941\" l\u003d\"1071\" r\u003d\"1914\" t\u003d\"2940\"\u003e\u003c/rect\u003e  \u003c/region\u003e  \u003cseparator thickness\u003d\"10\" type\u003d\"Black\"\u003e \u003cstart x\u003d\"112\" y\u003d\"2934\"\u003e\u003c/start\u003e \u003cend x\u003d\"3261\" y\u003d\"2934\"\u003e\u003c/end\u003e \u003c/separator\u003e \u003c/block\u003e  \u003cblock b\u003d\"3151\" blockname\u003d\"\" blocktype\u003d\"Separator\" l\u003d\"2448\" r\u003d\"3261\" style\u003d\"transform: translate(1180px, 785px); position: absolute;\" t\u003d\"3141\"\u003e \u003cregion\u003e \u003crect b\u003d\"3142\" l\u003d\"3102\" r\u003d\"3261\" t\u003d\"3141\"\u003e\u003c/rect\u003e  \u003crect b\u003d\"3150\" l\u003d\"2448\" r\u003d\"3261\" t\u003d\"3142\"\u003e\u003c/rect\u003e  \u003crect b\u003d\"3151\" l\u003d\"2448\" r\u003d\"3221\" t\u003d\"3150\"\u003e\u003c/rect\u003e  \u003c/region\u003e  \u003cseparator thickness\u003d\"9\" type\u003d\"Black\"\u003e \u003cstart x\u003d\"2448\" y\u003d\"3146\"\u003e\u003c/start\u003e \u003cend x\u003d\"3261\" y\u003d\"3146\"\u003e\u003c/end\u003e \u003c/separator\u003e \u003c/block\u003e  \u003cblock b\u003d\"3414\" blockname\u003d\"\" blocktype\u003d\"Separator\" l\u003d\"2312\" r\u003d\"3163\" style\u003d\"transform: translate(1114px, 852px); position: absolute;\" t\u003d\"3408\"\u003e \u003cregion\u003e \u003crect b\u003d\"3409\" l\u003d\"2312\" r\u003d\"3161\" t\u003d\"3408\"\u003e\u003c/rect\u003e  \u003crect b\u003d\"3410\" l\u003d\"2312\" r\u003d\"3161\" t\u003d\"3409\"\u003e\u003c/rect\u003e  \u003crect b\u003d\"3412\" l\u003d\"2312\" r\u003d\"3163\" t\u003d\"3410\"\u003e\u003c/rect\u003e  \u003crect b\u003d\"3413\" l\u003d\"3071\" r\u003d\"3163\" t\u003d\"3412\"\u003e\u003c/rect\u003e  \u003crect b\u003d\"3414\" l\u003d\"3075\" r\u003d\"3161\" t\u003d\"3413\"\u003e\u003c/rect\u003e  \u003c/region\u003e  \u003cseparator thickness\u003d\"3\" type\u003d\"Black\"\u003e \u003cstart x\u003d\"2312\" y\u003d\"3411\"\u003e\u003c/start\u003e \u003cend x\u003d\"3163\" y\u003d\"3411\"\u003e\u003c/end\u003e \u003c/separator\u003e \u003c/block\u003e  \u003cblock b\u003d\"3616\" blockname\u003d\"\" blocktype\u003d\"Separator\" l\u003d\"2787\" r\u003d\"2971\" style\u003d\"transform: translate(1343px, 901px); position: absolute;\" t\u003d\"3602\"\u003e \u003cregion\u003e \u003crect b\u003d\"3605\" l\u003d\"2787\" r\u003d\"2939\" t\u003d\"3602\"\u003e\u003c/rect\u003e  \u003crect b\u003d\"3610\" l\u003d\"2787\" r\u003d\"2963\" t\u003d\"3605\"\u003e\u003c/rect\u003e  \u003crect b\u003d\"3611\" l\u003d\"2787\" r\u003d\"2971\" t\u003d\"3610\"\u003e\u003c/rect\u003e  \u003crect b\u003d\"3613\" l\u003d\"2808\" r\u003d\"2971\" t\u003d\"3611\"\u003e\u003c/rect\u003e  \u003crect b\u003d\"3614\" l\u003d\"2816\" r\u003d\"2971\" t\u003d\"3613\"\u003e\u003c/rect\u003e  \u003crect b\u003d\"3615\" l\u003d\"2939\" r\u003d\"2971\" t\u003d\"3614\"\u003e\u003c/rect\u003e  \u003crect b\u003d\"3616\" l\u003d\"2949\" r\u003d\"2971\" t\u003d\"3615\"\u003e\u003c/rect\u003e  \u003c/region\u003e  \u003cseparator thickness\u003d\"11\" type\u003d\"Black\"\u003e \u003cstart x\u003d\"2787\" y\u003d\"3609\"\u003e\u003c/start\u003e \u003cend x\u003d\"2971\" y\u003d\"3609\"\u003e\u003c/end\u003e \u003c/separator\u003e \u003c/block\u003e  \u003cblock b\u003d\"3759\" blockname\u003d\"\" blocktype\u003d\"Separator\" l\u003d\"2829\" r\u003d\"2982\" style\u003d\"transform: translate(1363px, 937px); position: absolute;\" t\u003d\"3748\"\u003e \u003cregion\u003e \u003crect b\u003d\"3749\" l\u003d\"2951\" r\u003d\"2982\" t\u003d\"3748\"\u003e\u003c/rect\u003e  \u003crect b\u003d\"3750\" l\u003d\"2875\" r\u003d\"2982\" t\u003d\"3749\"\u003e\u003c/rect\u003e  \u003crect b\u003d\"3757\" l\u003d\"2829\" r\u003d\"2982\" t\u003d\"3750\"\u003e\u003c/rect\u003e  \u003crect b\u003d\"3759\" l\u003d\"2829\" r\u003d\"2951\" t\u003d\"3757\"\u003e\u003c/rect\u003e  \u003c/region\u003e  \u003cseparator thickness\u003d\"9\" type\u003d\"Black\"\u003e \u003cstart x\u003d\"2829\" y\u003d\"3753\"\u003e\u003c/start\u003e \u003cend x\u003d\"2982\" y\u003d\"3753\"\u003e\u003c/end\u003e \u003c/separator\u003e \u003c/block\u003e  \u003cblock b\u003d\"4286\" blockname\u003d\"\" blocktype\u003d\"Separator\" l\u003d\"215\" r\u003d\"3157\" style\u003d\"transform: translate(104px, 1070px); position: absolute;\" t\u003d\"4278\"\u003e \u003cregion\u003e \u003crect b\u003d\"4279\" l\u003d\"359\" r\u003d\"547\" t\u003d\"4278\"\u003e\u003c/rect\u003e  \u003crect b\u003d\"4280\" l\u003d\"215\" r\u003d\"2841\" t\u003d\"4279\"\u003e\u003c/rect\u003e  \u003crect b\u003d\"4281\" l\u003d\"215\" r\u003d\"3157\" t\u003d\"4280\"\u003e\u003c/rect\u003e  \u003crect b\u003d\"4283\" l\u003d\"215\" r\u003d\"3157\" t\u003d\"4281\"\u003e\u003c/rect\u003e  \u003crect b\u003d\"4284\" l\u003d\"215\" r\u003d\"3157\" t\u003d\"4283\"\u003e\u003c/rect\u003e  \u003crect b\u003d\"4285\" l\u003d\"500\" r\u003d\"3157\" t\u003d\"4284\"\u003e\u003c/rect\u003e  \u003crect b\u003d\"4286\" l\u003d\"1053\" r\u003d\"3157\" t\u003d\"4285\"\u003e\u003c/rect\u003e  \u003c/region\u003e  \u003cseparator thickness\u003d\"5\" type\u003d\"Black\"\u003e \u003cstart x\u003d\"215\" y\u003d\"4282\"\u003e\u003c/start\u003e \u003cend x\u003d\"3157\" y\u003d\"4282\"\u003e\u003c/end\u003e \u003c/separator\u003e \u003c/block\u003e  \u003cblock b\u003d\"2938\" blockname\u003d\"\" blocktype\u003d\"Separator\" l\u003d\"112\" r\u003d\"131\" style\u003d\"transform: translate(54px, 31px); position: absolute;\" t\u003d\"122\"\u003e \u003cregion\u003e \u003crect b\u003d\"239\" l\u003d\"121\" r\u003d\"131\" t\u003d\"122\"\u003e\u003c/rect\u003e  \u003crect b\u003d\"260\" l\u003d\"120\" r\u003d\"131\" t\u003d\"239\"\u003e\u003c/rect\u003e  \u003crect b\u003d\"350\" l\u003d\"120\" r\u003d\"130\" t\u003d\"260\"\u003e\u003c/rect\u003e  \u003crect b\u003d\"370\" l\u003d\"123\" r\u003d\"129\" t\u003d\"350\"\u003e\u003c/rect\u003e  \u003crect b\u003d\"406\" l\u003d\"120\" r\u003d\"129\" t\u003d\"370\"\u003e\u003c/rect\u003e  \u003crect b\u003d\"468\" l\u003d\"120\" r\u003d\"130\" t\u003d\"406\"\u003e\u003c/rect\u003e  \u003crect b\u003d\"707\" l\u003d\"120\" r\u003d\"128\" t\u003d\"468\"\u003e\u003c/rect\u003e  \u003crect b\u003d\"720\" l\u003d\"120\" r\u003d\"128\" t\u003d\"707\"\u003e\u003c/rect\u003e  \u003crect b\u003d\"1068\" l\u003d\"119\" r\u003d\"128\" t\u003d\"720\"\u003e\u003c/rect\u003e  \u003crect b\u003d\"1072\" l\u003d\"117\" r\u003d\"128\" t\u003d\"1068\"\u003e\u003c/rect\u003e  \u003crect b\u003d\"1079\" l\u003d\"117\" r\u003d\"127\" t\u003d\"1072\"\u003e\u003c/rect\u003e  \u003crect b\u003d\"1088\" l\u003d\"117\" r\u003d\"128\" t\u003d\"1079\"\u003e\u003c/rect\u003e  \u003crect b\u003d\"1108\" l\u003d\"120\" r\u003d\"128\" t\u003d\"1088\"\u003e\u003c/rect\u003e  \u003crect b\u003d\"1109\" l\u003d\"118\" r\u003d\"127\" t\u003d\"1108\"\u003e\u003c/rect\u003e  \u003crect b\u003d\"1119\" l\u003d\"117\" r\u003d\"127\" t\u003d\"1109\"\u003e\u003c/rect\u003e  \u003crect b\u003d\"1492\" l\u003d\"117\" r\u003d\"126\" t\u003d\"1119\"\u003e\u003c/rect\u003e  \u003crect b\u003d\"1518\" l\u003d\"116\" r\u003d\"125\" t\u003d\"1492\"\u003e\u003c/rect\u003e  \u003crect b\u003d\"1540\" l\u003d\"115\" r\u003d\"125\" t\u003d\"1518\"\u003e\u003c/rect\u003e  \u003crect b\u003d\"1544\" l\u003d\"116\" r\u003d\"125\" t\u003d\"1540\"\u003e\u003c/rect\u003e  \u003crect b\u003d\"2374\" l\u003d\"115\" r\u003d\"125\" t\u003d\"1544\"\u003e\u003c/rect\u003e  \u003crect b\u003d\"2538\" l\u003d\"113\" r\u003d\"123\" t\u003d\"2374\"\u003e\u003c/rect\u003e  \u003crect b\u003d\"2938\" l\u003d\"112\" r\u003d\"123\" t\u003d\"2538\"\u003e\u003c/rect\u003e  \u003c/region\u003e  \u003cseparator thickness\u003d\"9\" type\u003d\"Black\"\u003e \u003cstart x\u003d\"121\" y\u003d\"122\"\u003e\u003c/start\u003e \u003cend x\u003d\"121\" y\u003d\"2938\"\u003e\u003c/end\u003e \u003c/separator\u003e \u003c/block\u003e  \u003cblock b\u003d\"4283\" blockname\u003d\"\" blocktype\u003d\"Separator\" class\u003d\"hidden\" l\u003d\"215\" r\u003d\"222\" style\u003d\"transform: translate(104px, 887px); position: absolute;\" t\u003d\"3549\"\u003e \u003cregion\u003e \u003crect b\u003d\"3578\" l\u003d\"219\" r\u003d\"221\" t\u003d\"3549\"\u003e\u003c/rect\u003e  \u003crect b\u003d\"3671\" l\u003d\"217\" r\u003d\"222\" t\u003d\"3578\"\u003e\u003c/rect\u003e  \u003crect b\u003d\"3983\" l\u003d\"216\" r\u003d\"221\" t\u003d\"3671\"\u003e\u003c/rect\u003e  \u003crect b\u003d\"4250\" l\u003d\"215\" r\u003d\"220\" t\u003d\"3983\"\u003e\u003c/rect\u003e  \u003crect b\u003d\"4283\" l\u003d\"215\" r\u003d\"218\" t\u003d\"4250\"\u003e\u003c/rect\u003e  \u003c/region\u003e  \u003cseparator thickness\u003d\"5\" type\u003d\"Black\"\u003e \u003cstart x\u003d\"218\" y\u003d\"3549\"\u003e\u003c/start\u003e \u003cend x\u003d\"218\" y\u003d\"4283\"\u003e\u003c/end\u003e \u003c/separator\u003e \u003c/block\u003e  \u003cblock b\u003d\"1357\" blockname\u003d\"\" blocktype\u003d\"Separator\" class\u003d\"hidden\" l\u003d\"338\" r\u003d\"344\" style\u003d\"transform: translate(163px, 307px); position: absolute;\" t\u003d\"1228\"\u003e \u003cregion\u003e \u003crect b\u003d\"1230\" l\u003d\"338\" r\u003d\"344\" t\u003d\"1228\"\u003e\u003c/rect\u003e  \u003crect b\u003d\"1280\" l\u003d\"340\" r\u003d\"344\" t\u003d\"1230\"\u003e\u003c/rect\u003e  \u003crect b\u003d\"1357\" l\u003d\"339\" r\u003d\"344\" t\u003d\"1280\"\u003e\u003c/rect\u003e  \u003c/region\u003e  \u003cseparator thickness\u003d\"4\" type\u003d\"Black\"\u003e \u003cstart x\u003d\"341\" y\u003d\"1228\"\u003e\u003c/start\u003e \u003cend x\u003d\"341\" y\u003d\"1357\"\u003e\u003c/end\u003e \u003c/separator\u003e \u003c/block\u003e  \u003cblock b\u003d\"2939\" blockname\u003d\"\" blocktype\u003d\"Separator\" l\u003d\"724\" r\u003d\"742\" style\u003d\"transform: translate(349px, 368px); position: absolute;\" t\u003d\"1471\"\u003e \u003cregion\u003e \u003crect b\u003d\"1478\" l\u003d\"730\" r\u003d\"742\" t\u003d\"1471\"\u003e\u003c/rect\u003e  \u003crect b\u003d\"1522\" l\u003d\"732\" r\u003d\"741\" t\u003d\"1478\"\u003e\u003c/rect\u003e  \u003crect b\u003d\"1939\" l\u003d\"731\" r\u003d\"739\" t\u003d\"1522\"\u003e\u003c/rect\u003e  \u003crect b\u003d\"2070\" l\u003d\"729\" r\u003d\"737\" t\u003d\"1939\"\u003e\u003c/rect\u003e  \u003crect b\u003d\"2486\" l\u003d\"728\" r\u003d\"736\" t\u003d\"2070\"\u003e\u003c/rect\u003e  \u003crect b\u003d\"2558\" l\u003d\"727\" r\u003d\"733\" t\u003d\"2486\"\u003e\u003c/rect\u003e  \u003crect b\u003d\"2904\" l\u003d\"725\" r\u003d\"733\" t\u003d\"2558\"\u003e\u003c/rect\u003e  \u003crect b\u003d\"2939\" l\u003d\"724\" r\u003d\"732\" t\u003d\"2904\"\u003e\u003c/rect\u003e  \u003c/region\u003e  \u003cseparator thickness\u003d\"7\" type\u003d\"Black\"\u003e \u003cstart x\u003d\"733\" y\u003d\"1471\"\u003e\u003c/start\u003e \u003cend x\u003d\"733\" y\u003d\"2939\"\u003e\u003c/end\u003e \u003c/separator\u003e \u003c/block\u003e  \u003cblock b\u003d\"4035\" blockname\u003d\"\" blocktype\u003d\"Separator\" l\u003d\"830\" r\u003d\"836\" style\u003d\"transform: translate(400px, 971px); position: absolute;\" t\u003d\"3882\"\u003e \u003cregion\u003e \u003crect b\u003d\"4029\" l\u003d\"831\" r\u003d\"836\" t\u003d\"3882\"\u003e\u003c/rect\u003e  \u003crect b\u003d\"4035\" l\u003d\"830\" r\u003d\"835\" t\u003d\"4029\"\u003e\u003c/rect\u003e  \u003c/region\u003e  \u003cseparator thickness\u003d\"5\" type\u003d\"Black\"\u003e \u003cstart x\u003d\"833\" y\u003d\"3882\"\u003e\u003c/start\u003e \u003cend x\u003d\"833\" y\u003d\"4035\"\u003e\u003c/end\u003e \u003c/separator\u003e \u003c/block\u003e  \u003cblock b\u003d\"1355\" blockname\u003d\"\" blocktype\u003d\"Separator\" l\u003d\"857\" r\u003d\"861\" style\u003d\"transform: translate(413px, 307px); position: absolute;\" t\u003d\"1229\"\u003e \u003cregion\u003e \u003crect b\u003d\"1354\" l\u003d\"858\" r\u003d\"861\" t\u003d\"1229\"\u003e\u003c/rect\u003e  \u003crect b\u003d\"1355\" l\u003d\"857\" r\u003d\"861\" t\u003d\"1354\"\u003e\u003c/rect\u003e  \u003c/region\u003e  \u003cseparator thickness\u003d\"3\" type\u003d\"Black\"\u003e \u003cstart x\u003d\"859\" y\u003d\"1229\"\u003e\u003c/start\u003e \u003cend x\u003d\"859\" y\u003d\"1355\"\u003e\u003c/end\u003e \u003c/separator\u003e \u003c/block\u003e  \u003cblock b\u003d\"3970\" blockname\u003d\"\" blocktype\u003d\"Separator\" l\u003d\"1167\" r\u003d\"1169\" style\u003d\"transform: translate(562px, 967px); position: absolute;\" t\u003d\"3866\"\u003e \u003cregion\u003e \u003crect b\u003d\"3970\" l\u003d\"1167\" r\u003d\"1169\" t\u003d\"3866\"\u003e\u003c/rect\u003e  \u003c/region\u003e  \u003cseparator thickness\u003d\"2\" type\u003d\"Black\"\u003e \u003cstart x\u003d\"1168\" y\u003d\"3866\"\u003e\u003c/start\u003e \u003cend x\u003d\"1168\" y\u003d\"3970\"\u003e\u003c/end\u003e \u003c/separator\u003e \u003c/block\u003e  \u003cblock b\u003d\"1357\" blockname\u003d\"\" blocktype\u003d\"Separator\" l\u003d\"1195\" r\u003d\"1202\" style\u003d\"transform: translate(576px, 310px); position: absolute;\" t\u003d\"1238\"\u003e \u003cregion\u003e \u003crect b\u003d\"1338\" l\u003d\"1195\" r\u003d\"1200\" t\u003d\"1238\"\u003e\u003c/rect\u003e  \u003crect b\u003d\"1356\" l\u003d\"1195\" r\u003d\"1201\" t\u003d\"1338\"\u003e\u003c/rect\u003e  \u003crect b\u003d\"1357\" l\u003d\"1195\" r\u003d\"1202\" t\u003d\"1356\"\u003e\u003c/rect\u003e  \u003c/region\u003e  \u003cseparator thickness\u003d\"5\" type\u003d\"Black\"\u003e \u003cstart x\u003d\"1198\" y\u003d\"1238\"\u003e\u003c/start\u003e \u003cend x\u003d\"1198\" y\u003d\"1357\"\u003e\u003c/end\u003e \u003c/separator\u003e \u003c/block\u003e  \u003cblock b\u003d\"1356\" blockname\u003d\"\" blocktype\u003d\"Separator\" l\u003d\"1529\" r\u003d\"1536\" style\u003d\"transform: translate(737px, 307px); position: absolute;\" t\u003d\"1229\"\u003e \u003cregion\u003e \u003crect b\u003d\"1233\" l\u003d\"1529\" r\u003d\"1536\" t\u003d\"1229\"\u003e\u003c/rect\u003e  \u003crect b\u003d\"1353\" l\u003d\"1530\" r\u003d\"1536\" t\u003d\"1233\"\u003e\u003c/rect\u003e  \u003crect b\u003d\"1356\" l\u003d\"1529\" r\u003d\"1536\" t\u003d\"1353\"\u003e\u003c/rect\u003e  \u003c/region\u003e  \u003cseparator thickness\u003d\"6\" type\u003d\"Black\"\u003e \u003cstart x\u003d\"1532\" y\u003d\"1229\"\u003e\u003c/start\u003e \u003cend x\u003d\"1532\" y\u003d\"1356\"\u003e\u003c/end\u003e \u003c/separator\u003e \u003c/block\u003e  \u003cblock b\u003d\"1354\" blockname\u003d\"\" blocktype\u003d\"Separator\" l\u003d\"1851\" r\u003d\"1855\" style\u003d\"transform: translate(892px, 309px); position: absolute;\" t\u003d\"1234\"\u003e \u003cregion\u003e \u003crect b\u003d\"1250\" l\u003d\"1851\" r\u003d\"1855\" t\u003d\"1234\"\u003e\u003c/rect\u003e  \u003crect b\u003d\"1354\" l\u003d\"1851\" r\u003d\"1853\" t\u003d\"1250\"\u003e\u003c/rect\u003e  \u003c/region\u003e  \u003cseparator thickness\u003d\"3\" type\u003d\"Black\"\u003e \u003cstart x\u003d\"1853\" y\u003d\"1234\"\u003e\u003c/start\u003e \u003cend x\u003d\"1853\" y\u003d\"1354\"\u003e\u003c/end\u003e \u003c/separator\u003e \u003c/block\u003e  \u003cblock b\u003d\"3150\" blockname\u003d\"\" blocktype\u003d\"Separator\" l\u003d\"2447\" r\u003d\"2456\" style\u003d\"transform: translate(1179px, 369px); position: absolute;\" t\u003d\"1474\"\u003e \u003cregion\u003e \u003crect b\u003d\"2795\" l\u003d\"2448\" r\u003d\"2456\" t\u003d\"1474\"\u003e\u003c/rect\u003e  \u003crect b\u003d\"2943\" l\u003d\"2447\" r\u003d\"2454\" t\u003d\"2795\"\u003e\u003c/rect\u003e  \u003crect b\u003d\"3141\" l\u003d\"2447\" r\u003d\"2451\" t\u003d\"2943\"\u003e\u003c/rect\u003e  \u003crect b\u003d\"3150\" l\u003d\"2448\" r\u003d\"2452\" t\u003d\"3141\"\u003e\u003c/rect\u003e  \u003c/region\u003e  \u003cseparator thickness\u003d\"6\" type\u003d\"Black\"\u003e \u003cstart x\u003d\"2451\" y\u003d\"1474\"\u003e\u003c/start\u003e \u003cend x\u003d\"2451\" y\u003d\"3150\"\u003e\u003c/end\u003e \u003c/separator\u003e \u003c/block\u003e  \u003cblock b\u003d\"1354\" blockname\u003d\"\" blocktype\u003d\"Separator\" l\u003d\"2541\" r\u003d\"2547\" style\u003d\"transform: translate(1225px, 307px); position: absolute;\" t\u003d\"1226\"\u003e \u003cregion\u003e \u003crect b\u003d\"1354\" l\u003d\"2541\" r\u003d\"2547\" t\u003d\"1226\"\u003e\u003c/rect\u003e  \u003c/region\u003e  \u003cseparator thickness\u003d\"6\" type\u003d\"Black\"\u003e \u003cstart x\u003d\"2544\" y\u003d\"1226\"\u003e\u003c/start\u003e \u003cend x\u003d\"2544\" y\u003d\"1354\"\u003e\u003c/end\u003e \u003c/separator\u003e \u003c/block\u003e  \u003cblock b\u003d\"3151\" blockname\u003d\"\" blocktype\u003d\"Separator\" class\u003d\"hidden\" l\u003d\"2796\" r\u003d\"2808\" style\u003d\"transform: translate(1348px, 368px); position: absolute;\" t\u003d\"1473\"\u003e \u003cregion\u003e \u003crect b\u003d\"2465\" l\u003d\"2799\" r\u003d\"2808\" t\u003d\"1473\"\u003e\u003c/rect\u003e  \u003crect b\u003d\"2926\" l\u003d\"2798\" r\u003d\"2805\" t\u003d\"2465\"\u003e\u003c/rect\u003e  \u003crect b\u003d\"2951\" l\u003d\"2796\" r\u003d\"2806\" t\u003d\"2926\"\u003e\u003c/rect\u003e  \u003crect b\u003d\"3130\" l\u003d\"2797\" r\u003d\"2805\" t\u003d\"2951\"\u003e\u003c/rect\u003e  \u003crect b\u003d\"3151\" l\u003d\"2796\" r\u003d\"2804\" t\u003d\"3130\"\u003e\u003c/rect\u003e  \u003c/region\u003e  \u003cseparator thickness\u003d\"7\" type\u003d\"Black\"\u003e \u003cstart x\u003d\"2802\" y\u003d\"1473\"\u003e\u003c/start\u003e \u003cend x\u003d\"2802\" y\u003d\"3151\"\u003e\u003c/end\u003e \u003c/separator\u003e \u003c/block\u003e  \u003cblock b\u003d\"4286\" blockname\u003d\"\" blocktype\u003d\"Separator\" l\u003d\"3152\" r\u003d\"3159\" style\u003d\"transform: translate(1519px, 985px); position: absolute;\" t\u003d\"3941\"\u003e \u003cregion\u003e \u003crect b\u003d\"4137\" l\u003d\"3154\" r\u003d\"3159\" t\u003d\"3941\"\u003e\u003c/rect\u003e  \u003crect b\u003d\"4286\" l\u003d\"3152\" r\u003d\"3157\" t\u003d\"4137\"\u003e\u003c/rect\u003e  \u003c/region\u003e  \u003cseparator thickness\u003d\"4\" type\u003d\"Black\"\u003e \u003cstart x\u003d\"3155\" y\u003d\"3941\"\u003e\u003c/start\u003e \u003cend x\u003d\"3155\" y\u003d\"4286\"\u003e\u003c/end\u003e \u003c/separator\u003e \u003c/block\u003e  \u003cblock b\u003d\"3867\" blockname\u003d\"\" blocktype\u003d\"Separator\" l\u003d\"3155\" r\u003d\"3162\" style\u003d\"transform: translate(1521px, 852px); position: absolute;\" t\u003d\"3407\"\u003e \u003cregion\u003e \u003crect b\u003d\"3445\" l\u003d\"3156\" r\u003d\"3162\" t\u003d\"3407\"\u003e\u003c/rect\u003e  \u003crect b\u003d\"3805\" l\u003d\"3156\" r\u003d\"3161\" t\u003d\"3445\"\u003e\u003c/rect\u003e  \u003crect b\u003d\"3867\" l\u003d\"3155\" r\u003d\"3160\" t\u003d\"3805\"\u003e\u003c/rect\u003e  \u003c/region\u003e  \u003cseparator thickness\u003d\"5\" type\u003d\"Black\"\u003e \u003cstart x\u003d\"3158\" y\u003d\"3407\"\u003e\u003c/start\u003e \u003cend x\u003d\"3158\" y\u003d\"3867\"\u003e\u003c/end\u003e \u003c/separator\u003e \u003c/block\u003e  \u003cblock b\u003d\"3150\" blockname\u003d\"\" blocktype\u003d\"Separator\" l\u003d\"3255\" r\u003d\"3268\" style\u003d\"transform: translate(1569px, 155px); position: absolute;\" t\u003d\"618\"\u003e \u003cregion\u003e \u003crect b\u003d\"624\" l\u003d\"3261\" r\u003d\"3267\" t\u003d\"618\"\u003e\u003c/rect\u003e  \u003crect b\u003d\"722\" l\u003d\"3263\" r\u003d\"3267\" t\u003d\"624\"\u003e\u003c/rect\u003e  \u003crect b\u003d\"735\" l\u003d\"3262\" r\u003d\"3267\" t\u003d\"722\"\u003e\u003c/rect\u003e  \u003crect b\u003d\"742\" l\u003d\"3262\" r\u003d\"3268\" t\u003d\"735\"\u003e\u003c/rect\u003e  \u003crect b\u003d\"745\" l\u003d\"3263\" r\u003d\"3268\" t\u003d\"742\"\u003e\u003c/rect\u003e  \u003crect b\u003d\"767\" l\u003d\"3262\" r\u003d\"3268\" t\u003d\"745\"\u003e\u003c/rect\u003e  \u003crect b\u003d\"778\" l\u003d\"3264\" r\u003d\"3268\" t\u003d\"767\"\u003e\u003c/rect\u003e  \u003crect b\u003d\"781\" l\u003d\"3262\" r\u003d\"3268\" t\u003d\"778\"\u003e\u003c/rect\u003e  \u003crect b\u003d\"858\" l\u003d\"3261\" r\u003d\"3268\" t\u003d\"781\"\u003e\u003c/rect\u003e  \u003crect b\u003d\"961\" l\u003d\"3261\" r\u003d\"3267\" t\u003d\"858\"\u003e\u003c/rect\u003e  \u003crect b\u003d\"975\" l\u003d\"3261\" r\u003d\"3268\" t\u003d\"961\"\u003e\u003c/rect\u003e  \u003crect b\u003d\"979\" l\u003d\"3261\" r\u003d\"3267\" t\u003d\"975\"\u003e\u003c/rect\u003e  \u003crect b\u003d\"991\" l\u003d\"3261\" r\u003d\"3268\" t\u003d\"979\"\u003e\u003c/rect\u003e  \u003crect b\u003d\"1031\" l\u003d\"3261\" r\u003d\"3267\" t\u003d\"991\"\u003e\u003c/rect\u003e  \u003crect b\u003d\"1487\" l\u003d\"3261\" r\u003d\"3268\" t\u003d\"1031\"\u003e\u003c/rect\u003e  \u003crect b\u003d\"1961\" l\u003d\"3260\" r\u003d\"3267\" t\u003d\"1487\"\u003e\u003c/rect\u003e  \u003crect b\u003d\"2645\" l\u003d\"3259\" r\u003d\"3265\" t\u003d\"1961\"\u003e\u003c/rect\u003e  \u003crect b\u003d\"2830\" l\u003d\"3258\" r\u003d\"3264\" t\u003d\"2645\"\u003e\u003c/rect\u003e  \u003crect b\u003d\"2831\" l\u003d\"3257\" r\u003d\"3264\" t\u003d\"2830\"\u003e\u003c/rect\u003e  \u003crect b\u003d\"2854\" l\u003d\"3257\" r\u003d\"3263\" t\u003d\"2831\"\u003e\u003c/rect\u003e  \u003crect b\u003d\"2927\" l\u003d\"3256\" r\u003d\"3262\" t\u003d\"2854\"\u003e\u003c/rect\u003e  \u003crect b\u003d\"2941\" l\u003d\"3255\" r\u003d\"3261\" t\u003d\"2927\"\u003e\u003c/rect\u003e  \u003crect b\u003d\"3077\" l\u003d\"3259\" r\u003d\"3262\" t\u003d\"2941\"\u003e\u003c/rect\u003e  \u003crect b\u003d\"3141\" l\u003d\"3256\" r\u003d\"3262\" t\u003d\"3077\"\u003e\u003c/rect\u003e  \u003crect b\u003d\"3150\" l\u003d\"3255\" r\u003d\"3260\" t\u003d\"3141\"\u003e\u003c/rect\u003e  \u003c/region\u003e  \u003cseparator thickness\u003d\"6\" type\u003d\"Black\"\u003e \u003cstart x\u003d\"3261\" y\u003d\"618\"\u003e\u003c/start\u003e \u003cend x\u003d\"3261\" y\u003d\"3150\"\u003e\u003c/end\u003e \u003c/separator\u003e \u003c/block\u003e  \u003cblock b\u003d\"541\" blockname\u003d\"\" blocktype\u003d\"Separator\" l\u003d\"3261\" r\u003d\"3269\" style\u003d\"transform: translate(1572px, 30px); position: absolute;\" t\u003d\"118\"\u003e \u003cregion\u003e \u003crect b\u003d\"382\" l\u003d\"3263\" r\u003d\"3269\" t\u003d\"118\"\u003e\u003c/rect\u003e  \u003crect b\u003d\"405\" l\u003d\"3261\" r\u003d\"3269\" t\u003d\"382\"\u003e\u003c/rect\u003e  \u003crect b\u003d\"541\" l\u003d\"3261\" r\u003d\"3269\" t\u003d\"405\"\u003e\u003c/rect\u003e  \u003c/region\u003e  \u003cseparator thickness\u003d\"6\" type\u003d\"Black\"\u003e \u003cstart x\u003d\"3265\" y\u003d\"118\"\u003e\u003c/start\u003e \u003cend x\u003d\"3265\" y\u003d\"541\"\u003e\u003c/end\u003e \u003c/separator\u003e \u003c/block\u003e  \u003cblock b\u003d\"4285\" blockname\u003d\"\" blocktype\u003d\"Separator\" l\u003d\"360\" r\u003d\"529\" style\u003d\"transform: translate(174px, 1069px); position: absolute;\" t\u003d\"4277\"\u003e \u003cregion\u003e \u003crect b\u003d\"4285\" l\u003d\"360\" r\u003d\"529\" t\u003d\"4277\"\u003e\u003c/rect\u003e  \u003c/region\u003e  \u003cseparator thickness\u003d\"7\" type\u003d\"Dotted\"\u003e \u003cstart x\u003d\"360\" y\u003d\"4281\"\u003e\u003c/start\u003e \u003cend x\u003d\"529\" y\u003d\"4281\"\u003e\u003c/end\u003e \u003c/separator\u003e \u003c/block\u003e  \u003cblock b\u003d\"3967\" blockname\u003d\"\" blocktype\u003d\"Separator\" l\u003d\"1165\" r\u003d\"1171\" style\u003d\"transform: translate(561px, 968px); position: absolute;\" t\u003d\"3871\"\u003e \u003cregion\u003e \u003crect b\u003d\"3967\" l\u003d\"1165\" r\u003d\"1171\" t\u003d\"3871\"\u003e\u003c/rect\u003e  \u003c/region\u003e  \u003cseparator thickness\u003d\"4\" type\u003d\"Dotted\"\u003e \u003cstart x\u003d\"1168\" y\u003d\"3871\"\u003e\u003c/start\u003e \u003cend x\u003d\"1168\" y\u003d\"3967\"\u003e\u003c/end\u003e \u003c/separator\u003e \u003c/block\u003e  \u003cblock b\u003d\"4282\" blockname\u003d\"\" blocktype\u003d\"Separator\" l\u003d\"3157\" r\u003d\"3159\" style\u003d\"transform: translate(1522px, 1035px); position: absolute;\" t\u003d\"4141\"\u003e \u003cregion\u003e \u003crect b\u003d\"4282\" l\u003d\"3157\" r\u003d\"3159\" t\u003d\"4141\"\u003e\u003c/rect\u003e  \u003c/region\u003e  \u003cseparator thickness\u003d\"2\" type\u003d\"Dotted\"\u003e \u003cstart x\u003d\"3158\" y\u003d\"4141\"\u003e\u003c/start\u003e \u003cend x\u003d\"3158\" y\u003d\"4282\"\u003e\u003c/end\u003e \u003c/separator\u003e \u003c/block\u003e  \u003cblock b\u003d\"3621\" blockname\u003d\"\" blocktype\u003d\"Separator\" l\u003d\"3161\" r\u003d\"3163\" style\u003d\"transform: translate(1524px, 896px); position: absolute;\" t\u003d\"3583\"\u003e \u003cregion\u003e \u003crect b\u003d\"3621\" l\u003d\"3161\" r\u003d\"3163\" t\u003d\"3583\"\u003e\u003c/rect\u003e  \u003c/region\u003e  \u003cseparator thickness\u003d\"2\" type\u003d\"Dotted\"\u003e \u003cstart x\u003d\"3162\" y\u003d\"3583\"\u003e\u003c/start\u003e \u003cend x\u003d\"3162\" y\u003d\"3621\"\u003e\u003c/end\u003e \u003c/separator\u003e \u003c/block\u003e  \u003cblock b\u003d\"958\" blockname\u003d\"\" blocktype\u003d\"Separator\" l\u003d\"3261\" r\u003d\"3268\" style\u003d\"transform: translate(1572px, 219px); position: absolute;\" t\u003d\"874\"\u003e \u003cregion\u003e \u003crect b\u003d\"958\" l\u003d\"3261\" r\u003d\"3268\" t\u003d\"874\"\u003e\u003c/rect\u003e  \u003c/region\u003e  \u003cseparator thickness\u003d\"7\" type\u003d\"Dotted\"\u003e \u003cstart x\u003d\"3264\" y\u003d\"874\"\u003e\u003c/start\u003e \u003cend x\u003d\"3264\" y\u003d\"958\"\u003e\u003c/end\u003e \u003c/separator\u003e \u003c/block\u003e  \u003cblock b\u003d\"1221\" blockname\u003d\"\" blocktype\u003d\"Text\" class\u003d\"hidden\" l\u003d\"170\" r\u003d\"3222\" style\u003d\"transform: translate(82px, 283px); position: absolute; width: 1470.97px; height: 22.75px;\" t\u003d\"1130\"\u003e \u003cregion\u003e \u003crect b\u003d\"1221\" l\u003d\"170\" r\u003d\"3222\" t\u003d\"1130\"\u003e\u003c/rect\u003e  \u003c/region\u003e  \u003ctext\u003e \u003cpar linespacing\u003d\"-1\"\u003e\u003c/par\u003e  \u003c/text\u003e  \u003c/block\u003e  \u003cblock b\u003d\"1466\" blockname\u003d\"\" blocktype\u003d\"Text\" class\u003d\"hidden\" l\u003d\"2459\" r\u003d\"2795\" style\u003d\"transform: translate(1185px, 340px); position: absolute; width: 161.942px; height: 26.75px;\" t\u003d\"1359\"\u003e \u003cregion\u003e \u003crect b\u003d\"1466\" l\u003d\"2459\" r\u003d\"2795\" t\u003d\"1359\"\u003e\u003c/rect\u003e  \u003c/region\u003e  \u003ctext\u003e \u003cpar linespacing\u003d\"-1\"\u003e\u003c/par\u003e  \u003c/text\u003e  \u003c/block\u003e  \u003cblock b\u003d\"1468\" blockname\u003d\"\" blocktype\u003d\"Text\" class\u003d\"hidden\" l\u003d\"744\" r\u003d\"2446\" style\u003d\"transform: translate(359px, 341px); position: absolute; width: 820.313px; height: 26.5px;\" t\u003d\"1362\"\u003e \u003cregion\u003e \u003crect b\u003d\"1468\" l\u003d\"744\" r\u003d\"2446\" t\u003d\"1362\"\u003e\u003c/rect\u003e  \u003c/region\u003e  \u003ctext\u003e \u003cpar linespacing\u003d\"-1\"\u003e\u003c/par\u003e  \u003c/text\u003e  \u003c/block\u003e  \u003cblock b\u003d\"1466\" blockname\u003d\"\" blocktype\u003d\"Text\" class\u003d\"hidden\" l\u003d\"2810\" r\u003d\"3222\" style\u003d\"transform: translate(1354px, 341px); position: absolute; width: 198.572px; height: 26px;\" t\u003d\"1362\"\u003e \u003cregion\u003e \u003crect b\u003d\"1466\" l\u003d\"2810\" r\u003d\"3222\" t\u003d\"1362\"\u003e\u003c/rect\u003e  \u003c/region\u003e  \u003ctext\u003e \u003cpar linespacing\u003d\"-1\"\u003e\u003c/par\u003e  \u003c/text\u003e  \u003c/block\u003e  \u003cblock b\u003d\"1466\" blockname\u003d\"\" blocktype\u003d\"Text\" class\u003d\"hidden\" l\u003d\"170\" r\u003d\"729\" style\u003d\"transform: translate(82px, 341px); position: absolute; width: 269.421px; height: 26px;\" t\u003d\"1362\"\u003e \u003cregion\u003e \u003crect b\u003d\"1466\" l\u003d\"170\" r\u003d\"729\" t\u003d\"1362\"\u003e\u003c/rect\u003e  \u003c/region\u003e  \u003ctext\u003e \u003cpar linespacing\u003d\"-1\"\u003e\u003c/par\u003e  \u003c/text\u003e  \u003c/block\u003e  \u003cblock b\u003d\"3450\" blockname\u003d\"\" blocktype\u003d\"Text\" class\u003d\"hidden\" l\u003d\"133\" r\u003d\"2283\" style\u003d\"transform: translate(64px, 843px); position: absolute; width: 1036.24px; height: 20px;\" t\u003d\"3370\"\u003e \u003cregion\u003e \u003crect b\u003d\"3450\" l\u003d\"133\" r\u003d\"2283\" t\u003d\"3370\"\u003e\u003c/rect\u003e  \u003c/region\u003e  \u003ctext\u003e \u003cpar linespacing\u003d\"-1\"\u003e\u003c/par\u003e  \u003c/text\u003e  \u003c/block\u003e  \u003cblock b\u003d\"1480\" blockname\u003d\"\" blocktype\u003d\"Text\" class\u003d\"hidden\" l\u003d\"160\" r\u003d\"3231\" style\u003d\"transform: translate(77px, 338px); position: absolute; width: 1480.13px; height: 32.5px;\" t\u003d\"1350\"\u003e \u003cregion\u003e \u003crect b\u003d\"1480\" l\u003d\"160\" r\u003d\"3231\" t\u003d\"1350\"\u003e\u003c/rect\u003e  \u003c/region\u003e  \u003ctext\u003e \u003cpar linespacing\u003d\"-1\"\u003e\u003c/par\u003e  \u003c/text\u003e  \u003c/block\u003e  \u003c/page\u003e \u003c/document\u003e\u003c/body\u003e\u003c/html\u003e","tags":[{"score":0.6649539589661181,"end":502,"tag":"invoice_date","text":"08-19-70","estimatedAccuracy":0.0,"begin":494}],"group":"invoice_date"}