{"finalScore":0.6415131341531496,"metaInfo":{"model":{"coreVersion":"9.3.0.9"}},"sumScore":7.056644475684645,"tagsCounter":11.0,"taggedText":"\u003chtml\u003e\u003chead\u003e\u003cscript src\u003d\"https://ajax.googleapis.com/ajax/libs/jquery/2.2.0/jquery.min.js\"\u003e\u003c/script\u003e\u003c/head\u003e\u003cbody\u003e\u003cdocument languages\u003d\"\" producer\u003d\"Workfusion\" schemalocation\u003d\"http://ocr.crowdcomputingsystems.com/xml/schema-v1.xml\" version\u003d\"1.0\" xmlns\u003d\"http://ocr.crowdcomputingsystems.com/xml/schema-v1.xml\" xsi\u003d\"http://www.w3.org/2001/XMLSchema-instance\"\u003e \u003clink href\u003d\"https://s3.amazonaws.com/workfusion-resources/ocr/ocr-xml-viewer-0.3-scale-to-width.css\" rel\u003d\"stylesheet\" type\u003d\"text/css\"\u003e\u003c/link\u003e \u003cscript src\u003d\"https://s3.amazonaws.com/workfusion-resources/jquery/core/1.8.3/jquery.min.js\" type\u003d\"text/javascript\"\u003e\u003c/script\u003e\u003cscript src\u003d\"https://s3.amazonaws.com/workfusion-resources/ocr/ocr-xml-viewer-0.3-scale-to-width.js\"\u003e\u003c/script\u003e\u003cscript\u003e\u003c/script\u003e\u003cstyle\u003e\u003c/style\u003e\u003cpage data-pages\u003d\"1\" h\u003d\"3306\" resolution\u003d\"400\" style\u003d\"height: 775px;\" w\u003d\"4678\"\u003e \u003cblock b\u003d\"729\" blockname\u003d\"\" blocktype\u003d\"Text\" l\u003d\"202\" r\u003d\"1884\" style\u003d\"transform: translate(71px, 73px); position: absolute; width: 591.109px; height: 109.25px;\" t\u003d\"292\"\u003e \u003cregion\u003e \u003crect b\u003d\"393\" l\u003d\"202\" r\u003d\"1884\" t\u003d\"292\"\u003e\u003c/rect\u003e  \u003crect b\u003d\"729\" l\u003d\"1050\" r\u003d\"1884\" t\u003d\"393\"\u003e\u003c/rect\u003e  \u003c/region\u003e  \u003ctext\u003e \u003cpar leftindent\u003d\"15400\" linespacing\u003d\"1314\"\u003e \u003cline b\u003d\"505\" baseline\u003d\"500\" l\u003d\"1057\" r\u003d\"1876\" style\u003d\"transform: translate(300px, 42px); position: absolute;\" t\u003d\"459\"\u003e \u003cformatting lang\u003d\"EnglishUnitedStates\"\u003e \u003csupplier_name begin\u003d\"15\" class\u003d\"extraction-tag ml-tag\" data-text\u003d\"CDW \u0026lt;cdwsales@cdwemail.com\" data-value\u003d\"CDW \u0026lt;cdwsales@cdwemail.com\" end\u003d\"41\" ml-tagorder\u003d\"0\" score\u003d\"0.566962344200465\" style\u003d\"border: 2px solid rgb(125, 157, 1);\" tagorder\u003d\"0\"\u003eCDW \u003cemail begin\u003d\"19\" class\u003d\"extraction-tag ml-tag\" data-text\u003d\"\u0026lt;cdwsales@cdwemail.com\" data-value\u003d\"\u0026lt;cdwsales@cdwemail.com\" end\u003d\"41\" ml-tagorder\u003d\"1\" score\u003d\"0.49089460004779706\" style\u003d\"border: 2px solid rgb(125, 157, 1);\" tagorder\u003d\"1\"\u003e\u0026lt;cdwsales@cdwemail.com\u003c/email\u003e\u003c/supplier_name\u003e\u0026gt; \u003c/formatting\u003e  \u003c/line\u003e  \u003cline b\u003d\"586\" baseline\u003d\"574\" l\u003d\"1059\" r\u003d\"1524\" style\u003d\"transform: translate(301px, 60px); position: absolute;\" t\u003d\"532\"\u003e \u003cformatting lang\u003d\"EnglishUnitedStates\"\u003e 22 November 1975 1:52 \u003c/formatting\u003e  \u003c/line\u003e  \u003cline b\u003d\"647\" baseline\u003d\"646\" l\u003d\"1057\" r\u003d\"1414\" style\u003d\"transform: translate(300px, 78px); position: absolute;\" t\u003d\"605\"\u003e \u003cformatting lang\u003d\"EnglishUnitedStates\"\u003e Sarah Hanna \u003c/formatting\u003e  \u003c/line\u003e  \u003c/par\u003e  \u003cpar leftindent\u003d\"15400\" linespacing\u003d\"1314\"\u003e \u003cline b\u003d\"721\" baseline\u003d\"721\" l\u003d\"1057\" r\u003d\"1787\" style\u003d\"transform: translate(300px, 97px); position: absolute;\" t\u003d\"679\"\u003e \u003cformatting lang\u003d\"EnglishUnitedStates\"\u003e CDW Invoice #GDU4300 Detail \u003c/formatting\u003e  \u003c/line\u003e  \u003c/par\u003e  \u003c/text\u003e  \u003c/block\u003e  \u003cblock b\u003d\"742\" blockname\u003d\"\" blocktype\u003d\"Text\" l\u003d\"198\" r\u003d\"418\" style\u003d\"transform: translate(70px, 113px); position: absolute; width: 77.3151px; height: 72.25px;\" t\u003d\"453\"\u003e \u003cregion\u003e \u003crect b\u003d\"742\" l\u003d\"198\" r\u003d\"418\" t\u003d\"453\"\u003e\u003c/rect\u003e  \u003c/region\u003e  \u003ctext\u003e \u003cpar linespacing\u003d\"1314\"\u003e \u003cline b\u003d\"501\" baseline\u003d\"500\" l\u003d\"209\" r\u003d\"353\" style\u003d\"transform: translate(4px, 2px); position: absolute;\" t\u003d\"461\"\u003e \u003cformatting lang\u003d\"EnglishUnitedStates\"\u003e From: \u003c/formatting\u003e  \u003c/line\u003e  \u003c/par\u003e  \u003cpar linespacing\u003d\"1314\"\u003e \u003cline b\u003d\"574\" baseline\u003d\"574\" l\u003d\"208\" r\u003d\"334\" style\u003d\"transform: translate(4px, 20px); position: absolute;\" t\u003d\"533\"\u003e \u003cformatting lang\u003d\"EnglishUnitedStates\"\u003e Sent: \u003c/formatting\u003e  \u003c/line\u003e  \u003c/par\u003e  \u003cpar linespacing\u003d\"1314\"\u003e \u003cline b\u003d\"647\" baseline\u003d\"647\" l\u003d\"206\" r\u003d\"284\" style\u003d\"transform: translate(3px, 39px); position: absolute;\" t\u003d\"607\"\u003e \u003cformatting lang\u003d\"EnglishUnitedStates\"\u003e Tor \u003c/formatting\u003e  \u003c/line\u003e  \u003c/par\u003e  \u003cpar linespacing\u003d\"1314\"\u003e \u003cline b\u003d\"734\" baseline\u003d\"719\" l\u003d\"208\" r\u003d\"410\" style\u003d\"transform: translate(4px, 57px); position: absolute;\" t\u003d\"679\"\u003e \u003cformatting lang\u003d\"EnglishUnitedStates\"\u003e Subject \u003c/formatting\u003e  \u003c/line\u003e  \u003c/par\u003e  \u003c/text\u003e  \u003c/block\u003e  \u003cblock b\u003d\"1124\" blockname\u003d\"\" blocktype\u003d\"Text\" l\u003d\"344\" r\u003d\"1050\" style\u003d\"transform: translate(121px, 263px); position: absolute; width: 248.111px; height: 18.5px;\" t\u003d\"1050\"\u003e \u003cregion\u003e \u003crect b\u003d\"1124\" l\u003d\"344\" r\u003d\"1050\" t\u003d\"1050\"\u003e\u003c/rect\u003e  \u003c/region\u003e  \u003ctext\u003e \u003cpar linespacing\u003d\"1210\"\u003e \u003cline b\u003d\"1121\" baseline\u003d\"1120\" l\u003d\"359\" r\u003d\"1035\" style\u003d\"transform: translate(5px, 1px); position: absolute;\" t\u003d\"1053\"\u003e \u003cformatting lang\u003d\"EnglishUnitedStates\"\u003e INVOICE DETAIL \u003c/formatting\u003e  \u003c/line\u003e  \u003c/par\u003e  \u003c/text\u003e  \u003c/block\u003e  \u003cblock b\u003d\"1238\" blockname\u003d\"\" blocktype\u003d\"Text\" l\u003d\"1678\" r\u003d\"2178\" style\u003d\"transform: translate(590px, 262px); position: absolute; width: 175.716px; height: 48px;\" t\u003d\"1046\"\u003e \u003cregion\u003e \u003crect b\u003d\"1238\" l\u003d\"1678\" r\u003d\"2178\" t\u003d\"1046\"\u003e\u003c/rect\u003e  \u003c/region\u003e  \u003ctext\u003e \u003cpar linespacing\u003d\"846\"\u003e \u003cline b\u003d\"1084\" baseline\u003d\"1083\" l\u003d\"1695\" r\u003d\"2140\" style\u003d\"transform: translate(6px, 2px); position: absolute;\" t\u003d\"1054\"\u003e \u003cformatting lang\u003d\"EnglishUnitedStates\"\u003e REMIT PAYMENT TO: \u003c/formatting\u003e  \u003c/line\u003e  \u003c/par\u003e  \u003cpar linespacing\u003d\"846\"\u003e \u003cline b\u003d\"1131\" baseline\u003d\"1131\" l\u003d\"1694\" r\u003d\"1916\" style\u003d\"transform: translate(6px, 14px); position: absolute;\" t\u003d\"1101\"\u003e \u003cformatting lang\u003d\"EnglishUnitedStates\"\u003e COOK, DIXON AND BLAIR \u003c/formatting\u003e  \u003c/line\u003e  \u003cline b\u003d\"1179\" baseline\u003d\"1179\" l\u003d\"1695\" r\u003d\"1995\" style\u003d\"transform: translate(6px, 26px); position: absolute;\" t\u003d\"1149\"\u003e \u003cformatting lang\u003d\"EnglishUnitedStates\"\u003e 987 Joseph Station \u003c/formatting\u003e  \u003c/line\u003e  \u003cline b\u003d\"1233\" baseline\u003d\"1226\" l\u003d\"1694\" r\u003d\"2162\" style\u003d\"transform: translate(6px, 37px); position: absolute;\" t\u003d\"1195\"\u003e \u003cformatting lang\u003d\"EnglishUnitedStates\"\u003e East Christophermouth, NE 31897-0885 \u003c/formatting\u003e  \u003c/line\u003e  \u003c/par\u003e  \u003c/text\u003e  \u003c/block\u003e  \u003cblock b\u003d\"1236\" blockname\u003d\"\" blocktype\u003d\"Text\" l\u003d\"2622\" r\u003d\"2818\" style\u003d\"transform: translate(921px, 262px); position: absolute; width: 68.8807px; height: 47.5px;\" t\u003d\"1046\"\u003e \u003cregion\u003e \u003crect b\u003d\"1236\" l\u003d\"2622\" r\u003d\"2818\" t\u003d\"1046\"\u003e\u003c/rect\u003e  \u003c/region\u003e  \u003ctext\u003e \u003cpar linespacing\u003d\"-1\"\u003e\u003c/par\u003e  \u003c/text\u003e  \u003c/block\u003e  \u003cblock b\u003d\"1240\" blockname\u003d\"\" blocktype\u003d\"Text\" class\u003d\"hidden\" l\u003d\"2664\" r\u003d\"3058\" style\u003d\"transform: translate(936px, 271px); position: absolute; width: 138.464px; height: 39.5px;\" t\u003d\"1082\"\u003e \u003cregion\u003e \u003crect b\u003d\"1100\" l\u003d\"2822\" r\u003d\"3058\" t\u003d\"1082\"\u003e\u003c/rect\u003e  \u003crect b\u003d\"1136\" l\u003d\"2664\" r\u003d\"3058\" t\u003d\"1100\"\u003e\u003c/rect\u003e  \u003crect b\u003d\"1240\" l\u003d\"2822\" r\u003d\"3058\" t\u003d\"1136\"\u003e\u003c/rect\u003e  \u003c/region\u003e  \u003ctext\u003e \u003cpar leftindent\u003d\"3100\" linespacing\u003d\"918\" startindent\u003d\"-3100\"\u003e \u003cline b\u003d\"1136\" baseline\u003d\"1133\" l\u003d\"2675\" r\u003d\"3041\" style\u003d\"transform: translate(4px, 2px); position: absolute;\" t\u003d\"1090\"\u003e \u003cformatting lang\u003d\"EnglishUnitedStates\"\u003e wm PEOPLE \u003c/formatting\u003e  \u003c/line\u003e  \u003cline b\u003d\"1186\" baseline\u003d\"1186\" l\u003d\"2838\" r\u003d\"2967\" style\u003d\"transform: translate(61px, 16px); position: absolute;\" t\u003d\"1144\"\u003e \u003cformatting lang\u003d\"EnglishUnitedStates\"\u003e WHO \u003c/formatting\u003e  \u003c/line\u003e  \u003cline b\u003d\"1236\" baseline\u003d\"1236\" l\u003d\"2838\" r\u003d\"2996\" style\u003d\"transform: translate(61px, 29px); position: absolute;\" t\u003d\"1199\"\u003e \u003cformatting lang\u003d\"EnglishUnitedStates\"\u003e GET IT \u003c/formatting\u003e  \u003c/line\u003e  \u003c/par\u003e  \u003c/text\u003e  \u003c/block\u003e  \u003cblock b\u003d\"1658\" blockname\u003d\"\" blocktype\u003d\"Text\" l\u003d\"610\" r\u003d\"1616\" style\u003d\"transform: translate(214px, 381px); position: absolute; width: 353.541px; height: 34px;\" t\u003d\"1522\"\u003e \u003cregion\u003e \u003crect b\u003d\"1658\" l\u003d\"610\" r\u003d\"1616\" t\u003d\"1522\"\u003e\u003c/rect\u003e  \u003c/region\u003e  \u003ctext\u003e \u003cpar align\u003d\"Justified\" linespacing\u003d\"1350\"\u003e \u003cline b\u003d\"1570\" baseline\u003d\"1569\" l\u003d\"626\" r\u003d\"1599\" style\u003d\"transform: translate(6px, 2px); position: absolute;\" t\u003d\"1531\"\u003e \u003cformatting lang\u003d\"EnglishUnitedStates\"\u003e THE CDW INVOICE #\u003cinvoice_number begin\u003d\"476\" class\u003d\"extraction-tag ml-tag\" data-text\u003d\"GDU4300\" data-value\u003d\"GDU4300\" end\u003d\"483\" ml-tagorder\u003d\"2\" score\u003d\"0.8613094350128429\" style\u003d\"border: 2px solid rgb(125, 157, 1);\" tagorder\u003d\"2\"\u003eGDU4300\u003c/invoice_number\u003e YOU \u003c/formatting\u003e  \u003c/line\u003e  \u003cline b\u003d\"1654\" baseline\u003d\"1644\" l\u003d\"630\" r\u003d\"1559\" style\u003d\"transform: translate(7px, 21px); position: absolute;\" t\u003d\"1606\"\u003e \u003cformatting lang\u003d\"EnglishUnitedStates\"\u003e REQUESTED IS DETAILED BELOW \u003c/formatting\u003e  \u003c/line\u003e  \u003c/par\u003e  \u003c/text\u003e  \u003c/block\u003e  \u003cregion xmlns\u003d\"http://ocr.crowdcomputingsystems.com/xml/schema-v1.xml\"\u003e \u003crect b\u003d\"1818\" l\u003d\"1687\" r\u003d\"3042\" t\u003d\"1341\"\u003e\u003c/rect\u003e  \u003c/region\u003e \u003ctable b\u003d\"1818\" blockname\u003d\"\" blocktype\u003d\"Table\" l\u003d\"1687\" r\u003d\"3042\" style\u003d\"transform: translate(593px, 335px); position: absolute;\" t\u003d\"1341\" xmlns\u003d\"\"\u003e \u003ctbody\u003e\u003ctr\u003e \u003ctd h\u003d\"78\" w\u003d\"457\"\u003e \u003ctext xmlns\u003d\"http://ocr.crowdcomputingsystems.com/xml/schema-v1.xml\"\u003e \u003cpar linespacing\u003d\"520\"\u003e \u003cline b\u003d\"1397\" baseline\u003d\"1396\" l\u003d\"1722\" r\u003d\"2114\" t\u003d\"1367\"\u003e \u003cformatting lang\u003d\"EnglishUnitedStates\"\u003e INVOICE NUMBER \u003c/formatting\u003e  \u003c/line\u003e  \u003c/par\u003e  \u003c/text\u003e  \u003c/td\u003e   \u003ctd colspan\u003d\"2\" h\u003d\"78\" w\u003d\"447\"\u003e \u003ctext xmlns\u003d\"http://ocr.crowdcomputingsystems.com/xml/schema-v1.xml\"\u003e \u003cpar align\u003d\"Center\" linespacing\u003d\"520\"\u003e \u003cline b\u003d\"1397\" baseline\u003d\"1396\" l\u003d\"2209\" r\u003d\"2525\" t\u003d\"1367\"\u003e \u003cformatting lang\u003d\"EnglishUnitedStates\"\u003e INVOICE DATE \u003c/formatting\u003e  \u003c/line\u003e  \u003c/par\u003e  \u003c/text\u003e  \u003c/td\u003e   \u003ctd h\u003d\"78\" w\u003d\"451\"\u003e \u003ctext xmlns\u003d\"http://ocr.crowdcomputingsystems.com/xml/schema-v1.xml\"\u003e \u003cpar linespacing\u003d\"520\"\u003e \u003cline b\u003d\"1397\" baseline\u003d\"1396\" l\u003d\"2597\" r\u003d\"3036\" t\u003d\"1367\"\u003e \u003cformatting lang\u003d\"EnglishUnitedStates\"\u003e CUSTOMER NUMBER \u003c/formatting\u003e  \u003c/line\u003e  \u003c/par\u003e  \u003c/text\u003e  \u003c/td\u003e   \u003c/tr\u003e \n \u003ctr\u003e \u003ctd h\u003d\"76\" w\u003d\"457\"\u003e \u003ctext xmlns\u003d\"http://ocr.crowdcomputingsystems.com/xml/schema-v1.xml\"\u003e \u003cpar align\u003d\"Center\" linespacing\u003d\"540\" rightindent\u003d\"100\"\u003e \u003cline b\u003d\"1473\" baseline\u003d\"1473\" l\u003d\"1829\" r\u003d\"2001\" t\u003d\"1443\"\u003e \u003cformatting lang\u003d\"EnglishUnitedStates\"\u003e GDU4300 \u003c/formatting\u003e  \u003c/line\u003e  \u003c/par\u003e  \u003c/text\u003e  \u003c/td\u003e   \u003ctd colspan\u003d\"2\" h\u003d\"76\" w\u003d\"447\"\u003e \u003ctext xmlns\u003d\"http://ocr.crowdcomputingsystems.com/xml/schema-v1.xml\"\u003e \u003cpar align\u003d\"Center\" linespacing\u003d\"560\"\u003e \u003cline b\u003d\"1478\" baseline\u003d\"1473\" l\u003d\"2254\" r\u003d\"2482\" t\u003d\"1442\"\u003e \u003cformatting lang\u003d\"EnglishUnitedStates\"\u003e \u003cinvoice_date begin\u003d\"663\" class\u003d\"extraction-tag ml-tag\" data-text\u003d\"08/05/91\" data-value\u003d\"08/05/91\" end\u003d\"671\" ml-tagorder\u003d\"3\" score\u003d\"0.587703552225411\" style\u003d\"border: 2px solid rgb(125, 157, 1);\" tagorder\u003d\"3\"\u003e08/05/91\u003c/invoice_date\u003e \u003c/formatting\u003e  \u003c/line\u003e  \u003c/par\u003e  \u003c/text\u003e  \u003c/td\u003e   \u003ctd h\u003d\"76\" w\u003d\"451\"\u003e \u003ctext xmlns\u003d\"http://ocr.crowdcomputingsystems.com/xml/schema-v1.xml\"\u003e \u003cpar align\u003d\"Center\" linespacing\u003d\"540\"\u003e \u003cline b\u003d\"1473\" baseline\u003d\"1473\" l\u003d\"2732\" r\u003d\"2900\" t\u003d\"1443\"\u003e \u003cformatting lang\u003d\"EnglishUnitedStates\"\u003e 4754913 \u003c/formatting\u003e  \u003c/line\u003e  \u003c/par\u003e  \u003c/text\u003e  \u003c/td\u003e   \u003c/tr\u003e \n \u003ctr\u003e \u003ctd h\u003d\"76\" w\u003d\"457\"\u003e \u003ctext xmlns\u003d\"http://ocr.crowdcomputingsystems.com/xml/schema-v1.xml\"\u003e \u003cpar align\u003d\"Center\" linespacing\u003d\"520\" rightindent\u003d\"100\"\u003e \u003cline b\u003d\"1549\" baseline\u003d\"1548\" l\u003d\"1804\" r\u003d\"2031\" t\u003d\"1519\"\u003e \u003cformatting lang\u003d\"EnglishUnitedStates\"\u003e SUBTOTAL \u003c/formatting\u003e  \u003c/line\u003e  \u003c/par\u003e  \u003c/text\u003e  \u003c/td\u003e   \u003ctd colspan\u003d\"2\" h\u003d\"76\" w\u003d\"447\"\u003e \u003ctext xmlns\u003d\"http://ocr.crowdcomputingsystems.com/xml/schema-v1.xml\"\u003e \u003cpar align\u003d\"Center\" linespacing\u003d\"540\"\u003e \u003cline b\u003d\"1549\" baseline\u003d\"1549\" l\u003d\"2257\" r\u003d\"2477\" t\u003d\"1519\"\u003e \u003cformatting lang\u003d\"EnglishUnitedStates\"\u003e SHIPPING \u003c/formatting\u003e  \u003c/line\u003e  \u003c/par\u003e  \u003c/text\u003e  \u003c/td\u003e   \u003ctd h\u003d\"76\" w\u003d\"451\"\u003e \u003ctext xmlns\u003d\"http://ocr.crowdcomputingsystems.com/xml/schema-v1.xml\"\u003e \u003cpar align\u003d\"Center\" linespacing\u003d\"540\"\u003e \u003cline b\u003d\"1549\" baseline\u003d\"1549\" l\u003d\"2699\" r\u003d\"2933\" t\u003d\"1519\"\u003e \u003cformatting lang\u003d\"EnglishUnitedStates\"\u003e SALES TAX \u003c/formatting\u003e  \u003c/line\u003e  \u003c/par\u003e  \u003c/text\u003e  \u003c/td\u003e   \u003c/tr\u003e \n \u003ctr\u003e \u003ctd h\u003d\"79\" w\u003d\"457\"\u003e \u003ctext xmlns\u003d\"http://ocr.crowdcomputingsystems.com/xml/schema-v1.xml\"\u003e \u003cpar align\u003d\"Center\" linespacing\u003d\"560\" rightindent\u003d\"100\"\u003e \u003cline b\u003d\"1632\" baseline\u003d\"1626\" l\u003d\"1794\" r\u003d\"2040\" t\u003d\"1595\"\u003e \u003cformatting lang\u003d\"EnglishUnitedStates\"\u003e $2640.85 \u003c/formatting\u003e  \u003c/line\u003e  \u003c/par\u003e  \u003c/text\u003e  \u003c/td\u003e   \u003ctd colspan\u003d\"2\" h\u003d\"79\" w\u003d\"447\"\u003e \u003ctext xmlns\u003d\"http://ocr.crowdcomputingsystems.com/xml/schema-v1.xml\"\u003e \u003cpar align\u003d\"Center\" linespacing\u003d\"560\"\u003e \u003cline b\u003d\"1632\" baseline\u003d\"1626\" l\u003d\"2270\" r\u003d\"2465\" t\u003d\"1595\"\u003e \u003cformatting lang\u003d\"EnglishUnitedStates\"\u003e $4966.39 \u003c/formatting\u003e  \u003c/line\u003e  \u003c/par\u003e  \u003c/text\u003e  \u003c/td\u003e   \u003ctd h\u003d\"79\" w\u003d\"451\"\u003e \u003ctext xmlns\u003d\"http://ocr.crowdcomputingsystems.com/xml/schema-v1.xml\"\u003e \u003cpar align\u003d\"Center\" linespacing\u003d\"560\"\u003e \u003cline b\u003d\"1632\" baseline\u003d\"1626\" l\u003d\"2762\" r\u003d\"2869\" t\u003d\"1595\"\u003e \u003cformatting lang\u003d\"EnglishUnitedStates\"\u003e $8840.75 \u003c/formatting\u003e  \u003c/line\u003e  \u003c/par\u003e  \u003c/text\u003e  \u003c/td\u003e   \u003c/tr\u003e \n \u003ctr\u003e \u003ctd colspan\u003d\"2\" h\u003d\"82\" w\u003d\"678\"\u003e \u003ctext xmlns\u003d\"http://ocr.crowdcomputingsystems.com/xml/schema-v1.xml\"\u003e \u003cpar align\u003d\"Center\" linespacing\u003d\"560\" rightindent\u003d\"100\"\u003e \u003cline b\u003d\"1709\" baseline\u003d\"1708\" l\u003d\"1916\" r\u003d\"2145\" t\u003d\"1677\"\u003e \u003cformatting lang\u003d\"EnglishUnitedStates\"\u003e DUE DATE \u003c/formatting\u003e  \u003c/line\u003e  \u003c/par\u003e  \u003c/text\u003e  \u003c/td\u003e   \u003ctd colspan\u003d\"2\" h\u003d\"82\" w\u003d\"677\"\u003e \u003ctext xmlns\u003d\"http://ocr.crowdcomputingsystems.com/xml/schema-v1.xml\"\u003e \u003cpar align\u003d\"Center\" leftindent\u003d\"100\" linespacing\u003d\"580\"\u003e \u003cline b\u003d\"1709\" baseline\u003d\"1708\" l\u003d\"2543\" r\u003d\"2856\" t\u003d\"1676\"\u003e \u003cformatting lang\u003d\"EnglishUnitedStates\"\u003e AMOUNT DUE \u003c/formatting\u003e  \u003c/line\u003e  \u003c/par\u003e  \u003c/text\u003e  \u003c/td\u003e   \u003c/tr\u003e \n \u003ctr\u003e \u003ctd colspan\u003d\"2\" h\u003d\"86\" w\u003d\"678\"\u003e \u003ctext xmlns\u003d\"http://ocr.crowdcomputingsystems.com/xml/schema-v1.xml\"\u003e \u003cpar align\u003d\"Center\" linespacing\u003d\"590\" rightindent\u003d\"100\"\u003e \u003cline b\u003d\"1795\" baseline\u003d\"1789\" l\u003d\"1884\" r\u003d\"2175\" t\u003d\"1756\"\u003e \u003cformatting lang\u003d\"EnglishUnitedStates\"\u003e 03/23/18 \u003c/formatting\u003e  \u003c/line\u003e  \u003c/par\u003e  \u003c/text\u003e  \u003c/td\u003e   \u003ctd colspan\u003d\"2\" h\u003d\"86\" w\u003d\"677\"\u003e \u003ctext xmlns\u003d\"http://ocr.crowdcomputingsystems.com/xml/schema-v1.xml\"\u003e \u003cpar align\u003d\"Center\" leftindent\u003d\"100\" linespacing\u003d\"590\"\u003e \u003cline b\u003d\"1796\" baseline\u003d\"1789\" l\u003d\"2554\" r\u003d\"2846\" t\u003d\"1756\"\u003e \u003cformatting lang\u003d\"EnglishUnitedStates\"\u003e $4541.88 \u003c/formatting\u003e  \u003c/line\u003e  \u003c/par\u003e  \u003c/text\u003e  \u003c/td\u003e   \u003c/tr\u003e \n \u003c/tbody\u003e\u003c/table\u003e\n \u003cregion xmlns\u003d\"http://ocr.crowdcomputingsystems.com/xml/schema-v1.xml\"\u003e \u003crect b\u003d\"2059\" l\u003d\"293\" r\u003d\"3040\" t\u003d\"1902\"\u003e\u003c/rect\u003e  \u003c/region\u003e \u003ctable b\u003d\"2059\" blockname\u003d\"\" blocktype\u003d\"Table\" l\u003d\"293\" r\u003d\"3040\" style\u003d\"transform: translate(103px, 476px); position: absolute;\" t\u003d\"1902\" xmlns\u003d\"\"\u003e \u003ctbody\u003e\u003ctr\u003e \u003ctd h\u003d\"77\" w\u003d\"332\"\u003e \u003ctext xmlns\u003d\"http://ocr.crowdcomputingsystems.com/xml/schema-v1.xml\"\u003e \u003cpar linespacing\u003d\"520\"\u003e \u003cline b\u003d\"1958\" baseline\u003d\"1957\" l\u003d\"322\" r\u003d\"599\" t\u003d\"1928\"\u003e \u003cformatting lang\u003d\"EnglishUnitedStates\"\u003e ORDER DATE \u003c/formatting\u003e  \u003c/line\u003e  \u003c/par\u003e  \u003c/text\u003e  \u003c/td\u003e   \u003ctd h\u003d\"77\" w\u003d\"708\"\u003e \u003ctext xmlns\u003d\"http://ocr.crowdcomputingsystems.com/xml/schema-v1.xml\"\u003e \u003cpar align\u003d\"Center\" linespacing\u003d\"520\"\u003e \u003cline b\u003d\"1958\" baseline\u003d\"1957\" l\u003d\"879\" r\u003d\"1080\" t\u003d\"1928\"\u003e \u003cformatting lang\u003d\"EnglishUnitedStates\"\u003e SHIP VIA \u003c/formatting\u003e  \u003c/line\u003e  \u003c/par\u003e  \u003c/text\u003e  \u003c/td\u003e   \u003ctd h\u003d\"77\" w\u003d\"329\"\u003e \u003ctext xmlns\u003d\"http://ocr.crowdcomputingsystems.com/xml/schema-v1.xml\"\u003e \u003cpar align\u003d\"Center\" linespacing\u003d\"520\"\u003e \u003cline b\u003d\"1958\" baseline\u003d\"1957\" l\u003d\"1401\" r\u003d\"1596\" t\u003d\"1928\"\u003e \u003cformatting lang\u003d\"EnglishUnitedStates\"\u003e ORDER # \u003c/formatting\u003e  \u003c/line\u003e  \u003c/par\u003e  \u003c/text\u003e  \u003c/td\u003e   \u003ctd h\u003d\"77\" w\u003d\"667\"\u003e \u003ctext xmlns\u003d\"http://ocr.crowdcomputingsystems.com/xml/schema-v1.xml\"\u003e \u003cpar align\u003d\"Center\" linespacing\u003d\"540\"\u003e \u003cline b\u003d\"1958\" baseline\u003d\"1958\" l\u003d\"1944\" r\u003d\"2047\" t\u003d\"1928\"\u003e \u003cformatting lang\u003d\"EnglishUnitedStates\"\u003e PO # \u003c/formatting\u003e  \u003c/line\u003e  \u003c/par\u003e  \u003c/text\u003e  \u003c/td\u003e   \u003ctd h\u003d\"77\" w\u003d\"711\"\u003e \u003ctext xmlns\u003d\"http://ocr.crowdcomputingsystems.com/xml/schema-v1.xml\"\u003e \u003cpar align\u003d\"Center\" linespacing\u003d\"520\"\u003e \u003cline b\u003d\"1958\" baseline\u003d\"1957\" l\u003d\"2500\" r\u003d\"2867\" t\u003d\"1928\"\u003e \u003cformatting lang\u003d\"EnglishUnitedStates\"\u003e PAYMENT TERMS \u003c/formatting\u003e  \u003c/line\u003e  \u003c/par\u003e  \u003c/text\u003e  \u003c/td\u003e   \u003c/tr\u003e \n \u003ctr\u003e \u003ctd h\u003d\"80\" w\u003d\"332\"\u003e \u003ctext xmlns\u003d\"http://ocr.crowdcomputingsystems.com/xml/schema-v1.xml\"\u003e \u003cpar leftindent\u003d\"1000\" linespacing\u003d\"560\"\u003e \u003cline b\u003d\"2039\" baseline\u003d\"2034\" l\u003d\"350\" r\u003d\"574\" t\u003d\"2003\"\u003e \u003cformatting lang\u003d\"EnglishUnitedStates\"\u003e 12/02/2015 \u003c/formatting\u003e  \u003c/line\u003e  \u003c/par\u003e  \u003c/text\u003e  \u003c/td\u003e   \u003ctd h\u003d\"80\" w\u003d\"708\"\u003e \u003ctext xmlns\u003d\"http://ocr.crowdcomputingsystems.com/xml/schema-v1.xml\"\u003e \u003cpar align\u003d\"Center\" linespacing\u003d\"520\"\u003e \u003cline b\u003d\"2041\" baseline\u003d\"2034\" l\u003d\"834\" r\u003d\"1124\" t\u003d\"2005\"\u003e \u003cformatting lang\u003d\"EnglishUnitedStates\"\u003e AIT - Next Day \u003c/formatting\u003e  \u003c/line\u003e  \u003c/par\u003e  \u003c/text\u003e  \u003c/td\u003e   \u003ctd h\u003d\"80\" w\u003d\"329\"\u003e \u003ctext xmlns\u003d\"http://ocr.crowdcomputingsystems.com/xml/schema-v1.xml\"\u003e \u003cpar align\u003d\"Center\" linespacing\u003d\"520\"\u003e \u003cline b\u003d\"2041\" baseline\u003d\"2033\" l\u003d\"1406\" r\u003d\"1589\" t\u003d\"2004\"\u003e \u003cformatting lang\u003d\"EnglishUnitedStates\"\u003e GQSK947 \u003c/formatting\u003e  \u003c/line\u003e  \u003c/par\u003e  \u003c/text\u003e  \u003c/td\u003e   \u003ctd h\u003d\"80\" w\u003d\"667\"\u003e \u003ctext xmlns\u003d\"http://ocr.crowdcomputingsystems.com/xml/schema-v1.xml\"\u003e \u003cpar align\u003d\"Center\" linespacing\u003d\"540\"\u003e \u003cline b\u003d\"2034\" baseline\u003d\"2034\" l\u003d\"1861\" r\u003d\"2133\" t\u003d\"2004\"\u003e \u003cformatting lang\u003d\"EnglishUnitedStates\"\u003e 23566 REBILL \u003c/formatting\u003e  \u003c/line\u003e  \u003c/par\u003e  \u003c/text\u003e  \u003c/td\u003e   \u003ctd h\u003d\"80\" w\u003d\"711\"\u003e \u003ctext xmlns\u003d\"http://ocr.crowdcomputingsystems.com/xml/schema-v1.xml\"\u003e \u003cpar align\u003d\"Center\" linespacing\u003d\"540\"\u003e \u003cline b\u003d\"2041\" baseline\u003d\"2034\" l\u003d\"2566\" r\u003d\"2802\" t\u003d\"2004\"\u003e \u003cformatting lang\u003d\"EnglishUnitedStates\"\u003e Net 45 Days \u003c/formatting\u003e  \u003c/line\u003e  \u003c/par\u003e  \u003c/text\u003e  \u003c/td\u003e   \u003c/tr\u003e \n \u003c/tbody\u003e\u003c/table\u003e\n \u003cregion xmlns\u003d\"http://ocr.crowdcomputingsystems.com/xml/schema-v1.xml\"\u003e \u003crect b\u003d\"2978\" l\u003d\"289\" r\u003d\"3045\" t\u003d\"2141\"\u003e\u003c/rect\u003e  \u003c/region\u003e \u003ctable b\u003d\"2978\" blockname\u003d\"\" blocktype\u003d\"Table\" l\u003d\"289\" r\u003d\"3045\" style\u003d\"transform: translate(102px, 535px); position: absolute;\" t\u003d\"2141\" xmlns\u003d\"\"\u003e \u003ctbody\u003e\u003ctr\u003e \u003ctd h\u003d\"79\" rightborder\u003d\"White\" w\u003d\"927\"\u003e \u003ctext xmlns\u003d\"http://ocr.crowdcomputingsystems.com/xml/schema-v1.xml\"\u003e \u003cpar align\u003d\"Justified\" leftindent\u003d\"900\" linespacing\u003d\"500\"\u003e \u003cline b\u003d\"2197\" baseline\u003d\"2197\" l\u003d\"337\" r\u003d\"443\" t\u003d\"2169\"\u003e \u003cformatting lang\u003d\"EnglishUnitedStates\"\u003e ITEM \u003c/formatting\u003e  \u003c/line\u003e  \u003c/par\u003e  \u003c/text\u003e  \u003c/td\u003e   \u003ctd h\u003d\"79\" leftborder\u003d\"White\" rightborder\u003d\"White\" w\u003d\"306\"\u003e \u003ctext xmlns\u003d\"http://ocr.crowdcomputingsystems.com/xml/schema-v1.xml\"\u003e \u003cpar linespacing\u003d\"520\"\u003e \u003cline b\u003d\"2205\" baseline\u003d\"2197\" l\u003d\"1241\" r\u003d\"1492\" t\u003d\"2168\"\u003e \u003cformatting lang\u003d\"EnglishUnitedStates\"\u003e ORDER QTY \u003c/formatting\u003e  \u003c/line\u003e  \u003c/par\u003e  \u003c/text\u003e  \u003c/td\u003e   \u003ctd h\u003d\"79\" leftborder\u003d\"White\" rightborder\u003d\"White\" w\u003d\"272\"\u003e \u003ctext xmlns\u003d\"http://ocr.crowdcomputingsystems.com/xml/schema-v1.xml\"\u003e \u003cpar linespacing\u003d\"520\"\u003e \u003cline b\u003d\"2205\" baseline\u003d\"2197\" l\u003d\"1553\" r\u003d\"1761\" t\u003d\"2168\"\u003e \u003cformatting lang\u003d\"EnglishUnitedStates\"\u003e SHIP QTY \u003c/formatting\u003e  \u003c/line\u003e  \u003c/par\u003e  \u003c/text\u003e  \u003c/td\u003e   \u003ctd h\u003d\"79\" leftborder\u003d\"White\" rightborder\u003d\"White\" w\u003d\"285\"\u003e \u003ctext xmlns\u003d\"http://ocr.crowdcomputingsystems.com/xml/schema-v1.xml\"\u003e \u003cpar linespacing\u003d\"520\"\u003e \u003cline b\u003d\"2205\" baseline\u003d\"2197\" l\u003d\"1827\" r\u003d\"2046\" t\u003d\"2168\"\u003e \u003cformatting lang\u003d\"EnglishUnitedStates\"\u003e OPEN QTY \u003c/formatting\u003e  \u003c/line\u003e  \u003c/par\u003e  \u003c/text\u003e  \u003c/td\u003e   \u003ctd h\u003d\"79\" leftborder\u003d\"White\" rightborder\u003d\"White\" w\u003d\"265\"\u003e \u003ctext xmlns\u003d\"http://ocr.crowdcomputingsystems.com/xml/schema-v1.xml\"\u003e \u003cpar align\u003d\"Center\" leftindent\u003d\"100\" linespacing\u003d\"520\"\u003e \u003cline b\u003d\"2198\" baseline\u003d\"2197\" l\u003d\"2140\" r\u003d\"2273\" t\u003d\"2168\"\u003e \u003cformatting lang\u003d\"EnglishUnitedStates\"\u003e CDW# \u003c/formatting\u003e  \u003c/line\u003e  \u003c/par\u003e  \u003c/text\u003e  \u003c/td\u003e   \u003ctd h\u003d\"79\" leftborder\u003d\"White\" rightborder\u003d\"White\" w\u003d\"351\"\u003e \u003ctext xmlns\u003d\"http://ocr.crowdcomputingsystems.com/xml/schema-v1.xml\"\u003e \u003cpar align\u003d\"Right\" linespacing\u003d\"520\" rightindent\u003d\"1000\"\u003e \u003cline b\u003d\"2198\" baseline\u003d\"2197\" l\u003d\"2385\" r\u003d\"2639\" t\u003d\"2168\"\u003e \u003cformatting lang\u003d\"EnglishUnitedStates\"\u003e UNIT PRICE \u003c/formatting\u003e  \u003c/line\u003e  \u003c/par\u003e  \u003c/text\u003e  \u003c/td\u003e   \u003ctd h\u003d\"79\" leftborder\u003d\"White\" w\u003d\"350\"\u003e \u003ctext xmlns\u003d\"http://ocr.crowdcomputingsystems.com/xml/schema-v1.xml\"\u003e \u003cpar align\u003d\"Right\" linespacing\u003d\"520\" rightindent\u003d\"1000\"\u003e \u003cline b\u003d\"2198\" baseline\u003d\"2197\" l\u003d\"2752\" r\u003d\"2991\" t\u003d\"2168\"\u003e \u003cformatting lang\u003d\"EnglishUnitedStates\"\u003e EXT. PRICE \u003c/formatting\u003e  \u003c/line\u003e  \u003c/par\u003e  \u003c/text\u003e  \u003c/td\u003e   \u003c/tr\u003e \n \u003ctr\u003e \u003ctd bottomborder\u003d\"White\" h\u003d\"297\" rightborder\u003d\"White\" w\u003d\"927\"\u003e\u003cproduct begin\u003d\"1444\" class\u003d\"extraction-tag ml-tag\" data-text\u003d\"HP DL380 GEN9 24SFF E5-2690 CUSTOM Mfg. Part#: EB172692\" data-value\u003d\"HP DL380 GEN9 24SFF E5-2690 CUSTOM Mfg. Part#: EB172692\" end\u003d\"1499\" ml-tagorder\u003d\"4\" score\u003d\"0.6797061373407504\" style\u003d\"border: 2px solid rgb(125, 157, 1);\" tagorder\u003d\"4\"\u003eHP DL380 GEN9 24SFF E5-2690 CUSTOM Mfg. Part#: EB172692\u003c/product\u003e\u003c/td\u003e   \u003ctd bottomborder\u003d\"White\" h\u003d\"297\" leftborder\u003d\"White\" rightborder\u003d\"White\" w\u003d\"306\"\u003e \u003ctext xmlns\u003d\"http://ocr.crowdcomputingsystems.com/xml/schema-v1.xml\"\u003e \u003cpar align\u003d\"Center\" leftindent\u003d\"100\" linespacing\u003d\"540\"\u003e \u003cline b\u003d\"2339\" baseline\u003d\"2339\" l\u003d\"1354\" r\u003d\"1378\" t\u003d\"2309\"\u003e \u003cformatting lang\u003d\"EnglishUnitedStates\"\u003e 0 \u003c/formatting\u003e  \u003c/line\u003e  \u003c/par\u003e  \u003c/text\u003e  \u003c/td\u003e   \u003ctd bottomborder\u003d\"White\" h\u003d\"297\" leftborder\u003d\"White\" rightborder\u003d\"White\" w\u003d\"272\"\u003e\u003cquantity begin\u003d\"1520\" class\u003d\"extraction-tag ml-tag\" data-text\u003d\"8\" data-value\u003d\"8\" end\u003d\"1521\" ml-tagorder\u003d\"5\" score\u003d\"0.5662443885499772\" style\u003d\"border: 2px solid rgb(125, 157, 1);\" tagorder\u003d\"5\"\u003e8\u003c/quantity\u003e\u003c/td\u003e   \u003ctd bottomborder\u003d\"White\" h\u003d\"297\" leftborder\u003d\"White\" rightborder\u003d\"White\" w\u003d\"285\"\u003e \u003ctext xmlns\u003d\"http://ocr.crowdcomputingsystems.com/xml/schema-v1.xml\"\u003e \u003cpar align\u003d\"Center\" linespacing\u003d\"540\"\u003e \u003cline b\u003d\"2339\" baseline\u003d\"2339\" l\u003d\"1924\" r\u003d\"1948\" t\u003d\"2309\"\u003e \u003cformatting lang\u003d\"EnglishUnitedStates\"\u003e 0 \u003c/formatting\u003e  \u003c/line\u003e  \u003c/par\u003e  \u003c/text\u003e  \u003c/td\u003e   \u003ctd bottomborder\u003d\"White\" h\u003d\"297\" leftborder\u003d\"White\" rightborder\u003d\"White\" w\u003d\"265\"\u003e \u003ctext xmlns\u003d\"http://ocr.crowdcomputingsystems.com/xml/schema-v1.xml\"\u003e \u003cpar linespacing\u003d\"540\"\u003e \u003cline b\u003d\"2339\" baseline\u003d\"2339\" l\u003d\"2114\" r\u003d\"2301\" t\u003d\"2309\"\u003e \u003cformatting lang\u003d\"EnglishUnitedStates\"\u003e 3915069 \u003c/formatting\u003e  \u003c/line\u003e  \u003c/par\u003e  \u003c/text\u003e  \u003c/td\u003e   \u003ctd bottomborder\u003d\"White\" h\u003d\"297\" leftborder\u003d\"White\" rightborder\u003d\"White\" w\u003d\"351\"\u003e\u003cprice begin\u003d\"1566\" class\u003d\"extraction-tag ml-tag\" data-text\u003d\"$7,899.07\" data-value\u003d\"$7,899.07\" end\u003d\"1575\" ml-tagorder\u003d\"6\" score\u003d\"0.5131990649398839\" style\u003d\"border: 2px solid rgb(125, 157, 1);\" tagorder\u003d\"6\"\u003e$7,899.07\u003c/price\u003e\u003c/td\u003e   \u003ctd bottomborder\u003d\"White\" h\u003d\"297\" leftborder\u003d\"White\" w\u003d\"350\"\u003e \u003ctext xmlns\u003d\"http://ocr.crowdcomputingsystems.com/xml/schema-v1.xml\"\u003e \u003cpar align\u003d\"Right\" linespacing\u003d\"560\" rightindent\u003d\"1000\"\u003e \u003cline b\u003d\"2345\" baseline\u003d\"2339\" l\u003d\"2748\" r\u003d\"2992\" t\u003d\"2308\"\u003e \u003cformatting lang\u003d\"EnglishUnitedStates\"\u003e $63,192.56 \u003c/formatting\u003e  \u003c/line\u003e  \u003c/par\u003e  \u003c/text\u003e  \u003c/td\u003e   \u003c/tr\u003e \n \u003ctr\u003e \u003ctd bottomborder\u003d\"White\" h\u003d\"211\" rightborder\u003d\"White\" topborder\u003d\"White\" w\u003d\"927\"\u003eHP GEN8 600GB 6GSAS 10K 2.5 SC ENT Mfg. Part#: 652583-B21\u003c/td\u003e   \u003ctd bottomborder\u003d\"White\" h\u003d\"211\" leftborder\u003d\"White\" rightborder\u003d\"White\" topborder\u003d\"White\" w\u003d\"306\"\u003e \u003ctext xmlns\u003d\"http://ocr.crowdcomputingsystems.com/xml/schema-v1.xml\"\u003e \u003cpar align\u003d\"Center\" leftindent\u003d\"100\" linespacing\u003d\"540\"\u003e \u003cline b\u003d\"2597\" baseline\u003d\"2597\" l\u003d\"1354\" r\u003d\"1378\" t\u003d\"2567\"\u003e \u003cformatting lang\u003d\"EnglishUnitedStates\"\u003e 0 \u003c/formatting\u003e  \u003c/line\u003e  \u003c/par\u003e  \u003c/text\u003e  \u003c/td\u003e   \u003ctd bottomborder\u003d\"White\" h\u003d\"211\" leftborder\u003d\"White\" rightborder\u003d\"White\" topborder\u003d\"White\" w\u003d\"272\"\u003e\u003cquantity begin\u003d\"1687\" class\u003d\"extraction-tag ml-tag\" data-text\u003d\"16\" data-value\u003d\"16\" end\u003d\"1689\" ml-tagorder\u003d\"7\" score\u003d\"0.8109825320896781\" style\u003d\"border: 2px solid rgb(125, 157, 1);\" tagorder\u003d\"7\"\u003e16\u003c/quantity\u003e\u003c/td\u003e   \u003ctd bottomborder\u003d\"White\" h\u003d\"211\" leftborder\u003d\"White\" rightborder\u003d\"White\" topborder\u003d\"White\" w\u003d\"285\"\u003e \u003ctext xmlns\u003d\"http://ocr.crowdcomputingsystems.com/xml/schema-v1.xml\"\u003e \u003cpar align\u003d\"Center\" linespacing\u003d\"540\"\u003e \u003cline b\u003d\"2597\" baseline\u003d\"2597\" l\u003d\"1924\" r\u003d\"1948\" t\u003d\"2567\"\u003e \u003cformatting lang\u003d\"EnglishUnitedStates\"\u003e 0 \u003c/formatting\u003e  \u003c/line\u003e  \u003c/par\u003e  \u003c/text\u003e  \u003c/td\u003e   \u003ctd bottomborder\u003d\"White\" h\u003d\"211\" leftborder\u003d\"White\" rightborder\u003d\"White\" topborder\u003d\"White\" w\u003d\"265\"\u003e \u003ctext xmlns\u003d\"http://ocr.crowdcomputingsystems.com/xml/schema-v1.xml\"\u003e \u003cpar linespacing\u003d\"520\"\u003e \u003cline b\u003d\"2597\" baseline\u003d\"2596\" l\u003d\"2114\" r\u003d\"2302\" t\u003d\"2567\"\u003e \u003cformatting lang\u003d\"EnglishUnitedStates\"\u003e 2637072 \u003c/formatting\u003e  \u003c/line\u003e  \u003c/par\u003e  \u003c/text\u003e  \u003c/td\u003e   \u003ctd bottomborder\u003d\"White\" h\u003d\"211\" leftborder\u003d\"White\" rightborder\u003d\"White\" topborder\u003d\"White\" w\u003d\"351\"\u003e\u003cprice begin\u003d\"1734\" class\u003d\"extraction-tag ml-tag\" data-text\u003d\"$224.54\" data-value\u003d\"$224.54\" end\u003d\"1741\" ml-tagorder\u003d\"8\" score\u003d\"0.6652558142308246\" style\u003d\"border: 2px solid rgb(125, 157, 1);\" tagorder\u003d\"8\"\u003e$224.54\u003c/price\u003e\u003c/td\u003e   \u003ctd bottomborder\u003d\"White\" h\u003d\"211\" leftborder\u003d\"White\" topborder\u003d\"White\" w\u003d\"350\"\u003e \u003ctext xmlns\u003d\"http://ocr.crowdcomputingsystems.com/xml/schema-v1.xml\"\u003e \u003cpar align\u003d\"Right\" linespacing\u003d\"540\" rightindent\u003d\"1000\"\u003e \u003cline b\u003d\"2603\" baseline\u003d\"2596\" l\u003d\"2776\" r\u003d\"2992\" t\u003d\"2566\"\u003e \u003cformatting lang\u003d\"EnglishUnitedStates\"\u003e $3,592.64 \u003c/formatting\u003e  \u003c/line\u003e  \u003c/par\u003e  \u003c/text\u003e  \u003c/td\u003e   \u003c/tr\u003e \n \u003ctr\u003e \u003ctd h\u003d\"83\" rightborder\u003d\"White\" topborder\u003d\"White\" w\u003d\"927\"\u003eHP 16GB 2RX4 PC4-2133P-R KIT\u003c/td\u003e   \u003ctd bottomborder\u003d\"White\" h\u003d\"83\" leftborder\u003d\"White\" rightborder\u003d\"White\" topborder\u003d\"White\" w\u003d\"306\"\u003e \u003ctext xmlns\u003d\"http://ocr.crowdcomputingsystems.com/xml/schema-v1.xml\"\u003e \u003cpar align\u003d\"Center\" leftindent\u003d\"100\" linespacing\u003d\"540\"\u003e \u003cline b\u003d\"2808\" baseline\u003d\"2808\" l\u003d\"1354\" r\u003d\"1378\" t\u003d\"2778\"\u003e \u003cformatting lang\u003d\"EnglishUnitedStates\"\u003e 0 \u003c/formatting\u003e  \u003c/line\u003e  \u003c/par\u003e  \u003c/text\u003e  \u003c/td\u003e   \u003ctd bottomborder\u003d\"White\" h\u003d\"83\" leftborder\u003d\"White\" rightborder\u003d\"White\" topborder\u003d\"White\" w\u003d\"272\"\u003e\u003cquantity begin\u003d\"1823\" class\u003d\"extraction-tag ml-tag\" data-text\u003d\"48\" data-value\u003d\"48\" end\u003d\"1825\" ml-tagorder\u003d\"9\" score\u003d\"0.7917800326786698\" style\u003d\"border: 2px solid rgb(125, 157, 1);\" tagorder\u003d\"9\"\u003e48\u003c/quantity\u003e\u003c/td\u003e   \u003ctd bottomborder\u003d\"White\" h\u003d\"83\" leftborder\u003d\"White\" rightborder\u003d\"White\" topborder\u003d\"White\" w\u003d\"285\"\u003e \u003ctext xmlns\u003d\"http://ocr.crowdcomputingsystems.com/xml/schema-v1.xml\"\u003e \u003cpar align\u003d\"Center\" linespacing\u003d\"540\"\u003e \u003cline b\u003d\"2808\" baseline\u003d\"2808\" l\u003d\"1924\" r\u003d\"1948\" t\u003d\"2778\"\u003e \u003cformatting lang\u003d\"EnglishUnitedStates\"\u003e 0 \u003c/formatting\u003e  \u003c/line\u003e  \u003c/par\u003e  \u003c/text\u003e  \u003c/td\u003e   \u003ctd bottomborder\u003d\"White\" h\u003d\"83\" leftborder\u003d\"White\" rightborder\u003d\"White\" topborder\u003d\"White\" w\u003d\"265\"\u003e \u003ctext xmlns\u003d\"http://ocr.crowdcomputingsystems.com/xml/schema-v1.xml\"\u003e \u003cpar linespacing\u003d\"540\"\u003e \u003cline b\u003d\"2808\" baseline\u003d\"2808\" l\u003d\"2114\" r\u003d\"2301\" t\u003d\"2778\"\u003e \u003cformatting lang\u003d\"EnglishUnitedStates\"\u003e 3465465 \u003c/formatting\u003e  \u003c/line\u003e  \u003c/par\u003e  \u003c/text\u003e  \u003c/td\u003e   \u003ctd bottomborder\u003d\"White\" h\u003d\"212\" leftborder\u003d\"White\" rightborder\u003d\"White\" rowspan\u003d\"2\" topborder\u003d\"White\" w\u003d\"351\"\u003e\u003cprice begin\u003d\"1870\" class\u003d\"extraction-tag ml-tag\" data-text\u003d\"$164.39\" data-value\u003d\"$164.39\" end\u003d\"1877\" ml-tagorder\u003d\"10\" score\u003d\"0.5226065743683452\" style\u003d\"border: 2px solid rgb(125, 157, 1);\" tagorder\u003d\"10\"\u003e$164.39\u003c/price\u003e\u003c/td\u003e   \u003ctd bottomborder\u003d\"White\" h\u003d\"212\" leftborder\u003d\"White\" rowspan\u003d\"2\" topborder\u003d\"White\" w\u003d\"350\"\u003e \u003ctext xmlns\u003d\"http://ocr.crowdcomputingsystems.com/xml/schema-v1.xml\"\u003e \u003cpar align\u003d\"Right\" linespacing\u003d\"540\" rightindent\u003d\"1000\"\u003e \u003cline b\u003d\"2814\" baseline\u003d\"2807\" l\u003d\"2776\" r\u003d\"2992\" t\u003d\"2777\"\u003e \u003cformatting lang\u003d\"EnglishUnitedStates\"\u003e $7,890.72 \u003c/formatting\u003e  \u003c/line\u003e  \u003c/par\u003e  \u003c/text\u003e  \u003c/td\u003e   \u003c/tr\u003e \n \u003ctr\u003e \u003ctd bottomborder\u003d\"White\" h\u003d\"129\" rightborder\u003d\"White\" w\u003d\"927\"\u003e \u003ctext xmlns\u003d\"http://ocr.crowdcomputingsystems.com/xml/schema-v1.xml\"\u003e \u003cpar align\u003d\"Justified\" leftindent\u003d\"900\" linespacing\u003d\"540\"\u003e \u003cline b\u003d\"2862\" baseline\u003d\"2854\" l\u003d\"338\" r\u003d\"863\" t\u003d\"2824\"\u003e \u003cformatting lang\u003d\"EnglishUnitedStates\"\u003e Mfg. Part#: 726719-B21 \u003c/formatting\u003e  \u003c/line\u003e  \u003c/par\u003e  \u003c/text\u003e  \u003c/td\u003e   \u003ctd bottomborder\u003d\"White\" h\u003d\"129\" leftborder\u003d\"White\" rightborder\u003d\"White\" topborder\u003d\"White\" w\u003d\"306\"\u003e \u003ctext xmlns\u003d\"http://ocr.crowdcomputingsystems.com/xml/schema-v1.xml\"\u003e \u003cpar linespacing\u003d\"-1\"\u003e\u003c/par\u003e  \u003c/text\u003e  \u003c/td\u003e   \u003ctd bottomborder\u003d\"White\" h\u003d\"129\" leftborder\u003d\"White\" rightborder\u003d\"White\" topborder\u003d\"White\" w\u003d\"272\"\u003e \u003ctext xmlns\u003d\"http://ocr.crowdcomputingsystems.com/xml/schema-v1.xml\"\u003e \u003cpar linespacing\u003d\"-1\"\u003e\u003c/par\u003e  \u003c/text\u003e  \u003c/td\u003e   \u003ctd bottomborder\u003d\"White\" h\u003d\"129\" leftborder\u003d\"White\" rightborder\u003d\"White\" topborder\u003d\"White\" w\u003d\"285\"\u003e \u003ctext xmlns\u003d\"http://ocr.crowdcomputingsystems.com/xml/schema-v1.xml\"\u003e \u003cpar linespacing\u003d\"-1\"\u003e\u003c/par\u003e  \u003c/text\u003e  \u003c/td\u003e   \u003ctd bottomborder\u003d\"White\" h\u003d\"129\" leftborder\u003d\"White\" rightborder\u003d\"White\" topborder\u003d\"White\" w\u003d\"265\"\u003e \u003ctext xmlns\u003d\"http://ocr.crowdcomputingsystems.com/xml/schema-v1.xml\"\u003e \u003cpar linespacing\u003d\"-1\"\u003e\u003c/par\u003e  \u003c/text\u003e  \u003c/td\u003e   \u003c/tr\u003e \n \u003c/tbody\u003e\u003c/table\u003e\n \u003cblock b\u003d\"3102\" blockname\u003d\"\" blocktype\u003d\"Text\" l\u003d\"2324\" r\u003d\"2355\" style\u003d\"transform: translate(817px, 763px); position: absolute; width: 10.8944px; height: 12.25px;\" t\u003d\"3053\"\u003e \u003cregion\u003e \u003crect b\u003d\"3102\" l\u003d\"2324\" r\u003d\"2355\" t\u003d\"3053\"\u003e\u003c/rect\u003e  \u003c/region\u003e  \u003ctext\u003e \u003cpar linespacing\u003d\"590\"\u003e \u003cline b\u003d\"3094\" baseline\u003d\"3094\" l\u003d\"2332\" r\u003d\"2347\" style\u003d\"transform: translate(3px, 2px); position: absolute;\" t\u003d\"3061\"\u003e \u003cformatting lang\u003d\"EnglishUnitedStates\"\u003e 1 \u003c/formatting\u003e  \u003c/line\u003e  \u003c/par\u003e  \u003c/text\u003e  \u003c/block\u003e  \u003cblock b\u003d\"2971\" blockname\u003d\"\" blocktype\u003d\"SeparatorsBox\" class\u003d\"hidden\" l\u003d\"289\" r\u003d\"3045\" style\u003d\"transform: translate(102px, 535px); position: absolute;\" t\u003d\"2141\"\u003e \u003cregion\u003e \u003crect b\u003d\"2146\" l\u003d\"289\" r\u003d\"3045\" t\u003d\"2141\"\u003e\u003c/rect\u003e  \u003crect b\u003d\"2967\" l\u003d\"289\" r\u003d\"3045\" t\u003d\"2146\"\u003e\u003c/rect\u003e  \u003crect b\u003d\"2971\" l\u003d\"289\" r\u003d\"3045\" t\u003d\"2967\"\u003e\u003c/rect\u003e  \u003c/region\u003e  \u003cseparatorsbox\u003e \u003cseparator thickness\u003d\"5\" type\u003d\"Black\"\u003e \u003cstart x\u003d\"289\" y\u003d\"2143\"\u003e\u003c/start\u003e \u003cend x\u003d\"3045\" y\u003d\"2143\"\u003e\u003c/end\u003e \u003c/separator\u003e \u003cseparator thickness\u003d\"4\" type\u003d\"Black\"\u003e \u003cstart x\u003d\"289\" y\u003d\"2969\"\u003e\u003c/start\u003e \u003cend x\u003d\"3045\" y\u003d\"2969\"\u003e\u003c/end\u003e \u003c/separator\u003e \u003cseparator thickness\u003d\"5\" type\u003d\"Black\"\u003e \u003cstart x\u003d\"291\" y\u003d\"2141\"\u003e\u003c/start\u003e \u003cend x\u003d\"291\" y\u003d\"2971\"\u003e\u003c/end\u003e \u003c/separator\u003e \u003cseparator thickness\u003d\"5\" type\u003d\"Black\"\u003e \u003cstart x\u003d\"3042\" y\u003d\"2141\"\u003e\u003c/start\u003e \u003cend x\u003d\"3042\" y\u003d\"2971\"\u003e\u003c/end\u003e \u003c/separator\u003e \u003c/separatorsbox\u003e \u003c/block\u003e  \u003cblock b\u003d\"1818\" blockname\u003d\"\" blocktype\u003d\"SeparatorsBox\" class\u003d\"hidden\" l\u003d\"1687\" r\u003d\"3042\" style\u003d\"transform: translate(593px, 335px); position: absolute;\" t\u003d\"1341\"\u003e \u003cregion\u003e \u003crect b\u003d\"1344\" l\u003d\"1687\" r\u003d\"3042\" t\u003d\"1341\"\u003e\u003c/rect\u003e  \u003crect b\u003d\"1808\" l\u003d\"1687\" r\u003d\"3042\" t\u003d\"1344\"\u003e\u003c/rect\u003e  \u003crect b\u003d\"1818\" l\u003d\"1687\" r\u003d\"3042\" t\u003d\"1808\"\u003e\u003c/rect\u003e  \u003c/region\u003e  \u003cseparatorsbox\u003e \u003cseparator thickness\u003d\"3\" type\u003d\"Black\"\u003e \u003cstart x\u003d\"1687\" y\u003d\"1342\"\u003e\u003c/start\u003e \u003cend x\u003d\"3042\" y\u003d\"1342\"\u003e\u003c/end\u003e \u003c/separator\u003e \u003cseparator thickness\u003d\"10\" type\u003d\"Black\"\u003e \u003cstart x\u003d\"1687\" y\u003d\"1813\"\u003e\u003c/start\u003e \u003cend x\u003d\"3042\" y\u003d\"1813\"\u003e\u003c/end\u003e \u003c/separator\u003e \u003cseparator thickness\u003d\"7\" type\u003d\"Black\"\u003e \u003cstart x\u003d\"1692\" y\u003d\"1341\"\u003e\u003c/start\u003e \u003cend x\u003d\"1692\" y\u003d\"1818\"\u003e\u003c/end\u003e \u003c/separator\u003e \u003cseparator thickness\u003d\"7\" type\u003d\"Black\"\u003e \u003cstart x\u003d\"3037\" y\u003d\"1341\"\u003e\u003c/start\u003e \u003cend x\u003d\"3037\" y\u003d\"1818\"\u003e\u003c/end\u003e \u003c/separator\u003e \u003c/separatorsbox\u003e \u003c/block\u003e  \u003cblock b\u003d\"2059\" blockname\u003d\"\" blocktype\u003d\"SeparatorsBox\" class\u003d\"hidden\" l\u003d\"293\" r\u003d\"3040\" style\u003d\"transform: translate(103px, 476px); position: absolute;\" t\u003d\"1902\"\u003e \u003cregion\u003e \u003crect b\u003d\"1905\" l\u003d\"293\" r\u003d\"3040\" t\u003d\"1902\"\u003e\u003c/rect\u003e  \u003crect b\u003d\"2054\" l\u003d\"293\" r\u003d\"3040\" t\u003d\"1905\"\u003e\u003c/rect\u003e  \u003crect b\u003d\"2059\" l\u003d\"293\" r\u003d\"3040\" t\u003d\"2054\"\u003e\u003c/rect\u003e  \u003c/region\u003e  \u003cseparatorsbox\u003e \u003cseparator thickness\u003d\"3\" type\u003d\"Black\"\u003e \u003cstart x\u003d\"293\" y\u003d\"1903\"\u003e\u003c/start\u003e \u003cend x\u003d\"3040\" y\u003d\"1903\"\u003e\u003c/end\u003e \u003c/separator\u003e \u003cseparator thickness\u003d\"5\" type\u003d\"Black\"\u003e \u003cstart x\u003d\"293\" y\u003d\"2056\"\u003e\u003c/start\u003e \u003cend x\u003d\"3040\" y\u003d\"2056\"\u003e\u003c/end\u003e \u003c/separator\u003e \u003cseparator thickness\u003d\"5\" type\u003d\"Black\"\u003e \u003cstart x\u003d\"295\" y\u003d\"1902\"\u003e\u003c/start\u003e \u003cend x\u003d\"295\" y\u003d\"2059\"\u003e\u003c/end\u003e \u003c/separator\u003e \u003cseparator thickness\u003d\"5\" type\u003d\"Black\"\u003e \u003cstart x\u003d\"3037\" y\u003d\"1902\"\u003e\u003c/start\u003e \u003cend x\u003d\"3037\" y\u003d\"2059\"\u003e\u003c/end\u003e \u003c/separator\u003e \u003c/separatorsbox\u003e \u003c/block\u003e  \u003cblock b\u003d\"385\" blockname\u003d\"\" blocktype\u003d\"Separator\" l\u003d\"195\" r\u003d\"4482\" style\u003d\"transform: translate(69px, 92px); position: absolute;\" t\u003d\"366\"\u003e \u003cregion\u003e \u003crect b\u003d\"385\" l\u003d\"195\" r\u003d\"4482\" t\u003d\"366\"\u003e\u003c/rect\u003e  \u003c/region\u003e  \u003cseparator thickness\u003d\"19\" type\u003d\"Black\"\u003e \u003cstart x\u003d\"195\" y\u003d\"375\"\u003e\u003c/start\u003e \u003cend x\u003d\"4482\" y\u003d\"375\"\u003e\u003c/end\u003e \u003c/separator\u003e \u003c/block\u003e  \u003cblock b\u003d\"1421\" blockname\u003d\"\" blocktype\u003d\"Separator\" l\u003d\"1687\" r\u003d\"3042\" style\u003d\"transform: translate(593px, 354px); position: absolute;\" t\u003d\"1417\"\u003e \u003cregion\u003e \u003crect b\u003d\"1421\" l\u003d\"1687\" r\u003d\"3042\" t\u003d\"1417\"\u003e\u003c/rect\u003e  \u003c/region\u003e  \u003cseparator thickness\u003d\"4\" type\u003d\"Black\"\u003e \u003cstart x\u003d\"1687\" y\u003d\"1419\"\u003e\u003c/start\u003e \u003cend x\u003d\"3042\" y\u003d\"1419\"\u003e\u003c/end\u003e \u003c/separator\u003e \u003c/block\u003e  \u003cblock b\u003d\"1453\" blockname\u003d\"\" blocktype\u003d\"Separator\" l\u003d\"404\" r\u003d\"538\" style\u003d\"transform: translate(142px, 361px); position: absolute;\" t\u003d\"1444\"\u003e \u003cregion\u003e \u003crect b\u003d\"1446\" l\u003d\"410\" r\u003d\"538\" t\u003d\"1444\"\u003e\u003c/rect\u003e  \u003crect b\u003d\"1448\" l\u003d\"409\" r\u003d\"538\" t\u003d\"1446\"\u003e\u003c/rect\u003e  \u003crect b\u003d\"1453\" l\u003d\"404\" r\u003d\"538\" t\u003d\"1448\"\u003e\u003c/rect\u003e  \u003c/region\u003e  \u003cseparator thickness\u003d\"8\" type\u003d\"Black\"\u003e \u003cstart x\u003d\"404\" y\u003d\"1448\"\u003e\u003c/start\u003e \u003cend x\u003d\"538\" y\u003d\"1448\"\u003e\u003c/end\u003e \u003c/separator\u003e \u003c/block\u003e  \u003cblock b\u003d\"1497\" blockname\u003d\"\" blocktype\u003d\"Separator\" l\u003d\"1687\" r\u003d\"3042\" style\u003d\"transform: translate(593px, 373px); position: absolute;\" t\u003d\"1493\"\u003e \u003cregion\u003e \u003crect b\u003d\"1497\" l\u003d\"1687\" r\u003d\"3042\" t\u003d\"1493\"\u003e\u003c/rect\u003e  \u003c/region\u003e  \u003cseparator thickness\u003d\"4\" type\u003d\"Black\"\u003e \u003cstart x\u003d\"1687\" y\u003d\"1495\"\u003e\u003c/start\u003e \u003cend x\u003d\"3042\" y\u003d\"1495\"\u003e\u003c/end\u003e \u003c/separator\u003e \u003c/block\u003e  \u003cblock b\u003d\"1573\" blockname\u003d\"\" blocktype\u003d\"Separator\" class\u003d\"hidden\" l\u003d\"1687\" r\u003d\"3042\" style\u003d\"transform: translate(593px, 392px); position: absolute;\" t\u003d\"1569\"\u003e \u003cregion\u003e \u003crect b\u003d\"1573\" l\u003d\"1687\" r\u003d\"3042\" t\u003d\"1569\"\u003e\u003c/rect\u003e  \u003c/region\u003e  \u003cseparator thickness\u003d\"4\" type\u003d\"Black\"\u003e \u003cstart x\u003d\"1687\" y\u003d\"1571\"\u003e\u003c/start\u003e \u003cend x\u003d\"3042\" y\u003d\"1571\"\u003e\u003c/end\u003e \u003c/separator\u003e \u003c/block\u003e  \u003cblock b\u003d\"1655\" blockname\u003d\"\" blocktype\u003d\"Separator\" class\u003d\"hidden\" l\u003d\"1687\" r\u003d\"3042\" style\u003d\"transform: translate(593px, 412px); position: absolute;\" t\u003d\"1646\"\u003e \u003cregion\u003e \u003crect b\u003d\"1655\" l\u003d\"1687\" r\u003d\"3042\" t\u003d\"1646\"\u003e\u003c/rect\u003e  \u003c/region\u003e  \u003cseparator thickness\u003d\"9\" type\u003d\"Black\"\u003e \u003cstart x\u003d\"1687\" y\u003d\"1650\"\u003e\u003c/start\u003e \u003cend x\u003d\"3042\" y\u003d\"1650\"\u003e\u003c/end\u003e \u003c/separator\u003e \u003c/block\u003e  \u003cblock b\u003d\"1735\" blockname\u003d\"\" blocktype\u003d\"Separator\" l\u003d\"1687\" r\u003d\"3042\" style\u003d\"transform: translate(593px, 432px); position: absolute;\" t\u003d\"1729\"\u003e \u003cregion\u003e \u003crect b\u003d\"1734\" l\u003d\"1687\" r\u003d\"3042\" t\u003d\"1729\"\u003e\u003c/rect\u003e  \u003crect b\u003d\"1735\" l\u003d\"3033\" r\u003d\"3042\" t\u003d\"1734\"\u003e\u003c/rect\u003e  \u003c/region\u003e  \u003cseparator thickness\u003d\"5\" type\u003d\"Black\"\u003e \u003cstart x\u003d\"1687\" y\u003d\"1732\"\u003e\u003c/start\u003e \u003cend x\u003d\"3042\" y\u003d\"1732\"\u003e\u003c/end\u003e \u003c/separator\u003e \u003c/block\u003e  \u003cblock b\u003d\"1981\" blockname\u003d\"\" blocktype\u003d\"Separator\" l\u003d\"293\" r\u003d\"3040\" style\u003d\"transform: translate(103px, 494px); position: absolute;\" t\u003d\"1977\"\u003e \u003cregion\u003e \u003crect b\u003d\"1981\" l\u003d\"293\" r\u003d\"3040\" t\u003d\"1977\"\u003e\u003c/rect\u003e  \u003c/region\u003e  \u003cseparator thickness\u003d\"4\" type\u003d\"Black\"\u003e \u003cstart x\u003d\"293\" y\u003d\"1979\"\u003e\u003c/start\u003e \u003cend x\u003d\"3040\" y\u003d\"1979\"\u003e\u003c/end\u003e \u003c/separator\u003e \u003c/block\u003e  \u003cblock b\u003d\"2223\" blockname\u003d\"\" blocktype\u003d\"Separator\" l\u003d\"289\" r\u003d\"3036\" style\u003d\"transform: translate(102px, 555px); position: absolute;\" t\u003d\"2218\"\u003e \u003cregion\u003e \u003crect b\u003d\"2223\" l\u003d\"289\" r\u003d\"3036\" t\u003d\"2218\"\u003e\u003c/rect\u003e  \u003c/region\u003e  \u003cseparator thickness\u003d\"5\" type\u003d\"Black\"\u003e \u003cstart x\u003d\"289\" y\u003d\"2220\"\u003e\u003c/start\u003e \u003cend x\u003d\"3036\" y\u003d\"2220\"\u003e\u003c/end\u003e \u003c/separator\u003e \u003c/block\u003e  \u003cblock b\u003d\"2345\" blockname\u003d\"\" blocktype\u003d\"Separator\" class\u003d\"hidden\" l\u003d\"335\" r\u003d\"1025\" style\u003d\"transform: translate(118px, 585px); position: absolute;\" t\u003d\"2340\"\u003e \u003cregion\u003e \u003crect b\u003d\"2345\" l\u003d\"335\" r\u003d\"1025\" t\u003d\"2340\"\u003e\u003c/rect\u003e  \u003c/region\u003e  \u003cseparator thickness\u003d\"5\" type\u003d\"Black\"\u003e \u003cstart x\u003d\"335\" y\u003d\"2342\"\u003e\u003c/start\u003e \u003cend x\u003d\"1025\" y\u003d\"2342\"\u003e\u003c/end\u003e \u003c/separator\u003e \u003c/block\u003e  \u003cblock b\u003d\"2392\" blockname\u003d\"\" blocktype\u003d\"Separator\" l\u003d\"335\" r\u003d\"520\" style\u003d\"transform: translate(118px, 597px); position: absolute;\" t\u003d\"2387\"\u003e \u003cregion\u003e \u003crect b\u003d\"2392\" l\u003d\"335\" r\u003d\"520\" t\u003d\"2387\"\u003e\u003c/rect\u003e  \u003c/region\u003e  \u003cseparator thickness\u003d\"5\" type\u003d\"Black\"\u003e \u003cstart x\u003d\"335\" y\u003d\"2389\"\u003e\u003c/start\u003e \u003cend x\u003d\"520\" y\u003d\"2389\"\u003e\u003c/end\u003e \u003c/separator\u003e \u003c/block\u003e  \u003cblock b\u003d\"2603\" blockname\u003d\"\" blocktype\u003d\"Separator\" class\u003d\"hidden\" l\u003d\"335\" r\u003d\"1194\" style\u003d\"transform: translate(118px, 650px); position: absolute;\" t\u003d\"2598\"\u003e \u003cregion\u003e \u003crect b\u003d\"2603\" l\u003d\"335\" r\u003d\"1194\" t\u003d\"2598\"\u003e\u003c/rect\u003e  \u003c/region\u003e  \u003cseparator thickness\u003d\"5\" type\u003d\"Black\"\u003e \u003cstart x\u003d\"335\" y\u003d\"2600\"\u003e\u003c/start\u003e \u003cend x\u003d\"1194\" y\u003d\"2600\"\u003e\u003c/end\u003e \u003c/separator\u003e \u003c/block\u003e  \u003cblock b\u003d\"2814\" blockname\u003d\"\" blocktype\u003d\"Separator\" class\u003d\"hidden\" l\u003d\"335\" r\u003d\"1051\" style\u003d\"transform: translate(118px, 702px); position: absolute;\" t\u003d\"2809\"\u003e \u003cregion\u003e \u003crect b\u003d\"2814\" l\u003d\"335\" r\u003d\"1051\" t\u003d\"2809\"\u003e\u003c/rect\u003e  \u003c/region\u003e  \u003cseparator thickness\u003d\"5\" type\u003d\"Black\"\u003e \u003cstart x\u003d\"335\" y\u003d\"2811\"\u003e\u003c/start\u003e \u003cend x\u003d\"1051\" y\u003d\"2811\"\u003e\u003c/end\u003e \u003c/separator\u003e \u003c/block\u003e  \u003cblock b\u003d\"1715\" blockname\u003d\"\" blocktype\u003d\"Separator\" l\u003d\"346\" r\u003d\"538\" style\u003d\"transform: translate(122px, 426px); position: absolute;\" t\u003d\"1705\"\u003e \u003cregion\u003e \u003crect b\u003d\"1711\" l\u003d\"346\" r\u003d\"538\" t\u003d\"1705\"\u003e\u003c/rect\u003e  \u003crect b\u003d\"1714\" l\u003d\"354\" r\u003d\"538\" t\u003d\"1711\"\u003e\u003c/rect\u003e  \u003crect b\u003d\"1715\" l\u003d\"355\" r\u003d\"538\" t\u003d\"1714\"\u003e\u003c/rect\u003e  \u003c/region\u003e  \u003cseparator thickness\u003d\"9\" type\u003d\"Black\"\u003e \u003cstart x\u003d\"346\" y\u003d\"1710\"\u003e\u003c/start\u003e \u003cend x\u003d\"538\" y\u003d\"1710\"\u003e\u003c/end\u003e \u003c/separator\u003e \u003c/block\u003e  \u003cblock b\u003d\"1702\" blockname\u003d\"\" blocktype\u003d\"Separator\" l\u003d\"334\" r\u003d\"347\" style\u003d\"transform: translate(117px, 378px); position: absolute;\" t\u003d\"1511\"\u003e \u003cregion\u003e \u003crect b\u003d\"1515\" l\u003d\"342\" r\u003d\"347\" t\u003d\"1511\"\u003e\u003c/rect\u003e  \u003crect b\u003d\"1519\" l\u003d\"338\" r\u003d\"347\" t\u003d\"1515\"\u003e\u003c/rect\u003e  \u003crect b\u003d\"1702\" l\u003d\"334\" r\u003d\"347\" t\u003d\"1519\"\u003e\u003c/rect\u003e  \u003c/region\u003e  \u003cseparator thickness\u003d\"12\" type\u003d\"Black\"\u003e \u003cstart x\u003d\"340\" y\u003d\"1511\"\u003e\u003c/start\u003e \u003cend x\u003d\"340\" y\u003d\"1702\"\u003e\u003c/end\u003e \u003c/separator\u003e \u003c/block\u003e  \u003cblock b\u003d\"1697\" blockname\u003d\"\" blocktype\u003d\"Separator\" l\u003d\"538\" r\u003d\"550\" style\u003d\"transform: translate(189px, 364px); position: absolute;\" t\u003d\"1457\"\u003e \u003cregion\u003e \u003crect b\u003d\"1465\" l\u003d\"541\" r\u003d\"547\" t\u003d\"1457\"\u003e\u003c/rect\u003e  \u003crect b\u003d\"1474\" l\u003d\"541\" r\u003d\"550\" t\u003d\"1465\"\u003e\u003c/rect\u003e  \u003crect b\u003d\"1664\" l\u003d\"542\" r\u003d\"550\" t\u003d\"1474\"\u003e\u003c/rect\u003e  \u003crect b\u003d\"1686\" l\u003d\"539\" r\u003d\"550\" t\u003d\"1664\"\u003e\u003c/rect\u003e  \u003crect b\u003d\"1694\" l\u003d\"538\" r\u003d\"550\" t\u003d\"1686\"\u003e\u003c/rect\u003e  \u003crect b\u003d\"1697\" l\u003d\"538\" r\u003d\"549\" t\u003d\"1694\"\u003e\u003c/rect\u003e  \u003c/region\u003e  \u003cseparator thickness\u003d\"9\" type\u003d\"Black\"\u003e \u003cstart x\u003d\"544\" y\u003d\"1457\"\u003e\u003c/start\u003e \u003cend x\u003d\"544\" y\u003d\"1697\"\u003e\u003c/end\u003e \u003c/separator\u003e \u003c/block\u003e  \u003cblock b\u003d\"2059\" blockname\u003d\"\" blocktype\u003d\"Separator\" class\u003d\"hidden\" l\u003d\"623\" r\u003d\"628\" style\u003d\"transform: translate(219px, 476px); position: absolute;\" t\u003d\"1902\"\u003e \u003cregion\u003e \u003crect b\u003d\"2059\" l\u003d\"623\" r\u003d\"628\" t\u003d\"1902\"\u003e\u003c/rect\u003e  \u003c/region\u003e  \u003cseparator thickness\u003d\"5\" type\u003d\"Black\"\u003e \u003cstart x\u003d\"625\" y\u003d\"1902\"\u003e\u003c/start\u003e \u003cend x\u003d\"625\" y\u003d\"2059\"\u003e\u003c/end\u003e \u003c/separator\u003e \u003c/block\u003e  \u003cblock b\u003d\"2059\" blockname\u003d\"\" blocktype\u003d\"Separator\" class\u003d\"hidden\" l\u003d\"1331\" r\u003d\"1336\" style\u003d\"transform: translate(468px, 476px); position: absolute;\" t\u003d\"1902\"\u003e \u003cregion\u003e \u003crect b\u003d\"2059\" l\u003d\"1331\" r\u003d\"1336\" t\u003d\"1902\"\u003e\u003c/rect\u003e  \u003c/region\u003e  \u003cseparator thickness\u003d\"5\" type\u003d\"Black\"\u003e \u003cstart x\u003d\"1333\" y\u003d\"1902\"\u003e\u003c/start\u003e \u003cend x\u003d\"1333\" y\u003d\"2059\"\u003e\u003c/end\u003e \u003c/separator\u003e \u003c/block\u003e  \u003cblock b\u003d\"2059\" blockname\u003d\"\" blocktype\u003d\"Separator\" class\u003d\"hidden\" l\u003d\"1660\" r\u003d\"1665\" style\u003d\"transform: translate(583px, 476px); position: absolute;\" t\u003d\"1902\"\u003e \u003cregion\u003e \u003crect b\u003d\"2059\" l\u003d\"1660\" r\u003d\"1665\" t\u003d\"1902\"\u003e\u003c/rect\u003e  \u003c/region\u003e  \u003cseparator thickness\u003d\"5\" type\u003d\"Black\"\u003e \u003cstart x\u003d\"1662\" y\u003d\"1902\"\u003e\u003c/start\u003e \u003cend x\u003d\"1662\" y\u003d\"2059\"\u003e\u003c/end\u003e \u003c/separator\u003e \u003c/block\u003e  \u003cblock b\u003d\"1654\" blockname\u003d\"\" blocktype\u003d\"Separator\" class\u003d\"hidden\" l\u003d\"2142\" r\u003d\"2147\" style\u003d\"transform: translate(753px, 335px); position: absolute;\" t\u003d\"1341\"\u003e \u003cregion\u003e \u003crect b\u003d\"1654\" l\u003d\"2142\" r\u003d\"2147\" t\u003d\"1341\"\u003e\u003c/rect\u003e  \u003c/region\u003e  \u003cseparator thickness\u003d\"5\" type\u003d\"Black\"\u003e \u003cstart x\u003d\"2144\" y\u003d\"1341\"\u003e\u003c/start\u003e \u003cend x\u003d\"2144\" y\u003d\"1654\"\u003e\u003c/end\u003e \u003c/separator\u003e \u003c/block\u003e  \u003cblock b\u003d\"2059\" blockname\u003d\"\" blocktype\u003d\"Separator\" class\u003d\"hidden\" l\u003d\"2327\" r\u003d\"2332\" style\u003d\"transform: translate(818px, 476px); position: absolute;\" t\u003d\"1902\"\u003e \u003cregion\u003e \u003crect b\u003d\"2059\" l\u003d\"2327\" r\u003d\"2332\" t\u003d\"1902\"\u003e\u003c/rect\u003e  \u003c/region\u003e  \u003cseparator thickness\u003d\"5\" type\u003d\"Black\"\u003e \u003cstart x\u003d\"2329\" y\u003d\"1902\"\u003e\u003c/start\u003e \u003cend x\u003d\"2329\" y\u003d\"2059\"\u003e\u003c/end\u003e \u003c/separator\u003e \u003c/block\u003e  \u003cblock b\u003d\"1818\" blockname\u003d\"\" blocktype\u003d\"Separator\" class\u003d\"hidden\" l\u003d\"2362\" r\u003d\"2369\" style\u003d\"transform: translate(830px, 412px); position: absolute;\" t\u003d\"1646\"\u003e \u003cregion\u003e \u003crect b\u003d\"1809\" l\u003d\"2363\" r\u003d\"2368\" t\u003d\"1646\"\u003e\u003c/rect\u003e  \u003crect b\u003d\"1818\" l\u003d\"2362\" r\u003d\"2369\" t\u003d\"1809\"\u003e\u003c/rect\u003e  \u003c/region\u003e  \u003cseparator thickness\u003d\"5\" type\u003d\"Black\"\u003e \u003cstart x\u003d\"2365\" y\u003d\"1646\"\u003e\u003c/start\u003e \u003cend x\u003d\"2365\" y\u003d\"1818\"\u003e\u003c/end\u003e \u003c/separator\u003e \u003c/block\u003e  \u003cblock b\u003d\"1654\" blockname\u003d\"\" blocktype\u003d\"Separator\" class\u003d\"hidden\" l\u003d\"2589\" r\u003d\"2594\" style\u003d\"transform: translate(910px, 335px); position: absolute;\" t\u003d\"1341\"\u003e \u003cregion\u003e \u003crect b\u003d\"1654\" l\u003d\"2589\" r\u003d\"2594\" t\u003d\"1341\"\u003e\u003c/rect\u003e  \u003c/region\u003e  \u003cseparator thickness\u003d\"5\" type\u003d\"Black\"\u003e \u003cstart x\u003d\"2591\" y\u003d\"1341\"\u003e\u003c/start\u003e \u003cend x\u003d\"2591\" y\u003d\"1654\"\u003e\u003c/end\u003e \u003c/separator\u003e \u003c/block\u003e  \u003cblock b\u003d\"1123\" blockname\u003d\"\" blocktype\u003d\"Text\" class\u003d\"hidden\" l\u003d\"214\" r\u003d\"1070\" style\u003d\"transform: translate(75px, 263px); position: absolute; width: 300.826px; height: 18.25px;\" t\u003d\"1050\"\u003e \u003cregion\u003e \u003crect b\u003d\"1123\" l\u003d\"214\" r\u003d\"1070\" t\u003d\"1050\"\u003e\u003c/rect\u003e  \u003c/region\u003e  \u003ctext\u003e \u003cpar linespacing\u003d\"-1\"\u003e\u003c/par\u003e  \u003c/text\u003e  \u003c/block\u003e  \u003cblock b\u003d\"2978\" blockname\u003d\"\" blocktype\u003d\"Text\" class\u003d\"hidden\" l\u003d\"203\" r\u003d\"3132\" style\u003d\"transform: translate(71px, 239px); position: absolute; width: 1029.35px; height: 505.5px;\" t\u003d\"956\"\u003e \u003cregion\u003e \u003crect b\u003d\"2978\" l\u003d\"203\" r\u003d\"3132\" t\u003d\"956\"\u003e\u003c/rect\u003e  \u003c/region\u003e  \u003ctext\u003e \u003cpar align\u003d\"Justified\" leftindent\u003d\"1800\" linespacing\u003d\"860\"\u003e \u003cline b\u003d\"1102\" baseline\u003d\"1093\" l\u003d\"304\" r\u003d\"2813\" style\u003d\"transform: translate(35px, 22px); position: absolute;\" t\u003d\"1045\"\u003e \u003cformatting lang\u003d\"EnglishUnitedStates\"\u003e w i1 rrm rs j iTTyn\u0027B remit payment to: ihkes \u003c/formatting\u003e  \u003c/line\u003e  \u003c/par\u003e  \u003cpar align\u003d\"Justified\" leftindent\u003d\"5000\" linespacing\u003d\"850\"\u003e \u003cline b\u003d\"1132\" baseline\u003d\"1130\" l\u003d\"481\" r\u003d\"3041\" style\u003d\"transform: translate(98px, 32px); position: absolute;\" t\u003d\"1083\"\u003e \u003cformatting lang\u003d\"EnglishUnitedStates\"\u003e i!i HTJnMn CDW Direct PEOPLE \u003c/formatting\u003e  \u003c/line\u003e  \u003c/par\u003e  \u003cpar align\u003d\"Justified\" leftindent\u003d\"26800\" linespacing\u003d\"792\"\u003e \u003cline b\u003d\"1199\" baseline\u003d\"1181\" l\u003d\"1695\" r\u003d\"2967\" style\u003d\"transform: translate(524px, 44px); position: absolute;\" t\u003d\"1131\"\u003e \u003cformatting lang\u003d\"EnglishUnitedStates\"\u003e P.O. Box 75723 KSSil who \u003c/formatting\u003e  \u003c/line\u003e  \u003c/par\u003e  \u003cpar align\u003d\"Justified\" leftindent\u003d\"26800\" linespacing\u003d\"792\"\u003e \u003cline b\u003d\"1236\" baseline\u003d\"1228\" l\u003d\"1694\" r\u003d\"2996\" style\u003d\"transform: translate(524px, 60px); position: absolute;\" t\u003d\"1195\"\u003e \u003cformatting lang\u003d\"EnglishUnitedStates\"\u003e Chicago, IL 60675-5723 GET IT \u003c/formatting\u003e  \u003c/line\u003e  \u003c/par\u003e  \u003cpar leftindent\u003d\"27300\" linespacing\u003d\"520\"\u003e \u003cline b\u003d\"1397\" baseline\u003d\"1396\" l\u003d\"1722\" r\u003d\"3036\" style\u003d\"transform: translate(534px, 103px); position: absolute;\" t\u003d\"1367\"\u003e \u003cformatting lang\u003d\"EnglishUnitedStates\"\u003e INVOICE NUMBER INVOICE DATE CUSTOMER NUMBER \u003c/formatting\u003e  \u003c/line\u003e  \u003c/par\u003e  \u003cpar align\u003d\"Justified\" leftindent\u003d\"3300\" linespacing\u003d\"560\"\u003e \u003cline b\u003d\"1478\" baseline\u003d\"1473\" l\u003d\"384\" r\u003d\"2900\" style\u003d\"transform: translate(64px, 122px); position: absolute;\" t\u003d\"1442\"\u003e \u003cformatting lang\u003d\"EnglishUnitedStates\"\u003e J-\\ GDU4300 08/05/91 4754913 \u003c/formatting\u003e  \u003c/line\u003e  \u003c/par\u003e  \u003cpar align\u003d\"Justified\" leftindent\u003d\"7700\" linespacing\u003d\"1404\"\u003e \u003cline b\u003d\"1573\" baseline\u003d\"1559\" l\u003d\"626\" r\u003d\"2933\" style\u003d\"transform: translate(149px, 141px); position: absolute;\" t\u003d\"1519\"\u003e \u003cformatting lang\u003d\"EnglishUnitedStates\"\u003e THE CDW INVOICE #GDU4300 YOU subtotalshippingsales tax \u003c/formatting\u003e  \u003c/line\u003e  \u003c/par\u003e  \u003cpar align\u003d\"Justified\" leftindent\u003d\"7700\" linespacing\u003d\"1404\"\u003e \u003cline b\u003d\"1654\" baseline\u003d\"1635\" l\u003d\"630\" r\u003d\"2869\" style\u003d\"transform: translate(150px, 160px); position: absolute;\" t\u003d\"1595\"\u003e \u003cformatting lang\u003d\"EnglishUnitedStates\"\u003e REQUESTED IS DETAILED BELOW $2640.85 $4966.39 $0.00 \u003c/formatting\u003e  \u003c/line\u003e  \u003c/par\u003e  \u003cpar align\u003d\"Justified\" leftindent\u003d\"2500\" linespacing\u003d\"1120\"\u003e \u003cline b\u003d\"1709\" baseline\u003d\"1708\" l\u003d\"349\" r\u003d\"2856\" style\u003d\"transform: translate(51px, 173px); position: absolute;\" t\u003d\"1646\"\u003e \u003cformatting lang\u003d\"EnglishUnitedStates\"\u003e I_y_J DUE DATE AMOUNT DUE \u003c/formatting\u003e  \u003c/line\u003e  \u003c/par\u003e  \u003cpar align\u003d\"Justified\" leftindent\u003d\"30300\" linespacing\u003d\"590\"\u003e \u003cline b\u003d\"1796\" baseline\u003d\"1789\" l\u003d\"1884\" r\u003d\"2846\" style\u003d\"transform: translate(591px, 200px); position: absolute;\" t\u003d\"1756\"\u003e \u003cformatting lang\u003d\"EnglishUnitedStates\"\u003e 03/23/18 $4541.88 \u003c/formatting\u003e  \u003c/line\u003e  \u003c/par\u003e  \u003cpar align\u003d\"Justified\" leftindent\u003d\"2100\" linespacing\u003d\"520\"\u003e \u003cline b\u003d\"1958\" baseline\u003d\"1957\" l\u003d\"322\" r\u003d\"2867\" style\u003d\"transform: translate(42px, 243px); position: absolute;\" t\u003d\"1928\"\u003e \u003cformatting lang\u003d\"EnglishUnitedStates\"\u003e ORDER DATE SHIP VIA ORDER # PO # PAYMENT TERMS \u003c/formatting\u003e  \u003c/line\u003e  \u003c/par\u003e  \u003cpar align\u003d\"Justified\" leftindent\u003d\"2500\" linespacing\u003d\"560\"\u003e \u003cline b\u003d\"2041\" baseline\u003d\"2034\" l\u003d\"350\" r\u003d\"2802\" style\u003d\"transform: translate(52px, 262px); position: absolute;\" t\u003d\"2003\"\u003e \u003cformatting lang\u003d\"EnglishUnitedStates\"\u003e 12/02/2015 AIT - Next Day GQSK947 23566 REBILL Net 45 Days \u003c/formatting\u003e  \u003c/line\u003e  \u003c/par\u003e  \u003cpar align\u003d\"Justified\" leftindent\u003d\"2500\" linespacing\u003d\"520\"\u003e \u003cline b\u003d\"2205\" baseline\u003d\"2197\" l\u003d\"337\" r\u003d\"2991\" style\u003d\"transform: translate(47px, 303px); position: absolute;\" t\u003d\"2168\"\u003e \u003cformatting lang\u003d\"EnglishUnitedStates\"\u003e ITEM ORDER QTY SHIP QTY OPEN QTY CDW# UNIT PRICE EXT. PRICE \u003c/formatting\u003e  \u003c/line\u003e  \u003c/par\u003e  \u003cpar align\u003d\"Justified\" leftindent\u003d\"2500\" linespacing\u003d\"846\"\u003e \u003cline b\u003d\"2345\" baseline\u003d\"2338\" l\u003d\"338\" r\u003d\"2992\" style\u003d\"transform: translate(47px, 338px); position: absolute;\" t\u003d\"2308\"\u003e \u003cformatting lang\u003d\"EnglishUnitedStates\"\u003e HP DL380 GEN9 24SFF E5-2690 0 8 0 3915069 $7,899.07 $63,192.56 \u003c/formatting\u003e  \u003c/line\u003e  \u003c/par\u003e  \u003cpar align\u003d\"Justified\" leftindent\u003d\"2500\" linespacing\u003d\"846\"\u003e \u003cline b\u003d\"2384\" baseline\u003d\"2384\" l\u003d\"337\" r\u003d\"515\" style\u003d\"transform: translate(47px, 350px); position: absolute;\" t\u003d\"2356\"\u003e \u003cformatting lang\u003d\"EnglishUnitedStates\"\u003e CUSTOM \u003c/formatting\u003e  \u003c/line\u003e  \u003c/par\u003e  \u003cpar align\u003d\"Justified\" leftindent\u003d\"2500\" linespacing\u003d\"846\"\u003e \u003cline b\u003d\"2440\" baseline\u003d\"2432\" l\u003d\"338\" r\u003d\"817\" style\u003d\"transform: translate(47px, 362px); position: absolute;\" t\u003d\"2402\"\u003e \u003cformatting lang\u003d\"EnglishUnitedStates\"\u003e Mfg. Part#: EB172692 \u003c/formatting\u003e  \u003c/line\u003e  \u003c/par\u003e  \u003cpar align\u003d\"Justified\" leftindent\u003d\"2500\" linespacing\u003d\"846\"\u003e \u003cline b\u003d\"2603\" baseline\u003d\"2596\" l\u003d\"338\" r\u003d\"2992\" style\u003d\"transform: translate(47px, 403px); position: absolute;\" t\u003d\"2566\"\u003e \u003cformatting lang\u003d\"EnglishUnitedStates\"\u003e HP GEN8 600GB 6GSAS 10K 2.5 SC ENT 0 16 0 2637072 $224.54 $3,592.64 \u003c/formatting\u003e  \u003c/line\u003e  \u003c/par\u003e  \u003cpar align\u003d\"Justified\" leftindent\u003d\"2500\" linespacing\u003d\"846\"\u003e \u003cline b\u003d\"2651\" baseline\u003d\"2643\" l\u003d\"338\" r\u003d\"863\" style\u003d\"transform: translate(47px, 414px); position: absolute;\" t\u003d\"2613\"\u003e \u003cformatting lang\u003d\"EnglishUnitedStates\"\u003e Mfg. Part#: 652583-B21 \u003c/formatting\u003e  \u003c/line\u003e  \u003c/par\u003e  \u003cpar align\u003d\"Justified\" leftindent\u003d\"2500\" linespacing\u003d\"846\"\u003e \u003cline b\u003d\"2814\" baseline\u003d\"2807\" l\u003d\"338\" r\u003d\"2992\" style\u003d\"transform: translate(47px, 455px); position: absolute;\" t\u003d\"2777\"\u003e \u003cformatting lang\u003d\"EnglishUnitedStates\"\u003e HP 16GB 2RX4 PC4-2133P-R KIT 0 48 0 3465465 $164.39 $7,890.72 \u003c/formatting\u003e  \u003c/line\u003e  \u003c/par\u003e  \u003cpar align\u003d\"Justified\" leftindent\u003d\"2500\" linespacing\u003d\"846\"\u003e \u003cline b\u003d\"2862\" baseline\u003d\"2854\" l\u003d\"338\" r\u003d\"863\" style\u003d\"transform: translate(47px, 467px); position: absolute;\" t\u003d\"2824\"\u003e \u003cformatting lang\u003d\"EnglishUnitedStates\"\u003e Mfg. Part#: 726719-B21 \u003c/formatting\u003e  \u003c/line\u003e  \u003c/par\u003e  \u003c/text\u003e  \u003c/block\u003e  \u003c/page\u003e \u003c/document\u003e\u003c/body\u003e\u003c/html\u003e","tags":[{"score":0.566962344200465,"end":41,"tag":"supplier_name","text":"CDW \u0026lt;cdwsales@cdwemail.com","estimatedAccuracy":0.0,"begin":15},{"score":0.49089460004779706,"end":41,"tag":"email","text":"\u0026lt;cdwsales@cdwemail.com","estimatedAccuracy":0.0,"begin":19},{"score":0.8613094350128429,"end":483,"tag":"invoice_number","text":"GDU4300","estimatedAccuracy":0.0,"begin":476},{"score":0.587703552225411,"end":671,"tag":"invoice_date","text":"08/05/91","estimatedAccuracy":0.0,"begin":663},{"score":0.6797061373407504,"end":1499,"tag":"product","text":"HP DL380 GEN9 24SFF E5-2690 CUSTOM Mfg. Part#: EB172692","estimatedAccuracy":0.0,"begin":1444},{"score":0.5662443885499772,"end":1521,"tag":"quantity","text":"8","estimatedAccuracy":0.0,"begin":1520},{"score":0.5131990649398839,"end":1575,"tag":"price","text":"$7,899.07","estimatedAccuracy":0.0,"begin":1566},{"score":0.8109825320896781,"end":1689,"tag":"quantity","text":"16","estimatedAccuracy":0.0,"begin":1687},{"score":0.6652558142308246,"end":1741,"tag":"price","text":"$224.54","estimatedAccuracy":0.0,"begin":1734},{"score":0.7917800326786698,"end":1825,"tag":"quantity","text":"48","estimatedAccuracy":0.0,"begin":1823},{"score":0.5226065743683452,"end":1877,"tag":"price","text":"$164.39","estimatedAccuracy":0.0,"begin":1870}],"group":"email|invoice_date|invoice_number|price|product|quantity|supplier_name"}