{"finalScore":0.7735865913830928,"metaInfo":{"model":{"coreVersion":"9.3.0.9"}},"sumScore":7.735865913830928,"tagsCounter":10.0,"taggedText":"\u003cdocument\u003e\u003cbase\u003e\u003c/base\u003e\u003cstyle type\u003d\"text/css\"\u003e\u003c/style\u003e\u003cmeta content\u003d\"text-html; charset\u003dutf-8\"\u003e\u003c/meta\u003e\u003cdocument\u003e\u003cpage\u003e\u003cblock\u003e\u003ctext\u003e\u003cp\u003e\u003cpar\u003e\u003cspan\u003e\u003cline\u003e\u003cspan\u003e\u003cformatting\u003eINVOICE# \u003cinvoice_number begin\u003d\"9\" class\u003d\"extraction-tag ml-tag\" data-text\u003d\"1345295509\" data-value\u003d\"1345295509\" end\u003d\"19\" ml-tagorder\u003d\"0\" score\u003d\"0.6618398761826257\" style\u003d\"border: 2px solid rgb(125, 157, 1);\" tagorder\u003d\"0\"\u003e1345295509\u003c/invoice_number\u003e\u003c/formatting\u003e \u003c/span\u003e\u003c/line\u003e \u003c/span\u003e\u003c/par\u003e \u003c/p\u003e \n\u003c/text\u003e \u003c/block\u003e \u003ctable border\u003d\"1\" style\u003d\"user-select: auto;\"\u003e\u003ctbody\u003e\u003ctr\u003e\u003ctd colspan\u003d\"2\"\u003e\u003ctext\u003e\u003cp\u003e\u003cpar\u003e\u003cspan\u003e\u003cline\u003e\u003cspan\u003e\u003cformatting\u003eproject Cognitive Bot Development\u003c/formatting\u003e \u003c/span\u003e\u003c/line\u003e \u003cline\u003e\u003cspan\u003e\u003cformatting\u003eclient John Doe\u003c/formatting\u003e \u003c/span\u003e\u003c/line\u003e \u003c/span\u003e\u003c/par\u003e \u003cpar\u003e\u003cspan\u003e\u003cline\u003e\u003cspan\u003e\u003cformatting\u003eADDRESS ONE INFINITE LOOP CUPERTINO. CA, 95014, USA\u003c/formatting\u003e \u003c/span\u003e\u003c/line\u003e \u003c/span\u003e\u003c/par\u003e \u003cpar\u003e\u003cspan\u003e\u003cline\u003e\u003cspan\u003e\u003cformatting\u003eEMAIL example.com\u0026quot; confidence\u003d\u0026quot;1/1\u0026quot;\u0026gt;iohn.doe(S\u0026gt;example.com\u003c/formatting\u003e \u003c/span\u003e\u003c/line\u003e \u003cline\u003e\u003cspan\u003e\u003cformatting\u003edate \u003cinvoice_date begin\u003d\"198\" class\u003d\"extraction-tag ml-tag\" data-text\u003d\"January 16, 2018\" data-value\u003d\"January 16, 2018\" end\u003d\"214\" ml-tagorder\u003d\"1\" score\u003d\"0.7200933006620099\" style\u003d\"border: 2px solid rgb(125, 157, 1);\" tagorder\u003d\"1\"\u003eJanuary 16, 2018\u003c/invoice_date\u003e\u003c/formatting\u003e \u003c/span\u003e\u003c/line\u003e \u003c/span\u003e\u003c/par\u003e \u003c/p\u003e \n\u003c/text\u003e \u003c/td\u003e  \u003ctd style\u003d\"vertical-align:middle;\"\u003e\u003ctext\u003e\u003cp\u003e\u003cpar\u003e\u003cspan\u003e\u003cline\u003e\u003cspan\u003e\u003cformatting\u003e\u003csupplier_name begin\u003d\"222\" class\u003d\"extraction-tag ml-tag\" data-text\u003d\"Workfusion\" data-value\u003d\"Workfusion\" end\u003d\"232\" ml-tagorder\u003d\"2\" score\u003d\"0.7977135505830428\" style\u003d\"border: 2px solid rgb(125, 157, 1);\" tagorder\u003d\"2\"\u003eWorkfusion\u003c/supplier_name\u003e\u003c/formatting\u003e \u003c/span\u003e\u003c/line\u003e \u003cline\u003e\u003cspan\u003e\u003cformatting\u003e48 Wall Street 7th floor\u003c/formatting\u003e \u003c/span\u003e\u003c/line\u003e \u003cline\u003e\u003cspan\u003e\u003cformatting\u003eNY 10005, USA\u003c/formatting\u003e \u003c/span\u003e\u003c/line\u003e \u003cline\u003e\u003cspan\u003e\u003cformatting\u003e+1 646.453.7974\u003c/formatting\u003e \u003c/span\u003e\u003c/line\u003e \u003c/span\u003e\u003c/par\u003e \u003cpar\u003e\u003cspan\u003e\u003cline\u003e\u003cspan\u003e\u003cformatting\u003eworkfusion.com\u003c/formatting\u003e \u003c/span\u003e\u003c/line\u003e \u003c/span\u003e\u003c/par\u003e \u003c/p\u003e \n\u003c/text\u003e \u003c/td\u003e  \u003c/tr\u003e \n\u003ctr\u003e\u003ctd style\u003d\"vertical-align:middle;\"\u003e\u003ctext\u003e\u003cp\u003e\u003cpar\u003e\u003cspan\u003e\u003cline\u003e\u003cspan\u003e\u003cformatting\u003eSERVICE\u003c/formatting\u003e \u003c/span\u003e\u003c/line\u003e \u003c/span\u003e\u003c/par\u003e \u003c/p\u003e \n\u003c/text\u003e \u003c/td\u003e  \u003ctd style\u003d\"vertical-align:middle;\"\u003e\u003ctext\u003e\u003cp\u003e\u003cpar\u003e\u003cspan\u003e\u003cline\u003e\u003cspan\u003e\u003cformatting\u003eDESCRIPTION\u003c/formatting\u003e \u003c/span\u003e\u003c/line\u003e \u003c/span\u003e\u003c/par\u003e \u003c/p\u003e \n\u003c/text\u003e \u003c/td\u003e  \u003ctd style\u003d\"vertical-align:middle;\"\u003e\u003ctext\u003e\u003cp\u003e\u003cpar\u003e\u003cspan\u003e\u003cline\u003e\u003cspan\u003e\u003cformatting\u003ePRICE\u003c/formatting\u003e \u003c/span\u003e\u003c/line\u003e \u003c/span\u003e\u003c/par\u003e \u003c/p\u003e \n\u003c/text\u003e \u003c/td\u003e  \u003ctd style\u003d\"vertical-align:middle;\"\u003e\u003ctext\u003e\u003cp\u003e\u003cpar\u003e\u003cspan\u003e\u003cline\u003e\u003cspan\u003e\u003cformatting\u003eQTY\u003c/formatting\u003e \u003c/span\u003e\u003c/line\u003e \u003c/span\u003e\u003c/par\u003e \u003cpar\u003e\u003cspan\u003e\u003cline\u003e\u003cspan\u003e\u003cformatting\u003e(FTE)\u003c/formatting\u003e \u003c/span\u003e\u003c/line\u003e \u003c/span\u003e\u003c/par\u003e \u003c/p\u003e \n\u003c/text\u003e \u003c/td\u003e  \u003ctd style\u003d\"vertical-align:middle;\"\u003e\u003ctext\u003e\u003cp\u003e\u003cpar\u003e\u003cspan\u003e\u003cline\u003e\u003cspan\u003e\u003cformatting\u003eTOTAL\u003c/formatting\u003e \u003c/span\u003e\u003c/line\u003e \u003c/span\u003e\u003c/par\u003e \u003c/p\u003e \n\u003c/text\u003e \u003c/td\u003e  \u003c/tr\u003e \n\u003ctr\u003e\u003ctd style\u003d\"vertical-align:middle;\"\u003e\u003ctext\u003e\u003cp\u003e\u003cpar\u003e\u003cspan\u003e\u003cline\u003e\u003cspan\u003e\u003cformatting\u003e\u003cproduct begin\u003d\"398\" class\u003d\"extraction-tag ml-tag\" data-text\u003d\"Social Media\" data-value\u003d\"Social Media   Marketing\" end\u003d\"422\" ml-tagorder\u003d\"9\" score\u003d\"0.7251128557980868\" style\u003d\"border: 2px solid rgb(125, 157, 1);\" tagorder\u003d\"9\"\u003eSocial Media\u003c/product\u003e\u003c/formatting\u003e\u003cproduct begin\u003d\"398\" class\u003d\"extraction-tag ml-tag\" data-text\u003d\"Social Media\" data-value\u003d\"Social Media   Marketing\" end\u003d\"422\" ml-tagorder\u003d\"9\" score\u003d\"0.7251128557980868\" style\u003d\"border: 2px solid rgb(125, 157, 1);\" tagorder\u003d\"9\"\u003e \u003c/product\u003e\u003c/span\u003e\u003c/line\u003e\u003cproduct begin\u003d\"398\" class\u003d\"extraction-tag ml-tag\" data-text\u003d\"Social Media\" data-value\u003d\"Social Media   Marketing\" end\u003d\"422\" ml-tagorder\u003d\"9\" score\u003d\"0.7251128557980868\" style\u003d\"border: 2px solid rgb(125, 157, 1);\" tagorder\u003d\"9\"\u003e \u003c/product\u003e\u003c/span\u003e\u003c/par\u003e\u003cproduct begin\u003d\"398\" class\u003d\"extraction-tag ml-tag\" data-text\u003d\"Social Media\" data-value\u003d\"Social Media   Marketing\" end\u003d\"422\" ml-tagorder\u003d\"9\" score\u003d\"0.7251128557980868\" style\u003d\"border: 2px solid rgb(125, 157, 1);\" tagorder\u003d\"9\"\u003e \u003c/product\u003e\u003cpar\u003e\u003cspan\u003e\u003cline\u003e\u003cspan\u003e\u003cformatting\u003e\u003cproduct begin\u003d\"398\" class\u003d\"extraction-tag ml-tag\" data-text\u003d\"Social Media\" data-value\u003d\"Social Media   Marketing\" end\u003d\"422\" ml-tagorder\u003d\"9\" score\u003d\"0.7251128557980868\" style\u003d\"border: 2px solid rgb(125, 157, 1);\" tagorder\u003d\"9\"\u003eMarketing\u003c/product\u003e\u003c/formatting\u003e \u003c/span\u003e\u003c/line\u003e \u003c/span\u003e\u003c/par\u003e \u003c/p\u003e \n\u003c/text\u003e \u003c/td\u003e  \u003ctd style\u003d\"vertical-align:middle;\"\u003e\u003ctext\u003e\u003cp\u003e\u003cpar\u003e\u003cspan\u003e\u003cline\u003e\u003cspan\u003e\u003cformatting\u003eFacebook and Twitter marketing campaign\u003c/formatting\u003e \u003c/span\u003e\u003c/line\u003e \u003c/span\u003e\u003c/par\u003e \u003c/p\u003e \n\u003c/text\u003e \u003c/td\u003e  \u003ctd style\u003d\"vertical-align:middle;\"\u003e\u003ctext\u003e\u003cp\u003e\u003cpar\u003e\u003cspan\u003e\u003cline\u003e\u003cspan\u003e\u003cformatting\u003e\u003cprice begin\u003d\"477\" class\u003d\"extraction-tag ml-tag\" data-text\u003d\"$1.00\" data-value\u003d\"$1.00\" end\u003d\"482\" ml-tagorder\u003d\"3\" score\u003d\"0.8032725999553613\" style\u003d\"border: 2px solid rgb(125, 157, 1);\" tagorder\u003d\"3\"\u003e$1.00\u003c/price\u003e\u003c/formatting\u003e \u003c/span\u003e\u003c/line\u003e \u003c/span\u003e\u003c/par\u003e \u003c/p\u003e \n\u003c/text\u003e \u003c/td\u003e  \u003ctd style\u003d\"vertical-align:middle;\"\u003e\u003ctext\u003e\u003cp\u003e\u003cpar\u003e\u003cspan\u003e\u003cline\u003e\u003cspan\u003e\u003cformatting\u003e\u003cspan\u003e\u003cquantity begin\u003d\"490\" class\u003d\"extraction-tag ml-tag\" data-text\u003d\"71\" data-value\u003d\"71\" end\u003d\"492\" ml-tagorder\u003d\"4\" score\u003d\"0.7936378107396085\" style\u003d\"border: 2px solid rgb(125, 157, 1);\" tagorder\u003d\"4\"\u003e71\u003c/quantity\u003e\u003c/span\u003e\u003c/formatting\u003e \u003c/span\u003e\u003c/line\u003e \u003c/span\u003e\u003c/par\u003e \u003c/p\u003e \n\u003c/text\u003e \u003c/td\u003e  \u003ctd style\u003d\"vertical-align:middle;\"\u003e\u003ctext\u003e\u003cp\u003e\u003cpar\u003e\u003cspan\u003e\u003cline\u003e\u003cspan\u003e\u003cformatting\u003e$71.00\u003c/formatting\u003e \u003c/span\u003e\u003c/line\u003e \u003c/span\u003e\u003c/par\u003e \u003c/p\u003e \n\u003c/text\u003e \u003c/td\u003e  \u003c/tr\u003e \n\u003ctr\u003e\u003ctd style\u003d\"vertical-align:middle;\"\u003e\u003ctext\u003e\u003cp\u003e\u003cpar\u003e\u003cspan\u003e\u003cline\u003e\u003cspan\u003e\u003cformatting\u003e\u003cproduct begin\u003d\"516\" class\u003d\"extraction-tag ml-tag\" data-text\u003d\"Development\" data-value\u003d\"Development\" end\u003d\"527\" ml-tagorder\u003d\"5\" score\u003d\"0.7258241829489096\" style\u003d\"border: 2px solid rgb(125, 157, 1);\" tagorder\u003d\"5\"\u003eDevelopment\u003c/product\u003e\u003c/formatting\u003e \u003c/span\u003e\u003c/line\u003e \u003c/span\u003e\u003c/par\u003e \u003c/p\u003e \n\u003c/text\u003e \u003c/td\u003e  \u003ctd style\u003d\"vertical-align:middle;\"\u003e\u003ctext\u003e\u003cp\u003e\u003cpar\u003e\u003cspan\u003e\u003cline\u003e\u003cspan\u003e\u003cformatting\u003eDeveloping a Content Management System-\u003c/formatting\u003e \u003c/span\u003e\u003c/line\u003e \u003cline\u003e\u003cspan\u003e\u003cformatting\u003ebased Website\u003c/formatting\u003e \u003c/span\u003e\u003c/line\u003e \u003c/span\u003e\u003c/par\u003e \u003c/p\u003e \n\u003c/text\u003e \u003c/td\u003e  \u003ctd style\u003d\"vertical-align:middle;\"\u003e\u003ctext\u003e\u003cp\u003e\u003cpar\u003e\u003cspan\u003e\u003cline\u003e\u003cspan\u003e\u003cformatting\u003e\u003cprice begin\u003d\"597\" class\u003d\"extraction-tag ml-tag\" data-text\u003d\"$60.00\" data-value\u003d\"$60.00\" end\u003d\"603\" ml-tagorder\u003d\"6\" score\u003d\"0.8099784022780026\" style\u003d\"border: 2px solid rgb(125, 157, 1);\" tagorder\u003d\"6\"\u003e$60.00\u003c/price\u003e\u003c/formatting\u003e \u003c/span\u003e\u003c/line\u003e \u003c/span\u003e\u003c/par\u003e \u003c/p\u003e \n\u003c/text\u003e \u003c/td\u003e  \u003ctd style\u003d\"vertical-align:middle;\"\u003e\u003ctext\u003e\u003cp\u003e\u003cpar\u003e\u003cspan\u003e\u003cline\u003e\u003cspan\u003e\u003cformatting\u003e\u003cspan\u003e\u003cquantity begin\u003d\"611\" class\u003d\"extraction-tag ml-tag\" data-text\u003d\"30\" data-value\u003d\"30\" end\u003d\"613\" ml-tagorder\u003d\"7\" score\u003d\"0.8733117192058255\" style\u003d\"border: 2px solid rgb(125, 157, 1);\" tagorder\u003d\"7\"\u003e30\u003c/quantity\u003e\u003c/span\u003e\u003c/formatting\u003e \u003c/span\u003e\u003c/line\u003e \u003c/span\u003e\u003c/par\u003e \u003c/p\u003e \n\u003c/text\u003e \u003c/td\u003e  \u003ctd style\u003d\"vertical-align:middle;\"\u003e\u003ctext\u003e\u003cp\u003e\u003cpar\u003e\u003cspan\u003e\u003cline\u003e\u003cspan\u003e\u003cformatting\u003e$1,800.00\u003c/formatting\u003e \u003c/span\u003e\u003c/line\u003e \u003c/span\u003e\u003c/par\u003e \u003c/p\u003e \n\u003c/text\u003e \u003c/td\u003e  \u003c/tr\u003e \n\u003ctr\u003e\u003ctd style\u003d\"vertical-align:middle;\"\u003e\u003ctext\u003e\u003cp\u003e\u003cpar\u003e\u003cspan\u003e\u003cline\u003e\u003cspan\u003e\u003cformatting\u003eV\u003c/formatting\u003e \u003c/span\u003e\u003c/line\u003e \u003c/span\u003e\u003c/par\u003e \u003c/p\u003e \n\u003c/text\u003e \u003c/td\u003e  \u003ctd style\u003d\"vertical-align:middle;\"\u003e\u003ctext\u003e\u003cp\u003e\u003cpar\u003e\u003cspan\u003e\u003cline\u003e\u003cspan\u003e\u003cformatting\u003eSUBTOTAL\u003c/formatting\u003e \u003c/span\u003e\u003c/line\u003e \u003c/span\u003e\u003c/par\u003e \u003c/p\u003e \n\u003c/text\u003e \u003c/td\u003e  \u003ctd style\u003d\"vertical-align:middle;\"\u003e\u003ctext\u003e\u003cp\u003e\u003cpar\u003e\u003cspan\u003e\u003cline\u003e\u003cspan\u003e\u003cformatting\u003e$1,871.00\u003c/formatting\u003e \u003c/span\u003e\u003c/line\u003e \u003c/span\u003e\u003c/par\u003e \u003c/p\u003e \n\u003c/text\u003e \u003c/td\u003e  \u003c/tr\u003e \n\u003ctr\u003e\u003ctd style\u003d\"vertical-align:middle;\"\u003e\u003ctext\u003e\u003cp\u003e\u003cpar\u003e\u003cspan\u003e\u003cline\u003e\u003cspan\u003e\u003cformatting\u003eTAX 20%\u003c/formatting\u003e \u003c/span\u003e\u003c/line\u003e \u003c/span\u003e\u003c/par\u003e \u003c/p\u003e \n\u003c/text\u003e \u003c/td\u003e  \u003ctd style\u003d\"vertical-align:middle;\"\u003e\u003ctext\u003e\u003cp\u003e\u003cpar\u003e\u003cspan\u003e\u003cline\u003e\u003cspan\u003e\u003cformatting\u003e$374.20\u003c/formatting\u003e \u003c/span\u003e\u003c/line\u003e \u003c/span\u003e\u003c/par\u003e \u003c/p\u003e \n\u003c/text\u003e \u003c/td\u003e  \u003c/tr\u003e \n\u003c/tbody\u003e\u003c/table\u003e\n\u003cblock\u003e\u003ctext\u003e\u003cp\u003e\u003cpar\u003e\u003cspan\u003e\u003cline\u003e\u003cspan\u003e\u003cformatting\u003eTOTAL $\u003cspan\u003e\u003ctotal_amount begin\u003d\"724\" class\u003d\"extraction-tag ml-tag\" data-text\u003d\"2,245.20\" data-value\u003d\"2,245.20\" end\u003d\"732\" ml-tagorder\u003d\"8\" score\u003d\"0.825081615477456\" style\u003d\"border: 2px solid rgb(125, 157, 1);\" tagorder\u003d\"8\"\u003e2,245.20\u003c/total_amount\u003e\u003c/span\u003e\u003c/formatting\u003e \u003c/span\u003e\u003c/line\u003e \u003c/span\u003e\u003c/par\u003e \u003c/p\u003e \n\u003c/text\u003e \u003c/block\u003e \u003cblock\u003e\u003ctext\u003e\u003cp\u003e\u003cpar\u003e\u003cspan\u003e\u003cline\u003e\u003cspan\u003e\u003cformatting\u003eNOTICEi\u003c/formatting\u003e \u003c/span\u003e\u003c/line\u003e \u003c/span\u003e\u003c/par\u003e \u003cpar\u003e\u003cspan\u003e\u003cline\u003e\u003cspan\u003e\u003cformatting\u003eA finance charge of 1.5% will be made on unpaid balances after 30 days.\u003c/formatting\u003e \u003c/span\u003e\u003c/line\u003e \u003c/span\u003e\u003c/par\u003e \u003c/p\u003e \n\u003c/text\u003e \u003c/block\u003e \u003c/page\u003e\u003c/document\u003e   \u003c/document\u003e","tags":[{"score":0.6618398761826257,"end":19,"tag":"invoice_number","text":"1345295509","estimatedAccuracy":0.0,"begin":9},{"score":0.7200933006620099,"end":214,"tag":"invoice_date","text":"January 16, 2018","estimatedAccuracy":0.0,"begin":198},{"score":0.7977135505830428,"end":232,"tag":"supplier_name","text":"Workfusion","estimatedAccuracy":0.0,"begin":222},{"score":0.7251128557980868,"end":422,"tag":"product","text":"Social Media   Marketing","estimatedAccuracy":0.0,"begin":398},{"score":0.8032725999553613,"end":482,"tag":"price","text":"$1.00","estimatedAccuracy":0.0,"begin":477},{"score":0.7936378107396085,"end":492,"tag":"quantity","text":"71","estimatedAccuracy":0.0,"begin":490},{"score":0.7258241829489096,"end":527,"tag":"product","text":"Development","estimatedAccuracy":0.0,"begin":516},{"score":0.8099784022780026,"end":603,"tag":"price","text":"$60.00","estimatedAccuracy":0.0,"begin":597},{"score":0.8733117192058255,"end":613,"tag":"quantity","text":"30","estimatedAccuracy":0.0,"begin":611},{"score":0.825081615477456,"end":732,"tag":"total_amount","text":"2,245.20","estimatedAccuracy":0.0,"begin":724}],"group":"invoice_date|invoice_number|price|product|quantity|supplier_name|total_amount"}