{"finalScore":0.7407012479372477,"metaInfo":{"model":{"coreVersion":"9.3.0.9"}},"sumScore":12.59192121493321,"tagsCounter":17.0,"taggedText":"\u003cdocument\u003e\u003cbase\u003e\u003c/base\u003e\u003cstyle type\u003d\"text/css\"\u003e\u003c/style\u003e\u003cmeta content\u003d\"text-html; charset\u003dutf-8\"\u003e\u003c/meta\u003e\u003cdocument\u003e\u003cpage\u003e\u003cblock\u003e\u003ctext\u003e\u003cp\u003e\u003cpar\u003e\u003cspan\u003e\u003cline\u003e\u003cspan\u003e\u003cformatting\u003eINVOICE# \u003cinvoice_number begin\u003d\"9\" class\u003d\"extraction-tag ml-tag\" data-text\u003d\"12501425\" data-value\u003d\"12501425\" end\u003d\"17\" ml-tagorder\u003d\"0\" score\u003d\"0.7534276243372932\" style\u003d\"border: 2px solid rgb(125, 157, 1);\" tagorder\u003d\"0\"\u003e12501425\u003c/invoice_number\u003e\u003c/formatting\u003e \u003c/span\u003e\u003c/line\u003e \u003c/span\u003e\u003c/par\u003e \u003c/p\u003e \n\u003c/text\u003e \u003c/block\u003e \u003ctable border\u003d\"1\" style\u003d\"user-select: auto;\"\u003e\u003ctbody\u003e\u003ctr\u003e\u003ctd colspan\u003d\"2\"\u003e\u003ctext\u003e\u003cp\u003e\u003cpar\u003e\u003cspan\u003e\u003cline\u003e\u003cspan\u003e\u003cformatting\u003ePROJECT Cognitive Bot Development\u003c/formatting\u003e \u003c/span\u003e\u003c/line\u003e \u003cline\u003e\u003cspan\u003e\u003cformatting\u003eclient John Doe\u003c/formatting\u003e \u003c/span\u003e\u003c/line\u003e \u003c/span\u003e\u003c/par\u003e \u003cpar\u003e\u003cspan\u003e\u003cline\u003e\u003cspan\u003e\u003cformatting\u003eADDRESS ONE INFINITE LOOP CUPERTINO. CA, 95014, USA\u003c/formatting\u003e \u003c/span\u003e\u003c/line\u003e \u003c/span\u003e\u003c/par\u003e \u003cpar\u003e\u003cspan\u003e\u003cline\u003e\u003cspan\u003e\u003cformatting\u003eemail \u003cemail begin\u003d\"137\" class\u003d\"extraction-tag ml-tag\" data-text\u003d\"iohn.doeStexamole.com\" data-value\u003d\"iohn.doeStexamole.com\" end\u003d\"158\" ml-tagorder\u003d\"1\" score\u003d\"0.49987651143640893\" style\u003d\"border: 2px solid rgb(125, 157, 1);\" tagorder\u003d\"1\"\u003eiohn.doeStexamole.com\u003c/email\u003e\u003c/formatting\u003e \u003c/span\u003e\u003c/line\u003e \u003cline\u003e\u003cspan\u003e\u003cformatting\u003edate \u003cinvoice_date begin\u003d\"165\" class\u003d\"extraction-tag ml-tag\" data-text\u003d\"January 16, 2018\" data-value\u003d\"January 16, 2018\" end\u003d\"181\" ml-tagorder\u003d\"2\" score\u003d\"0.7200496881158504\" style\u003d\"border: 2px solid rgb(125, 157, 1);\" tagorder\u003d\"2\"\u003eJanuary 16, 2018\u003c/invoice_date\u003e\u003c/formatting\u003e \u003c/span\u003e\u003c/line\u003e \u003c/span\u003e\u003c/par\u003e \u003c/p\u003e \n\u003c/text\u003e \u003c/td\u003e  \u003ctd style\u003d\"vertical-align:middle;\"\u003e\u003ctext\u003e\u003cp\u003e\u003cpar\u003e\u003cspan\u003e\u003cline\u003e\u003cspan\u003e\u003cformatting\u003e\u003csupplier_name begin\u003d\"189\" class\u003d\"extraction-tag ml-tag\" data-text\u003d\"Workfi\" data-value\u003d\"Workfi\" end\u003d\"195\" ml-tagorder\u003d\"3\" score\u003d\"0.69144198548475\" style\u003d\"border: 2px solid rgb(125, 157, 1);\" tagorder\u003d\"3\"\u003eWorkfi\u003c/supplier_name\u003e\u003c/formatting\u003e \u003c/span\u003e\u003c/line\u003e \u003cline\u003e\u003cspan\u003e\u003cformatting\u003e48 Wall Street, 7th\u003c/formatting\u003e \u003c/span\u003e\u003c/line\u003e \u003cline\u003e\u003cspan\u003e\u003cformatting\u003eNY 10005,\u003c/formatting\u003e \u003c/span\u003e\u003c/line\u003e \u003cline\u003e\u003cspan\u003e\u003cformatting\u003e+1 646.453.\u003c/formatting\u003e \u003c/span\u003e\u003c/line\u003e \u003c/span\u003e\u003c/par\u003e \u003cpar\u003e\u003cspan\u003e\u003cline\u003e\u003cspan\u003e\u003cformatting\u003eworkfusion\u003c/formatting\u003e \u003c/span\u003e\u003c/line\u003e \u003c/span\u003e\u003c/par\u003e \u003c/p\u003e \n\u003c/text\u003e \u003c/td\u003e  \u003c/tr\u003e \n\u003ctr\u003e\u003ctd style\u003d\"vertical-align:middle;\"\u003e\u003ctext\u003e\u003cp\u003e\u003cpar\u003e\u003cspan\u003e\u003cline\u003e\u003cspan\u003e\u003cformatting\u003eSERVICE\u003c/formatting\u003e \u003c/span\u003e\u003c/line\u003e \u003c/span\u003e\u003c/par\u003e \u003c/p\u003e \n\u003c/text\u003e \u003c/td\u003e  \u003ctd style\u003d\"vertical-align:middle;\"\u003e\u003ctext\u003e\u003cp\u003e\u003cpar\u003e\u003cspan\u003e\u003cline\u003e\u003cspan\u003e\u003cformatting\u003eDESCRIPTION\u003c/formatting\u003e \u003c/span\u003e\u003c/line\u003e \u003c/span\u003e\u003c/par\u003e \u003c/p\u003e \n\u003c/text\u003e \u003c/td\u003e  \u003ctd style\u003d\"vertical-align:middle;\"\u003e\u003ctext\u003e\u003cp\u003e\u003cpar\u003e\u003cspan\u003e\u003cline\u003e\u003cspan\u003e\u003cformatting\u003ePRICE\u003c/formatting\u003e \u003c/span\u003e\u003c/line\u003e \u003c/span\u003e\u003c/par\u003e \u003c/p\u003e \n\u003c/text\u003e \u003c/td\u003e  \u003ctd style\u003d\"vertical-align:middle;\"\u003e\u003ctext\u003e\u003cp\u003e\u003cpar\u003e\u003cspan\u003e\u003cline\u003e\u003cspan\u003e\u003cformatting\u003eQTY\u003c/formatting\u003e \u003c/span\u003e\u003c/line\u003e \u003c/span\u003e\u003c/par\u003e \u003cpar\u003e\u003cspan\u003e\u003cline\u003e\u003cspan\u003e\u003cformatting\u003e(FTE)\u003c/formatting\u003e \u003c/span\u003e\u003c/line\u003e \u003c/span\u003e\u003c/par\u003e \u003c/p\u003e \n\u003c/text\u003e \u003c/td\u003e  \u003ctd style\u003d\"vertical-align:middle;\"\u003e\u003ctext\u003e\u003cp\u003e\u003cpar\u003e\u003cspan\u003e\u003cline\u003e\u003cspan\u003e\u003cformatting\u003eTOTA\u003c/formatting\u003e \u003c/span\u003e\u003c/line\u003e \u003c/span\u003e\u003c/par\u003e \u003c/p\u003e \n\u003c/text\u003e \u003c/td\u003e  \u003c/tr\u003e \n\u003ctr\u003e\u003ctd class\u003d\"\"\u003e\u003ctext\u003e\u003cp\u003e\u003cpar\u003e\u003cspan\u003e\u003cline\u003e\u003cspan\u003e\u003cformatting\u003e\u003cproduct begin\u003d\"343\" class\u003d\"extraction-tag ml-tag\" data-text\u003d\"Social Media\" data-value\u003d\"Social Media   Marketing\" end\u003d\"367\" ml-tagorder\u003d\"16\" score\u003d\"0.6520399047439832\" style\u003d\"border: 2px solid rgb(125, 157, 1);\" tagorder\u003d\"16\"\u003eSocial Media\u003c/product\u003e\u003c/formatting\u003e\u003cproduct begin\u003d\"343\" class\u003d\"extraction-tag ml-tag\" data-text\u003d\"Social Media\" data-value\u003d\"Social Media   Marketing\" end\u003d\"367\" ml-tagorder\u003d\"16\" score\u003d\"0.6520399047439832\" style\u003d\"border: 2px solid rgb(125, 157, 1);\" tagorder\u003d\"16\"\u003e \u003c/product\u003e\u003c/span\u003e\u003c/line\u003e\u003cproduct begin\u003d\"343\" class\u003d\"extraction-tag ml-tag\" data-text\u003d\"Social Media\" data-value\u003d\"Social Media   Marketing\" end\u003d\"367\" ml-tagorder\u003d\"16\" score\u003d\"0.6520399047439832\" style\u003d\"border: 2px solid rgb(125, 157, 1);\" tagorder\u003d\"16\"\u003e \u003c/product\u003e\u003c/span\u003e\u003c/par\u003e\u003cproduct begin\u003d\"343\" class\u003d\"extraction-tag ml-tag\" data-text\u003d\"Social Media\" data-value\u003d\"Social Media   Marketing\" end\u003d\"367\" ml-tagorder\u003d\"16\" score\u003d\"0.6520399047439832\" style\u003d\"border: 2px solid rgb(125, 157, 1);\" tagorder\u003d\"16\"\u003e \u003c/product\u003e\u003cpar\u003e\u003cspan\u003e\u003cline\u003e\u003cspan\u003e\u003cformatting\u003e\u003cproduct begin\u003d\"343\" class\u003d\"extraction-tag ml-tag\" data-text\u003d\"Social Media\" data-value\u003d\"Social Media   Marketing\" end\u003d\"367\" ml-tagorder\u003d\"16\" score\u003d\"0.6520399047439832\" style\u003d\"border: 2px solid rgb(125, 157, 1);\" tagorder\u003d\"16\"\u003eMarketing\u003c/product\u003e\u003c/formatting\u003e \u003c/span\u003e\u003c/line\u003e \u003c/span\u003e\u003c/par\u003e \u003c/p\u003e \n\u003c/text\u003e \u003c/td\u003e  \u003ctd style\u003d\"vertical-align:middle;\"\u003e\u003ctext\u003e\u003cp\u003e\u003cpar\u003e\u003cspan\u003e\u003cline\u003e\u003cspan\u003e\u003cformatting\u003eFacebook and Twitter marketing campaign\u003c/formatting\u003e \u003c/span\u003e\u003c/line\u003e \u003c/span\u003e\u003c/par\u003e \u003c/p\u003e \n\u003c/text\u003e \u003c/td\u003e  \u003ctd style\u003d\"vertical-align:middle;\"\u003e\u003ctext\u003e\u003cp\u003e\u003cpar\u003e\u003cspan\u003e\u003cline\u003e\u003cspan\u003e\u003cformatting\u003e\u003cprice begin\u003d\"422\" class\u003d\"extraction-tag ml-tag\" data-text\u003d\"$1.00\" data-value\u003d\"$1.00\" end\u003d\"427\" ml-tagorder\u003d\"4\" score\u003d\"0.7700532681541374\" style\u003d\"border: 2px solid rgb(125, 157, 1);\" tagorder\u003d\"4\"\u003e$1.00\u003c/price\u003e\u003c/formatting\u003e \u003c/span\u003e\u003c/line\u003e \u003c/span\u003e\u003c/par\u003e \u003c/p\u003e \n\u003c/text\u003e \u003c/td\u003e  \u003ctd class\u003d\"\"\u003e\u003ctext\u003e\u003cp\u003e\u003cpar\u003e\u003cspan\u003e\u003cline\u003e\u003cspan\u003e\u003cformatting\u003e\u003cspan\u003e\u003cquantity begin\u003d\"435\" class\u003d\"extraction-tag ml-tag\" data-text\u003d\"38\" data-value\u003d\"38\" end\u003d\"437\" ml-tagorder\u003d\"5\" score\u003d\"0.789571993388257\" style\u003d\"border: 2px solid rgb(125, 157, 1);\" tagorder\u003d\"5\"\u003e38\u003c/quantity\u003e\u003c/span\u003e\u003c/formatting\u003e \u003c/span\u003e\u003c/line\u003e \u003c/span\u003e\u003c/par\u003e \u003c/p\u003e \n\u003c/text\u003e \u003c/td\u003e  \u003ctd style\u003d\"vertical-align:middle;\"\u003e\u003ctext\u003e\u003cp\u003e\u003cpar\u003e\u003cspan\u003e\u003cline\u003e\u003cspan\u003e\u003cformatting\u003e$38.0\u003c/formatting\u003e \u003c/span\u003e\u003c/line\u003e \u003c/span\u003e\u003c/par\u003e \u003c/p\u003e \n\u003c/text\u003e \u003c/td\u003e  \u003c/tr\u003e \n\u003ctr\u003e\u003ctd class\u003d\"\"\u003e\u003ctext\u003e\u003cp\u003e\u003cpar\u003e\u003cspan\u003e\u003cline\u003e\u003cspan\u003e\u003cformatting\u003e\u003cproduct begin\u003d\"460\" class\u003d\"extraction-tag ml-tag\" data-text\u003d\"Development\" data-value\u003d\"Development\" end\u003d\"471\" ml-tagorder\u003d\"6\" score\u003d\"0.6839843953321191\" style\u003d\"border: 2px solid rgb(125, 157, 1);\" tagorder\u003d\"6\"\u003eDevelopment\u003c/product\u003e\u003c/formatting\u003e \u003c/span\u003e\u003c/line\u003e \u003c/span\u003e\u003c/par\u003e \u003c/p\u003e \n\u003c/text\u003e \u003c/td\u003e  \u003ctd style\u003d\"vertical-align:middle;\"\u003e\u003ctext\u003e\u003cp\u003e\u003cpar\u003e\u003cspan\u003e\u003cline\u003e\u003cspan\u003e\u003cformatting\u003eDeveloping a Content Management System-\u003c/formatting\u003e \u003c/span\u003e\u003c/line\u003e \u003cline\u003e\u003cspan\u003e\u003cformatting\u003ebased Website\u003c/formatting\u003e \u003c/span\u003e\u003c/line\u003e \u003c/span\u003e\u003c/par\u003e \u003c/p\u003e \n\u003c/text\u003e \u003c/td\u003e  \u003ctd style\u003d\"vertical-align:middle;\"\u003e\u003ctext\u003e\u003cp\u003e\u003cpar\u003e\u003cspan\u003e\u003cline\u003e\u003cspan\u003e\u003cformatting\u003e\u003cprice begin\u003d\"541\" class\u003d\"extraction-tag ml-tag\" data-text\u003d\"$60.00\" data-value\u003d\"$60.00\" end\u003d\"547\" ml-tagorder\u003d\"7\" score\u003d\"0.8593126144634566\" style\u003d\"border: 2px solid rgb(125, 157, 1);\" tagorder\u003d\"7\"\u003e$60.00\u003c/price\u003e\u003c/formatting\u003e \u003c/span\u003e\u003c/line\u003e \u003c/span\u003e\u003c/par\u003e \u003c/p\u003e \n\u003c/text\u003e \u003c/td\u003e  \u003ctd class\u003d\"\"\u003e\u003ctext\u003e\u003cp\u003e\u003cpar\u003e\u003cspan\u003e\u003cline\u003e\u003cspan\u003e\u003cformatting\u003e\u003cspan\u003e\u003cquantity begin\u003d\"555\" class\u003d\"extraction-tag ml-tag\" data-text\u003d\"15\" data-value\u003d\"15\" end\u003d\"557\" ml-tagorder\u003d\"8\" score\u003d\"0.9312319549894493\" style\u003d\"border: 2px solid rgb(125, 157, 1);\" tagorder\u003d\"8\"\u003e15\u003c/quantity\u003e\u003c/span\u003e\u003c/formatting\u003e \u003c/span\u003e\u003c/line\u003e \u003c/span\u003e\u003c/par\u003e \u003c/p\u003e \n\u003c/text\u003e \u003c/td\u003e  \u003ctd style\u003d\"vertical-align:middle;\"\u003e\u003ctext\u003e\u003cp\u003e\u003cpar\u003e\u003cspan\u003e\u003cline\u003e\u003cspan\u003e\u003cformatting\u003e$900.0\u003c/formatting\u003e \u003c/span\u003e\u003c/line\u003e \u003c/span\u003e\u003c/par\u003e \u003c/p\u003e \n\u003c/text\u003e \u003c/td\u003e  \u003c/tr\u003e \n\u003ctr\u003e\u003ctd class\u003d\"\"\u003e\u003ctext\u003e\u003cp\u003e\u003cpar\u003e\u003cspan\u003e\u003cline\u003e\u003cspan\u003e\u003cformatting\u003e\u003cproduct begin\u003d\"581\" class\u003d\"extraction-tag ml-tag\" data-text\u003d\"Pilot Development\" data-value\u003d\"Pilot Development\" end\u003d\"598\" ml-tagorder\u003d\"9\" score\u003d\"0.7270688725719565\" style\u003d\"border: 2px solid rgb(125, 157, 1);\" tagorder\u003d\"9\"\u003ePilot Development\u003c/product\u003e\u003c/formatting\u003e \u003c/span\u003e\u003c/line\u003e \u003c/span\u003e\u003c/par\u003e \u003c/p\u003e \n\u003c/text\u003e \u003c/td\u003e  \u003ctd style\u003d\"vertical-align:middle;\"\u003e\u003ctext\u003e\u003cp\u003e\u003cpar\u003e\u003cspan\u003e\u003cline\u003e\u003cspan\u003e\u003cformatting\u003eDetailed Architectural Design\u003c/formatting\u003e \u003c/span\u003e\u003c/line\u003e \u003c/span\u003e\u003c/par\u003e \u003c/p\u003e \n\u003c/text\u003e \u003c/td\u003e  \u003ctd style\u003d\"vertical-align:middle;\"\u003e\u003ctext\u003e\u003cp\u003e\u003cpar\u003e\u003cspan\u003e\u003cline\u003e\u003cspan\u003e\u003cformatting\u003e\u003cprice begin\u003d\"643\" class\u003d\"extraction-tag ml-tag\" data-text\u003d\"S150.00\" data-value\u003d\"S150.00\" end\u003d\"650\" ml-tagorder\u003d\"10\" score\u003d\"0.6530595677600441\" style\u003d\"border: 2px solid rgb(125, 157, 1);\" tagorder\u003d\"10\"\u003eS150.00\u003c/price\u003e\u003c/formatting\u003e \u003c/span\u003e\u003c/line\u003e \u003c/span\u003e\u003c/par\u003e \u003c/p\u003e \n\u003c/text\u003e \u003c/td\u003e  \u003ctd class\u003d\"\"\u003e\u003ctext\u003e\u003cp\u003e\u003cpar\u003e\u003cspan\u003e\u003cline\u003e\u003cspan\u003e\u003cformatting\u003e\u003cspan\u003e\u003cquantity begin\u003d\"658\" class\u003d\"extraction-tag ml-tag\" data-text\u003d\"74\" data-value\u003d\"74\" end\u003d\"660\" ml-tagorder\u003d\"11\" score\u003d\"0.8734202003479756\" style\u003d\"border: 2px solid rgb(125, 157, 1);\" tagorder\u003d\"11\"\u003e74\u003c/quantity\u003e\u003c/span\u003e\u003c/formatting\u003e \u003c/span\u003e\u003c/line\u003e \u003c/span\u003e\u003c/par\u003e \u003c/p\u003e \n\u003c/text\u003e \u003c/td\u003e  \u003ctd style\u003d\"vertical-align:middle;\"\u003e\u003ctext\u003e\u003cp\u003e\u003cpar\u003e\u003cspan\u003e\u003cline\u003e\u003cspan\u003e\u003cformatting\u003e$11,100.0\u003c/formatting\u003e \u003c/span\u003e\u003c/line\u003e \u003c/span\u003e\u003c/par\u003e \u003c/p\u003e \n\u003c/text\u003e \u003c/td\u003e  \u003c/tr\u003e \n\u003ctr\u003e\u003ctd class\u003d\"\"\u003e\u003ctext\u003e\u003cp\u003e\u003cpar\u003e\u003cspan\u003e\u003cline\u003e\u003cspan\u003e\u003cformatting\u003e\u003cproduct begin\u003d\"687\" class\u003d\"extraction-tag ml-tag\" data-text\u003d\"Customer Support\" data-value\u003d\"Customer Support\" end\u003d\"703\" ml-tagorder\u003d\"12\" score\u003d\"0.6744685224432169\" style\u003d\"border: 2px solid rgb(125, 157, 1);\" tagorder\u003d\"12\"\u003eCustomer Support\u003c/product\u003e\u003c/formatting\u003e \u003c/span\u003e\u003c/line\u003e \u003c/span\u003e\u003c/par\u003e \u003c/p\u003e \n\u003c/text\u003e \u003c/td\u003e  \u003ctd style\u003d\"vertical-align:middle;\"\u003e\u003ctext\u003e\u003cp\u003e\u003cpar\u003e\u003cspan\u003e\u003cline\u003e\u003cspan\u003e\u003cformatting\u003eL1/L2 Support Activities\u003c/formatting\u003e \u003c/span\u003e\u003c/line\u003e \u003c/span\u003e\u003c/par\u003e \u003c/p\u003e \n\u003c/text\u003e \u003c/td\u003e  \u003ctd style\u003d\"vertical-align:middle;\"\u003e\u003ctext\u003e\u003cp\u003e\u003cpar\u003e\u003cspan\u003e\u003cline\u003e\u003cspan\u003e\u003cformatting\u003e\u003cprice begin\u003d\"743\" class\u003d\"extraction-tag ml-tag\" data-text\u003d\"$20.00\" data-value\u003d\"$20.00\" end\u003d\"749\" ml-tagorder\u003d\"13\" score\u003d\"0.7907470517812654\" style\u003d\"border: 2px solid rgb(125, 157, 1);\" tagorder\u003d\"13\"\u003e$20.00\u003c/price\u003e\u003c/formatting\u003e \u003c/span\u003e\u003c/line\u003e \u003c/span\u003e\u003c/par\u003e \u003c/p\u003e \n\u003c/text\u003e \u003c/td\u003e  \u003ctd class\u003d\"\"\u003e\u003ctext\u003e\u003cp\u003e\u003cpar\u003e\u003cspan\u003e\u003cline\u003e\u003cspan\u003e\u003cformatting\u003e\u003cspan\u003e\u003cquantity begin\u003d\"757\" class\u003d\"extraction-tag ml-tag\" data-text\u003d\"92\" data-value\u003d\"92\" end\u003d\"759\" ml-tagorder\u003d\"14\" score\u003d\"0.9095521004955248\" style\u003d\"border: 2px solid rgb(125, 157, 1);\" tagorder\u003d\"14\"\u003e92\u003c/quantity\u003e\u003c/span\u003e\u003c/formatting\u003e \u003c/span\u003e\u003c/line\u003e \u003c/span\u003e\u003c/par\u003e \u003c/p\u003e \n\u003c/text\u003e \u003c/td\u003e  \u003ctd style\u003d\"vertical-align:middle;\"\u003e\u003ctext\u003e\u003cp\u003e\u003cpar\u003e\u003cspan\u003e\u003cline\u003e\u003cspan\u003e\u003cformatting\u003e$1,840.0\u003c/formatting\u003e \u003c/span\u003e\u003c/line\u003e \u003c/span\u003e\u003c/par\u003e \u003c/p\u003e \n\u003c/text\u003e \u003c/td\u003e  \u003c/tr\u003e \n\u003ctr\u003e\u003ctd style\u003d\"vertical-align:middle;\"\u003e\u003ctext\u003e\u003cp\u003e\u003cpar\u003e\u003cspan\u003e\u003cline\u003e\u003cspan\u003e\u003cformatting\u003eSUBTOTAL\u003c/formatting\u003e \u003c/span\u003e\u003c/line\u003e \u003c/span\u003e\u003c/par\u003e \u003c/p\u003e \n\u003c/text\u003e \u003c/td\u003e  \u003ctd style\u003d\"vertical-align:middle;\"\u003e\u003ctext\u003e\u003cp\u003e\u003cpar\u003e\u003cspan\u003e\u003cline\u003e\u003cspan\u003e\u003cformatting\u003eS13,878.0\u003c/formatting\u003e \u003c/span\u003e\u003c/line\u003e \u003c/span\u003e\u003c/par\u003e \u003c/p\u003e \n\u003c/text\u003e \u003c/td\u003e  \u003c/tr\u003e \n\u003ctr\u003e\u003ctd style\u003d\"vertical-align:middle;\"\u003e\u003ctext\u003e\u003cp\u003e\u003cpar\u003e\u003cspan\u003e\u003cline\u003e\u003cspan\u003e\u003cformatting\u003eTAX 20%\u003c/formatting\u003e \u003c/span\u003e\u003c/line\u003e \u003c/span\u003e\u003c/par\u003e \u003c/p\u003e \n\u003c/text\u003e \u003c/td\u003e  \u003ctd style\u003d\"vertical-align:middle;\"\u003e\u003ctext\u003e\u003cp\u003e\u003cpar\u003e\u003cspan\u003e\u003cline\u003e\u003cspan\u003e\u003cformatting\u003e$2,775.6\u003c/formatting\u003e \u003c/span\u003e\u003c/line\u003e \u003c/span\u003e\u003c/par\u003e \u003c/p\u003e \n\u003c/text\u003e \u003c/td\u003e  \u003c/tr\u003e \n\u003ctr\u003e\u003ctd style\u003d\"vertical-align:middle;\"\u003e\u003ctext\u003e\u003cp\u003e\u003cpar\u003e\u003cspan\u003e\u003cline\u003e\u003cspan\u003e\u003cformatting\u003eTOTAL\u003c/formatting\u003e \u003c/span\u003e\u003c/line\u003e \u003c/span\u003e\u003c/par\u003e \u003c/p\u003e \n\u003c/text\u003e \u003c/td\u003e  \u003ctd style\u003d\"vertical-align:middle;\"\u003e\u003ctext\u003e\u003cp\u003e\u003cpar\u003e\u003cspan\u003e\u003cline\u003e\u003cspan\u003e\u003cformatting\u003e$\u003cspan\u003e\u003ctotal_amount begin\u003d\"867\" class\u003d\"extraction-tag ml-tag\" data-text\u003d\"16,653.6\" data-value\u003d\"16,653.6\" end\u003d\"875\" ml-tagorder\u003d\"15\" score\u003d\"0.6126149590875211\" style\u003d\"border: 2px solid rgb(125, 157, 1);\" tagorder\u003d\"15\"\u003e16,653.6\u003c/total_amount\u003e\u003c/span\u003e\u003c/formatting\u003e \u003c/span\u003e\u003c/line\u003e \u003c/span\u003e\u003c/par\u003e \u003c/p\u003e \n\u003c/text\u003e \u003c/td\u003e  \u003c/tr\u003e \n\u003c/tbody\u003e\u003c/table\u003e\n\u003cblock\u003e\u003ctext\u003e\u003cp\u003e\u003cpar\u003e\u003cspan\u003e\u003cline\u003e\u003cspan\u003e\u003cformatting\u003eNOTICE:\u003c/formatting\u003e \u003c/span\u003e\u003c/line\u003e \u003c/span\u003e\u003c/par\u003e \u003cpar\u003e\u003cspan\u003e\u003cline\u003e\u003cspan\u003e\u003cformatting\u003eA finance charge of 1.5% will be made on unpaid balances after 30 days.\u003c/formatting\u003e \u003c/span\u003e\u003c/line\u003e \u003c/span\u003e\u003c/par\u003e \u003c/p\u003e \n\u003c/text\u003e \u003c/block\u003e \u003c/page\u003e\u003c/document\u003e  \u003c/document\u003e","tags":[{"score":0.7534276243372932,"end":17,"tag":"invoice_number","text":"12501425","estimatedAccuracy":0.0,"begin":9},{"score":0.49987651143640893,"end":158,"tag":"email","text":"iohn.doeStexamole.com","estimatedAccuracy":0.0,"begin":137},{"score":0.7200496881158504,"end":181,"tag":"invoice_date","text":"January 16, 2018","estimatedAccuracy":0.0,"begin":165},{"score":0.69144198548475,"end":195,"tag":"supplier_name","text":"Workfi","estimatedAccuracy":0.0,"begin":189},{"score":0.6520399047439832,"end":367,"tag":"product","text":"Social Media   Marketing","estimatedAccuracy":0.0,"begin":343},{"score":0.7700532681541374,"end":427,"tag":"price","text":"$1.00","estimatedAccuracy":0.0,"begin":422},{"score":0.789571993388257,"end":437,"tag":"quantity","text":"38","estimatedAccuracy":0.0,"begin":435},{"score":0.6839843953321191,"end":471,"tag":"product","text":"Development","estimatedAccuracy":0.0,"begin":460},{"score":0.8593126144634566,"end":547,"tag":"price","text":"$60.00","estimatedAccuracy":0.0,"begin":541},{"score":0.9312319549894493,"end":557,"tag":"quantity","text":"15","estimatedAccuracy":0.0,"begin":555},{"score":0.7270688725719565,"end":598,"tag":"product","text":"Pilot Development","estimatedAccuracy":0.0,"begin":581},{"score":0.6530595677600441,"end":650,"tag":"price","text":"S150.00","estimatedAccuracy":0.0,"begin":643},{"score":0.8734202003479756,"end":660,"tag":"quantity","text":"74","estimatedAccuracy":0.0,"begin":658},{"score":0.6744685224432169,"end":703,"tag":"product","text":"Customer Support","estimatedAccuracy":0.0,"begin":687},{"score":0.7907470517812654,"end":749,"tag":"price","text":"$20.00","estimatedAccuracy":0.0,"begin":743},{"score":0.9095521004955248,"end":759,"tag":"quantity","text":"92","estimatedAccuracy":0.0,"begin":757},{"score":0.6126149590875211,"end":875,"tag":"total_amount","text":"16,653.6","estimatedAccuracy":0.0,"begin":867}],"group":"email|invoice_date|invoice_number|price|product|quantity|supplier_name|total_amount"}