{"finalScore":0.8286752677391861,"metaInfo":{"model":{"coreVersion":"9.3.0.9"}},"sumScore":12.430129016087792,"tagsCounter":15.0,"taggedText":"\u003cbase\u003e\u003c/base\u003e\u003cstyle type\u003d\"text/css\"\u003e\u003c/style\u003e\u003cmeta content\u003d\"text-html; charset\u003dutf-8\"\u003e\u003c/meta\u003e\u003cdocument\u003e\u003cpage\u003e\u003cblock\u003e\u003ctext\u003e\u003cp\u003e\u003cpar\u003e\u003cspan\u003e\u003cline\u003e\u003cspan\u003e\u003cformatting\u003eINVOICE ns\u0027\u003c/formatting\u003e \u003c/span\u003e\u003c/line\u003e \u003c/span\u003e\u003c/par\u003e \u003c/p\u003e \n\u003c/text\u003e \u003c/block\u003e \u003cblock\u003e\u003ctext\u003e\u003cp\u003e\u003cpar\u003e\u003cspan\u003e\u003cline\u003e\u003cspan\u003e\u003cformatting\u003e\u003csupplier_name begin\u003d\"18\" class\u003d\"extraction-tag ml-tag\" data-text\u003d\"Blanda Inc\" data-value\u003d\"Blanda Inc\" end\u003d\"28\" ml-tagorder\u003d\"0\" score\u003d\"0.5828102420863784\" style\u003d\"border: 2px solid rgb(125, 157, 1);\" tagorder\u003d\"0\"\u003eBlanda Inc\u003c/supplier_name\u003e\u003c/formatting\u003e \u003c/span\u003e\u003c/line\u003e \u003c/span\u003e\u003c/par\u003e \u003c/p\u003e \n\u003c/text\u003e \u003c/block\u003e \u003cblock\u003e\u003ctext\u003e\u003cp\u003e\u003cpar\u003e\u003cspan\u003e\u003cline\u003e\u003cspan\u003e\u003cformatting\u003eInvoice # \u003cinvoice_number begin\u003d\"45\" class\u003d\"extraction-tag ml-tag\" data-text\u003d\"7536317931\" data-value\u003d\"7536317931\" end\u003d\"55\" ml-tagorder\u003d\"1\" score\u003d\"0.7911484213002787\" style\u003d\"border: 2px solid rgb(125, 157, 1);\" tagorder\u003d\"1\"\u003e7536317931\u003c/invoice_number\u003e\u003c/formatting\u003e \u003c/span\u003e\u003c/line\u003e \u003c/span\u003e\u003c/par\u003e \u003c/p\u003e \n\u003c/text\u003e \u003c/block\u003e \u003cblock\u003e\u003ctext\u003e\u003cp\u003e\u003cpar\u003e\u003cspan\u003e\u003cline\u003e\u003cspan\u003e\u003cformatting\u003eOrder date 0\u003c/formatting\u003e \u003c/span\u003e\u003c/line\u003e \u003c/span\u003e\u003c/par\u003e \u003c/p\u003e \n\u003c/text\u003e \u003c/block\u003e \u003cblock\u003e\u003ctext\u003e\u003cp\u003e\u003cpar\u003e\u003cspan\u003e\u003cline\u003e\u003cspan\u003e\u003cformatting\u003eAccount number zlWQ6ARvlS4c7pl9\u003c/formatting\u003e \u003c/span\u003e\u003c/line\u003e \u003c/span\u003e\u003c/par\u003e \u003c/p\u003e \n\u003c/text\u003e \u003c/block\u003e \u003cblock\u003e\u003ctext\u003e\u003cp\u003e\u003cpar\u003e\u003cspan\u003e\u003cline\u003e\u003cspan\u003e\u003cformatting\u003eShipment provided □\u003c/formatting\u003e \u003c/span\u003e\u003c/line\u003e \u003c/span\u003e\u003c/par\u003e \u003c/p\u003e \n\u003c/text\u003e \u003c/block\u003e \u003cblock\u003e\u003ctext\u003e\u003cp\u003e\u003cpar\u003e\u003cspan\u003e\u003cline\u003e\u003cspan\u003e\u003cformatting\u003eBILL TO\u003c/formatting\u003e \u003c/span\u003e\u003c/line\u003e \u003c/span\u003e\u003c/par\u003e \u003cpar\u003e\u003cspan\u003e\u003cline\u003e\u003cspan\u003e\u003cformatting\u003eMarge Marge Pfannerstill\u003c/formatting\u003e \u003c/span\u003e\u003c/line\u003e \u003cline\u003e\u003cspan\u003e\u003cformatting\u003eJaketon, NY 65181\u003c/formatting\u003e \u003c/span\u003e\u003c/line\u003e \u003c/span\u003e\u003c/par\u003e \u003cpar\u003e\u003cspan\u003e\u003cline\u003e\u003cspan\u003e\u003cformatting\u003e03342\u003c/formatting\u003e \u003c/span\u003e\u003c/line\u003e \u003c/span\u003e\u003c/par\u003e \u003cpar\u003e\u003cspan\u003e\u003cline\u003e\u003cspan\u003e\u003cformatting\u003eJudgeton\u003c/formatting\u003e \u003c/span\u003e\u003c/line\u003e \u003c/span\u003e\u003c/par\u003e \u003cpar\u003e\u003cspan\u003e\u003cline\u003e\u003cspan\u003e\u003cformatting\u003eNiue\u003c/formatting\u003e \u003c/span\u003e\u003c/line\u003e \u003c/span\u003e\u003c/par\u003e \u003c/p\u003e \n\u003c/text\u003e \u003c/block\u003e \u003ctable border\u003d\"1\" style\u003d\"user-select: auto;\"\u003e\u003ctbody\u003e\u003ctr\u003e\u003ctd style\u003d\"vertical-align:middle;\"\u003e\u003ctext\u003e\u003cp\u003e\u003cpar\u003e\u003cspan\u003e\u003cline\u003e\u003cspan\u003e\u003cformatting\u003eProduct\u003c/formatting\u003e \u003c/span\u003e\u003c/line\u003e \u003c/span\u003e\u003c/par\u003e \u003c/p\u003e \n\u003c/text\u003e \u003c/td\u003e  \u003ctd style\u003d\"vertical-align:middle;\"\u003e\u003ctext\u003e\u003cp\u003e\u003cpar\u003e\u003cspan\u003e\u003cline\u003e\u003cspan\u003e\u003cformatting\u003ePrice\u003c/formatting\u003e \u003c/span\u003e\u003c/line\u003e \u003c/span\u003e\u003c/par\u003e \u003c/p\u003e \n\u003c/text\u003e \u003c/td\u003e  \u003ctd style\u003d\"vertical-align:middle;\"\u003e\u003ctext\u003e\u003cp\u003e\u003cpar\u003e\u003cspan\u003e\u003cline\u003e\u003cspan\u003e\u003cformatting\u003eQuantity\u003c/formatting\u003e \u003c/span\u003e\u003c/line\u003e \u003c/span\u003e\u003c/par\u003e \u003c/p\u003e \n\u003c/text\u003e \u003c/td\u003e  \u003ctd style\u003d\"vertical-align:middle;\"\u003e\u003ctext\u003e\u003cp\u003e\u003cpar\u003e\u003cspan\u003e\u003cline\u003e\u003cspan\u003e\u003cformatting\u003eDescription\u003c/formatting\u003e \u003c/span\u003e\u003c/line\u003e \u003c/span\u003e\u003c/par\u003e \u003c/p\u003e \n\u003c/text\u003e \u003c/td\u003e  \u003ctd style\u003d\"vertical-align:middle;\"\u003e\u003ctext\u003e\u003cp\u003e\u003cpar\u003e\u003cspan\u003e\u003cline\u003e\u003cspan\u003e\u003cformatting\u003eTotal\u003c/formatting\u003e \u003c/span\u003e\u003c/line\u003e \u003c/span\u003e\u003c/par\u003e \u003c/p\u003e \n\u003c/text\u003e \u003c/td\u003e  \u003c/tr\u003e \n\u003ctr\u003e\u003ctd class\u003d\"\"\u003e\u003ctext\u003e\u003cp\u003e\u003cpar\u003e\u003cspan\u003e\u003cline\u003e\u003cspan\u003e\u003cformatting\u003e\u003cproduct begin\u003d\"309\" class\u003d\"extraction-tag ml-tag\" data-text\u003d\"Intelligent Wooden Computer\" data-value\u003d\"Intelligent Wooden Computer\" end\u003d\"336\" ml-tagorder\u003d\"2\" score\u003d\"0.8459050514735107\" style\u003d\"border: 2px solid rgb(125, 157, 1);\" tagorder\u003d\"2\"\u003eIntelligent Wooden Computer\u003c/product\u003e\u003c/formatting\u003e \u003c/span\u003e\u003c/line\u003e \u003c/span\u003e\u003c/par\u003e \u003c/p\u003e \n\u003c/text\u003e \u003c/td\u003e  \u003ctd style\u003d\"vertical-align:middle;\"\u003e\u003ctext\u003e\u003cp\u003e\u003cpar\u003e\u003cspan\u003e\u003cline\u003e\u003cspan\u003e\u003cformatting\u003e\u003cprice begin\u003d\"344\" class\u003d\"extraction-tag ml-tag\" data-text\u003d\"$481.68\" data-value\u003d\"$481.68\" end\u003d\"351\" ml-tagorder\u003d\"3\" score\u003d\"0.9428820042688956\" style\u003d\"border: 2px solid rgb(125, 157, 1);\" tagorder\u003d\"3\"\u003e$481.68\u003c/price\u003e\u003c/formatting\u003e \u003c/span\u003e\u003c/line\u003e \u003c/span\u003e\u003c/par\u003e \u003c/p\u003e \n\u003c/text\u003e \u003c/td\u003e  \u003ctd class\u003d\"\"\u003e\u003ctext\u003e\u003cp\u003e\u003cpar\u003e\u003cspan\u003e\u003cline\u003e\u003cspan\u003e\u003cformatting\u003e\u003cspan\u003e\u003cquantity begin\u003d\"359\" class\u003d\"extraction-tag ml-tag\" data-text\u003d\"15\" data-value\u003d\"15\" end\u003d\"361\" ml-tagorder\u003d\"4\" score\u003d\"0.94798760419264\" style\u003d\"border: 2px solid rgb(125, 157, 1);\" tagorder\u003d\"4\"\u003e15\u003c/quantity\u003e\u003c/span\u003e\u003c/formatting\u003e \u003c/span\u003e\u003c/line\u003e \u003c/span\u003e\u003c/par\u003e \u003c/p\u003e \n\u003c/text\u003e \u003c/td\u003e  \u003ctd style\u003d\"vertical-align:middle;\"\u003e\u003ctext\u003e\u003cp\u003e\u003cpar\u003e\u003cspan\u003e\u003cline\u003e\u003cspan\u003e\u003cformatting\u003eIdentity of this call-off/order confirmation as a GDTI\u003c/formatting\u003e \u003c/span\u003e\u003c/line\u003e \u003c/span\u003e\u003c/par\u003e \u003c/p\u003e \n\u003c/text\u003e \u003c/td\u003e  \u003ctd style\u003d\"vertical-align:middle;\"\u003e\u003ctext\u003e\u003cp\u003e\u003cpar\u003e\u003cspan\u003e\u003cline\u003e\u003cspan\u003e\u003cformatting\u003e$7,225.2\u003c/formatting\u003e \u003c/span\u003e\u003c/line\u003e \u003c/span\u003e\u003c/par\u003e \u003c/p\u003e \n\u003c/text\u003e \u003c/td\u003e  \u003c/tr\u003e \n\u003ctr\u003e\u003ctd class\u003d\"\"\u003e\u003ctext\u003e\u003cp\u003e\u003cpar\u003e\u003cspan\u003e\u003cline\u003e\u003cspan\u003e\u003cformatting\u003e\u003cproduct begin\u003d\"449\" class\u003d\"extraction-tag ml-tag\" data-text\u003d\"Intelligent Bronze Chair\" data-value\u003d\"Intelligent Bronze Chair\" end\u003d\"473\" ml-tagorder\u003d\"5\" score\u003d\"0.8058915492238568\" style\u003d\"border: 2px solid rgb(125, 157, 1);\" tagorder\u003d\"5\"\u003eIntelligent Bronze Chair\u003c/product\u003e\u003c/formatting\u003e \u003c/span\u003e\u003c/line\u003e \u003c/span\u003e\u003c/par\u003e \u003c/p\u003e \n\u003c/text\u003e \u003c/td\u003e  \u003ctd style\u003d\"vertical-align:middle;\"\u003e\u003ctext\u003e\u003cp\u003e\u003cpar\u003e\u003cspan\u003e\u003cline\u003e\u003cspan\u003e\u003cformatting\u003e\u003cprice begin\u003d\"481\" class\u003d\"extraction-tag ml-tag\" data-text\u003d\"$349.09\" data-value\u003d\"$349.09\" end\u003d\"488\" ml-tagorder\u003d\"6\" score\u003d\"0.9001390015303398\" style\u003d\"border: 2px solid rgb(125, 157, 1);\" tagorder\u003d\"6\"\u003e$349.09\u003c/price\u003e\u003c/formatting\u003e \u003c/span\u003e\u003c/line\u003e \u003c/span\u003e\u003c/par\u003e \u003c/p\u003e \n\u003c/text\u003e \u003c/td\u003e  \u003ctd class\u003d\"\"\u003e\u003ctext\u003e\u003cp\u003e\u003cpar\u003e\u003cspan\u003e\u003cline\u003e\u003cspan\u003e\u003cformatting\u003e\u003cspan\u003e\u003cquantity begin\u003d\"496\" class\u003d\"extraction-tag ml-tag\" data-text\u003d\"39\" data-value\u003d\"39\" end\u003d\"498\" ml-tagorder\u003d\"7\" score\u003d\"0.89585521070676\" style\u003d\"border: 2px solid rgb(125, 157, 1);\" tagorder\u003d\"7\"\u003e39\u003c/quantity\u003e\u003c/span\u003e\u003c/formatting\u003e \u003c/span\u003e\u003c/line\u003e \u003c/span\u003e\u003c/par\u003e \u003c/p\u003e \n\u003c/text\u003e \u003c/td\u003e  \u003ctd style\u003d\"vertical-align:middle;\"\u003e\u003ctext\u003e\u003cp\u003e\u003cpar\u003e\u003cspan\u003e\u003cline\u003e\u003cspan\u003e\u003cformatting\u003eIdentity of the ordered item as a GTIN\u003c/formatting\u003e \u003c/span\u003e\u003c/line\u003e \u003c/span\u003e\u003c/par\u003e \u003c/p\u003e \n\u003c/text\u003e \u003c/td\u003e  \u003ctd style\u003d\"vertical-align:middle;\"\u003e\u003ctext\u003e\u003cp\u003e\u003cpar\u003e\u003cspan\u003e\u003cline\u003e\u003cspan\u003e\u003cformatting\u003e$13,614.\u003c/formatting\u003e \u003c/span\u003e\u003c/line\u003e \u003c/span\u003e\u003c/par\u003e \u003c/p\u003e \n\u003c/text\u003e \u003c/td\u003e  \u003c/tr\u003e \n\u003ctr\u003e\u003ctd class\u003d\"\"\u003e\u003ctext\u003e\u003cp\u003e\u003cpar\u003e\u003cspan\u003e\u003cline\u003e\u003cspan\u003e\u003cformatting\u003e\u003cproduct begin\u003d\"570\" class\u003d\"extraction-tag ml-tag\" data-text\u003d\"Enormous Wool Shirt\" data-value\u003d\"Enormous Wool Shirt\" end\u003d\"589\" ml-tagorder\u003d\"8\" score\u003d\"0.741059375397894\" style\u003d\"border: 2px solid rgb(125, 157, 1);\" tagorder\u003d\"8\"\u003eEnormous Wool Shirt\u003c/product\u003e\u003c/formatting\u003e \u003c/span\u003e\u003c/line\u003e \u003c/span\u003e\u003c/par\u003e \u003c/p\u003e \n\u003c/text\u003e \u003c/td\u003e  \u003ctd style\u003d\"vertical-align:middle;\"\u003e\u003ctext\u003e\u003cp\u003e\u003cpar\u003e\u003cspan\u003e\u003cline\u003e\u003cspan\u003e\u003cformatting\u003e\u003cprice begin\u003d\"597\" class\u003d\"extraction-tag ml-tag\" data-text\u003d\"$761.52\" data-value\u003d\"$761.52\" end\u003d\"604\" ml-tagorder\u003d\"9\" score\u003d\"0.8850766118339027\" style\u003d\"border: 2px solid rgb(125, 157, 1);\" tagorder\u003d\"9\"\u003e$761.52\u003c/price\u003e\u003c/formatting\u003e \u003c/span\u003e\u003c/line\u003e \u003c/span\u003e\u003c/par\u003e \u003c/p\u003e \n\u003c/text\u003e \u003c/td\u003e  \u003ctd class\u003d\"\"\u003e\u003ctext\u003e\u003cp\u003e\u003cpar\u003e\u003cspan\u003e\u003cline\u003e\u003cspan\u003e\u003cformatting\u003e\u003cspan\u003e\u003cquantity begin\u003d\"612\" class\u003d\"extraction-tag ml-tag\" data-text\u003d\"59\" data-value\u003d\"59\" end\u003d\"614\" ml-tagorder\u003d\"10\" score\u003d\"0.880219130460293\" style\u003d\"border: 2px solid rgb(125, 157, 1);\" tagorder\u003d\"10\"\u003e59\u003c/quantity\u003e\u003c/span\u003e\u003c/formatting\u003e \u003c/span\u003e\u003c/line\u003e \u003c/span\u003e\u003c/par\u003e \u003c/p\u003e \n\u003c/text\u003e \u003c/td\u003e  \u003ctd style\u003d\"vertical-align:middle;\"\u003e\u003ctext\u003e\u003cp\u003e\u003cpar\u003e\u003cspan\u003e\u003cline\u003e\u003cspan\u003e\u003cformatting\u003eThe item is a package of low-fat milk.\u003c/formatting\u003e \u003c/span\u003e\u003c/line\u003e \u003c/span\u003e\u003c/par\u003e \u003c/p\u003e \n\u003c/text\u003e \u003c/td\u003e  \u003ctd style\u003d\"vertical-align:middle;\"\u003e\u003ctext\u003e\u003cp\u003e\u003cpar\u003e\u003cspan\u003e\u003cline\u003e\u003cspan\u003e\u003cformatting\u003e$44,929.\u003c/formatting\u003e \u003c/span\u003e\u003c/line\u003e \u003c/span\u003e\u003c/par\u003e \u003c/p\u003e \n\u003c/text\u003e \u003c/td\u003e  \u003c/tr\u003e \n\u003ctr\u003e\u003ctd class\u003d\"\"\u003e\u003ctext\u003e\u003cp\u003e\u003cpar\u003e\u003cspan\u003e\u003cline\u003e\u003cspan\u003e\u003cformatting\u003e\u003cproduct begin\u003d\"686\" class\u003d\"extraction-tag ml-tag\" data-text\u003d\"Heavy Duty Wool Bottle\" data-value\u003d\"Heavy Duty Wool Bottle\" end\u003d\"708\" ml-tagorder\u003d\"11\" score\u003d\"0.7282020331928669\" style\u003d\"border: 2px solid rgb(125, 157, 1);\" tagorder\u003d\"11\"\u003eHeavy Duty Wool Bottle\u003c/product\u003e\u003c/formatting\u003e \u003c/span\u003e\u003c/line\u003e \u003c/span\u003e\u003c/par\u003e \u003c/p\u003e \n\u003c/text\u003e \u003c/td\u003e  \u003ctd style\u003d\"vertical-align:middle;\"\u003e\u003ctext\u003e\u003cp\u003e\u003cpar\u003e\u003cspan\u003e\u003cline\u003e\u003cspan\u003e\u003cformatting\u003e\u003cprice begin\u003d\"716\" class\u003d\"extraction-tag ml-tag\" data-text\u003d\"$730.14\" data-value\u003d\"$730.14\" end\u003d\"723\" ml-tagorder\u003d\"12\" score\u003d\"0.8171219704641786\" style\u003d\"border: 2px solid rgb(125, 157, 1);\" tagorder\u003d\"12\"\u003e$730.14\u003c/price\u003e\u003c/formatting\u003e \u003c/span\u003e\u003c/line\u003e \u003c/span\u003e\u003c/par\u003e \u003c/p\u003e \n\u003c/text\u003e \u003c/td\u003e  \u003ctd class\u003d\"\"\u003e\u003ctext\u003e\u003cp\u003e\u003cpar\u003e\u003cspan\u003e\u003cline\u003e\u003cspan\u003e\u003cformatting\u003e\u003cspan\u003e\u003cquantity begin\u003d\"731\" class\u003d\"extraction-tag ml-tag\" data-text\u003d\"39\" data-value\u003d\"39\" end\u003d\"733\" ml-tagorder\u003d\"13\" score\u003d\"0.9081132789603763\" style\u003d\"border: 2px solid rgb(125, 157, 1);\" tagorder\u003d\"13\"\u003e39\u003c/quantity\u003e\u003c/span\u003e\u003c/formatting\u003e \u003c/span\u003e\u003c/line\u003e \u003c/span\u003e\u003c/par\u003e \u003c/p\u003e \n\u003c/text\u003e \u003c/td\u003e  \u003ctd style\u003d\"vertical-align:middle;\"\u003e\u003ctext\u003e\u003cp\u003e\u003cpar\u003e\u003cspan\u003e\u003cline\u003e\u003cspan\u003e\u003cformatting\u003eIdentity of this call-off/order confirmation as a GDTI\u003c/formatting\u003e \u003c/span\u003e\u003c/line\u003e \u003c/span\u003e\u003c/par\u003e \u003c/p\u003e \n\u003c/text\u003e \u003c/td\u003e  \u003ctd style\u003d\"vertical-align:middle;\"\u003e\u003ctext\u003e\u003cp\u003e\u003cpar\u003e\u003cspan\u003e\u003cline\u003e\u003cspan\u003e\u003cformatting\u003e$28,475.\u003c/formatting\u003e \u003c/span\u003e\u003c/line\u003e \u003c/span\u003e\u003c/par\u003e \u003c/p\u003e \n\u003c/text\u003e \u003c/td\u003e  \u003c/tr\u003e \n\u003c/tbody\u003e\u003c/table\u003e\n\u003cblock\u003e\u003ctext\u003e\u003cp\u003e\u003cpar\u003e\u003cspan\u003e\u003cline\u003e\u003cspan\u003e\u003cformatting\u003eTAX (20%)\u003c/formatting\u003e \u003c/span\u003e\u003c/line\u003e \u003cline\u003e\u003cspan\u003e\u003cformatting\u003eTOTAL\u003c/formatting\u003e \u003c/span\u003e\u003c/line\u003e \u003c/span\u003e\u003c/par\u003e \u003c/p\u003e \n\u003c/text\u003e \u003c/block\u003e \u003cblock\u003e\u003ctext\u003e\u003cp\u003e\u003cpar\u003e\u003cspan\u003e\u003cline\u003e\u003cspan\u003e\u003cformatting\u003eSUBTOTAL\u003c/formatting\u003e \u003c/span\u003e\u003c/line\u003e \u003c/span\u003e\u003c/par\u003e \u003c/p\u003e \n\u003c/text\u003e \u003c/block\u003e \u003cblock\u003e\u003ctext\u003e\u003cp\u003e\u003cpar\u003e\u003cspan\u003e\u003cline\u003e\u003cspan\u003e\u003cformatting\u003e$94,244.85\u003c/formatting\u003e \u003c/span\u003e\u003c/line\u003e \u003c/span\u003e\u003c/par\u003e \u003cpar\u003e\u003cspan\u003e\u003cline\u003e\u003cspan\u003e\u003cformatting\u003e$18,848.97\u003c/formatting\u003e \u003c/span\u003e\u003c/line\u003e \u003c/span\u003e\u003c/par\u003e \u003cpar\u003e\u003cspan\u003e\u003cline\u003e\u003cspan\u003e\u003cformatting\u003e$\u003cspan\u003e\u003ctotal_amount begin\u003d\"887\" class\u003d\"extraction-tag ml-tag\" data-text\u003d\"113,093.82\" data-value\u003d\"113,093.82\" end\u003d\"897\" ml-tagorder\u003d\"14\" score\u003d\"0.7577175309956207\" style\u003d\"border: 2px solid rgb(125, 157, 1);\" tagorder\u003d\"14\"\u003e113,093.82\u003c/total_amount\u003e\u003c/span\u003e\u003c/formatting\u003e \u003c/span\u003e\u003c/line\u003e \u003c/span\u003e\u003c/par\u003e \u003c/p\u003e \n\u003c/text\u003e \u003c/block\u003e \u003cblock\u003e\u003ctext\u003e\u003cp\u003e\u003cpar\u003e\u003cspan\u003e\u003cline\u003e\u003cspan\u003e\u003cformatting\u003eAcccountant\u0027s siganture\u003c/formatting\u003e \u003c/span\u003e\u003c/line\u003e \u003c/span\u003e\u003c/par\u003e \u003c/p\u003e \n\u003c/text\u003e \u003c/block\u003e \u003cblock\u003e\u003ctext\u003e\u003cp\u003e\u003cpar\u003e\u003cspan\u003e\u003cline\u003e\u003cspan\u003e\u003cformatting\u003e( Rowan Nikolaus)\u003c/formatting\u003e \u003c/span\u003e\u003c/line\u003e \u003c/span\u003e\u003c/par\u003e \u003c/p\u003e \n\u003c/text\u003e \u003c/block\u003e \u003cblock\u003e\u003ctext\u003e\u003cp\u003e\u003cpar\u003e\u003cspan\u003e\u003cline\u003e\u003cspan\u003e\u003cformatting\u003eCompany catalog □\u003c/formatting\u003e \u003c/span\u003e\u003c/line\u003e \u003c/span\u003e\u003c/par\u003e \u003c/p\u003e \n\u003c/text\u003e \u003c/block\u003e \u003cblock\u003e\u003ctext\u003e\u003cp\u003e\u003cpar\u003e\u003cspan\u003e\u003cline\u003e\u003cspan\u003e\u003cformatting\u003eAdditional package □\u003c/formatting\u003e \u003c/span\u003e\u003c/line\u003e \u003c/span\u003e\u003c/par\u003e \u003c/p\u003e \n\u003c/text\u003e \u003c/block\u003e \u003cblock\u003e\u003ctext\u003e\u003cp\u003e\u003cpar\u003e\u003cspan\u003e\u003cline\u003e\u003cspan\u003e\u003cformatting\u003eOTHER OPTIONS\u003c/formatting\u003e \u003c/span\u003e\u003c/line\u003e \u003c/span\u003e\u003c/par\u003e \u003c/p\u003e \n\u003c/text\u003e \u003c/block\u003e \u003cblock\u003e\u003ctext\u003e\u003cp\u003e\u003cpar\u003e\u003cspan\u003e\u003cline\u003e\u003cspan\u003e\u003cformatting\u003e\u0027 ti u\u0026amp;rb fl\u003c/formatting\u003e \u003c/span\u003e\u003c/line\u003e \u003c/span\u003e\u003c/par\u003e \u003cpar\u003e\u003cspan\u003e\u003cline\u003e\u003cspan\u003e\u003cformatting\u003etit f\u003c/formatting\u003e \u003c/span\u003e\u003c/line\u003e \u003c/span\u003e\u003c/par\u003e \u003c/p\u003e \n\u003c/text\u003e \u003c/block\u003e \u003cblock\u003e\u003ctext\u003e\u003cp\u003e\u003cpar\u003e\u003cspan\u003e\u003cline\u003e\u003cspan\u003e\u003cformatting\u003eInsurance\u003c/formatting\u003e \u003c/span\u003e\u003c/line\u003e \u003c/span\u003e\u003c/par\u003e \u003c/p\u003e \n\u003c/text\u003e \u003c/block\u003e \u003cblock\u003e\u003ctext\u003e\u003cp\u003e\u003cpar\u003e\u003cspan\u003e\u003cline\u003e\u003cspan\u003e\u003cformatting\u003e□\u003c/formatting\u003e \u003c/span\u003e\u003c/line\u003e \u003c/span\u003e\u003c/par\u003e \u003c/p\u003e \n\u003c/text\u003e \u003c/block\u003e \u003c/page\u003e\u003c/document\u003e","tags":[{"score":0.5828102420863784,"end":28,"tag":"supplier_name","text":"Blanda Inc","estimatedAccuracy":0.0,"begin":18},{"score":0.7911484213002787,"end":55,"tag":"invoice_number","text":"7536317931","estimatedAccuracy":0.0,"begin":45},{"score":0.8459050514735107,"end":336,"tag":"product","text":"Intelligent Wooden Computer","estimatedAccuracy":0.0,"begin":309},{"score":0.9428820042688956,"end":351,"tag":"price","text":"$481.68","estimatedAccuracy":0.0,"begin":344},{"score":0.94798760419264,"end":361,"tag":"quantity","text":"15","estimatedAccuracy":0.0,"begin":359},{"score":0.8058915492238568,"end":473,"tag":"product","text":"Intelligent Bronze Chair","estimatedAccuracy":0.0,"begin":449},{"score":0.9001390015303398,"end":488,"tag":"price","text":"$349.09","estimatedAccuracy":0.0,"begin":481},{"score":0.89585521070676,"end":498,"tag":"quantity","text":"39","estimatedAccuracy":0.0,"begin":496},{"score":0.741059375397894,"end":589,"tag":"product","text":"Enormous Wool Shirt","estimatedAccuracy":0.0,"begin":570},{"score":0.8850766118339027,"end":604,"tag":"price","text":"$761.52","estimatedAccuracy":0.0,"begin":597},{"score":0.880219130460293,"end":614,"tag":"quantity","text":"59","estimatedAccuracy":0.0,"begin":612},{"score":0.7282020331928669,"end":708,"tag":"product","text":"Heavy Duty Wool Bottle","estimatedAccuracy":0.0,"begin":686},{"score":0.8171219704641786,"end":723,"tag":"price","text":"$730.14","estimatedAccuracy":0.0,"begin":716},{"score":0.9081132789603763,"end":733,"tag":"quantity","text":"39","estimatedAccuracy":0.0,"begin":731},{"score":0.7577175309956207,"end":897,"tag":"total_amount","text":"113,093.82","estimatedAccuracy":0.0,"begin":887}],"group":"invoice_number|price|product|quantity|supplier_name|total_amount"}