{"finalScore":0.814863573039786,"metaInfo":{"model":{"coreVersion":"9.3.0.9"}},"sumScore":24.44590719119358,"tagsCounter":30.0,"taggedText":"\u003cbase\u003e\u003c/base\u003e\u003cstyle type\u003d\"text/css\"\u003e\u003c/style\u003e\u003cmeta content\u003d\"text-html; charset\u003dutf-8\"\u003e\u003c/meta\u003e\u003cdocument\u003e\u003cpage\u003e\u003cblock\u003e\u003ctext\u003e\u003cp\u003e\u003cpar\u003e\u003cspan\u003e\u003cline\u003e\u003cspan\u003e\u003cformatting\u003e\u003csupplier_name begin\u003d\"0\" class\u003d\"extraction-tag ml-tag\" data-text\u003d\"Mertz LLC\" data-value\u003d\"Mertz LLC\" end\u003d\"9\" ml-tagorder\u003d\"0\" score\u003d\"0.6537430099929213\" style\u003d\"border: 2px solid rgb(125, 157, 1);\" tagorder\u003d\"0\"\u003eMertz LLC\u003c/supplier_name\u003e\u003c/formatting\u003e \u003c/span\u003e\u003c/line\u003e \u003c/span\u003e\u003c/par\u003e \u003c/p\u003e \n\u003c/text\u003e \u003c/block\u003e \u003cblock\u003e\u003ctext\u003e\u003cp\u003e\u003cpar\u003e\u003cspan\u003e\u003cline\u003e\u003cspan\u003e\u003cformatting\u003eINVOICE rv\u0027\u003c/formatting\u003e \u003c/span\u003e\u003c/line\u003e \u003c/span\u003e\u003c/par\u003e \u003c/p\u003e \n\u003c/text\u003e \u003c/block\u003e \u003cblock\u003e\u003ctext\u003e\u003cp\u003e\u003cpar\u003e\u003cspan\u003e\u003cline\u003e\u003cspan\u003e\u003cformatting\u003eBILL TO\u003c/formatting\u003e \u003c/span\u003e\u003c/line\u003e \u003c/span\u003e\u003c/par\u003e \u003cpar\u003e\u003cspan\u003e\u003cline\u003e\u003cspan\u003e\u003cformatting\u003eJoe Joe Bauch PhD\u003c/formatting\u003e \u003c/span\u003e\u003c/line\u003e \u003cline\u003e\u003cspan\u003e\u003cformatting\u003eEast Abelardo, WV 98839\u003c/formatting\u003e \u003c/span\u003e\u003c/line\u003e \u003c/span\u003e\u003c/par\u003e \u003cpar\u003e\u003cspan\u003e\u003cline\u003e\u003cspan\u003e\u003cformatting\u003e53420-\u003c/formatting\u003e \u003c/span\u003e\u003c/line\u003e \u003c/span\u003e\u003c/par\u003e \u003cpar\u003e\u003cspan\u003e\u003cline\u003e\u003cspan\u003e\u003cformatting\u003e7540\u003c/formatting\u003e \u003c/span\u003e\u003c/line\u003e \u003c/span\u003e\u003c/par\u003e \u003cpar\u003e\u003cspan\u003e\u003cline\u003e\u003cspan\u003e\u003cformatting\u003eNorth\u003c/formatting\u003e \u003c/span\u003e\u003c/line\u003e \u003c/span\u003e\u003c/par\u003e \u003c/p\u003e \n\u003c/text\u003e \u003c/block\u003e \u003cblock\u003e\u003ctext\u003e\u003cp\u003e\u003cpar\u003e\u003cspan\u003e\u003cline\u003e\u003cspan\u003e\u003cformatting\u003eInvoice # \u003cinvoice_number begin\u003d\"127\" class\u003d\"extraction-tag ml-tag\" data-text\u003d\"3202057232\" data-value\u003d\"3202057232\" end\u003d\"137\" ml-tagorder\u003d\"1\" score\u003d\"0.7968843593916962\" style\u003d\"border: 2px solid rgb(125, 157, 1);\" tagorder\u003d\"1\"\u003e3202057232\u003c/invoice_number\u003e\u003c/formatting\u003e \u003c/span\u003e\u003c/line\u003e \u003c/span\u003e\u003c/par\u003e \u003cpar\u003e\u003cspan\u003e\u003cline\u003e\u003cspan\u003e\u003cformatting\u003eOrder date 0\u003c/formatting\u003e \u003c/span\u003e\u003c/line\u003e \u003cline\u003e\u003cspan\u003e\u003cformatting\u003eAccount number 79DPalRV72B591RS\u003c/formatting\u003e \u003c/span\u003e\u003c/line\u003e \u003c/span\u003e\u003c/par\u003e \u003cpar\u003e\u003cspan\u003e\u003cline\u003e\u003cspan\u003e\u003cformatting\u003eShipment provided\u003c/formatting\u003e \u003c/span\u003e\u003c/line\u003e \u003c/span\u003e\u003c/par\u003e \u003c/p\u003e \n\u003c/text\u003e \u003c/block\u003e \u003cblock\u003e\u003ctext\u003e\u003cp\u003e\u003cpar\u003e\u003cspan\u003e\u003cline\u003e\u003cspan\u003e\u003cformatting\u003eV\u003c/formatting\u003e \u003c/span\u003e\u003c/line\u003e \u003c/span\u003e\u003c/par\u003e \u003c/p\u003e \n\u003c/text\u003e \u003c/block\u003e \u003cblock\u003e\u003ctext\u003e\u003cp\u003e\u003cpar\u003e\u003cspan\u003e\u003cline\u003e\u003cspan\u003e\u003cformatting\u003eAiexys haven\u003c/formatting\u003e \u003c/span\u003e\u003c/line\u003e \u003c/span\u003e\u003c/par\u003e \u003c/p\u003e \n\u003c/text\u003e \u003c/block\u003e \u003cblock\u003e\u003ctext\u003e\u003cp\u003e\u003cpar\u003e\u003cspan\u003e\u003cline\u003e\u003cspan\u003e\u003cformatting\u003eKiribati\u003c/formatting\u003e \u003c/span\u003e\u003c/line\u003e \u003c/span\u003e\u003c/par\u003e \u003c/p\u003e \n\u003c/text\u003e \u003c/block\u003e \u003ctable border\u003d\"1\" style\u003d\"user-select: auto;\"\u003e\u003ctbody\u003e\u003ctr\u003e\u003ctd style\u003d\"vertical-align:middle;\"\u003e\u003ctext\u003e\u003cp\u003e\u003cpar\u003e\u003cspan\u003e\u003cline\u003e\u003cspan\u003e\u003cformatting\u003eProduct\u003c/formatting\u003e \u003c/span\u003e\u003c/line\u003e \u003c/span\u003e\u003c/par\u003e \u003c/p\u003e \n\u003c/text\u003e \u003c/td\u003e  \u003ctd style\u003d\"vertical-align:middle;\"\u003e\u003ctext\u003e\u003cp\u003e\u003cpar\u003e\u003cspan\u003e\u003cline\u003e\u003cspan\u003e\u003cformatting\u003ePrice\u003c/formatting\u003e \u003c/span\u003e\u003c/line\u003e \u003c/span\u003e\u003c/par\u003e \u003c/p\u003e \n\u003c/text\u003e \u003c/td\u003e  \u003ctd style\u003d\"vertical-align:middle;\"\u003e\u003ctext\u003e\u003cp\u003e\u003cpar\u003e\u003cspan\u003e\u003cline\u003e\u003cspan\u003e\u003cformatting\u003eQuantity\u003c/formatting\u003e \u003c/span\u003e\u003c/line\u003e \u003c/span\u003e\u003c/par\u003e \u003c/p\u003e \n\u003c/text\u003e \u003c/td\u003e  \u003ctd style\u003d\"vertical-align:middle;\"\u003e\u003ctext\u003e\u003cp\u003e\u003cpar\u003e\u003cspan\u003e\u003cline\u003e\u003cspan\u003e\u003cformatting\u003eDescription\u003c/formatting\u003e \u003c/span\u003e\u003c/line\u003e \u003c/span\u003e\u003c/par\u003e \u003c/p\u003e \n\u003c/text\u003e \u003c/td\u003e  \u003ctd style\u003d\"vertical-align:middle;\"\u003e\u003ctext\u003e\u003cp\u003e\u003cpar\u003e\u003cspan\u003e\u003cline\u003e\u003cspan\u003e\u003cformatting\u003eTotal\u003c/formatting\u003e \u003c/span\u003e\u003c/line\u003e \u003c/span\u003e\u003c/par\u003e \u003c/p\u003e \n\u003c/text\u003e \u003c/td\u003e  \u003c/tr\u003e \n\u003ctr\u003e\u003ctd class\u003d\"\"\u003e\u003ctext\u003e\u003cp\u003e\u003cpar\u003e\u003cspan\u003e\u003cline\u003e\u003cspan\u003e\u003cformatting\u003e\u003cproduct begin\u003d\"332\" class\u003d\"extraction-tag ml-tag\" data-text\u003d\"Awesome Plastic Bench\" data-value\u003d\"Awesome Plastic Bench\" end\u003d\"353\" ml-tagorder\u003d\"2\" score\u003d\"0.8580746437848085\" style\u003d\"border: 2px solid rgb(125, 157, 1);\" tagorder\u003d\"2\"\u003eAwesome Plastic Bench\u003c/product\u003e\u003c/formatting\u003e \u003c/span\u003e\u003c/line\u003e \u003c/span\u003e\u003c/par\u003e \u003c/p\u003e \n\u003c/text\u003e \u003c/td\u003e  \u003ctd style\u003d\"vertical-align:middle;\"\u003e\u003ctext\u003e\u003cp\u003e\u003cpar\u003e\u003cspan\u003e\u003cline\u003e\u003cspan\u003e\u003cformatting\u003e\u003cprice begin\u003d\"361\" class\u003d\"extraction-tag ml-tag\" data-text\u003d\"$940.38\" data-value\u003d\"$940.38\" end\u003d\"368\" ml-tagorder\u003d\"3\" score\u003d\"0.9168844053664459\" style\u003d\"border: 2px solid rgb(125, 157, 1);\" tagorder\u003d\"3\"\u003e$940.38\u003c/price\u003e\u003c/formatting\u003e \u003c/span\u003e\u003c/line\u003e \u003c/span\u003e\u003c/par\u003e \u003c/p\u003e \n\u003c/text\u003e \u003c/td\u003e  \u003ctd class\u003d\"\"\u003e\u003ctext\u003e\u003cp\u003e\u003cpar\u003e\u003cspan\u003e\u003cline\u003e\u003cspan\u003e\u003cformatting\u003e\u003cspan\u003e\u003cquantity begin\u003d\"376\" class\u003d\"extraction-tag ml-tag\" data-text\u003d\"27\" data-value\u003d\"27\" end\u003d\"378\" ml-tagorder\u003d\"4\" score\u003d\"0.9280636240222613\" style\u003d\"border: 2px solid rgb(125, 157, 1);\" tagorder\u003d\"4\"\u003e27\u003c/quantity\u003e\u003c/span\u003e\u003c/formatting\u003e \u003c/span\u003e\u003c/line\u003e \u003c/span\u003e\u003c/par\u003e \u003c/p\u003e \n\u003c/text\u003e \u003c/td\u003e  \u003ctd style\u003d\"vertical-align:middle;\"\u003e\u003ctext\u003e\u003cp\u003e\u003cpar\u003e\u003cspan\u003e\u003cline\u003e\u003cspan\u003e\u003cformatting\u003eRead below for a description of a chronological resume\u003c/formatting\u003e \u003c/span\u003e\u003c/line\u003e \u003c/span\u003e\u003c/par\u003e \u003c/p\u003e \n\u003c/text\u003e \u003c/td\u003e  \u003ctd style\u003d\"vertical-align:middle;\"\u003e\u003ctext\u003e\u003cp\u003e\u003cpar\u003e\u003cspan\u003e\u003cline\u003e\u003cspan\u003e\u003cformatting\u003e$25,393.\u003c/formatting\u003e \u003c/span\u003e\u003c/line\u003e \u003c/span\u003e\u003c/par\u003e \u003c/p\u003e \n\u003c/text\u003e \u003c/td\u003e  \u003c/tr\u003e \n\u003ctr\u003e\u003ctd class\u003d\"\"\u003e\u003ctext\u003e\u003cp\u003e\u003cpar\u003e\u003cspan\u003e\u003cline\u003e\u003cspan\u003e\u003cformatting\u003e\u003cproduct begin\u003d\"466\" class\u003d\"extraction-tag ml-tag\" data-text\u003d\"Fantastic Cotton Bench\" data-value\u003d\"Fantastic Cotton Bench\" end\u003d\"488\" ml-tagorder\u003d\"5\" score\u003d\"0.7763351778101865\" style\u003d\"border: 2px solid rgb(125, 157, 1);\" tagorder\u003d\"5\"\u003eFantastic Cotton Bench\u003c/product\u003e\u003c/formatting\u003e \u003c/span\u003e\u003c/line\u003e \u003c/span\u003e\u003c/par\u003e \u003c/p\u003e \n\u003c/text\u003e \u003c/td\u003e  \u003ctd style\u003d\"vertical-align:middle;\"\u003e\u003ctext\u003e\u003cp\u003e\u003cpar\u003e\u003cspan\u003e\u003cline\u003e\u003cspan\u003e\u003cformatting\u003e\u003cprice begin\u003d\"496\" class\u003d\"extraction-tag ml-tag\" data-text\u003d\"$610.87\" data-value\u003d\"$610.87\" end\u003d\"503\" ml-tagorder\u003d\"6\" score\u003d\"0.8558041866538627\" style\u003d\"border: 2px solid rgb(125, 157, 1);\" tagorder\u003d\"6\"\u003e$610.87\u003c/price\u003e\u003c/formatting\u003e \u003c/span\u003e\u003c/line\u003e \u003c/span\u003e\u003c/par\u003e \u003c/p\u003e \n\u003c/text\u003e \u003c/td\u003e  \u003ctd class\u003d\"\"\u003e\u003ctext\u003e\u003cp\u003e\u003cpar\u003e\u003cspan\u003e\u003cline\u003e\u003cspan\u003e\u003cformatting\u003e\u003cspan\u003e\u003cquantity begin\u003d\"511\" class\u003d\"extraction-tag ml-tag\" data-text\u003d\"78\" data-value\u003d\"78\" end\u003d\"513\" ml-tagorder\u003d\"7\" score\u003d\"0.8835608729623131\" style\u003d\"border: 2px solid rgb(125, 157, 1);\" tagorder\u003d\"7\"\u003e78\u003c/quantity\u003e\u003c/span\u003e\u003c/formatting\u003e \u003c/span\u003e\u003c/line\u003e \u003c/span\u003e\u003c/par\u003e \u003c/p\u003e \n\u003c/text\u003e \u003c/td\u003e  \u003ctd style\u003d\"vertical-align:middle;\"\u003e\u003ctext\u003e\u003cp\u003e\u003cpar\u003e\u003cspan\u003e\u003cline\u003e\u003cspan\u003e\u003cformatting\u003eThis date is not yet known\u003c/formatting\u003e \u003c/span\u003e\u003c/line\u003e \u003c/span\u003e\u003c/par\u003e \u003c/p\u003e \n\u003c/text\u003e \u003c/td\u003e  \u003ctd style\u003d\"vertical-align:middle;\"\u003e\u003ctext\u003e\u003cp\u003e\u003cpar\u003e\u003cspan\u003e\u003cline\u003e\u003cspan\u003e\u003cformatting\u003e$47,647.\u003c/formatting\u003e \u003c/span\u003e\u003c/line\u003e \u003c/span\u003e\u003c/par\u003e \u003c/p\u003e \n\u003c/text\u003e \u003c/td\u003e  \u003c/tr\u003e \n\u003ctr\u003e\u003ctd class\u003d\"\"\u003e\u003ctext\u003e\u003cp\u003e\u003cpar\u003e\u003cspan\u003e\u003cline\u003e\u003cspan\u003e\u003cformatting\u003e\u003cproduct begin\u003d\"573\" class\u003d\"extraction-tag ml-tag\" data-text\u003d\"Awesome Bronze Keyboard\" data-value\u003d\"Awesome Bronze Keyboard\" end\u003d\"596\" ml-tagorder\u003d\"8\" score\u003d\"0.8713264584773883\" style\u003d\"border: 2px solid rgb(125, 157, 1);\" tagorder\u003d\"8\"\u003eAwesome Bronze Keyboard\u003c/product\u003e\u003c/formatting\u003e \u003c/span\u003e\u003c/line\u003e \u003c/span\u003e\u003c/par\u003e \u003c/p\u003e \n\u003c/text\u003e \u003c/td\u003e  \u003ctd style\u003d\"vertical-align:middle;\"\u003e\u003ctext\u003e\u003cp\u003e\u003cpar\u003e\u003cspan\u003e\u003cline\u003e\u003cspan\u003e\u003cformatting\u003e\u003cprice begin\u003d\"604\" class\u003d\"extraction-tag ml-tag\" data-text\u003d\"$473.72\" data-value\u003d\"$473.72\" end\u003d\"611\" ml-tagorder\u003d\"9\" score\u003d\"0.8064471785493341\" style\u003d\"border: 2px solid rgb(125, 157, 1);\" tagorder\u003d\"9\"\u003e$473.72\u003c/price\u003e\u003c/formatting\u003e \u003c/span\u003e\u003c/line\u003e \u003c/span\u003e\u003c/par\u003e \u003c/p\u003e \n\u003c/text\u003e \u003c/td\u003e  \u003ctd class\u003d\"\"\u003e\u003ctext\u003e\u003cp\u003e\u003cpar\u003e\u003cspan\u003e\u003cline\u003e\u003cspan\u003e\u003cformatting\u003e\u003cspan\u003e\u003cquantity begin\u003d\"619\" class\u003d\"extraction-tag ml-tag\" data-text\u003d\"1\" data-value\u003d\"1\" end\u003d\"620\" ml-tagorder\u003d\"10\" score\u003d\"0.8379334531165535\" style\u003d\"border: 2px solid rgb(125, 157, 1);\" tagorder\u003d\"10\"\u003e1\u003c/quantity\u003e\u003c/span\u003e\u003c/formatting\u003e \u003c/span\u003e\u003c/line\u003e \u003c/span\u003e\u003c/par\u003e \u003c/p\u003e \n\u003c/text\u003e \u003c/td\u003e  \u003ctd style\u003d\"vertical-align:middle;\"\u003e\u003ctext\u003e\u003cp\u003e\u003cpar\u003e\u003cspan\u003e\u003cline\u003e\u003cspan\u003e\u003cformatting\u003eIdentity of this call-off/order confirmation as a GDTI\u003c/formatting\u003e \u003c/span\u003e\u003c/line\u003e \u003c/span\u003e\u003c/par\u003e \u003c/p\u003e \n\u003c/text\u003e \u003c/td\u003e  \u003ctd style\u003d\"vertical-align:middle;\"\u003e\u003ctext\u003e\u003cp\u003e\u003cpar\u003e\u003cspan\u003e\u003cline\u003e\u003cspan\u003e\u003cformatting\u003e$47S.~2\u003c/formatting\u003e \u003c/span\u003e\u003c/line\u003e \u003c/span\u003e\u003c/par\u003e \u003c/p\u003e \n\u003c/text\u003e \u003c/td\u003e  \u003c/tr\u003e \n\u003ctr\u003e\u003ctd class\u003d\"\"\u003e\u003ctext\u003e\u003cp\u003e\u003cpar\u003e\u003cspan\u003e\u003cline\u003e\u003cspan\u003e\u003cformatting\u003e\u003cproduct begin\u003d\"707\" class\u003d\"extraction-tag ml-tag\" data-text\u003d\"Lightweight Wooden Bottle\" data-value\u003d\"Lightweight Wooden Bottle\" end\u003d\"732\" ml-tagorder\u003d\"11\" score\u003d\"0.7704084241801783\" style\u003d\"border: 2px solid rgb(125, 157, 1);\" tagorder\u003d\"11\"\u003eLightweight Wooden Bottle\u003c/product\u003e\u003c/formatting\u003e \u003c/span\u003e\u003c/line\u003e \u003c/span\u003e\u003c/par\u003e \u003c/p\u003e \n\u003c/text\u003e \u003c/td\u003e  \u003ctd style\u003d\"vertical-align:middle;\"\u003e\u003ctext\u003e\u003cp\u003e\u003cpar\u003e\u003cspan\u003e\u003cline\u003e\u003cspan\u003e\u003cformatting\u003e\u003cprice begin\u003d\"740\" class\u003d\"extraction-tag ml-tag\" data-text\u003d\"$659.83\" data-value\u003d\"$659.83\" end\u003d\"747\" ml-tagorder\u003d\"12\" score\u003d\"0.8340971337602093\" style\u003d\"border: 2px solid rgb(125, 157, 1);\" tagorder\u003d\"12\"\u003e$659.83\u003c/price\u003e\u003c/formatting\u003e \u003c/span\u003e\u003c/line\u003e \u003c/span\u003e\u003c/par\u003e \u003c/p\u003e \n\u003c/text\u003e \u003c/td\u003e  \u003ctd class\u003d\"\"\u003e\u003ctext\u003e\u003cp\u003e\u003cpar\u003e\u003cspan\u003e\u003cline\u003e\u003cspan\u003e\u003cformatting\u003e\u003cspan\u003e\u003cquantity begin\u003d\"755\" class\u003d\"extraction-tag ml-tag\" data-text\u003d\"31\" data-value\u003d\"31\" end\u003d\"757\" ml-tagorder\u003d\"13\" score\u003d\"0.8049633882813347\" style\u003d\"border: 2px solid rgb(125, 157, 1);\" tagorder\u003d\"13\"\u003e31\u003c/quantity\u003e\u003c/span\u003e\u003c/formatting\u003e \u003c/span\u003e\u003c/line\u003e \u003c/span\u003e\u003c/par\u003e \u003c/p\u003e \n\u003c/text\u003e \u003c/td\u003e  \u003ctd style\u003d\"vertical-align:middle;\"\u003e\u003ctext\u003e\u003cp\u003e\u003cpar\u003e\u003cspan\u003e\u003cline\u003e\u003cspan\u003e\u003cformatting\u003eIs that it is out of stcck.\u003c/formatting\u003e \u003c/span\u003e\u003c/line\u003e \u003c/span\u003e\u003c/par\u003e \u003c/p\u003e \n\u003c/text\u003e \u003c/td\u003e  \u003ctd style\u003d\"vertical-align:middle;\"\u003e\u003ctext\u003e\u003cp\u003e\u003cpar\u003e\u003cspan\u003e\u003cline\u003e\u003cspan\u003e\u003cformatting\u003e$20,454.\u003c/formatting\u003e \u003c/span\u003e\u003c/line\u003e \u003c/span\u003e\u003c/par\u003e \u003c/p\u003e \n\u003c/text\u003e \u003c/td\u003e  \u003c/tr\u003e \n\u003ctr\u003e\u003ctd class\u003d\"\"\u003e\u003ctext\u003e\u003cp\u003e\u003cpar\u003e\u003cspan\u003e\u003cline\u003e\u003cspan\u003e\u003cformatting\u003e\u003cproduct begin\u003d\"818\" class\u003d\"extraction-tag ml-tag\" data-text\u003d\"Heavy Duty Marble Chair\" data-value\u003d\"Heavy Duty Marble Chair\" end\u003d\"841\" ml-tagorder\u003d\"14\" score\u003d\"0.6699538967775718\" style\u003d\"border: 2px solid rgb(125, 157, 1);\" tagorder\u003d\"14\"\u003eHeavy Duty Marble Chair\u003c/product\u003e\u003c/formatting\u003e \u003c/span\u003e\u003c/line\u003e \u003c/span\u003e\u003c/par\u003e \u003c/p\u003e \n\u003c/text\u003e \u003c/td\u003e  \u003ctd style\u003d\"vertical-align:middle;\"\u003e\u003ctext\u003e\u003cp\u003e\u003cpar\u003e\u003cspan\u003e\u003cline\u003e\u003cspan\u003e\u003cformatting\u003e\u003cprice begin\u003d\"849\" class\u003d\"extraction-tag ml-tag\" data-text\u003d\"$534.70\" data-value\u003d\"$534.70\" end\u003d\"856\" ml-tagorder\u003d\"15\" score\u003d\"0.786645183043104\" style\u003d\"border: 2px solid rgb(125, 157, 1);\" tagorder\u003d\"15\"\u003e$534.70\u003c/price\u003e\u003c/formatting\u003e \u003c/span\u003e\u003c/line\u003e \u003c/span\u003e\u003c/par\u003e \u003c/p\u003e \n\u003c/text\u003e \u003c/td\u003e  \u003ctd class\u003d\"\"\u003e\u003ctext\u003e\u003cp\u003e\u003cpar\u003e\u003cspan\u003e\u003cline\u003e\u003cspan\u003e\u003cformatting\u003e\u003cspan\u003e\u003cquantity begin\u003d\"864\" class\u003d\"extraction-tag ml-tag\" data-text\u003d\"~23\" data-value\u003d\"~23\" end\u003d\"867\" ml-tagorder\u003d\"16\" score\u003d\"0.6678537767707798\" style\u003d\"border: 2px solid rgb(125, 157, 1);\" tagorder\u003d\"16\"\u003e~23\u003c/quantity\u003e\u003c/span\u003e\u003c/formatting\u003e \u003c/span\u003e\u003c/line\u003e \u003c/span\u003e\u003c/par\u003e \u003c/p\u003e \n\u003c/text\u003e \u003c/td\u003e  \u003ctd style\u003d\"vertical-align:middle;\"\u003e\u003ctext\u003e\u003cp\u003e\u003cpar\u003e\u003cspan\u003e\u003cline\u003e\u003cspan\u003e\u003cformatting\u003eRead below for a description o\u0027 a chronological resume\u003c/formatting\u003e \u003c/span\u003e\u003c/line\u003e \u003c/span\u003e\u003c/par\u003e \u003c/p\u003e \n\u003c/text\u003e \u003c/td\u003e  \u003ctd style\u003d\"vertical-align:middle;\"\u003e\u003ctext\u003e\u003cp\u003e\u003cpar\u003e\u003cspan\u003e\u003cline\u003e\u003cspan\u003e\u003cformatting\u003e$12,228.\u003c/formatting\u003e \u003c/span\u003e\u003c/line\u003e \u003c/span\u003e\u003c/par\u003e \u003c/p\u003e \n\u003c/text\u003e \u003c/td\u003e  \u003c/tr\u003e \n\u003ctr\u003e\u003ctd class\u003d\"\"\u003e\u003ctext\u003e\u003cp\u003e\u003cpar\u003e\u003cspan\u003e\u003cline\u003e\u003cspan\u003e\u003cformatting\u003e\u003cproduct begin\u003d\"955\" class\u003d\"extraction-tag ml-tag\" data-text\u003d\"Durable Silk Shoes\" data-value\u003d\"Durable Silk Shoes\" end\u003d\"973\" ml-tagorder\u003d\"17\" score\u003d\"0.8788116120698386\" style\u003d\"border: 2px solid rgb(125, 157, 1);\" tagorder\u003d\"17\"\u003eDurable Silk Shoes\u003c/product\u003e\u003c/formatting\u003e \u003c/span\u003e\u003c/line\u003e \u003c/span\u003e\u003c/par\u003e \u003c/p\u003e \n\u003c/text\u003e \u003c/td\u003e  \u003ctd style\u003d\"vertical-align:middle;\"\u003e\u003ctext\u003e\u003cp\u003e\u003cpar\u003e\u003cspan\u003e\u003cline\u003e\u003cspan\u003e\u003cformatting\u003e\u003cprice begin\u003d\"981\" class\u003d\"extraction-tag ml-tag\" data-text\u003d\"$812.32\" data-value\u003d\"$812.32\" end\u003d\"988\" ml-tagorder\u003d\"18\" score\u003d\"0.8191277389674257\" style\u003d\"border: 2px solid rgb(125, 157, 1);\" tagorder\u003d\"18\"\u003e$812.32\u003c/price\u003e\u003c/formatting\u003e \u003c/span\u003e\u003c/line\u003e \u003c/span\u003e\u003c/par\u003e \u003c/p\u003e \n\u003c/text\u003e \u003c/td\u003e  \u003ctd class\u003d\"\"\u003e\u003ctext\u003e\u003cp\u003e\u003cpar\u003e\u003cspan\u003e\u003cline\u003e\u003cspan\u003e\u003cformatting\u003e\u003cspan\u003e\u003cquantity begin\u003d\"996\" class\u003d\"extraction-tag ml-tag\" data-text\u003d\"21\" data-value\u003d\"21\" end\u003d\"998\" ml-tagorder\u003d\"19\" score\u003d\"0.7385234321462011\" style\u003d\"border: 2px solid rgb(125, 157, 1);\" tagorder\u003d\"19\"\u003e21\u003c/quantity\u003e\u003c/span\u003e\u003c/formatting\u003e \u003c/span\u003e\u003c/line\u003e \u003c/span\u003e\u003c/par\u003e \u003c/p\u003e \n\u003c/text\u003e \u003c/td\u003e  \u003ctd style\u003d\"vertical-align:middle;\"\u003e\u003ctext\u003e\u003cp\u003e\u003cpar\u003e\u003cspan\u003e\u003cline\u003e\u003cspan\u003e\u003cformatting\u003eThe items will be delivered on 2018-01, which differs\u003c/formatting\u003e \u003c/span\u003e\u003c/line\u003e \u003c/span\u003e\u003c/par\u003e \u003c/p\u003e \n\u003c/text\u003e \u003c/td\u003e  \u003ctd style\u003d\"vertical-align:middle;\"\u003e\u003ctext\u003e\u003cp\u003e\u003cpar\u003e\u003cspan\u003e\u003cline\u003e\u003cspan\u003e\u003cformatting\u003e$17,058.\u003c/formatting\u003e \u003c/span\u003e\u003c/line\u003e \u003c/span\u003e\u003c/par\u003e \u003c/p\u003e \n\u003c/text\u003e \u003c/td\u003e  \u003c/tr\u003e \n\u003ctr\u003e\u003ctd class\u003d\"\"\u003e\u003ctext\u003e\u003cp\u003e\u003cpar\u003e\u003cspan\u003e\u003cline\u003e\u003cspan\u003e\u003cformatting\u003e\u003cproduct begin\u003d\"1085\" class\u003d\"extraction-tag ml-tag\" data-text\u003d\"Durable Bronze Wallet\" data-value\u003d\"Durable Bronze Wallet\" end\u003d\"1106\" ml-tagorder\u003d\"20\" score\u003d\"0.8311055795489304\" style\u003d\"border: 2px solid rgb(125, 157, 1);\" tagorder\u003d\"20\"\u003eDurable Bronze Wallet\u003c/product\u003e\u003c/formatting\u003e \u003c/span\u003e\u003c/line\u003e \u003c/span\u003e\u003c/par\u003e \u003c/p\u003e \n\u003c/text\u003e \u003c/td\u003e  \u003ctd style\u003d\"vertical-align:middle;\"\u003e\u003ctext\u003e\u003cp\u003e\u003cpar\u003e\u003cspan\u003e\u003cline\u003e\u003cspan\u003e\u003cformatting\u003e\u003cprice begin\u003d\"1114\" class\u003d\"extraction-tag ml-tag\" data-text\u003d\"$541.48\" data-value\u003d\"$541.48\" end\u003d\"1121\" ml-tagorder\u003d\"21\" score\u003d\"0.8756574915540789\" style\u003d\"border: 2px solid rgb(125, 157, 1);\" tagorder\u003d\"21\"\u003e$541.48\u003c/price\u003e\u003c/formatting\u003e \u003c/span\u003e\u003c/line\u003e \u003c/span\u003e\u003c/par\u003e \u003c/p\u003e \n\u003c/text\u003e \u003c/td\u003e  \u003ctd class\u003d\"\"\u003e\u003ctext\u003e\u003cp\u003e\u003cpar\u003e\u003cspan\u003e\u003cline\u003e\u003cspan\u003e\u003cformatting\u003e\u003cspan\u003e\u003cquantity begin\u003d\"1129\" class\u003d\"extraction-tag ml-tag\" data-text\u003d\"16\" data-value\u003d\"16\" end\u003d\"1131\" ml-tagorder\u003d\"22\" score\u003d\"0.7674432519846041\" style\u003d\"border: 2px solid rgb(125, 157, 1);\" tagorder\u003d\"22\"\u003e16\u003c/quantity\u003e\u003c/span\u003e\u003c/formatting\u003e \u003c/span\u003e\u003c/line\u003e \u003c/span\u003e\u003c/par\u003e \u003c/p\u003e \n\u003c/text\u003e \u003c/td\u003e  \u003ctd style\u003d\"vertical-align:middle;\"\u003e\u003ctext\u003e\u003cp\u003e\u003cpar\u003e\u003cspan\u003e\u003cline\u003e\u003cspan\u003e\u003cformatting\u003eCall-cff/order confirmation line number 1\u003c/formatting\u003e \u003c/span\u003e\u003c/line\u003e \u003c/span\u003e\u003c/par\u003e \u003c/p\u003e \n\u003c/text\u003e \u003c/td\u003e  \u003ctd style\u003d\"vertical-align:middle;\"\u003e\u003ctext\u003e\u003cp\u003e\u003cpar\u003e\u003cspan\u003e\u003cline\u003e\u003cspan\u003e\u003cformatting\u003e$8,663.51\u003c/formatting\u003e \u003c/span\u003e\u003c/line\u003e \u003c/span\u003e\u003c/par\u003e \u003c/p\u003e \n\u003c/text\u003e \u003c/td\u003e  \u003c/tr\u003e \n\u003ctr\u003e\u003ctd class\u003d\"\"\u003e\u003ctext\u003e\u003cp\u003e\u003cpar\u003e\u003cspan\u003e\u003cline\u003e\u003cspan\u003e\u003cformatting\u003e\u003cproduct begin\u003d\"1207\" class\u003d\"extraction-tag ml-tag\" data-text\u003d\"Synergistic Plastic Bag\" data-value\u003d\"Synergistic Plastic Bag\" end\u003d\"1230\" ml-tagorder\u003d\"23\" score\u003d\"0.7417338979092623\" style\u003d\"border: 2px solid rgb(125, 157, 1);\" tagorder\u003d\"23\"\u003eSynergistic Plastic Bag\u003c/product\u003e\u003c/formatting\u003e \u003c/span\u003e\u003c/line\u003e \u003c/span\u003e\u003c/par\u003e \u003c/p\u003e \n\u003c/text\u003e \u003c/td\u003e  \u003ctd style\u003d\"vertical-align:middle;\"\u003e\u003ctext\u003e\u003cp\u003e\u003cpar\u003e\u003cspan\u003e\u003cline\u003e\u003cspan\u003e\u003cformatting\u003e\u003cprice begin\u003d\"1238\" class\u003d\"extraction-tag ml-tag\" data-text\u003d\"$170.11\" data-value\u003d\"$170.11\" end\u003d\"1245\" ml-tagorder\u003d\"24\" score\u003d\"0.8167788990040691\" style\u003d\"border: 2px solid rgb(125, 157, 1);\" tagorder\u003d\"24\"\u003e$170.11\u003c/price\u003e\u003c/formatting\u003e \u003c/span\u003e\u003c/line\u003e \u003c/span\u003e\u003c/par\u003e \u003c/p\u003e \n\u003c/text\u003e \u003c/td\u003e  \u003ctd class\u003d\"\"\u003e\u003ctext\u003e\u003cp\u003e\u003cpar\u003e\u003cspan\u003e\u003cline\u003e\u003cspan\u003e\u003cformatting\u003e\u003cspan\u003e\u003cquantity begin\u003d\"1253\" class\u003d\"extraction-tag ml-tag\" data-text\u003d\"61\" data-value\u003d\"61\" end\u003d\"1255\" ml-tagorder\u003d\"25\" score\u003d\"0.8942393841983338\" style\u003d\"border: 2px solid rgb(125, 157, 1);\" tagorder\u003d\"25\"\u003e61\u003c/quantity\u003e\u003c/span\u003e\u003c/formatting\u003e \u003c/span\u003e\u003c/line\u003e \u003c/span\u003e\u003c/par\u003e \u003c/p\u003e \n\u003c/text\u003e \u003c/td\u003e  \u003ctd style\u003d\"vertical-align:middle;\"\u003e\u003ctext\u003e\u003cp\u003e\u003cpar\u003e\u003cspan\u003e\u003cline\u003e\u003cspan\u003e\u003cformatting\u003eRead below for a description of a chronological resume\u003c/formatting\u003e \u003c/span\u003e\u003c/line\u003e \u003c/span\u003e\u003c/par\u003e \u003c/p\u003e \n\u003c/text\u003e \u003c/td\u003e  \u003ctd style\u003d\"vertical-align:middle;\"\u003e\u003ctext\u003e\u003cp\u003e\u003cpar\u003e\u003cspan\u003e\u003cline\u003e\u003cspan\u003e\u003cformatting\u003e$10,3762\u003c/formatting\u003e \u003c/span\u003e\u003c/line\u003e \u003c/span\u003e\u003c/par\u003e \u003c/p\u003e \n\u003c/text\u003e \u003c/td\u003e  \u003c/tr\u003e \n\u003ctr\u003e\u003ctd class\u003d\"\"\u003e\u003ctext\u003e\u003cp\u003e\u003cpar\u003e\u003cspan\u003e\u003cline\u003e\u003cspan\u003e\u003cformatting\u003e\u003cproduct begin\u003d\"1343\" class\u003d\"extraction-tag ml-tag\" data-text\u003d\"Aerodynamic Steel Shoes\" data-value\u003d\"Aerodynamic Steel Shoes\" end\u003d\"1366\" ml-tagorder\u003d\"26\" score\u003d\"0.8758687051249363\" style\u003d\"border: 2px solid rgb(125, 157, 1);\" tagorder\u003d\"26\"\u003eAerodynamic Steel Shoes\u003c/product\u003e\u003c/formatting\u003e \u003c/span\u003e\u003c/line\u003e \u003c/span\u003e\u003c/par\u003e \u003c/p\u003e \n\u003c/text\u003e \u003c/td\u003e  \u003ctd style\u003d\"vertical-align:middle;\"\u003e\u003ctext\u003e\u003cp\u003e\u003cpar\u003e\u003cspan\u003e\u003cline\u003e\u003cspan\u003e\u003cformatting\u003e\u003cprice begin\u003d\"1374\" class\u003d\"extraction-tag ml-tag\" data-text\u003d\"$343.57\" data-value\u003d\"$343.57\" end\u003d\"1381\" ml-tagorder\u003d\"27\" score\u003d\"0.8092236693836123\" style\u003d\"border: 2px solid rgb(125, 157, 1);\" tagorder\u003d\"27\"\u003e$343.57\u003c/price\u003e\u003c/formatting\u003e \u003c/span\u003e\u003c/line\u003e \u003c/span\u003e\u003c/par\u003e \u003c/p\u003e \n\u003c/text\u003e \u003c/td\u003e  \u003ctd class\u003d\"\"\u003e\u003ctext\u003e\u003cp\u003e\u003cpar\u003e\u003cspan\u003e\u003cline\u003e\u003cspan\u003e\u003cformatting\u003e\u003cspan\u003e\u003cquantity begin\u003d\"1389\" class\u003d\"extraction-tag ml-tag\" data-text\u003d\"22\" data-value\u003d\"22\" end\u003d\"1391\" ml-tagorder\u003d\"28\" score\u003d\"0.8996972999521416\" style\u003d\"border: 2px solid rgb(125, 157, 1);\" tagorder\u003d\"28\"\u003e22\u003c/quantity\u003e\u003c/span\u003e\u003c/formatting\u003e \u003c/span\u003e\u003c/line\u003e \u003c/span\u003e\u003c/par\u003e \u003c/p\u003e \n\u003c/text\u003e \u003c/td\u003e  \u003ctd style\u003d\"vertical-align:middle;\"\u003e\u003ctext\u003e\u003cp\u003e\u003cpar\u003e\u003cspan\u003e\u003cline\u003e\u003cspan\u003e\u003cformatting\u003eIdentity of this cali-off/order confirmation as a GDTI\u003c/formatting\u003e \u003c/span\u003e\u003c/line\u003e \u003c/span\u003e\u003c/par\u003e \u003c/p\u003e \n\u003c/text\u003e \u003c/td\u003e  \u003ctd style\u003d\"vertical-align:middle;\"\u003e\u003ctext\u003e\u003cp\u003e\u003cpar\u003e\u003cspan\u003e\u003cline\u003e\u003cspan\u003e\u003cformatting\u003e$7,558.5^\u003c/formatting\u003e \u003c/span\u003e\u003c/line\u003e \u003c/span\u003e\u003c/par\u003e \u003c/p\u003e \n\u003c/text\u003e \u003c/td\u003e  \u003c/tr\u003e \n\u003c/tbody\u003e\u003c/table\u003e\n\u003cblock\u003e\u003ctext\u003e\u003cp\u003e\u003cpar\u003e\u003cspan\u003e\u003cline\u003e\u003cspan\u003e\u003cformatting\u003eSUBTOTAL $\u003ctotal_amount begin\u003d\"1491\" class\u003d\"extraction-tag ml-tag\" data-text\u003d\"149,922.32\" data-value\u003d\"149,922.32\" end\u003d\"1501\" ml-tagorder\u003d\"29\" score\u003d\"0.7787170564091878\" style\u003d\"border: 2px solid rgb(125, 157, 1);\" tagorder\u003d\"29\"\u003e149,922.32\u003c/total_amount\u003e\u003c/formatting\u003e \u003c/span\u003e\u003c/line\u003e \u003c/span\u003e\u003c/par\u003e \u003c/p\u003e \n\u003c/text\u003e \u003c/block\u003e \u003cblock\u003e\u003ctext\u003e\u003cp\u003e\u003cpar\u003e\u003cspan\u003e\u003cline\u003e\u003cspan\u003e\u003cformatting\u003eAcccountant\u0027s siganture\u003c/formatting\u003e \u003c/span\u003e\u003c/line\u003e \u003c/span\u003e\u003c/par\u003e \u003c/p\u003e \n\u003c/text\u003e \u003c/block\u003e \u003cblock\u003e\u003ctext\u003e\u003cp\u003e\u003cpar\u003e\u003cspan\u003e\u003cline\u003e\u003cspan\u003e\u003cformatting\u003e1AX (20%)\u003c/formatting\u003e \u003c/span\u003e\u003c/line\u003e \u003c/span\u003e\u003c/par\u003e \u003c/p\u003e \n\u003c/text\u003e \u003c/block\u003e \u003cblock\u003e\u003ctext\u003e\u003cp\u003e\u003cpar\u003e\u003cspan\u003e\u003cline\u003e\u003cspan\u003e\u003cformatting\u003e$29,984.46\u003c/formatting\u003e \u003c/span\u003e\u003c/line\u003e \u003c/span\u003e\u003c/par\u003e \u003cpar\u003e\u003cspan\u003e\u003cline\u003e\u003cspan\u003e\u003cformatting\u003e$\u003cspan\u003e179,906.78\u003c/span\u003e\u003c/formatting\u003e \u003c/span\u003e\u003c/line\u003e \u003c/span\u003e\u003c/par\u003e \u003c/p\u003e \n\u003c/text\u003e \u003c/block\u003e \u003cblock\u003e\u003ctext\u003e\u003cp\u003e\u003cpar\u003e\u003cspan\u003e\u003cline\u003e\u003cspan\u003e\u003cformatting\u003eOTHER OPTIONS\u003c/formatting\u003e \u003c/span\u003e\u003c/line\u003e \u003cline\u003e\u003cspan\u003e\u003cformatting\u003eAdditional package □\u003c/formatting\u003e \u003c/span\u003e\u003c/line\u003e \u003cline\u003e\u003cspan\u003e\u003cformatting\u003eCompany catalog □\u003c/formatting\u003e \u003c/span\u003e\u003c/line\u003e \u003c/span\u003e\u003c/par\u003e \u003cpar\u003e\u003cspan\u003e\u003cline\u003e\u003cspan\u003e\u003cformatting\u003e□\u003c/formatting\u003e \u003c/span\u003e\u003c/line\u003e \u003c/span\u003e\u003c/par\u003e \u003c/p\u003e \n\u003c/text\u003e \u003c/block\u003e \u003cblock\u003e\u003ctext\u003e\u003cp\u003e\u003cpar\u003e\u003cspan\u003e\u003cline\u003e\u003cspan\u003e\u003cformatting\u003eInsurance\u003c/formatting\u003e \u003c/span\u003e\u003c/line\u003e \u003c/span\u003e\u003c/par\u003e \u003c/p\u003e \n\u003c/text\u003e \u003c/block\u003e \u003c/page\u003e\u003c/document\u003e","tags":[{"score":0.6537430099929213,"end":9,"tag":"supplier_name","text":"Mertz LLC","estimatedAccuracy":0.0,"begin":0},{"score":0.7968843593916962,"end":137,"tag":"invoice_number","text":"3202057232","estimatedAccuracy":0.0,"begin":127},{"score":0.8580746437848085,"end":353,"tag":"product","text":"Awesome Plastic Bench","estimatedAccuracy":0.0,"begin":332},{"score":0.9168844053664459,"end":368,"tag":"price","text":"$940.38","estimatedAccuracy":0.0,"begin":361},{"score":0.9280636240222613,"end":378,"tag":"quantity","text":"27","estimatedAccuracy":0.0,"begin":376},{"score":0.7763351778101865,"end":488,"tag":"product","text":"Fantastic Cotton Bench","estimatedAccuracy":0.0,"begin":466},{"score":0.8558041866538627,"end":503,"tag":"price","text":"$610.87","estimatedAccuracy":0.0,"begin":496},{"score":0.8835608729623131,"end":513,"tag":"quantity","text":"78","estimatedAccuracy":0.0,"begin":511},{"score":0.8713264584773883,"end":596,"tag":"product","text":"Awesome Bronze Keyboard","estimatedAccuracy":0.0,"begin":573},{"score":0.8064471785493341,"end":611,"tag":"price","text":"$473.72","estimatedAccuracy":0.0,"begin":604},{"score":0.8379334531165535,"end":620,"tag":"quantity","text":"1","estimatedAccuracy":0.0,"begin":619},{"score":0.7704084241801783,"end":732,"tag":"product","text":"Lightweight Wooden Bottle","estimatedAccuracy":0.0,"begin":707},{"score":0.8340971337602093,"end":747,"tag":"price","text":"$659.83","estimatedAccuracy":0.0,"begin":740},{"score":0.8049633882813347,"end":757,"tag":"quantity","text":"31","estimatedAccuracy":0.0,"begin":755},{"score":0.6699538967775718,"end":841,"tag":"product","text":"Heavy Duty Marble Chair","estimatedAccuracy":0.0,"begin":818},{"score":0.786645183043104,"end":856,"tag":"price","text":"$534.70","estimatedAccuracy":0.0,"begin":849},{"score":0.6678537767707798,"end":867,"tag":"quantity","text":"~23","estimatedAccuracy":0.0,"begin":864},{"score":0.8788116120698386,"end":973,"tag":"product","text":"Durable Silk Shoes","estimatedAccuracy":0.0,"begin":955},{"score":0.8191277389674257,"end":988,"tag":"price","text":"$812.32","estimatedAccuracy":0.0,"begin":981},{"score":0.7385234321462011,"end":998,"tag":"quantity","text":"21","estimatedAccuracy":0.0,"begin":996},{"score":0.8311055795489304,"end":1106,"tag":"product","text":"Durable Bronze Wallet","estimatedAccuracy":0.0,"begin":1085},{"score":0.8756574915540789,"end":1121,"tag":"price","text":"$541.48","estimatedAccuracy":0.0,"begin":1114},{"score":0.7674432519846041,"end":1131,"tag":"quantity","text":"16","estimatedAccuracy":0.0,"begin":1129},{"score":0.7417338979092623,"end":1230,"tag":"product","text":"Synergistic Plastic Bag","estimatedAccuracy":0.0,"begin":1207},{"score":0.8167788990040691,"end":1245,"tag":"price","text":"$170.11","estimatedAccuracy":0.0,"begin":1238},{"score":0.8942393841983338,"end":1255,"tag":"quantity","text":"61","estimatedAccuracy":0.0,"begin":1253},{"score":0.8758687051249363,"end":1366,"tag":"product","text":"Aerodynamic Steel Shoes","estimatedAccuracy":0.0,"begin":1343},{"score":0.8092236693836123,"end":1381,"tag":"price","text":"$343.57","estimatedAccuracy":0.0,"begin":1374},{"score":0.8996972999521416,"end":1391,"tag":"quantity","text":"22","estimatedAccuracy":0.0,"begin":1389},{"score":0.7787170564091878,"end":1501,"tag":"total_amount","text":"149,922.32","estimatedAccuracy":0.0,"begin":1491}],"group":"invoice_number|price|product|quantity|supplier_name|total_amount"}