{"finalScore":0.5707104031970153,"metaInfo":{"model":{"coreVersion":"9.3.0.9"}},"sumScore":3.424262419182092,"tagsCounter":6.0,"taggedText":"\u003chtml\u003e\u003chead\u003e\u003cscript src\u003d\"https://ajax.googleapis.com/ajax/libs/jquery/2.2.0/jquery.min.js\"\u003e\u003c/script\u003e\u003c/head\u003e\u003cbody\u003e\u003cdocument languages\u003d\"\" producer\u003d\"Workfusion\" schemalocation\u003d\"http://ocr.crowdcomputingsystems.com/xml/schema-v1.xml\" version\u003d\"1.0\" xmlns\u003d\"http://ocr.crowdcomputingsystems.com/xml/schema-v1.xml\" xsi\u003d\"http://www.w3.org/2001/XMLSchema-instance\"\u003e \u003clink href\u003d\"https://s3.amazonaws.com/workfusion-resources/ocr/ocr-xml-viewer-0.3-scale-to-width.css\" rel\u003d\"stylesheet\" type\u003d\"text/css\"\u003e\u003c/link\u003e \u003cstyle\u003e\u003c/style\u003e\u003cpage data-pages\u003d\"1\" h\u003d\"1304\" resolution\u003d\"120\" style\u003d\"height: 1134px;\" w\u003d\"1007\"\u003e \u003cblock b\u003d\"160\" blockname\u003d\"\" blocktype\u003d\"Text\" l\u003d\"57\" r\u003d\"328\" style\u003d\"transform: translate(80px, 65px); position: absolute; width: 378.377px; height: 108.333px;\" t\u003d\"60\"\u003e \u003cregion\u003e \u003crect b\u003d\"160\" l\u003d\"57\" r\u003d\"328\" t\u003d\"60\"\u003e\u003c/rect\u003e  \u003c/region\u003e  \u003ctext\u003e \u003cpar linespacing\u003d\"1200\" rightindent\u003d\"37400\"\u003e \u003cline b\u003d\"77\" baseline\u003d\"74\" l\u003d\"59\" r\u003d\"232\" style\u003d\"transform: translate(3px, 1px); position: absolute;\" t\u003d\"61\"\u003e \u003cformatting lang\u003d\"EnglishUnitedStates\"\u003e \u003csupplier_name begin\u003d\"13\" class\u003d\"extraction-tag ml-tag\" data-text\u003d\"Jkdie-Kool Company\" data-value\u003d\"Jkdie-Kool Company\" end\u003d\"31\" ml-tagorder\u003d\"0\" score\u003d\"0.44365582356617145\" style\u003d\"border: 2px solid rgb(125, 157, 1);\" tagorder\u003d\"0\"\u003eJkdie-Kool Company\u003c/supplier_name\u003e \u003c/formatting\u003e  \u003c/line\u003e  \u003cline b\u003d\"114\" baseline\u003d\"114\" l\u003d\"61\" r\u003d\"153\" style\u003d\"transform: translate(6px, 46px); position: absolute;\" t\u003d\"102\"\u003e \u003cformatting lang\u003d\"EnglishUnitedStates\"\u003e 123 Abe St. \u003c/formatting\u003e  \u003c/line\u003e  \u003c/par\u003e  \u003cpar linespacing\u003d\"1200\"\u003e \u003cline b\u003d\"134\" baseline\u003d\"133\" l\u003d\"58\" r\u003d\"244\" style\u003d\"transform: translate(1px, 66px); position: absolute;\" t\u003d\"121\"\u003e \u003cformatting lang\u003d\"EnglishUnitedStates\"\u003e Tel: ###-###-#### \u003c/formatting\u003e  \u003c/line\u003e  \u003c/par\u003e  \u003cpar linespacing\u003d\"1200\"\u003e \u003cline b\u003d\"157\" baseline\u003d\"156\" l\u003d\"60\" r\u003d\"325\" style\u003d\"transform: translate(4px, 88px); position: absolute;\" t\u003d\"141\"\u003e \u003cformatting lang\u003d\"EnglishUnitedStates\"\u003e Email: \u003cemail begin\u003d\"93\" class\u003d\"extraction-tag ml-tag\" data-text\u003d\"YQurEm.ail@YQur.Slte.com\" data-value\u003d\"YQurEm.ail@YQur.Slte.com\" end\u003d\"117\" ml-tagorder\u003d\"1\" score\u003d\"0.6020868521161116\" style\u003d\"border: 2px solid rgb(125, 157, 1);\" tagorder\u003d\"1\"\u003eYQurEm.ail@YQur.Slte.com\u003c/email\u003e \u003c/formatting\u003e  \u003c/line\u003e  \u003c/par\u003e  \u003c/text\u003e  \u003c/block\u003e  \u003cblock b\u003d\"199\" blockname\u003d\"\" blocktype\u003d\"Text\" l\u003d\"469\" r\u003d\"539\" style\u003d\"transform: translate(655px, 198px); position: absolute; width: 97.7358px; height: 17.3333px;\" t\u003d\"183\"\u003e \u003cregion\u003e \u003crect b\u003d\"199\" l\u003d\"469\" r\u003d\"539\" t\u003d\"183\"\u003e\u003c/rect\u003e  \u003c/region\u003e  \u003ctext\u003e \u003cpar align\u003d\"Center\" linespacing\u003d\"780\"\u003e \u003cline b\u003d\"197\" baseline\u003d\"197\" l\u003d\"469\" r\u003d\"537\" style\u003d\"transform: translate(0px, 1px); position: absolute;\" t\u003d\"184\"\u003e \u003cformatting lang\u003d\"EnglishUnitedStates\"\u003e Invoice \u003c/formatting\u003e  \u003c/line\u003e  \u003c/par\u003e  \u003c/text\u003e  \u003c/block\u003e  \u003cblock b\u003d\"322\" blockname\u003d\"\" blocktype\u003d\"Text\" l\u003d\"59\" r\u003d\"949\" style\u003d\"transform: translate(82px, 262px); position: absolute; width: 1242.64px; height: 86.6667px;\" t\u003d\"242\"\u003e \u003cregion\u003e \u003crect b\u003d\"322\" l\u003d\"59\" r\u003d\"949\" t\u003d\"242\"\u003e\u003c/rect\u003e  \u003c/region\u003e  \u003ctext\u003e \u003cpar align\u003d\"Justified\" linespacing\u003d\"780\"\u003e \u003cline b\u003d\"259\" baseline\u003d\"256\" l\u003d\"60\" r\u003d\"946\" style\u003d\"transform: translate(1px, 1px); position: absolute;\" t\u003d\"243\"\u003e \u003cformatting lang\u003d\"EnglishUnitedStates\"\u003e Bill To: Please make checks payable tor Invoice Nor #### \u003c/formatting\u003e  \u003c/line\u003e  \u003c/par\u003e  \u003cpar align\u003d\"Justified\" linespacing\u003d\"1140\"\u003e \u003cline b\u003d\"280\" baseline\u003d\"277\" l\u003d\"60\" r\u003d\"945\" style\u003d\"transform: translate(1px, 24px); position: absolute;\" t\u003d\"264\"\u003e \u003cformatting lang\u003d\"EnglishUnitedStates\"\u003e\u003cinvoice_date begin\u003d\"231\" class\u003d\"extraction-tag ml-tag\" data-text\u003d\"Jan 1, 0001\" data-value\u003d\"Jan 1, 0001\" end\u003d\"242\" ml-tagorder\u003d\"2\" score\u003d\"0.5132585490431169\" style\u003d\"border: 2px solid rgb(125, 157, 1);\" tagorder\u003d\"2\"\u003eJan 1, 0001\u003c/invoice_date\u003e \u003c/formatting\u003e  \u003c/line\u003e  \u003c/par\u003e  \u003cpar align\u003d\"Justified\" linespacing\u003d\"1140\"\u003e \u003cline b\u003d\"317\" baseline\u003d\"316\" l\u003d\"60\" r\u003d\"327\" style\u003d\"transform: translate(1px, 66px); position: absolute;\" t\u003d\"303\"\u003e \u003cformatting lang\u003d\"EnglishUnitedStates\"\u003e http://www.BillinqCompanv.com \u003c/formatting\u003e  \u003c/line\u003e  \u003c/par\u003e  \u003c/text\u003e  \u003c/block\u003e  \u003cregion xmlns\u003d\"http://ocr.crowdcomputingsystems.com/xml/schema-v1.xml\"\u003e \u003crect b\u003d\"908\" l\u003d\"57\" r\u003d\"949\" t\u003d\"444\"\u003e\u003c/rect\u003e  \u003c/region\u003e \u003ctable b\u003d\"908\" blockname\u003d\"\" blocktype\u003d\"Table\" l\u003d\"57\" r\u003d\"949\" style\u003d\"transform: translate(80px, 481px); position: absolute; user-select: auto;\" t\u003d\"444\" xmlns\u003d\"\"\u003e \u003ctbody\u003e\u003ctr\u003e \u003ctd h\u003d\"22\" rightborder\u003d\"White\" w\u003d\"112\"\u003e \u003ctext xmlns\u003d\"http://ocr.crowdcomputingsystems.com/xml/schema-v1.xml\"\u003e \u003cpar linespacing\u003d\"720\"\u003e \u003cline b\u003d\"464\" baseline\u003d\"462\" l\u003d\"66\" r\u003d\"161\" t\u003d\"450\"\u003e \u003cformatting lang\u003d\"EnglishUnitedStates\"\u003e QUANTITY \u003c/formatting\u003e  \u003c/line\u003e  \u003c/par\u003e  \u003c/text\u003e  \u003c/td\u003e   \u003ctd h\u003d\"22\" leftborder\u003d\"White\" w\u003d\"526\"\u003e \u003ctext xmlns\u003d\"http://ocr.crowdcomputingsystems.com/xml/schema-v1.xml\"\u003e \u003cpar align\u003d\"Center\" leftindent\u003d\"200\" linespacing\u003d\"720\"\u003e \u003cline b\u003d\"462\" baseline\u003d\"462\" l\u003d\"367\" r\u003d\"494\" t\u003d\"450\"\u003e \u003cformatting lang\u003d\"EnglishUnitedStates\"\u003e DESCRIPTION \u003c/formatting\u003e  \u003c/line\u003e  \u003c/par\u003e  \u003c/text\u003e  \u003c/td\u003e   \u003ctd h\u003d\"22\" w\u003d\"133\"\u003e \u003ctext xmlns\u003d\"http://ocr.crowdcomputingsystems.com/xml/schema-v1.xml\"\u003e \u003cpar align\u003d\"Right\" linespacing\u003d\"720\" rightindent\u003d\"800\"\u003e \u003cline b\u003d\"462\" baseline\u003d\"462\" l\u003d\"708\" r\u003d\"815\" t\u003d\"450\"\u003e \u003cformatting lang\u003d\"EnglishUnitedStates\"\u003e UNIT PRICE \u003c/formatting\u003e  \u003c/line\u003e  \u003c/par\u003e  \u003c/text\u003e  \u003c/td\u003e   \u003ctd h\u003d\"22\" w\u003d\"121\"\u003e \u003ctext xmlns\u003d\"http://ocr.crowdcomputingsystems.com/xml/schema-v1.xml\"\u003e \u003cpar align\u003d\"Center\" leftindent\u003d\"300\" linespacing\u003d\"660\"\u003e \u003cline b\u003d\"462\" baseline\u003d\"461\" l\u003d\"860\" r\u003d\"915\" t\u003d\"450\"\u003e \u003cformatting lang\u003d\"EnglishUnitedStates\"\u003e PRICE \u003c/formatting\u003e  \u003c/line\u003e  \u003c/par\u003e  \u003c/text\u003e  \u003c/td\u003e   \u003c/tr\u003e \n \u003ctr\u003e \u003ctd h\u003d\"279\" w\u003d\"112\"\u003e \u003ctext xmlns\u003d\"http://ocr.crowdcomputingsystems.com/xml/schema-v1.xml\"\u003e \u003cpar align\u003d\"Center\" linespacing\u003d\"780\" rightindent\u003d\"100\"\u003e \u003cline b\u003d\"493\" baseline\u003d\"493\" l\u003d\"110\" r\u003d\"117\" t\u003d\"480\"\u003ei\u003c/line\u003e  \u003c/par\u003e  \u003c/text\u003e  \u003c/td\u003e   \u003ctd h\u003d\"279\" w\u003d\"526\"\u003e \u003ctext xmlns\u003d\"http://ocr.crowdcomputingsystems.com/xml/schema-v1.xml\"\u003e \u003cpar linespacing\u003d\"720\"\u003e \u003cline b\u003d\"496\" baseline\u003d\"492\" l\u003d\"170\" r\u003d\"523\" t\u003d\"480\"\u003e\u003cproduct begin\u003d\"420\" class\u003d\"extraction-tag ml-tag\" data-text\u003d\"Provided Services Description (date range)\" data-value\u003d\"Provided Services Description (date range)\" end\u003d\"462\" ml-tagorder\u003d\"3\" score\u003d\"0.4749365942176017\" style\u003d\"border: 2px solid rgb(125, 157, 1);\" tagorder\u003d\"3\"\u003eProvided Services Description (date range)\u003c/product\u003e\u003c/line\u003e  \u003c/par\u003e  \u003c/text\u003e  \u003c/td\u003e   \u003ctd h\u003d\"279\" w\u003d\"133\"\u003e \u003ctext xmlns\u003d\"http://ocr.crowdcomputingsystems.com/xml/schema-v1.xml\"\u003e \u003cpar align\u003d\"Center\" linespacing\u003d\"720\"\u003e \u003cline b\u003d\"495\" baseline\u003d\"492\" l\u003d\"738\" r\u003d\"784\" t\u003d\"480\"\u003e\u003cprice begin\u003d\"474\" class\u003d\"extraction-tag ml-tag\" data-text\u003d\"$0.00\" data-value\u003d\"$0.00\" end\u003d\"479\" ml-tagorder\u003d\"4\" score\u003d\"0.8548056602718628\" style\u003d\"border: 2px solid rgb(125, 157, 1);\" tagorder\u003d\"4\"\u003e$0.00\u003c/price\u003e\u003c/line\u003e  \u003c/par\u003e  \u003c/text\u003e  \u003c/td\u003e   \u003ctd h\u003d\"279\" w\u003d\"121\"\u003e \u003ctext xmlns\u003d\"http://ocr.crowdcomputingsystems.com/xml/schema-v1.xml\"\u003e \u003cpar align\u003d\"Center\" leftindent\u003d\"300\" linespacing\u003d\"720\"\u003e \u003cline b\u003d\"495\" baseline\u003d\"492\" l\u003d\"861\" r\u003d\"906\" t\u003d\"480\"\u003e \u003cformatting lang\u003d\"EnglishUnitedStates\"\u003e $0.00 \u003c/formatting\u003e  \u003c/line\u003e  \u003c/par\u003e  \u003c/text\u003e  \u003c/td\u003e   \u003c/tr\u003e \n \u003ctr\u003e \u003ctd bottomborder\u003d\"White\" h\u003d\"41\" leftborder\u003d\"White\" rightborder\u003d\"White\" w\u003d\"112\"\u003e \u003ctext xmlns\u003d\"http://ocr.crowdcomputingsystems.com/xml/schema-v1.xml\"\u003e \u003cpar linespacing\u003d\"-1\"\u003e\u003c/par\u003e  \u003c/text\u003e  \u003c/td\u003e   \u003ctd bottomborder\u003d\"White\" h\u003d\"41\" leftborder\u003d\"White\" rightborder\u003d\"White\" w\u003d\"526\"\u003e \u003ctext xmlns\u003d\"http://ocr.crowdcomputingsystems.com/xml/schema-v1.xml\"\u003e \u003cpar linespacing\u003d\"-1\"\u003e\u003c/par\u003e  \u003c/text\u003e  \u003c/td\u003e   \u003ctd bottomborder\u003d\"White\" h\u003d\"41\" leftborder\u003d\"White\" w\u003d\"133\"\u003e \u003ctext xmlns\u003d\"http://ocr.crowdcomputingsystems.com/xml/schema-v1.xml\"\u003e \u003cpar align\u003d\"Right\" linespacing\u003d\"720\" rightindent\u003d\"800\"\u003e \u003cline b\u003d\"773\" baseline\u003d\"772\" l\u003d\"728\" r\u003d\"815\" t\u003d\"760\"\u003e \u003cformatting lang\u003d\"EnglishUnitedStates\"\u003e SUBTOTAL \u003c/formatting\u003e  \u003c/line\u003e  \u003c/par\u003e  \u003c/text\u003e  \u003c/td\u003e   \u003ctd bottomborder\u003d\"White\" h\u003d\"41\" w\u003d\"121\"\u003e \u003ctext xmlns\u003d\"http://ocr.crowdcomputingsystems.com/xml/schema-v1.xml\"\u003e \u003cpar align\u003d\"Center\" leftindent\u003d\"300\" linespacing\u003d\"780\"\u003e \u003cline b\u003d\"775\" baseline\u003d\"772\" l\u003d\"861\" r\u003d\"906\" t\u003d\"759\"\u003e \u003cformatting lang\u003d\"EnglishUnitedStates\"\u003e $0.00 \u003c/formatting\u003e  \u003c/line\u003e  \u003c/par\u003e  \u003c/text\u003e  \u003c/td\u003e   \u003c/tr\u003e \n \u003ctr\u003e \u003ctd bottomborder\u003d\"White\" h\u003d\"41\" leftborder\u003d\"White\" rightborder\u003d\"White\" topborder\u003d\"White\" w\u003d\"112\"\u003e \u003ctext xmlns\u003d\"http://ocr.crowdcomputingsystems.com/xml/schema-v1.xml\"\u003e \u003cpar linespacing\u003d\"-1\"\u003e\u003c/par\u003e  \u003c/text\u003e  \u003c/td\u003e   \u003ctd bottomborder\u003d\"White\" h\u003d\"41\" leftborder\u003d\"White\" rightborder\u003d\"White\" topborder\u003d\"White\" w\u003d\"526\"\u003e \u003ctext xmlns\u003d\"http://ocr.crowdcomputingsystems.com/xml/schema-v1.xml\"\u003e \u003cpar linespacing\u003d\"-1\"\u003e\u003c/par\u003e  \u003c/text\u003e  \u003c/td\u003e   \u003ctd bottomborder\u003d\"White\" h\u003d\"41\" leftborder\u003d\"White\" topborder\u003d\"White\" w\u003d\"133\"\u003e \u003ctext xmlns\u003d\"http://ocr.crowdcomputingsystems.com/xml/schema-v1.xml\"\u003e \u003cpar align\u003d\"Right\" linespacing\u003d\"780\" rightindent\u003d\"800\"\u003e \u003cline b\u003d\"812\" baseline\u003d\"812\" l\u003d\"724\" r\u003d\"814\" t\u003d\"799\"\u003e \u003cformatting lang\u003d\"EnglishUnitedStates\"\u003e SALES TAX \u003c/formatting\u003e  \u003c/line\u003e  \u003c/par\u003e  \u003c/text\u003e  \u003c/td\u003e   \u003ctd bottomborder\u003d\"White\" h\u003d\"41\" topborder\u003d\"White\" w\u003d\"121\"\u003e \u003ctext xmlns\u003d\"http://ocr.crowdcomputingsystems.com/xml/schema-v1.xml\"\u003e \u003cpar align\u003d\"Center\" leftindent\u003d\"300\" linespacing\u003d\"780\"\u003e \u003cline b\u003d\"814\" baseline\u003d\"812\" l\u003d\"873\" r\u003d\"902\" t\u003d\"799\"\u003e \u003cformatting lang\u003d\"EnglishUnitedStates\"\u003e N/A \u003c/formatting\u003e  \u003c/line\u003e  \u003c/par\u003e  \u003c/text\u003e  \u003c/td\u003e   \u003c/tr\u003e \n \u003ctr\u003e \u003ctd bottomborder\u003d\"White\" h\u003d\"39\" leftborder\u003d\"White\" rightborder\u003d\"White\" topborder\u003d\"White\" w\u003d\"112\"\u003e \u003ctext xmlns\u003d\"http://ocr.crowdcomputingsystems.com/xml/schema-v1.xml\"\u003e \u003cpar linespacing\u003d\"-1\"\u003e\u003c/par\u003e  \u003c/text\u003e  \u003c/td\u003e   \u003ctd bottomborder\u003d\"White\" colspan\u003d\"2\" h\u003d\"39\" leftborder\u003d\"White\" topborder\u003d\"White\" w\u003d\"659\"\u003e \u003ctext xmlns\u003d\"http://ocr.crowdcomputingsystems.com/xml/schema-v1.xml\"\u003e \u003cpar align\u003d\"Right\" linespacing\u003d\"720\" rightindent\u003d\"800\"\u003e \u003cline b\u003d\"852\" baseline\u003d\"852\" l\u003d\"620\" r\u003d\"814\" t\u003d\"840\"\u003e \u003cformatting lang\u003d\"EnglishUnitedStates\"\u003e SHIPPING \u0026amp; HANDLING \u003c/formatting\u003e  \u003c/line\u003e  \u003c/par\u003e  \u003c/text\u003e  \u003c/td\u003e   \u003ctd h\u003d\"39\" topborder\u003d\"White\" w\u003d\"121\"\u003e \u003ctext xmlns\u003d\"http://ocr.crowdcomputingsystems.com/xml/schema-v1.xml\"\u003e \u003cpar align\u003d\"Center\" leftindent\u003d\"300\" linespacing\u003d\"780\"\u003e \u003cline b\u003d\"854\" baseline\u003d\"852\" l\u003d\"873\" r\u003d\"902\" t\u003d\"839\"\u003e \u003cformatting lang\u003d\"EnglishUnitedStates\"\u003e N/A \u003c/formatting\u003e  \u003c/line\u003e  \u003c/par\u003e  \u003c/text\u003e  \u003c/td\u003e   \u003c/tr\u003e \n \u003ctr\u003e \u003ctd bottomborder\u003d\"White\" h\u003d\"42\" leftborder\u003d\"White\" rightborder\u003d\"White\" topborder\u003d\"White\" w\u003d\"112\"\u003e \u003ctext xmlns\u003d\"http://ocr.crowdcomputingsystems.com/xml/schema-v1.xml\"\u003e \u003cpar linespacing\u003d\"-1\"\u003e\u003c/par\u003e  \u003c/text\u003e  \u003c/td\u003e   \u003ctd bottomborder\u003d\"White\" h\u003d\"42\" leftborder\u003d\"White\" rightborder\u003d\"White\" topborder\u003d\"White\" w\u003d\"526\"\u003e \u003ctext xmlns\u003d\"http://ocr.crowdcomputingsystems.com/xml/schema-v1.xml\"\u003e \u003cpar linespacing\u003d\"-1\"\u003e\u003c/par\u003e  \u003c/text\u003e  \u003c/td\u003e   \u003ctd bottomborder\u003d\"White\" h\u003d\"42\" leftborder\u003d\"White\" topborder\u003d\"White\" w\u003d\"133\"\u003e \u003ctext xmlns\u003d\"http://ocr.crowdcomputingsystems.com/xml/schema-v1.xml\"\u003e \u003cpar align\u003d\"Right\" linespacing\u003d\"720\" rightindent\u003d\"800\"\u003e \u003cline b\u003d\"893\" baseline\u003d\"893\" l\u003d\"761\" r\u003d\"815\" t\u003d\"881\"\u003e \u003cformatting lang\u003d\"EnglishUnitedStates\"\u003e TOTAL \u003c/formatting\u003e  \u003c/line\u003e  \u003c/par\u003e  \u003c/text\u003e  \u003c/td\u003e   \u003ctd h\u003d\"42\" w\u003d\"121\"\u003e \u003ctext xmlns\u003d\"http://ocr.crowdcomputingsystems.com/xml/schema-v1.xml\"\u003e \u003cpar align\u003d\"Right\" linespacing\u003d\"780\"\u003e \u003cline b\u003d\"896\" baseline\u003d\"893\" l\u003d\"887\" r\u003d\"938\" t\u003d\"880\"\u003e \u003cformatting lang\u003d\"EnglishUnitedStates\"\u003e $\u003ctotal_amount begin\u003d\"766\" class\u003d\"extraction-tag ml-tag\" data-text\u003d\"0.00\" data-value\u003d\"0.00\" end\u003d\"770\" ml-tagorder\u003d\"5\" score\u003d\"0.5355189399672273\" style\u003d\"border: 2px solid rgb(125, 157, 1);\" tagorder\u003d\"5\"\u003e0.00\u003c/total_amount\u003e \u003c/formatting\u003e  \u003c/line\u003e  \u003c/par\u003e  \u003c/text\u003e  \u003c/td\u003e   \u003c/tr\u003e \n \u003c/tbody\u003e\u003c/table\u003e\n \u003cblock b\u003d\"1047\" blockname\u003d\"\" blocktype\u003d\"Text\" l\u003d\"224\" r\u003d\"768\" style\u003d\"transform: translate(313px, 1051px); position: absolute; width: 759.547px; height: 83.4167px;\" t\u003d\"970\"\u003e \u003cregion\u003e \u003crect b\u003d\"1047\" l\u003d\"224\" r\u003d\"768\" t\u003d\"970\"\u003e\u003c/rect\u003e  \u003c/region\u003e  \u003ctext\u003e \u003cpar align\u003d\"Center\" leftindent\u003d\"1000\" linespacing\u003d\"780\"\u003e \u003cline b\u003d\"988\" baseline\u003d\"984\" l\u003d\"226\" r\u003d\"765\" style\u003d\"transform: translate(3px, 1px); position: absolute;\" t\u003d\"971\"\u003e \u003cformatting lang\u003d\"EnglishUnitedStates\"\u003e If you have any questions concerning this invoice/ please contact \u003c/formatting\u003e  \u003c/line\u003e  \u003c/par\u003e  \u003cpar align\u003d\"Center\" leftindent\u003d\"1000\" linespacing\u003d\"780\"\u003e \u003cline b\u003d\"1028\" baseline\u003d\"1024\" l\u003d\"344\" r\u003d\"645\" style\u003d\"transform: translate(168px, 44px); position: absolute;\" t\u003d\"1011\"\u003e \u003cformatting lang\u003d\"EnglishUnitedStates\"\u003e Your Name Teh (###) ###-#### \u003c/formatting\u003e  \u003c/line\u003e  \u003c/par\u003e  \u003cpar align\u003d\"Center\" leftindent\u003d\"1000\" linespacing\u003d\"720\"\u003e \u003cline b\u003d\"1044\" baseline\u003d\"1044\" l\u003d\"350\" r\u003d\"637\" style\u003d\"transform: translate(176px, 67px); position: absolute;\" t\u003d\"1032\"\u003e \u003cformatting lang\u003d\"EnglishUnitedStates\"\u003e THANK YOU FOR YOUR BUSINESSI \u003c/formatting\u003e  \u003c/line\u003e  \u003c/par\u003e  \u003c/text\u003e  \u003c/block\u003e  \u003cblock b\u003d\"157\" blockname\u003d\"\" blocktype\u003d\"Separator\" class\u003d\"hidden\" l\u003d\"118\" r\u003d\"328\" style\u003d\"transform: translate(165px, 168px); position: absolute;\" t\u003d\"155\"\u003e \u003cregion\u003e \u003crect b\u003d\"157\" l\u003d\"118\" r\u003d\"328\" t\u003d\"155\"\u003e\u003c/rect\u003e  \u003c/region\u003e  \u003cseparator thickness\u003d\"2\" type\u003d\"Black\"\u003e \u003cstart x\u003d\"118\" y\u003d\"156\"\u003e\u003c/start\u003e \u003cend x\u003d\"328\" y\u003d\"156\"\u003e\u003c/end\u003e \u003c/separator\u003e \u003c/block\u003e  \u003cblock b\u003d\"320\" blockname\u003d\"\" blocktype\u003d\"Separator\" l\u003d\"59\" r\u003d\"329\" style\u003d\"transform: translate(82px, 343px); position: absolute;\" t\u003d\"317\"\u003e \u003cregion\u003e \u003crect b\u003d\"320\" l\u003d\"59\" r\u003d\"329\" t\u003d\"317\"\u003e\u003c/rect\u003e  \u003c/region\u003e  \u003cseparator thickness\u003d\"3\" type\u003d\"Black\"\u003e \u003cstart x\u003d\"59\" y\u003d\"318\"\u003e\u003c/start\u003e \u003cend x\u003d\"329\" y\u003d\"318\"\u003e\u003c/end\u003e \u003c/separator\u003e \u003c/block\u003e  \u003cblock b\u003d\"342\" blockname\u003d\"\" blocktype\u003d\"Separator\" l\u003d\"58\" r\u003d\"948\" style\u003d\"transform: translate(81px, 368px); position: absolute;\" t\u003d\"340\"\u003e \u003cregion\u003e \u003crect b\u003d\"342\" l\u003d\"58\" r\u003d\"948\" t\u003d\"340\"\u003e\u003c/rect\u003e  \u003c/region\u003e  \u003cseparator thickness\u003d\"2\" type\u003d\"Black\"\u003e \u003cstart x\u003d\"58\" y\u003d\"341\"\u003e\u003c/start\u003e \u003cend x\u003d\"948\" y\u003d\"341\"\u003e\u003c/end\u003e \u003c/separator\u003e \u003c/block\u003e  \u003cblock b\u003d\"446\" blockname\u003d\"\" blocktype\u003d\"Separator\" l\u003d\"58\" r\u003d\"949\" style\u003d\"transform: translate(81px, 481px); position: absolute;\" t\u003d\"444\"\u003e \u003cregion\u003e \u003crect b\u003d\"446\" l\u003d\"58\" r\u003d\"949\" t\u003d\"444\"\u003e\u003c/rect\u003e  \u003c/region\u003e  \u003cseparator thickness\u003d\"2\" type\u003d\"Black\"\u003e \u003cstart x\u003d\"58\" y\u003d\"445\"\u003e\u003c/start\u003e \u003cend x\u003d\"949\" y\u003d\"445\"\u003e\u003c/end\u003e \u003c/separator\u003e \u003c/block\u003e  \u003cblock b\u003d\"468\" blockname\u003d\"\" blocktype\u003d\"Separator\" l\u003d\"58\" r\u003d\"949\" style\u003d\"transform: translate(81px, 503px); position: absolute;\" t\u003d\"464\"\u003e \u003cregion\u003e \u003crect b\u003d\"465\" l\u003d\"58\" r\u003d\"168\" t\u003d\"464\"\u003e\u003c/rect\u003e  \u003crect b\u003d\"467\" l\u003d\"58\" r\u003d\"949\" t\u003d\"465\"\u003e\u003c/rect\u003e  \u003crect b\u003d\"468\" l\u003d\"168\" r\u003d\"949\" t\u003d\"467\"\u003e\u003c/rect\u003e  \u003c/region\u003e  \u003cseparator thickness\u003d\"3\" type\u003d\"Black\"\u003e \u003cstart x\u003d\"58\" y\u003d\"466\"\u003e\u003c/start\u003e \u003cend x\u003d\"949\" y\u003d\"466\"\u003e\u003c/end\u003e \u003c/separator\u003e \u003c/block\u003e  \u003cblock b\u003d\"747\" blockname\u003d\"\" blocktype\u003d\"Separator\" l\u003d\"57\" r\u003d\"949\" style\u003d\"transform: translate(80px, 806px); position: absolute;\" t\u003d\"744\"\u003e \u003cregion\u003e \u003crect b\u003d\"747\" l\u003d\"57\" r\u003d\"949\" t\u003d\"744\"\u003e\u003c/rect\u003e  \u003c/region\u003e  \u003cseparator thickness\u003d\"3\" type\u003d\"Black\"\u003e \u003cstart x\u003d\"57\" y\u003d\"745\"\u003e\u003c/start\u003e \u003cend x\u003d\"949\" y\u003d\"745\"\u003e\u003c/end\u003e \u003c/separator\u003e \u003c/block\u003e  \u003cblock b\u003d\"867\" blockname\u003d\"\" blocktype\u003d\"Separator\" l\u003d\"828\" r\u003d\"949\" style\u003d\"transform: translate(1156px, 937px); position: absolute;\" t\u003d\"865\"\u003e \u003cregion\u003e \u003crect b\u003d\"867\" l\u003d\"828\" r\u003d\"949\" t\u003d\"865\"\u003e\u003c/rect\u003e  \u003c/region\u003e  \u003cseparator thickness\u003d\"2\" type\u003d\"Black\"\u003e \u003cstart x\u003d\"828\" y\u003d\"866\"\u003e\u003c/start\u003e \u003cend x\u003d\"949\" y\u003d\"866\"\u003e\u003c/end\u003e \u003c/separator\u003e \u003c/block\u003e  \u003cblock b\u003d\"908\" blockname\u003d\"\" blocktype\u003d\"Separator\" l\u003d\"828\" r\u003d\"949\" style\u003d\"transform: translate(1156px, 982px); position: absolute;\" t\u003d\"906\"\u003e \u003cregion\u003e \u003crect b\u003d\"908\" l\u003d\"828\" r\u003d\"949\" t\u003d\"906\"\u003e\u003c/rect\u003e  \u003c/region\u003e  \u003cseparator thickness\u003d\"2\" type\u003d\"Black\"\u003e \u003cstart x\u003d\"828\" y\u003d\"907\"\u003e\u003c/start\u003e \u003cend x\u003d\"949\" y\u003d\"907\"\u003e\u003c/end\u003e \u003c/separator\u003e \u003c/block\u003e  \u003cblock b\u003d\"747\" blockname\u003d\"\" blocktype\u003d\"Separator\" l\u003d\"58\" r\u003d\"60\" style\u003d\"transform: translate(81px, 481px); position: absolute;\" t\u003d\"444\"\u003e \u003cregion\u003e \u003crect b\u003d\"747\" l\u003d\"58\" r\u003d\"60\" t\u003d\"444\"\u003e\u003c/rect\u003e  \u003c/region\u003e  \u003cseparator thickness\u003d\"2\" type\u003d\"Black\"\u003e \u003cstart x\u003d\"59\" y\u003d\"444\"\u003e\u003c/start\u003e \u003cend x\u003d\"59\" y\u003d\"747\"\u003e\u003c/end\u003e \u003c/separator\u003e \u003c/block\u003e  \u003cblock b\u003d\"747\" blockname\u003d\"\" blocktype\u003d\"Separator\" class\u003d\"hidden\" l\u003d\"168\" r\u003d\"171\" style\u003d\"transform: translate(235px, 534px); position: absolute;\" t\u003d\"493\"\u003e \u003cregion\u003e \u003crect b\u003d\"747\" l\u003d\"168\" r\u003d\"171\" t\u003d\"493\"\u003e\u003c/rect\u003e  \u003c/region\u003e  \u003cseparator thickness\u003d\"3\" type\u003d\"Black\"\u003e \u003cstart x\u003d\"169\" y\u003d\"493\"\u003e\u003c/start\u003e \u003cend x\u003d\"169\" y\u003d\"747\"\u003e\u003c/end\u003e \u003c/separator\u003e \u003c/block\u003e  \u003cblock b\u003d\"747\" blockname\u003d\"\" blocktype\u003d\"Separator\" l\u003d\"694\" r\u003d\"696\" style\u003d\"transform: translate(969px, 481px); position: absolute;\" t\u003d\"444\"\u003e \u003cregion\u003e \u003crect b\u003d\"747\" l\u003d\"694\" r\u003d\"696\" t\u003d\"444\"\u003e\u003c/rect\u003e  \u003c/region\u003e  \u003cseparator thickness\u003d\"2\" type\u003d\"Black\"\u003e \u003cstart x\u003d\"695\" y\u003d\"444\"\u003e\u003c/start\u003e \u003cend x\u003d\"695\" y\u003d\"747\"\u003e\u003c/end\u003e \u003c/separator\u003e \u003c/block\u003e  \u003cblock b\u003d\"908\" blockname\u003d\"\" blocktype\u003d\"Separator\" l\u003d\"827\" r\u003d\"830\" style\u003d\"transform: translate(1155px, 481px); position: absolute;\" t\u003d\"444\"\u003e \u003cregion\u003e \u003crect b\u003d\"744\" l\u003d\"827\" r\u003d\"829\" t\u003d\"444\"\u003e\u003c/rect\u003e  \u003crect b\u003d\"748\" l\u003d\"827\" r\u003d\"829\" t\u003d\"744\"\u003e\u003c/rect\u003e  \u003crect b\u003d\"864\" l\u003d\"827\" r\u003d\"829\" t\u003d\"748\"\u003e\u003c/rect\u003e  \u003crect b\u003d\"908\" l\u003d\"828\" r\u003d\"830\" t\u003d\"864\"\u003e\u003c/rect\u003e  \u003c/region\u003e  \u003cseparator thickness\u003d\"2\" type\u003d\"Black\"\u003e \u003cstart x\u003d\"828\" y\u003d\"444\"\u003e\u003c/start\u003e \u003cend x\u003d\"828\" y\u003d\"908\"\u003e\u003c/end\u003e \u003c/separator\u003e \u003c/block\u003e  \u003cblock b\u003d\"908\" blockname\u003d\"\" blocktype\u003d\"Separator\" l\u003d\"947\" r\u003d\"949\" style\u003d\"transform: translate(1322px, 481px); position: absolute;\" t\u003d\"444\"\u003e \u003cregion\u003e \u003crect b\u003d\"908\" l\u003d\"947\" r\u003d\"949\" t\u003d\"444\"\u003e\u003c/rect\u003e  \u003c/region\u003e  \u003cseparator thickness\u003d\"2\" type\u003d\"Black\"\u003e \u003cstart x\u003d\"948\" y\u003d\"444\"\u003e\u003c/start\u003e \u003cend x\u003d\"948\" y\u003d\"908\"\u003e\u003c/end\u003e \u003c/separator\u003e \u003c/block\u003e  \u003cblock b\u003d\"200\" blockname\u003d\"\" blocktype\u003d\"Text\" class\u003d\"hidden\" l\u003d\"58\" r\u003d\"950\" style\u003d\"transform: translate(81px, 197px); position: absolute; width: 1245.43px; height: 19.5px;\" t\u003d\"182\"\u003e \u003cregion\u003e \u003crect b\u003d\"200\" l\u003d\"58\" r\u003d\"950\" t\u003d\"182\"\u003e\u003c/rect\u003e  \u003c/region\u003e  \u003ctext\u003e \u003cpar linespacing\u003d\"-1\"\u003e\u003c/par\u003e  \u003c/text\u003e  \u003c/block\u003e  \u003c/page\u003e               \u003c/document\u003e\u003c/body\u003e\u003c/html\u003e","tags":[{"score":0.44365582356617145,"end":31,"tag":"supplier_name","text":"Jkdie-Kool Company","estimatedAccuracy":0.0,"begin":13},{"score":0.6020868521161116,"end":117,"tag":"email","text":"YQurEm.ail@YQur.Slte.com","estimatedAccuracy":0.0,"begin":93},{"score":0.5132585490431169,"end":242,"tag":"invoice_date","text":"Jan 1, 0001","estimatedAccuracy":0.0,"begin":231},{"score":0.4749365942176017,"end":462,"tag":"product","text":"Provided Services Description (date range)","estimatedAccuracy":0.0,"begin":420},{"score":0.8548056602718628,"end":479,"tag":"price","text":"$0.00","estimatedAccuracy":0.0,"begin":474},{"score":0.5355189399672273,"end":770,"tag":"total_amount","text":"0.00","estimatedAccuracy":0.0,"begin":766}],"group":"email|invoice_date|price|product|supplier_name|total_amount"}