{"finalScore":0.5346144295763263,"metaInfo":{"model":{"coreVersion":"9.3.0.9"}},"sumScore":1.0692288591526526,"tagsCounter":2.0,"taggedText":"\u003chtml\u003e\u003chead\u003e\u003cscript src\u003d\"https://ajax.googleapis.com/ajax/libs/jquery/2.2.0/jquery.min.js\"\u003e\u003c/script\u003e\u003c/head\u003e\u003cbody\u003e\u003cdocument languages\u003d\"\" producer\u003d\"Workfusion\" schemalocation\u003d\"http://ocr.crowdcomputingsystems.com/xml/schema-v1.xml\" version\u003d\"1.0\" xmlns\u003d\"http://ocr.crowdcomputingsystems.com/xml/schema-v1.xml\" xsi\u003d\"http://www.w3.org/2001/XMLSchema-instance\"\u003e \u003clink href\u003d\"https://s3.amazonaws.com/workfusion-resources/ocr/ocr-xml-viewer-0.3-scale-to-width.css\" rel\u003d\"stylesheet\" type\u003d\"text/css\"\u003e\u003c/link\u003e \u003cstyle\u003e\u003c/style\u003e\u003cpage data-pages\u003d\"1\" h\u003d\"697\" resolution\u003d\"120\" style\u003d\"height: 738px;\" w\u003d\"600\"\u003e \u003cblock b\u003d\"32\" blockname\u003d\"\" blocktype\u003d\"Text\" l\u003d\"227\" r\u003d\"364\" style\u003d\"transform: translate(292px, 15px); position: absolute; width: 176.045px; height: 19.5px;\" t\u003d\"14\"\u003e \u003cregion\u003e \u003crect b\u003d\"32\" l\u003d\"227\" r\u003d\"364\" t\u003d\"14\"\u003e\u003c/rect\u003e  \u003c/region\u003e  \u003ctext\u003e \u003cpar align\u003d\"Center\" leftindent\u003d\"200\" linespacing\u003d\"660\"\u003e \u003cline b\u003d\"29\" baseline\u003d\"27\" l\u003d\"228\" r\u003d\"361\" style\u003d\"transform: translate(1px, 2px); position: absolute;\" t\u003d\"16\"\u003e \u003cformatting lang\u003d\"EnglishUnitedStates\"\u003e \u003csupplier_name begin\u003d\"13\" class\u003d\"extraction-tag ml-tag\" data-text\u003d\"Job Sheet\" data-value\u003d\"Job Sheet\" end\u003d\"22\" ml-tagorder\u003d\"0\" score\u003d\"0.5258237087380989\" style\u003d\"border: 2px solid rgb(125, 157, 1);\" tagorder\u003d\"0\"\u003eJob Sheet\u003c/supplier_name\u003e Template \u003c/formatting\u003e  \u003c/line\u003e  \u003c/par\u003e  \u003c/text\u003e  \u003c/block\u003e  \u003cblock b\u003d\"136\" blockname\u003d\"\" blocktype\u003d\"Text\" l\u003d\"5\" r\u003d\"326\" style\u003d\"transform: translate(6px, 46px); position: absolute; width: 412.485px; height: 101.833px;\" t\u003d\"42\"\u003e \u003cregion\u003e \u003crect b\u003d\"136\" l\u003d\"5\" r\u003d\"326\" t\u003d\"42\"\u003e\u003c/rect\u003e  \u003c/region\u003e  \u003ctext\u003e \u003cpar linespacing\u003d\"540\"\u003e \u003cline b\u003d\"57\" baseline\u003d\"54\" l\u003d\"7\" r\u003d\"163\" style\u003d\"transform: translate(3px, 3px); position: absolute;\" t\u003d\"45\"\u003e \u003cformatting lang\u003d\"EnglishUnitedStates\"\u003e ABC Air Conditioning, lnc. \u003c/formatting\u003e  \u003c/line\u003e  \u003c/par\u003e  \u003cpar linespacing\u003d\"1140\" rightindent\u003d\"3500\"\u003e \u003cline b\u003d\"77\" baseline\u003d\"77\" l\u003d\"6\" r\u003d\"114\" style\u003d\"transform: translate(1px, 27px); position: absolute;\" t\u003d\"67\"\u003e \u003cformatting lang\u003d\"EnglishUnitedStates\"\u003e ABC Industrial Park \u003c/formatting\u003e  \u003c/line\u003e  \u003cline b\u003d\"96\" baseline\u003d\"95\" l\u003d\"7\" r\u003d\"88\" style\u003d\"transform: translate(3px, 48px); position: absolute;\" t\u003d\"86\"\u003e \u003cformatting lang\u003d\"EnglishUnitedStates\"\u003e 555 ABC Drive \u003c/formatting\u003e  \u003c/line\u003e  \u003cline b\u003d\"116\" baseline\u003d\"115\" l\u003d\"6\" r\u003d\"87\" style\u003d\"transform: translate(1px, 69px); position: absolute;\" t\u003d\"106\"\u003e \u003cformatting lang\u003d\"EnglishUnitedStates\"\u003e ABC. FI 55555 \u003c/formatting\u003e  \u003c/line\u003e  \u003c/par\u003e  \u003cpar leftindent\u003d\"13900\" linespacing\u003d\"600\"\u003e \u003cline b\u003d\"133\" baseline\u003d\"131\" l\u003d\"236\" r\u003d\"323\" style\u003d\"transform: translate(297px, 86px); position: absolute;\" t\u003d\"121\"\u003e \u003cformatting lang\u003d\"EnglishUnitedStates\"\u003e (198)\u003cinvoice_date begin\u003d\"162\" class\u003d\"extraction-tag ml-tag\" data-text\u003d\"987-1985\" data-value\u003d\"987-1985\" end\u003d\"170\" ml-tagorder\u003d\"1\" score\u003d\"0.5434051504145537\" style\u003d\"border: 2px solid rgb(125, 157, 1);\" tagorder\u003d\"1\"\u003e987-1985\u003c/invoice_date\u003e \u003c/formatting\u003e  \u003c/line\u003e  \u003c/par\u003e  \u003c/text\u003e  \u003c/block\u003e  \u003cblock b\u003d\"254\" blockname\u003d\"\" blocktype\u003d\"Text\" l\u003d\"4\" r\u003d\"150\" style\u003d\"transform: translate(5px, 168px); position: absolute; width: 187.61px; height: 107.25px;\" t\u003d\"155\"\u003e \u003cregion\u003e \u003crect b\u003d\"254\" l\u003d\"4\" r\u003d\"150\" t\u003d\"155\"\u003e\u003c/rect\u003e  \u003c/region\u003e  \u003ctext\u003e \u003cpar linespacing\u003d\"1200\"\u003e \u003cline b\u003d\"167\" baseline\u003d\"167\" l\u003d\"7\" r\u003d\"26\" style\u003d\"transform: translate(4px, 3px); position: absolute;\" t\u003d\"158\"\u003e \u003cformatting lang\u003d\"EnglishUnitedStates\"\u003e TO: \u003c/formatting\u003e  \u003c/line\u003e  \u003c/par\u003e  \u003cpar linespacing\u003d\"1200\"\u003e \u003cline b\u003d\"188\" baseline\u003d\"187\" l\u003d\"7\" r\u003d\"145\" style\u003d\"transform: translate(4px, 25px); position: absolute;\" t\u003d\"178\"\u003e \u003cformatting lang\u003d\"EnglishUnitedStates\"\u003e Sam JDES. Vice President \u003c/formatting\u003e  \u003c/line\u003e  \u003cline b\u003d\"210\" baseline\u003d\"207\" l\u003d\"7\" r\u003d\"137\" style\u003d\"transform: translate(4px, 47px); position: absolute;\" t\u003d\"198\"\u003e \u003cformatting lang\u003d\"EnglishUnitedStates\"\u003e The JDES Company, lnc. \u003c/formatting\u003e  \u003c/line\u003e  \u003cline b\u003d\"228\" baseline\u003d\"228\" l\u003d\"6\" r\u003d\"52\" style\u003d\"transform: translate(3px, 69px); position: absolute;\" t\u003d\"219\"\u003e \u003cformatting lang\u003d\"EnglishUnitedStates\"\u003e Address \u003c/formatting\u003e  \u003c/line\u003e  \u003cline b\u003d\"251\" baseline\u003d\"248\" l\u003d\"7\" r\u003d\"84\" style\u003d\"transform: translate(4px, 91px); position: absolute;\" t\u003d\"239\"\u003e \u003cformatting lang\u003d\"EnglishUnitedStates\"\u003e City. State Zip \u003c/formatting\u003e  \u003c/line\u003e  \u003c/par\u003e  \u003c/text\u003e  \u003c/block\u003e  \u003cblock b\u003d\"253\" blockname\u003d\"\" blocktype\u003d\"Text\" l\u003d\"221\" r\u003d\"315\" style\u003d\"transform: translate(284px, 257px); position: absolute; width: 120.79px; height: 17.3333px;\" t\u003d\"237\"\u003e \u003cregion\u003e \u003crect b\u003d\"253\" l\u003d\"221\" r\u003d\"315\" t\u003d\"237\"\u003e\u003c/rect\u003e  \u003c/region\u003e  \u003ctext\u003e \u003cpar linespacing\u003d\"540\"\u003e \u003cline b\u003d\"251\" baseline\u003d\"248\" l\u003d\"224\" r\u003d\"310\" style\u003d\"transform: translate(4px, 2px); position: absolute;\" t\u003d\"239\"\u003e \u003cformatting lang\u003d\"EnglishUnitedStates\"\u003e (198) 598-0198 \u003c/formatting\u003e  \u003c/line\u003e  \u003c/par\u003e  \u003c/text\u003e  \u003c/block\u003e  \u003cblock b\u003d\"368\" blockname\u003d\"\" blocktype\u003d\"Text\" l\u003d\"4\" r\u003d\"463\" style\u003d\"transform: translate(5px, 314px); position: absolute; width: 589.815px; height: 84.5px;\" t\u003d\"290\"\u003e \u003cregion\u003e \u003crect b\u003d\"329\" l\u003d\"241\" r\u003d\"360\" t\u003d\"290\"\u003e\u003c/rect\u003e  \u003crect b\u003d\"368\" l\u003d\"4\" r\u003d\"463\" t\u003d\"329\"\u003e\u003c/rect\u003e  \u003c/region\u003e  \u003ctext\u003e \u003cpar align\u003d\"Center\" leftindent\u003d\"200\" linespacing\u003d\"540\"\u003e \u003cline b\u003d\"300\" baseline\u003d\"300\" l\u003d\"244\" r\u003d\"355\" style\u003d\"transform: translate(308px, 1px); position: absolute;\" t\u003d\"291\"\u003e \u003cformatting lang\u003d\"EnglishUnitedStates\"\u003e JOB DESCRIPTION \u003c/formatting\u003e  \u003c/line\u003e  \u003c/par\u003e  \u003cpar linespacing\u003d\"1320\"\u003e \u003cline b\u003d\"344\" baseline\u003d\"341\" l\u003d\"7\" r\u003d\"458\" style\u003d\"transform: translate(4px, 44px); position: absolute;\" t\u003d\"331\"\u003e \u003cformatting lang\u003d\"EnglishUnitedStates\"\u003e install EagieCeii 5000 unified heating / ductless air conditioner upgrade electrical \u003c/formatting\u003e  \u003c/line\u003e  \u003cline b\u003d\"365\" baseline\u003d\"363\" l\u003d\"7\" r\u003d\"322\" style\u003d\"transform: translate(4px, 68px); position: absolute;\" t\u003d\"353\"\u003e \u003cformatting lang\u003d\"EnglishUnitedStates\"\u003e system to 200 AMP service. install dedicated 240 v outlet \u003c/formatting\u003e  \u003c/line\u003e  \u003c/par\u003e  \u003c/text\u003e  \u003c/block\u003e  \u003cblock b\u003d\"420\" blockname\u003d\"\" blocktype\u003d\"Text\" l\u003d\"104\" r\u003d\"372\" style\u003d\"transform: translate(134px, 442px); position: absolute; width: 344.38px; height: 13px;\" t\u003d\"408\"\u003e \u003cregion\u003e \u003crect b\u003d\"420\" l\u003d\"104\" r\u003d\"372\" t\u003d\"408\"\u003e\u003c/rect\u003e  \u003c/region\u003e  \u003ctext\u003e \u003cpar linespacing\u003d\"540\"\u003e \u003cline b\u003d\"418\" baseline\u003d\"418\" l\u003d\"107\" r\u003d\"367\" style\u003d\"transform: translate(4px, 1px); position: absolute;\" t\u003d\"409\"\u003e \u003cformatting lang\u003d\"EnglishUnitedStates\"\u003e ITEMIZED ESTIMATEi TIME AND MATERIALS \u003c/formatting\u003e  \u003c/line\u003e  \u003c/par\u003e  \u003c/text\u003e  \u003c/block\u003e  \u003cregion xmlns\u003d\"http://ocr.crowdcomputingsystems.com/xml/schema-v1.xml\"\u003e \u003crect b\u003d\"630\" l\u003d\"5\" r\u003d\"597\" t\u003d\"424\"\u003e\u003c/rect\u003e  \u003c/region\u003e \u003ctable b\u003d\"630\" blockname\u003d\"\" blocktype\u003d\"Table\" l\u003d\"5\" r\u003d\"597\" style\u003d\"transform: translate(6px, 459px); position: absolute; user-select: auto;\" t\u003d\"424\" xmlns\u003d\"\"\u003e \u003ctbody\u003e\u003ctr\u003e \u003ctd h\u003d\"189\" w\u003d\"465\"\u003e \u003ctext xmlns\u003d\"http://ocr.crowdcomputingsystems.com/xml/schema-v1.xml\"\u003e \u003cpar linespacing\u003d\"1080\"\u003e \u003cline b\u003d\"446\" baseline\u003d\"443\" l\u003d\"8\" r\u003d\"240\" t\u003d\"434\"\u003eSite preparation - structural modifications\u003c/line\u003e  \u003c/par\u003e  \u003cpar linespacing\u003d\"1080\"\u003e \u003cline b\u003d\"464\" baseline\u003d\"462\" l\u003d\"8\" r\u003d\"183\" t\u003d\"452\"\u003eElectncal 200 Amp upgrade. etc\u003c/line\u003e  \u003c/par\u003e  \u003cpar linespacing\u003d\"1080\"\u003e \u003cline b\u003d\"483\" baseline\u003d\"480\" l\u003d\"8\" r\u003d\"116\" t\u003d\"471\"\u003eEagleCell 5000 unit\u003c/line\u003e  \u003c/par\u003e  \u003cpar linespacing\u003d\"1080\"\u003e \u003cline b\u003d\"499\" baseline\u003d\"499\" l\u003d\"8\" r\u003d\"66\" t\u003d\"489\"\u003eInstallation\u003c/line\u003e  \u003c/par\u003e  \u003c/text\u003e  \u003c/td\u003e   \u003ctd h\u003d\"189\" w\u003d\"127\"\u003e \u003ctext xmlns\u003d\"http://ocr.crowdcomputingsystems.com/xml/schema-v1.xml\"\u003e \u003cpar align\u003d\"Right\" linespacing\u003d\"1080\"\u003e \u003cline b\u003d\"444\" baseline\u003d\"443\" l\u003d\"533\" r\u003d\"588\" t\u003d\"434\"\u003e$2.000 00\u003c/line\u003e  \u003c/par\u003e  \u003cpar align\u003d\"Right\" linespacing\u003d\"1080\"\u003e \u003cline b\u003d\"463\" baseline\u003d\"462\" l\u003d\"540\" r\u003d\"588\" t\u003d\"452\"\u003e1.500 00\u003c/line\u003e  \u003c/par\u003e  \u003cpar align\u003d\"Right\" linespacing\u003d\"1080\"\u003e \u003cline b\u003d\"481\" baseline\u003d\"480\" l\u003d\"540\" r\u003d\"588\" t\u003d\"471\"\u003e3.500.00\u003c/line\u003e  \u003c/par\u003e  \u003cpar align\u003d\"Right\" linespacing\u003d\"1080\"\u003e \u003cline b\u003d\"500\" baseline\u003d\"498\" l\u003d\"540\" r\u003d\"588\" t\u003d\"489\"\u003e1.250 00\u003c/line\u003e  \u003c/par\u003e  \u003c/text\u003e  \u003c/td\u003e   \u003c/tr\u003e \n \u003ctr\u003e \u003ctd bottomborder\u003d\"White\" h\u003d\"17\" leftborder\u003d\"White\" w\u003d\"465\"\u003e \u003ctext xmlns\u003d\"http://ocr.crowdcomputingsystems.com/xml/schema-v1.xml\"\u003e \u003cpar linespacing\u003d\"-1\"\u003e\u003c/par\u003e  \u003c/text\u003e  \u003c/td\u003e   \u003ctd h\u003d\"17\" w\u003d\"127\"\u003e \u003ctext xmlns\u003d\"http://ocr.crowdcomputingsystems.com/xml/schema-v1.xml\"\u003e \u003cpar align\u003d\"Right\" linespacing\u003d\"600\"\u003e \u003cline b\u003d\"627\" baseline\u003d\"626\" l\u003d\"533\" r\u003d\"588\" t\u003d\"616\"\u003e \u003cformatting lang\u003d\"EnglishUnitedStates\"\u003e $8,250.00 \u003c/formatting\u003e  \u003c/line\u003e  \u003c/par\u003e  \u003c/text\u003e  \u003c/td\u003e   \u003c/tr\u003e \n \u003c/tbody\u003e\u003c/table\u003e\n \u003cblock b\u003d\"681\" blockname\u003d\"\" blocktype\u003d\"Text\" l\u003d\"4\" r\u003d\"597\" style\u003d\"transform: translate(5px, 686px); position: absolute; width: 762.005px; height: 52px;\" t\u003d\"633\"\u003e \u003cregion\u003e \u003crect b\u003d\"681\" l\u003d\"4\" r\u003d\"597\" t\u003d\"633\"\u003e\u003c/rect\u003e  \u003c/region\u003e  \u003ctext\u003e \u003cpar linespacing\u003d\"960\"\u003e \u003cline b\u003d\"647\" baseline\u003d\"644\" l\u003d\"8\" r\u003d\"537\" style\u003d\"transform: translate(5px, 2px); position: absolute;\" t\u003d\"635\"\u003e \u003cformatting lang\u003d\"EnglishUnitedStates\"\u003e This is an estimate oniy. not a contract This estimate is for completing the Job described above. \u003c/formatting\u003e  \u003c/line\u003e  \u003cline b\u003d\"662\" baseline\u003d\"660\" l\u003d\"11\" r\u003d\"592\" style\u003d\"transform: translate(9px, 20px); position: absolute;\" t\u003d\"651\"\u003e \u003cformatting lang\u003d\"EnglishUnitedStates\"\u003e based on our evaluation. It does not include unforeseen price increases or additional labor and materials \u003c/formatting\u003e  \u003c/line\u003e  \u003cline b\u003d\"679\" baseline\u003d\"676\" l\u003d\"7\" r\u003d\"258\" style\u003d\"transform: translate(4px, 37px); position: absolute;\" t\u003d\"667\"\u003e \u003cformatting lang\u003d\"EnglishUnitedStates\"\u003e which may be required should problems anse \u003c/formatting\u003e  \u003c/line\u003e  \u003c/par\u003e  \u003c/text\u003e  \u003c/block\u003e  \u003cblock b\u003d\"383\" blockname\u003d\"\" blocktype\u003d\"SeparatorsBox\" class\u003d\"hidden\" l\u003d\"4\" r\u003d\"596\" style\u003d\"transform: translate(5px, 330px); position: absolute;\" t\u003d\"305\"\u003e \u003cregion\u003e \u003crect b\u003d\"310\" l\u003d\"4\" r\u003d\"596\" t\u003d\"305\"\u003e\u003c/rect\u003e  \u003crect b\u003d\"382\" l\u003d\"4\" r\u003d\"596\" t\u003d\"310\"\u003e\u003c/rect\u003e  \u003crect b\u003d\"383\" l\u003d\"4\" r\u003d\"596\" t\u003d\"382\"\u003e\u003c/rect\u003e  \u003c/region\u003e  \u003cseparatorsbox\u003e \u003cseparator thickness\u003d\"5\" type\u003d\"Black\"\u003e \u003cstart x\u003d\"4\" y\u003d\"307\"\u003e\u003c/start\u003e \u003cend x\u003d\"596\" y\u003d\"307\"\u003e\u003c/end\u003e \u003c/separator\u003e \u003cseparator thickness\u003d\"1\" type\u003d\"Black\"\u003e \u003cstart x\u003d\"4\" y\u003d\"382\"\u003e\u003c/start\u003e \u003cend x\u003d\"596\" y\u003d\"382\"\u003e\u003c/end\u003e \u003c/separator\u003e \u003cseparator thickness\u003d\"2\" type\u003d\"Black\"\u003e \u003cstart x\u003d\"5\" y\u003d\"310\"\u003e\u003c/start\u003e \u003cend x\u003d\"5\" y\u003d\"383\"\u003e\u003c/end\u003e \u003c/separator\u003e \u003cseparator thickness\u003d\"2\" type\u003d\"Black\"\u003e \u003cstart x\u003d\"595\" y\u003d\"310\"\u003e\u003c/start\u003e \u003cend x\u003d\"595\" y\u003d\"383\"\u003e\u003c/end\u003e \u003c/separator\u003e \u003c/separatorsbox\u003e \u003c/block\u003e  \u003cblock b\u003d\"287\" blockname\u003d\"\" blocktype\u003d\"Separator\" l\u003d\"4\" r\u003d\"596\" style\u003d\"transform: translate(5px, 307px); position: absolute;\" t\u003d\"283\"\u003e \u003cregion\u003e \u003crect b\u003d\"287\" l\u003d\"4\" r\u003d\"596\" t\u003d\"283\"\u003e\u003c/rect\u003e  \u003c/region\u003e  \u003cseparator thickness\u003d\"4\" type\u003d\"Black\"\u003e \u003cstart x\u003d\"4\" y\u003d\"285\"\u003e\u003c/start\u003e \u003cend x\u003d\"596\" y\u003d\"285\"\u003e\u003c/end\u003e \u003c/separator\u003e \u003c/block\u003e  \u003cblock b\u003d\"405\" blockname\u003d\"\" blocktype\u003d\"Separator\" l\u003d\"5\" r\u003d\"597\" style\u003d\"transform: translate(6px, 433px); position: absolute;\" t\u003d\"400\"\u003e \u003cregion\u003e \u003crect b\u003d\"405\" l\u003d\"5\" r\u003d\"597\" t\u003d\"400\"\u003e\u003c/rect\u003e  \u003c/region\u003e  \u003cseparator thickness\u003d\"5\" type\u003d\"Black\"\u003e \u003cstart x\u003d\"5\" y\u003d\"402\"\u003e\u003c/start\u003e \u003cend x\u003d\"597\" y\u003d\"402\"\u003e\u003c/end\u003e \u003c/separator\u003e \u003c/block\u003e  \u003cblock b\u003d\"430\" blockname\u003d\"\" blocktype\u003d\"Separator\" l\u003d\"5\" r\u003d\"504\" style\u003d\"transform: translate(6px, 459px); position: absolute;\" t\u003d\"424\"\u003e \u003cregion\u003e \u003crect b\u003d\"425\" l\u003d\"70\" r\u003d\"504\" t\u003d\"424\"\u003e\u003c/rect\u003e  \u003crect b\u003d\"429\" l\u003d\"5\" r\u003d\"504\" t\u003d\"425\"\u003e\u003c/rect\u003e  \u003crect b\u003d\"430\" l\u003d\"468\" r\u003d\"471\" t\u003d\"429\"\u003e\u003c/rect\u003e  \u003c/region\u003e  \u003cseparator thickness\u003d\"4\" type\u003d\"Black\"\u003e \u003cstart x\u003d\"5\" y\u003d\"427\"\u003e\u003c/start\u003e \u003cend x\u003d\"504\" y\u003d\"427\"\u003e\u003c/end\u003e \u003c/separator\u003e \u003c/block\u003e  \u003cblock b\u003d\"614\" blockname\u003d\"\" blocktype\u003d\"Separator\" l\u003d\"5\" r\u003d\"597\" style\u003d\"transform: translate(6px, 664px); position: absolute;\" t\u003d\"613\"\u003e \u003cregion\u003e \u003crect b\u003d\"614\" l\u003d\"5\" r\u003d\"597\" t\u003d\"613\"\u003e\u003c/rect\u003e  \u003c/region\u003e  \u003cseparator thickness\u003d\"1\" type\u003d\"Black\"\u003e \u003cstart x\u003d\"5\" y\u003d\"613\"\u003e\u003c/start\u003e \u003cend x\u003d\"597\" y\u003d\"613\"\u003e\u003c/end\u003e \u003c/separator\u003e \u003c/block\u003e  \u003cblock b\u003d\"630\" blockname\u003d\"\" blocktype\u003d\"Separator\" l\u003d\"469\" r\u003d\"597\" style\u003d\"transform: translate(603px, 681px); position: absolute;\" t\u003d\"629\"\u003e \u003cregion\u003e \u003crect b\u003d\"630\" l\u003d\"469\" r\u003d\"597\" t\u003d\"629\"\u003e\u003c/rect\u003e  \u003c/region\u003e  \u003cseparator thickness\u003d\"1\" type\u003d\"Black\"\u003e \u003cstart x\u003d\"469\" y\u003d\"629\"\u003e\u003c/start\u003e \u003cend x\u003d\"597\" y\u003d\"629\"\u003e\u003c/end\u003e \u003c/separator\u003e \u003c/block\u003e  \u003cblock b\u003d\"697\" blockname\u003d\"\" blocktype\u003d\"Separator\" l\u003d\"0\" r\u003d\"600\" style\u003d\"transform: translate(0px, 754px); position: absolute;\" t\u003d\"696\"\u003e \u003cregion\u003e \u003crect b\u003d\"697\" l\u003d\"0\" r\u003d\"600\" t\u003d\"696\"\u003e\u003c/rect\u003e  \u003c/region\u003e  \u003cseparator thickness\u003d\"1\" type\u003d\"Black\"\u003e \u003cstart x\u003d\"0\" y\u003d\"696\"\u003e\u003c/start\u003e \u003cend x\u003d\"600\" y\u003d\"696\"\u003e\u003c/end\u003e \u003c/separator\u003e \u003c/block\u003e  \u003cblock b\u003d\"614\" blockname\u003d\"\" blocktype\u003d\"Separator\" l\u003d\"5\" r\u003d\"6\" style\u003d\"transform: translate(6px, 465px); position: absolute;\" t\u003d\"429\"\u003e \u003cregion\u003e \u003crect b\u003d\"614\" l\u003d\"5\" r\u003d\"6\" t\u003d\"429\"\u003e\u003c/rect\u003e  \u003c/region\u003e  \u003cseparator thickness\u003d\"1\" type\u003d\"Black\"\u003e \u003cstart x\u003d\"5\" y\u003d\"429\"\u003e\u003c/start\u003e \u003cend x\u003d\"5\" y\u003d\"614\"\u003e\u003c/end\u003e \u003c/separator\u003e \u003c/block\u003e  \u003cblock b\u003d\"630\" blockname\u003d\"\" blocktype\u003d\"Separator\" l\u003d\"468\" r\u003d\"472\" style\u003d\"transform: translate(601px, 459px); position: absolute;\" t\u003d\"424\"\u003e \u003cregion\u003e \u003crect b\u003d\"446\" l\u003d\"468\" r\u003d\"472\" t\u003d\"424\"\u003e\u003c/rect\u003e  \u003crect b\u003d\"630\" l\u003d\"469\" r\u003d\"471\" t\u003d\"446\"\u003e\u003c/rect\u003e  \u003c/region\u003e  \u003cseparator thickness\u003d\"3\" type\u003d\"Black\"\u003e \u003cstart x\u003d\"470\" y\u003d\"424\"\u003e\u003c/start\u003e \u003cend x\u003d\"470\" y\u003d\"630\"\u003e\u003c/end\u003e \u003c/separator\u003e \u003c/block\u003e  \u003cblock b\u003d\"630\" blockname\u003d\"\" blocktype\u003d\"Separator\" l\u003d\"595\" r\u003d\"597\" style\u003d\"transform: translate(765px, 465px); position: absolute;\" t\u003d\"429\"\u003e \u003cregion\u003e \u003crect b\u003d\"630\" l\u003d\"595\" r\u003d\"597\" t\u003d\"429\"\u003e\u003c/rect\u003e  \u003c/region\u003e  \u003cseparator thickness\u003d\"2\" type\u003d\"Black\"\u003e \u003cstart x\u003d\"596\" y\u003d\"429\"\u003e\u003c/start\u003e \u003cend x\u003d\"596\" y\u003d\"630\"\u003e\u003c/end\u003e \u003c/separator\u003e \u003c/block\u003e  \u003c/page\u003e         \u003c/document\u003e\u003c/body\u003e\u003c/html\u003e","tags":[{"score":0.5258237087380989,"end":22,"tag":"supplier_name","text":"Job Sheet","estimatedAccuracy":0.0,"begin":13},{"score":0.5434051504145537,"end":170,"tag":"invoice_date","text":"987-1985","estimatedAccuracy":0.0,"begin":162}],"group":"invoice_date|supplier_name"}