{"finalScore":0.5828021307564241,"metaInfo":{"model":{"coreVersion":"9.3.0.9"}},"sumScore":1.7484063922692723,"tagsCounter":3.0,"taggedText":"\u003cdocument languages\u003d\"\" producer\u003d\"Workfusion\" schemalocation\u003d\"http://ocr.crowdcomputingsystems.com/xml/schema-v1.xml\" version\u003d\"1.0\" xmlns\u003d\"http://ocr.crowdcomputingsystems.com/xml/schema-v1.xml\" xsi\u003d\"http://www.w3.org/2001/XMLSchema-instance\"\u003e \u003clink href\u003d\"https://s3.amazonaws.com/workfusion-resources/ocr/ocr-xml-viewer-0.3-scale-to-width.css\" rel\u003d\"stylesheet\" type\u003d\"text/css\"\u003e\u003c/link\u003e \u003cstyle\u003e\u003c/style\u003e\u003cpage data-pages\u003d\"1\" h\u003d\"848\" resolution\u003d\"96\" style\u003d\"height: 1049px;\" w\u003d\"656\"\u003e \u003cblock b\u003d\"171\" blockname\u003d\"\" blocktype\u003d\"Text\" l\u003d\"48\" r\u003d\"248\" style\u003d\"transform: translate(55px, 76px); position: absolute; width: 230.183px; height: 155.729px;\" t\u003d\"56\"\u003e \u003cregion\u003e \u003crect b\u003d\"171\" l\u003d\"48\" r\u003d\"248\" t\u003d\"56\"\u003e\u003c/rect\u003e  \u003c/region\u003e  \u003ctext\u003e \u003cpar leftindent\u003d\"2000\" linespacing\u003d\"2030\"\u003e \u003cline b\u003d\"87\" baseline\u003d\"84\" l\u003d\"55\" r\u003d\"245\" style\u003d\"transform: translate(8px, 1px); position: absolute;\" t\u003d\"57\"\u003e \u003cformatting lang\u003d\"EnglishUnitedStates\"\u003e \u003csupplier_name begin\u003d\"13\" class\u003d\"extraction-tag ml-tag\" data-text\u003d\"Youn LOGO\" data-value\u003d\"Youn LOGO\" end\u003d\"22\" ml-tagorder\u003d\"0\" score\u003d\"0.49653931466390133\" style\u003d\"border: 2px solid rgb(125, 157, 1);\" tagorder\u003d\"0\"\u003eYoun LOGO\u003c/supplier_name\u003e \u003c/formatting\u003e  \u003c/line\u003e  \u003c/par\u003e  \u003cpar leftindent\u003d\"2000\" linespacing\u003d\"600\"\u003e \u003cline b\u003d\"103\" baseline\u003d\"102\" l\u003d\"57\" r\u003d\"175\" style\u003d\"transform: translate(10px, 51px); position: absolute;\" t\u003d\"94\"\u003e \u003cformatting lang\u003d\"EnglishUnitedStates\"\u003e plait It kin oi dihti lox \u003c/formatting\u003e  \u003c/line\u003e  \u003c/par\u003e  \u003cpar leftindent\u003d\"1500\" linespacing\u003d\"1050\" rightindent\u003d\"4800\"\u003e \u003cline b\u003d\"127\" baseline\u003d\"125\" l\u003d\"50\" r\u003d\"126\" style\u003d\"transform: translate(2px, 83px); position: absolute;\" t\u003d\"117\"\u003e \u003cformatting lang\u003d\"EnglishUnitedStates\"\u003e Company name \u003c/formatting\u003e  \u003c/line\u003e  \u003cline b\u003d\"139\" baseline\u003d\"139\" l\u003d\"49\" r\u003d\"87\" style\u003d\"transform: translate(1px, 102px); position: absolute;\" t\u003d\"131\"\u003e \u003cformatting lang\u003d\"EnglishUnitedStates\"\u003e Address \u003c/formatting\u003e  \u003c/line\u003e  \u003cline b\u003d\"156\" baseline\u003d\"154\" l\u003d\"50\" r\u003d\"119\" style\u003d\"transform: translate(2px, 122px); position: absolute;\" t\u003d\"146\"\u003e \u003cformatting lang\u003d\"EnglishUnitedStates\"\u003e City, State.Zip \u003c/formatting\u003e  \u003c/line\u003e  \u003cline b\u003d\"168\" baseline\u003d\"168\" l\u003d\"50\" r\u003d\"154\" style\u003d\"transform: translate(2px, 141px); position: absolute;\" t\u003d\"160\"\u003e \u003cformatting lang\u003d\"EnglishUnitedStates\"\u003e Phone: 999-999-9999 \u003c/formatting\u003e  \u003c/line\u003e  \u003c/par\u003e  \u003c/text\u003e  \u003c/block\u003e  \u003cblock b\u003d\"93\" blockname\u003d\"\" blocktype\u003d\"Text\" l\u003d\"300\" r\u003d\"383\" style\u003d\"transform: translate(345px, 100px); position: absolute; width: 95.5259px; height: 25.7292px;\" t\u003d\"74\"\u003e \u003cregion\u003e \u003crect b\u003d\"93\" l\u003d\"300\" r\u003d\"383\" t\u003d\"74\"\u003e\u003c/rect\u003e  \u003c/region\u003e  \u003ctext\u003e \u003cpar linespacing\u003d\"1130\"\u003e \u003cline b\u003d\"91\" baseline\u003d\"90\" l\u003d\"301\" r\u003d\"381\" style\u003d\"transform: translate(1px, 1px); position: absolute;\" t\u003d\"75\"\u003e \u003cformatting lang\u003d\"EnglishUnitedStates\"\u003e INVOICE \u003c/formatting\u003e  \u003c/line\u003e  \u003c/par\u003e  \u003c/text\u003e  \u003c/block\u003e  \u003cblock b\u003d\"180\" blockname\u003d\"\" blocktype\u003d\"Text\" l\u003d\"273\" r\u003d\"412\" style\u003d\"transform: translate(314px, 204px); position: absolute; width: 159.977px; height: 39.2708px;\" t\u003d\"151\"\u003e \u003cregion\u003e \u003crect b\u003d\"180\" l\u003d\"273\" r\u003d\"412\" t\u003d\"151\"\u003e\u003c/rect\u003e  \u003c/region\u003e  \u003ctext\u003e \u003cpar linespacing\u003d\"1125\"\u003e \u003cline b\u003d\"162\" baseline\u003d\"160\" l\u003d\"275\" r\u003d\"393\" style\u003d\"transform: translate(2px, 1px); position: absolute;\" t\u003d\"152\"\u003e \u003cformatting lang\u003d\"EnglishUnitedStates\"\u003e web: www.yoursite.com \u003c/formatting\u003e  \u003c/line\u003e  \u003cline b\u003d\"177\" baseline\u003d\"175\" l\u003d\"275\" r\u003d\"409\" style\u003d\"transform: translate(2px, 20px); position: absolute;\" t\u003d\"166\"\u003e \u003cformatting lang\u003d\"EnglishUnitedStates\"\u003e e-mail: \u003cemail begin\u003d\"226\" class\u003d\"extraction-tag ml-tag\" data-text\u003d\"sales@yoursite.com\" data-value\u003d\"sales@yoursite.com\" end\u003d\"244\" ml-tagorder\u003d\"1\" score\u003d\"0.7021213663435724\" style\u003d\"border: 2px solid rgb(125, 157, 1);\" tagorder\u003d\"1\"\u003esales@yoursite.com\u003c/email\u003e \u003c/formatting\u003e  \u003c/line\u003e  \u003c/par\u003e  \u003c/text\u003e  \u003c/block\u003e  \u003cregion xmlns\u003d\"http://ocr.crowdcomputingsystems.com/xml/schema-v1.xml\"\u003e \u003crect b\u003d\"180\" l\u003d\"468\" r\u003d\"615\" t\u003d\"53\"\u003e\u003c/rect\u003e  \u003c/region\u003e \u003ctable b\u003d\"180\" blockname\u003d\"\" blocktype\u003d\"Table\" l\u003d\"468\" r\u003d\"615\" style\u003d\"transform: translate(539px, 72px); position: absolute; user-select: auto;\" t\u003d\"53\" xmlns\u003d\"\"\u003e \u003ctbody\u003e\u003ctr\u003e \u003ctd bottomborder\u003d\"White\" h\u003d\"15\" w\u003d\"86\"\u003e \u003ctext xmlns\u003d\"http://ocr.crowdcomputingsystems.com/xml/schema-v1.xml\"\u003e \u003cpar align\u003d\"Center\" linespacing\u003d\"600\" rightindent\u003d\"200\"\u003e \u003cline b\u003d\"64\" baseline\u003d\"64\" l\u003d\"499\" r\u003d\"525\" t\u003d\"56\"\u003e \u003cformatting lang\u003d\"EnglishUnitedStates\"\u003e Date: \u003c/formatting\u003e  \u003c/line\u003e  \u003c/par\u003e  \u003c/text\u003e  \u003c/td\u003e   \u003ctd bottomborder\u003d\"White\" h\u003d\"15\" w\u003d\"61\"\u003e \u003ctext xmlns\u003d\"http://ocr.crowdcomputingsystems.com/xml/schema-v1.xml\"\u003e \u003cpar align\u003d\"Center\" leftindent\u003d\"200\" linespacing\u003d\"600\"\u003e \u003cline b\u003d\"66\" baseline\u003d\"64\" l\u003d\"570\" r\u003d\"596\" t\u003d\"56\"\u003e \u003cformatting lang\u003d\"EnglishUnitedStates\"\u003e Page: \u003c/formatting\u003e  \u003c/line\u003e  \u003c/par\u003e  \u003c/text\u003e  \u003c/td\u003e   \u003c/tr\u003e \n \u003ctr\u003e \u003ctd h\u003d\"32\" topborder\u003d\"White\" w\u003d\"86\"\u003e \u003ctext xmlns\u003d\"http://ocr.crowdcomputingsystems.com/xml/schema-v1.xml\"\u003e \u003cpar leftindent\u003d\"800\" linespacing\u003d\"680\"\u003e \u003cline b\u003d\"80\" baseline\u003d\"78\" l\u003d\"479\" r\u003d\"547\" t\u003d\"69\"\u003e \u003cformatting lang\u003d\"EnglishUnitedStates\"\u003e \u003cinvoice_date begin\u003d\"314\" class\u003d\"extraction-tag ml-tag\" data-text\u003d\"April 11, 2012\" data-value\u003d\"April 11, 2012\" end\u003d\"328\" ml-tagorder\u003d\"2\" score\u003d\"0.5497457112617985\" style\u003d\"border: 2px solid rgb(125, 157, 1);\" tagorder\u003d\"2\"\u003eApril 11, 2012\u003c/invoice_date\u003e \u003c/formatting\u003e  \u003c/line\u003e  \u003c/par\u003e  \u003c/text\u003e  \u003c/td\u003e   \u003ctd h\u003d\"32\" topborder\u003d\"White\" w\u003d\"61\"\u003e \u003ctext xmlns\u003d\"http://ocr.crowdcomputingsystems.com/xml/schema-v1.xml\"\u003e \u003cpar align\u003d\"Center\" leftindent\u003d\"200\" linespacing\u003d\"680\"\u003e \u003cline b\u003d\"78\" baseline\u003d\"79\" l\u003d\"581\" r\u003d\"586\" t\u003d\"70\"\u003e \u003cformatting lang\u003d\"EnglishUnitedStates\"\u003e 1 \u003c/formatting\u003e  \u003c/line\u003e  \u003c/par\u003e  \u003c/text\u003e  \u003c/td\u003e   \u003c/tr\u003e \n \u003ctr\u003e \u003ctd bottomborder\u003d\"White\" colspan\u003d\"2\" h\u003d\"15\" w\u003d\"147\"\u003e \u003ctext xmlns\u003d\"http://ocr.crowdcomputingsystems.com/xml/schema-v1.xml\"\u003e \u003cpar align\u003d\"Center\" linespacing\u003d\"680\"\u003e \u003cline b\u003d\"111\" baseline\u003d\"111\" l\u003d\"504\" r\u003d\"579\" t\u003d\"102\"\u003e \u003cformatting lang\u003d\"EnglishUnitedStates\"\u003e Invoice number \u003c/formatting\u003e  \u003c/line\u003e  \u003c/par\u003e  \u003c/text\u003e  \u003c/td\u003e   \u003c/tr\u003e \n \u003ctr\u003e \u003ctd h\u003d\"23\" rightborder\u003d\"White\" topborder\u003d\"White\" w\u003d\"86\"\u003e \u003ctext xmlns\u003d\"http://ocr.crowdcomputingsystems.com/xml/schema-v1.xml\"\u003e \u003cpar align\u003d\"Right\" linespacing\u003d\"600\"\u003e \u003cline b\u003d\"125\" baseline\u003d\"125\" l\u003d\"530\" r\u003d\"553\" t\u003d\"117\"\u003e \u003cformatting lang\u003d\"EnglishUnitedStates\"\u003e 9999 \u003c/formatting\u003e  \u003c/line\u003e  \u003c/par\u003e  \u003c/text\u003e  \u003c/td\u003e   \u003ctd h\u003d\"23\" leftborder\u003d\"White\" topborder\u003d\"White\" w\u003d\"61\"\u003e \u003ctext xmlns\u003d\"http://ocr.crowdcomputingsystems.com/xml/schema-v1.xml\"\u003e \u003cpar leftindent\u003d\"1200\" linespacing\u003d\"-1\"\u003e\u003c/par\u003e  \u003c/text\u003e  \u003c/td\u003e   \u003c/tr\u003e \n \u003ctr\u003e \u003ctd bottomborder\u003d\"White\" colspan\u003d\"2\" h\u003d\"15\" w\u003d\"147\"\u003e \u003ctext xmlns\u003d\"http://ocr.crowdcomputingsystems.com/xml/schema-v1.xml\"\u003e \u003cpar align\u003d\"Center\" leftindent\u003d\"200\" linespacing\u003d\"600\"\u003e \u003cline b\u003d\"149\" baseline\u003d\"149\" l\u003d\"495\" r\u003d\"586\" t\u003d\"141\"\u003e \u003cformatting lang\u003d\"EnglishUnitedStates\"\u003e Customer number: \u003c/formatting\u003e  \u003c/line\u003e  \u003c/par\u003e  \u003c/text\u003e  \u003c/td\u003e   \u003c/tr\u003e \n \u003ctr\u003e \u003ctd h\u003d\"27\" rightborder\u003d\"White\" topborder\u003d\"White\" w\u003d\"86\"\u003e \u003ctext xmlns\u003d\"http://ocr.crowdcomputingsystems.com/xml/schema-v1.xml\"\u003e \u003cpar align\u003d\"Right\" linespacing\u003d\"600\"\u003e \u003cline b\u003d\"163\" baseline\u003d\"163\" l\u003d\"529\" r\u003d\"552\" t\u003d\"155\"\u003e \u003cformatting lang\u003d\"EnglishUnitedStates\"\u003e 9999 \u003c/formatting\u003e  \u003c/line\u003e  \u003c/par\u003e  \u003c/text\u003e  \u003c/td\u003e   \u003ctd h\u003d\"27\" leftborder\u003d\"White\" topborder\u003d\"White\" w\u003d\"61\"\u003e \u003ctext xmlns\u003d\"http://ocr.crowdcomputingsystems.com/xml/schema-v1.xml\"\u003e \u003cpar leftindent\u003d\"1200\" linespacing\u003d\"-1\"\u003e\u003c/par\u003e  \u003c/text\u003e  \u003c/td\u003e   \u003c/tr\u003e \n \u003c/tbody\u003e\u003c/table\u003e\n \u003cblock b\u003d\"298\" blockname\u003d\"\" blocktype\u003d\"Text\" l\u003d\"48\" r\u003d\"384\" style\u003d\"transform: translate(55px, 284px); position: absolute; width: 386.707px; height: 119.167px;\" t\u003d\"210\"\u003e \u003cregion\u003e \u003crect b\u003d\"298\" l\u003d\"48\" r\u003d\"384\" t\u003d\"210\"\u003e\u003c/rect\u003e  \u003c/region\u003e  \u003ctext\u003e \u003cpar align\u003d\"Justified\" leftindent\u003d\"1500\" linespacing\u003d\"600\"\u003e \u003cline b\u003d\"219\" baseline\u003d\"219\" l\u003d\"50\" r\u003d\"381\" style\u003d\"transform: translate(2px, 1px); position: absolute;\" t\u003d\"211\"\u003e \u003cformatting lang\u003d\"EnglishUnitedStates\"\u003e BILL T0: SHIPTO: \u003c/formatting\u003e  \u003c/line\u003e  \u003c/par\u003e  \u003cpar align\u003d\"Justified\" leftindent\u003d\"1500\" linespacing\u003d\"1050\"\u003e \u003cline b\u003d\"239\" baseline\u003d\"237\" l\u003d\"50\" r\u003d\"366\" style\u003d\"transform: translate(2px, 26px); position: absolute;\" t\u003d\"229\"\u003e \u003cformatting lang\u003d\"EnglishUnitedStates\"\u003e Company name same \u003c/formatting\u003e  \u003c/line\u003e  \u003c/par\u003e  \u003cpar align\u003d\"Justified\" leftindent\u003d\"1500\" linespacing\u003d\"1050\"\u003e \u003cline b\u003d\"252\" baseline\u003d\"252\" l\u003d\"49\" r\u003d\"87\" style\u003d\"transform: translate(1px, 46px); position: absolute;\" t\u003d\"244\"\u003e \u003cformatting lang\u003d\"EnglishUnitedStates\"\u003e Address \u003c/formatting\u003e  \u003c/line\u003e  \u003c/par\u003e  \u003cpar align\u003d\"Justified\" leftindent\u003d\"1500\" linespacing\u003d\"1050\"\u003e \u003cline b\u003d\"268\" baseline\u003d\"266\" l\u003d\"50\" r\u003d\"119\" style\u003d\"transform: translate(2px, 65px); position: absolute;\" t\u003d\"258\"\u003e \u003cformatting lang\u003d\"EnglishUnitedStates\"\u003e City, State.Zip \u003c/formatting\u003e  \u003c/line\u003e  \u003c/par\u003e  \u003cpar align\u003d\"Justified\" leftindent\u003d\"1500\" linespacing\u003d\"1050\"\u003e \u003cline b\u003d\"281\" baseline\u003d\"281\" l\u003d\"50\" r\u003d\"154\" style\u003d\"transform: translate(2px, 85px); position: absolute;\" t\u003d\"273\"\u003e \u003cformatting lang\u003d\"EnglishUnitedStates\"\u003e Phone: 999-999-9999 \u003c/formatting\u003e  \u003c/line\u003e  \u003c/par\u003e  \u003cpar align\u003d\"Justified\" leftindent\u003d\"1500\" linespacing\u003d\"1050\"\u003e \u003cline b\u003d\"295\" baseline\u003d\"295\" l\u003d\"50\" r\u003d\"139\" style\u003d\"transform: translate(2px, 104px); position: absolute;\" t\u003d\"287\"\u003e \u003cformatting lang\u003d\"EnglishUnitedStates\"\u003e Fax: 999-999-9998 \u003c/formatting\u003e  \u003c/line\u003e  \u003c/par\u003e  \u003c/text\u003e  \u003c/block\u003e  \u003cblock b\u003d\"328\" blockname\u003d\"\" blocktype\u003d\"Text\" l\u003d\"50\" r\u003d\"587\" style\u003d\"transform: translate(58px, 428px); position: absolute; width: 618.041px; height: 16.25px;\" t\u003d\"316\"\u003e \u003cregion\u003e \u003crect b\u003d\"328\" l\u003d\"50\" r\u003d\"587\" t\u003d\"316\"\u003e\u003c/rect\u003e  \u003c/region\u003e  \u003ctext\u003e \u003cpar align\u003d\"Justified\" leftindent\u003d\"1500\" linespacing\u003d\"600\"\u003e \u003cline b\u003d\"325\" baseline\u003d\"325\" l\u003d\"52\" r\u003d\"584\" style\u003d\"transform: translate(2px, 1px); position: absolute;\" t\u003d\"317\"\u003e \u003cformatting lang\u003d\"EnglishUnitedStates\"\u003e ORDER NO ORDER DATE EST. SHIP DATE P.0. NUMBER SHIPPED VIA TERMS \u003c/formatting\u003e  \u003c/line\u003e  \u003c/par\u003e  \u003c/text\u003e  \u003c/block\u003e  \u003cblock b\u003d\"698\" blockname\u003d\"\" blocktype\u003d\"Text\" l\u003d\"30\" r\u003d\"617\" style\u003d\"transform: translate(35px, 497px); position: absolute; width: 675.587px; height: 448.229px;\" t\u003d\"367\"\u003e \u003cregion\u003e \u003crect b\u003d\"698\" l\u003d\"30\" r\u003d\"617\" t\u003d\"367\"\u003e\u003c/rect\u003e  \u003c/region\u003e  \u003ctext\u003e \u003cpar linespacing\u003d\"600\"\u003e \u003cline b\u003d\"638\" baseline\u003d\"636\" l\u003d\"35\" r\u003d\"206\" style\u003d\"transform: translate(6px, 353px); position: absolute;\" t\u003d\"628\"\u003e \u003cformatting lang\u003d\"EnglishUnitedStates\"\u003e Comments: All prices in US dollars. \u003c/formatting\u003e  \u003c/line\u003e  \u003c/par\u003e  \u003cpar linespacing\u003d\"1050\" rightindent\u003d\"14200\"\u003e \u003cline b\u003d\"659\" baseline\u003d\"657\" l\u003d\"34\" r\u003d\"428\" style\u003d\"transform: translate(5px, 382px); position: absolute;\" t\u003d\"649\"\u003e \u003cformatting lang\u003d\"EnglishUnitedStates\"\u003e These commodities were exported from the United States in accordance with the \u003c/formatting\u003e  \u003c/line\u003e  \u003cline b\u003d\"674\" baseline\u003d\"672\" l\u003d\"35\" r\u003d\"405\" style\u003d\"transform: translate(6px, 402px); position: absolute;\" t\u003d\"664\"\u003e \u003cformatting lang\u003d\"EnglishUnitedStates\"\u003e Export Administration Regulations. Diversion contrary to Unites States lav/ is \u003c/formatting\u003e  \u003c/line\u003e  \u003cline b\u003d\"688\" baseline\u003d\"686\" l\u003d\"35\" r\u003d\"86\" style\u003d\"transform: translate(6px, 421px); position: absolute;\" t\u003d\"678\"\u003e \u003cformatting lang\u003d\"EnglishUnitedStates\"\u003e prohibited. \u003c/formatting\u003e  \u003c/line\u003e  \u003c/par\u003e  \u003c/text\u003e  \u003c/block\u003e  \u003cblock b\u003d\"775\" blockname\u003d\"\" blocktype\u003d\"Text\" l\u003d\"477\" r\u003d\"538\" style\u003d\"transform: translate(549px, 945px); position: absolute; width: 70.2058px; height: 104.271px;\" t\u003d\"698\"\u003e \u003cregion\u003e \u003crect b\u003d\"775\" l\u003d\"477\" r\u003d\"538\" t\u003d\"698\"\u003e\u003c/rect\u003e  \u003c/region\u003e  \u003ctext\u003e \u003cpar align\u003d\"Right\" leftindent\u003d\"33600\" linespacing\u003d\"1575\" rightindent\u003d\"6200\"\u003e \u003cline b\u003d\"707\" baseline\u003d\"707\" l\u003d\"495\" r\u003d\"534\" style\u003d\"transform: translate(21px, 1px); position: absolute;\" t\u003d\"699\"\u003e \u003cformatting lang\u003d\"EnglishUnitedStates\"\u003e Subtotal \u003c/formatting\u003e  \u003c/line\u003e  \u003cline b\u003d\"729\" baseline\u003d\"727\" l\u003d\"501\" r\u003d\"535\" style\u003d\"transform: translate(28px, 28px); position: absolute;\" t\u003d\"719\"\u003e \u003cformatting lang\u003d\"EnglishUnitedStates\"\u003e Freight \u003c/formatting\u003e  \u003c/line\u003e  \u003cline b\u003d\"749\" baseline\u003d\"749\" l\u003d\"493\" r\u003d\"535\" style\u003d\"transform: translate(18px, 58px); position: absolute;\" t\u003d\"741\"\u003e \u003cformatting lang\u003d\"EnglishUnitedStates\"\u003e Sales tax \u003c/formatting\u003e  \u003c/line\u003e  \u003c/par\u003e  \u003cpar align\u003d\"Right\" linespacing\u003d\"600\" rightindent\u003d\"6200\"\u003e \u003cline b\u003d\"772\" baseline\u003d\"772\" l\u003d\"478\" r\u003d\"534\" style\u003d\"transform: translate(1px, 89px); position: absolute;\" t\u003d\"764\"\u003e \u003cformatting lang\u003d\"EnglishUnitedStates\"\u003e TOTAL DUE \u003c/formatting\u003e  \u003c/line\u003e  \u003c/par\u003e  \u003c/text\u003e  \u003c/block\u003e  \u003cblock b\u003d\"180\" blockname\u003d\"\" blocktype\u003d\"SeparatorsBox\" class\u003d\"hidden\" l\u003d\"468\" r\u003d\"615\" style\u003d\"transform: translate(539px, 72px); position: absolute;\" t\u003d\"53\"\u003e \u003cregion\u003e \u003crect b\u003d\"54\" l\u003d\"468\" r\u003d\"615\" t\u003d\"53\"\u003e\u003c/rect\u003e  \u003crect b\u003d\"179\" l\u003d\"468\" r\u003d\"615\" t\u003d\"54\"\u003e\u003c/rect\u003e  \u003crect b\u003d\"180\" l\u003d\"468\" r\u003d\"615\" t\u003d\"179\"\u003e\u003c/rect\u003e  \u003c/region\u003e  \u003cseparatorsbox\u003e \u003cseparator thickness\u003d\"1\" type\u003d\"Black\"\u003e \u003cstart x\u003d\"468\" y\u003d\"53\"\u003e\u003c/start\u003e \u003cend x\u003d\"615\" y\u003d\"53\"\u003e\u003c/end\u003e \u003c/separator\u003e \u003cseparator thickness\u003d\"1\" type\u003d\"Black\"\u003e \u003cstart x\u003d\"468\" y\u003d\"179\"\u003e\u003c/start\u003e \u003cend x\u003d\"615\" y\u003d\"179\"\u003e\u003c/end\u003e \u003c/separator\u003e \u003cseparator thickness\u003d\"1\" type\u003d\"Black\"\u003e \u003cstart x\u003d\"468\" y\u003d\"53\"\u003e\u003c/start\u003e \u003cend x\u003d\"468\" y\u003d\"180\"\u003e\u003c/end\u003e \u003c/separator\u003e \u003cseparator thickness\u003d\"1\" type\u003d\"Black\"\u003e \u003cstart x\u003d\"614\" y\u003d\"53\"\u003e\u003c/start\u003e \u003cend x\u003d\"614\" y\u003d\"180\"\u003e\u003c/end\u003e \u003c/separator\u003e \u003c/separatorsbox\u003e \u003c/block\u003e  \u003cblock b\u003d\"101\" blockname\u003d\"\" blocktype\u003d\"Separator\" l\u003d\"468\" r\u003d\"615\" style\u003d\"transform: translate(539px, 135px); position: absolute;\" t\u003d\"100\"\u003e \u003cregion\u003e \u003crect b\u003d\"101\" l\u003d\"468\" r\u003d\"615\" t\u003d\"100\"\u003e\u003c/rect\u003e  \u003c/region\u003e  \u003cseparator thickness\u003d\"1\" type\u003d\"Black\"\u003e \u003cstart x\u003d\"468\" y\u003d\"100\"\u003e\u003c/start\u003e \u003cend x\u003d\"615\" y\u003d\"100\"\u003e\u003c/end\u003e \u003c/separator\u003e \u003c/block\u003e  \u003cblock b\u003d\"139\" blockname\u003d\"\" blocktype\u003d\"Separator\" l\u003d\"468\" r\u003d\"615\" style\u003d\"transform: translate(539px, 187px); position: absolute;\" t\u003d\"138\"\u003e \u003cregion\u003e \u003crect b\u003d\"139\" l\u003d\"468\" r\u003d\"615\" t\u003d\"138\"\u003e\u003c/rect\u003e  \u003c/region\u003e  \u003cseparator thickness\u003d\"1\" type\u003d\"Black\"\u003e \u003cstart x\u003d\"468\" y\u003d\"138\"\u003e\u003c/start\u003e \u003cend x\u003d\"615\" y\u003d\"138\"\u003e\u003c/end\u003e \u003c/separator\u003e \u003c/block\u003e  \u003cblock b\u003d\"355\" blockname\u003d\"\" blocktype\u003d\"Separator\" l\u003d\"30\" r\u003d\"616\" style\u003d\"transform: translate(35px, 479px); position: absolute;\" t\u003d\"354\"\u003e \u003cregion\u003e \u003crect b\u003d\"355\" l\u003d\"30\" r\u003d\"616\" t\u003d\"354\"\u003e\u003c/rect\u003e  \u003c/region\u003e  \u003cseparator thickness\u003d\"1\" type\u003d\"Black\"\u003e \u003cstart x\u003d\"30\" y\u003d\"354\"\u003e\u003c/start\u003e \u003cend x\u003d\"616\" y\u003d\"354\"\u003e\u003c/end\u003e \u003c/separator\u003e \u003c/block\u003e  \u003cblock b\u003d\"620\" blockname\u003d\"\" blocktype\u003d\"Separator\" l\u003d\"30\" r\u003d\"465\" style\u003d\"transform: translate(35px, 838px); position: absolute;\" t\u003d\"619\"\u003e \u003cregion\u003e \u003crect b\u003d\"620\" l\u003d\"30\" r\u003d\"465\" t\u003d\"619\"\u003e\u003c/rect\u003e  \u003c/region\u003e  \u003cseparator thickness\u003d\"1\" type\u003d\"Black\"\u003e \u003cstart x\u003d\"30\" y\u003d\"619\"\u003e\u003c/start\u003e \u003cend x\u003d\"465\" y\u003d\"619\"\u003e\u003c/end\u003e \u003c/separator\u003e \u003c/block\u003e  \u003cblock b\u003d\"698\" blockname\u003d\"\" blocktype\u003d\"Separator\" l\u003d\"30\" r\u003d\"616\" style\u003d\"transform: translate(35px, 944px); position: absolute;\" t\u003d\"697\"\u003e \u003cregion\u003e \u003crect b\u003d\"698\" l\u003d\"30\" r\u003d\"616\" t\u003d\"697\"\u003e\u003c/rect\u003e  \u003c/region\u003e  \u003cseparator thickness\u003d\"1\" type\u003d\"Black\"\u003e \u003cstart x\u003d\"30\" y\u003d\"697\"\u003e\u003c/start\u003e \u003cend x\u003d\"616\" y\u003d\"697\"\u003e\u003c/end\u003e \u003c/separator\u003e \u003c/block\u003e  \u003cblock b\u003d\"718\" blockname\u003d\"\" blocktype\u003d\"Separator\" l\u003d\"539\" r\u003d\"616\" style\u003d\"transform: translate(620px, 971px); position: absolute;\" t\u003d\"717\"\u003e \u003cregion\u003e \u003crect b\u003d\"718\" l\u003d\"539\" r\u003d\"616\" t\u003d\"717\"\u003e\u003c/rect\u003e  \u003c/region\u003e  \u003cseparator thickness\u003d\"1\" type\u003d\"Black\"\u003e \u003cstart x\u003d\"539\" y\u003d\"717\"\u003e\u003c/start\u003e \u003cend x\u003d\"616\" y\u003d\"717\"\u003e\u003c/end\u003e \u003c/separator\u003e \u003c/block\u003e  \u003cblock b\u003d\"740\" blockname\u003d\"\" blocktype\u003d\"Separator\" l\u003d\"539\" r\u003d\"616\" style\u003d\"transform: translate(620px, 1001px); position: absolute;\" t\u003d\"739\"\u003e \u003cregion\u003e \u003crect b\u003d\"740\" l\u003d\"539\" r\u003d\"616\" t\u003d\"739\"\u003e\u003c/rect\u003e  \u003c/region\u003e  \u003cseparator thickness\u003d\"1\" type\u003d\"Black\"\u003e \u003cstart x\u003d\"539\" y\u003d\"739\"\u003e\u003c/start\u003e \u003cend x\u003d\"616\" y\u003d\"739\"\u003e\u003c/end\u003e \u003c/separator\u003e \u003c/block\u003e  \u003cblock b\u003d\"763\" blockname\u003d\"\" blocktype\u003d\"Separator\" l\u003d\"539\" r\u003d\"616\" style\u003d\"transform: translate(620px, 1032px); position: absolute;\" t\u003d\"762\"\u003e \u003cregion\u003e \u003crect b\u003d\"763\" l\u003d\"539\" r\u003d\"616\" t\u003d\"762\"\u003e\u003c/rect\u003e  \u003c/region\u003e  \u003cseparator thickness\u003d\"1\" type\u003d\"Black\"\u003e \u003cstart x\u003d\"539\" y\u003d\"762\"\u003e\u003c/start\u003e \u003cend x\u003d\"616\" y\u003d\"762\"\u003e\u003c/end\u003e \u003c/separator\u003e \u003c/block\u003e  \u003cblock b\u003d\"786\" blockname\u003d\"\" blocktype\u003d\"Separator\" l\u003d\"539\" r\u003d\"616\" style\u003d\"transform: translate(620px, 1063px); position: absolute;\" t\u003d\"785\"\u003e \u003cregion\u003e \u003crect b\u003d\"786\" l\u003d\"539\" r\u003d\"616\" t\u003d\"785\"\u003e\u003c/rect\u003e  \u003c/region\u003e  \u003cseparator thickness\u003d\"1\" type\u003d\"Black\"\u003e \u003cstart x\u003d\"539\" y\u003d\"785\"\u003e\u003c/start\u003e \u003cend x\u003d\"616\" y\u003d\"785\"\u003e\u003c/end\u003e \u003c/separator\u003e \u003c/block\u003e  \u003cblock b\u003d\"355\" blockname\u003d\"\" blocktype\u003d\"Separator\" l\u003d\"30\" r\u003d\"31\" style\u003d\"transform: translate(35px, 448px); position: absolute;\" t\u003d\"331\"\u003e \u003cregion\u003e \u003crect b\u003d\"355\" l\u003d\"30\" r\u003d\"31\" t\u003d\"331\"\u003e\u003c/rect\u003e  \u003c/region\u003e  \u003cseparator thickness\u003d\"1\" type\u003d\"Black\"\u003e \u003cstart x\u003d\"30\" y\u003d\"331\"\u003e\u003c/start\u003e \u003cend x\u003d\"30\" y\u003d\"355\"\u003e\u003c/end\u003e \u003c/separator\u003e \u003c/block\u003e  \u003cblock b\u003d\"698\" blockname\u003d\"\" blocktype\u003d\"Separator\" l\u003d\"30\" r\u003d\"31\" style\u003d\"transform: translate(35px, 523px); position: absolute;\" t\u003d\"386\"\u003e \u003cregion\u003e \u003crect b\u003d\"698\" l\u003d\"30\" r\u003d\"31\" t\u003d\"386\"\u003e\u003c/rect\u003e  \u003c/region\u003e  \u003cseparator thickness\u003d\"1\" type\u003d\"Black\"\u003e \u003cstart x\u003d\"30\" y\u003d\"386\"\u003e\u003c/start\u003e \u003cend x\u003d\"30\" y\u003d\"698\"\u003e\u003c/end\u003e \u003c/separator\u003e \u003c/block\u003e  \u003cblock b\u003d\"620\" blockname\u003d\"\" blocktype\u003d\"Separator\" l\u003d\"91\" r\u003d\"92\" style\u003d\"transform: translate(105px, 523px); position: absolute;\" t\u003d\"386\"\u003e \u003cregion\u003e \u003crect b\u003d\"620\" l\u003d\"91\" r\u003d\"92\" t\u003d\"386\"\u003e\u003c/rect\u003e  \u003c/region\u003e  \u003cseparator thickness\u003d\"1\" type\u003d\"Black\"\u003e \u003cstart x\u003d\"91\" y\u003d\"386\"\u003e\u003c/start\u003e \u003cend x\u003d\"91\" y\u003d\"620\"\u003e\u003c/end\u003e \u003c/separator\u003e \u003c/block\u003e  \u003cblock b\u003d\"355\" blockname\u003d\"\" blocktype\u003d\"Separator\" l\u003d\"128\" r\u003d\"129\" style\u003d\"transform: translate(147px, 448px); position: absolute;\" t\u003d\"331\"\u003e \u003cregion\u003e \u003crect b\u003d\"355\" l\u003d\"128\" r\u003d\"129\" t\u003d\"331\"\u003e\u003c/rect\u003e  \u003c/region\u003e  \u003cseparator thickness\u003d\"1\" type\u003d\"Black\"\u003e \u003cstart x\u003d\"128\" y\u003d\"331\"\u003e\u003c/start\u003e \u003cend x\u003d\"128\" y\u003d\"355\"\u003e\u003c/end\u003e \u003c/separator\u003e \u003c/block\u003e  \u003cblock b\u003d\"620\" blockname\u003d\"\" blocktype\u003d\"Separator\" l\u003d\"161\" r\u003d\"162\" style\u003d\"transform: translate(185px, 523px); position: absolute;\" t\u003d\"386\"\u003e \u003cregion\u003e \u003crect b\u003d\"620\" l\u003d\"161\" r\u003d\"162\" t\u003d\"386\"\u003e\u003c/rect\u003e  \u003c/region\u003e  \u003cseparator thickness\u003d\"1\" type\u003d\"Black\"\u003e \u003cstart x\u003d\"161\" y\u003d\"386\"\u003e\u003c/start\u003e \u003cend x\u003d\"161\" y\u003d\"620\"\u003e\u003c/end\u003e \u003c/separator\u003e \u003c/block\u003e  \u003cblock b\u003d\"355\" blockname\u003d\"\" blocktype\u003d\"Separator\" l\u003d\"225\" r\u003d\"226\" style\u003d\"transform: translate(259px, 448px); position: absolute;\" t\u003d\"331\"\u003e \u003cregion\u003e \u003crect b\u003d\"355\" l\u003d\"225\" r\u003d\"226\" t\u003d\"331\"\u003e\u003c/rect\u003e  \u003c/region\u003e  \u003cseparator thickness\u003d\"1\" type\u003d\"Black\"\u003e \u003cstart x\u003d\"225\" y\u003d\"331\"\u003e\u003c/start\u003e \u003cend x\u003d\"225\" y\u003d\"355\"\u003e\u003c/end\u003e \u003c/separator\u003e \u003c/block\u003e  \u003cblock b\u003d\"355\" blockname\u003d\"\" blocktype\u003d\"Separator\" l\u003d\"323\" r\u003d\"324\" style\u003d\"transform: translate(372px, 448px); position: absolute;\" t\u003d\"331\"\u003e \u003cregion\u003e \u003crect b\u003d\"355\" l\u003d\"323\" r\u003d\"324\" t\u003d\"331\"\u003e\u003c/rect\u003e  \u003c/region\u003e  \u003cseparator thickness\u003d\"1\" type\u003d\"Black\"\u003e \u003cstart x\u003d\"323\" y\u003d\"331\"\u003e\u003c/start\u003e \u003cend x\u003d\"323\" y\u003d\"355\"\u003e\u003c/end\u003e \u003c/separator\u003e \u003c/block\u003e  \u003cblock b\u003d\"355\" blockname\u003d\"\" blocktype\u003d\"Separator\" l\u003d\"420\" r\u003d\"421\" style\u003d\"transform: translate(483px, 448px); position: absolute;\" t\u003d\"331\"\u003e \u003cregion\u003e \u003crect b\u003d\"355\" l\u003d\"420\" r\u003d\"421\" t\u003d\"331\"\u003e\u003c/rect\u003e  \u003c/region\u003e  \u003cseparator thickness\u003d\"1\" type\u003d\"Black\"\u003e \u003cstart x\u003d\"420\" y\u003d\"331\"\u003e\u003c/start\u003e \u003cend x\u003d\"420\" y\u003d\"355\"\u003e\u003c/end\u003e \u003c/separator\u003e \u003c/block\u003e  \u003cblock b\u003d\"698\" blockname\u003d\"\" blocktype\u003d\"Separator\" l\u003d\"464\" r\u003d\"465\" style\u003d\"transform: translate(534px, 523px); position: absolute;\" t\u003d\"386\"\u003e \u003cregion\u003e \u003crect b\u003d\"698\" l\u003d\"464\" r\u003d\"465\" t\u003d\"386\"\u003e\u003c/rect\u003e  \u003c/region\u003e  \u003cseparator thickness\u003d\"1\" type\u003d\"Black\"\u003e \u003cstart x\u003d\"464\" y\u003d\"386\"\u003e\u003c/start\u003e \u003cend x\u003d\"464\" y\u003d\"698\"\u003e\u003c/end\u003e \u003c/separator\u003e \u003c/block\u003e  \u003cblock b\u003d\"355\" blockname\u003d\"\" blocktype\u003d\"Separator\" l\u003d\"518\" r\u003d\"519\" style\u003d\"transform: translate(596px, 448px); position: absolute;\" t\u003d\"331\"\u003e \u003cregion\u003e \u003crect b\u003d\"355\" l\u003d\"518\" r\u003d\"519\" t\u003d\"331\"\u003e\u003c/rect\u003e  \u003c/region\u003e  \u003cseparator thickness\u003d\"1\" type\u003d\"Black\"\u003e \u003cstart x\u003d\"518\" y\u003d\"331\"\u003e\u003c/start\u003e \u003cend x\u003d\"518\" y\u003d\"355\"\u003e\u003c/end\u003e \u003c/separator\u003e \u003c/block\u003e  \u003cblock b\u003d\"786\" blockname\u003d\"\" blocktype\u003d\"Separator\" l\u003d\"539\" r\u003d\"540\" style\u003d\"transform: translate(620px, 523px); position: absolute;\" t\u003d\"386\"\u003e \u003cregion\u003e \u003crect b\u003d\"786\" l\u003d\"539\" r\u003d\"540\" t\u003d\"386\"\u003e\u003c/rect\u003e  \u003c/region\u003e  \u003cseparator thickness\u003d\"1\" type\u003d\"Black\"\u003e \u003cstart x\u003d\"539\" y\u003d\"386\"\u003e\u003c/start\u003e \u003cend x\u003d\"539\" y\u003d\"786\"\u003e\u003c/end\u003e \u003c/separator\u003e \u003c/block\u003e  \u003cblock b\u003d\"101\" blockname\u003d\"\" blocktype\u003d\"Separator\" l\u003d\"554\" r\u003d\"555\" style\u003d\"transform: translate(638px, 72px); position: absolute;\" t\u003d\"53\"\u003e \u003cregion\u003e \u003crect b\u003d\"101\" l\u003d\"554\" r\u003d\"555\" t\u003d\"53\"\u003e\u003c/rect\u003e  \u003c/region\u003e  \u003cseparator thickness\u003d\"1\" type\u003d\"Black\"\u003e \u003cstart x\u003d\"554\" y\u003d\"53\"\u003e\u003c/start\u003e \u003cend x\u003d\"554\" y\u003d\"101\"\u003e\u003c/end\u003e \u003c/separator\u003e \u003c/block\u003e  \u003cblock b\u003d\"355\" blockname\u003d\"\" blocktype\u003d\"Separator\" l\u003d\"615\" r\u003d\"616\" style\u003d\"transform: translate(708px, 448px); position: absolute;\" t\u003d\"331\"\u003e \u003cregion\u003e \u003crect b\u003d\"355\" l\u003d\"615\" r\u003d\"616\" t\u003d\"331\"\u003e\u003c/rect\u003e  \u003c/region\u003e  \u003cseparator thickness\u003d\"1\" type\u003d\"Black\"\u003e \u003cstart x\u003d\"615\" y\u003d\"331\"\u003e\u003c/start\u003e \u003cend x\u003d\"615\" y\u003d\"355\"\u003e\u003c/end\u003e \u003c/separator\u003e \u003c/block\u003e  \u003cblock b\u003d\"786\" blockname\u003d\"\" blocktype\u003d\"Separator\" l\u003d\"615\" r\u003d\"616\" style\u003d\"transform: translate(708px, 523px); position: absolute;\" t\u003d\"386\"\u003e \u003cregion\u003e \u003crect b\u003d\"786\" l\u003d\"615\" r\u003d\"616\" t\u003d\"386\"\u003e\u003c/rect\u003e  \u003c/region\u003e  \u003cseparator thickness\u003d\"1\" type\u003d\"Black\"\u003e \u003cstart x\u003d\"615\" y\u003d\"386\"\u003e\u003c/start\u003e \u003cend x\u003d\"615\" y\u003d\"786\"\u003e\u003c/end\u003e \u003c/separator\u003e \u003c/block\u003e  \u003cblock b\u003d\"848\" blockname\u003d\"\" blocktype\u003d\"Separator\" l\u003d\"655\" r\u003d\"656\" style\u003d\"transform: translate(754px, 347px); position: absolute;\" t\u003d\"256\"\u003e \u003cregion\u003e \u003crect b\u003d\"848\" l\u003d\"655\" r\u003d\"656\" t\u003d\"256\"\u003e\u003c/rect\u003e  \u003c/region\u003e  \u003cseparator thickness\u003d\"1\" type\u003d\"Black\"\u003e \u003cstart x\u003d\"655\" y\u003d\"256\"\u003e\u003c/start\u003e \u003cend x\u003d\"655\" y\u003d\"848\"\u003e\u003c/end\u003e \u003c/separator\u003e \u003c/block\u003e  \u003cblock b\u003d\"330\" blockname\u003d\"\" blocktype\u003d\"Text\" class\u003d\"hidden\" l\u003d\"31\" r\u003d\"615\" style\u003d\"transform: translate(36px, 427px); position: absolute; width: 672.134px; height: 20.3125px;\" t\u003d\"315\"\u003e \u003cregion\u003e \u003crect b\u003d\"330\" l\u003d\"31\" r\u003d\"615\" t\u003d\"315\"\u003e\u003c/rect\u003e  \u003c/region\u003e  \u003ctext\u003e \u003cpar linespacing\u003d\"-1\"\u003e\u003c/par\u003e  \u003c/text\u003e  \u003c/block\u003e  \u003cblock b\u003d\"385\" blockname\u003d\"\" blocktype\u003d\"Text\" l\u003d\"31\" r\u003d\"615\" style\u003d\"transform: translate(36px, 501px); position: absolute; width: 672.134px; height: 20.3125px;\" t\u003d\"370\"\u003e \u003cregion\u003e \u003crect b\u003d\"385\" l\u003d\"31\" r\u003d\"615\" t\u003d\"370\"\u003e\u003c/rect\u003e  \u003c/region\u003e  \u003ctext\u003e \u003cpar linespacing\u003d\"-1\"\u003e\u003c/par\u003e  \u003c/text\u003e  \u003c/block\u003e  \u003cblock b\u003d\"389\" blockname\u003d\"\" blocktype\u003d\"Text\" class\u003d\"hidden\" l\u003d\"28\" r\u003d\"619\" style\u003d\"transform: translate(32px, 423px); position: absolute; width: 680.191px; height: 104.271px;\" t\u003d\"312\"\u003e \u003cregion\u003e \u003crect b\u003d\"389\" l\u003d\"28\" r\u003d\"619\" t\u003d\"312\"\u003e\u003c/rect\u003e  \u003c/region\u003e  \u003ctext\u003e \u003cpar linespacing\u003d\"-1\"\u003e\u003c/par\u003e  \u003c/text\u003e  \u003c/block\u003e  \u003c/page\u003e                 \u003c/document\u003e","tags":[{"score":0.49653931466390133,"end":22,"tag":"supplier_name","text":"Youn LOGO","estimatedAccuracy":0.0,"begin":13},{"score":0.7021213663435724,"end":244,"tag":"email","text":"sales@yoursite.com","estimatedAccuracy":0.0,"begin":226},{"score":0.5497457112617985,"end":328,"tag":"invoice_date","text":"April 11, 2012","estimatedAccuracy":0.0,"begin":314}],"group":"email|invoice_date|supplier_name"}