{"finalScore":0.5920575992039163,"metaInfo":{"model":{"coreVersion":"9.3.0.9"}},"sumScore":3.552345595223498,"tagsCounter":6.0,"taggedText":"\u003chtml\u003e\u003chead\u003e\u003cscript src\u003d\"https://ajax.googleapis.com/ajax/libs/jquery/2.2.0/jquery.min.js\"\u003e\u003c/script\u003e\u003cscript src\u003d\"https://ajax.googleapis.com/ajax/libs/jquery/2.2.0/jquery.min.js\"\u003e\u003c/script\u003e\u003c/head\u003e\u003cbody\u003e\u003cdocument languages\u003d\"\" producer\u003d\"Workfusion\" schemalocation\u003d\"http://ocr.crowdcomputingsystems.com/xml/schema-v1.xml\" version\u003d\"1.0\" xmlns\u003d\"http://ocr.crowdcomputingsystems.com/xml/schema-v1.xml\" xsi\u003d\"http://www.w3.org/2001/XMLSchema-instance\"\u003e \u003clink href\u003d\"https://s3.amazonaws.com/workfusion-resources/ocr/ocr-xml-viewer-0.3-scale-to-width.css\" rel\u003d\"stylesheet\" type\u003d\"text/css\"\u003e\u003c/link\u003e \u003cstyle\u003e\u003c/style\u003e\u003cpage data-pages\u003d\"1\" h\u003d\"608\" resolution\u003d\"96\" style\u003d\"height: 824px;\" w\u003d\"480\"\u003e \u003cblock b\u003d\"30\" blockname\u003d\"\" blocktype\u003d\"Text\" l\u003d\"49\" r\u003d\"227\" style\u003d\"transform: translate(79px, 0px); position: absolute; width: 285.913px; height: 40.625px;\" t\u003d\"0\"\u003e \u003cregion\u003e \u003crect b\u003d\"30\" l\u003d\"49\" r\u003d\"227\" t\u003d\"0\"\u003e\u003c/rect\u003e  \u003c/region\u003e  \u003ctext\u003e \u003cpar linespacing\u003d\"1130\"\u003e \u003cline b\u003d\"15\" baseline\u003d\"15\" l\u003d\"51\" r\u003d\"224\" style\u003d\"transform: translate(3px, 0px); position: absolute;\" t\u003d\"0\"\u003e \u003cformatting lang\u003d\"EnglishUnitedStates\"\u003e \u003csupplier_name begin\u003d\"13\" class\u003d\"extraction-tag ml-tag\" data-text\u003d\"Grseaeme Dusckett\" data-value\u003d\"Grseaeme Dusckett          Freelance Design And Development\" end\u003d\"72\" ml-tagorder\u003d\"4\" score\u003d\"0.5762574400731353\" style\u003d\"border: 2px solid rgb(125, 157, 1);\" tagorder\u003d\"4\"\u003eGrseaeme Dusckett \u003c/supplier_name\u003e\u003c/formatting\u003e\u003csupplier_name begin\u003d\"13\" class\u003d\"extraction-tag ml-tag\" data-text\u003d\"Grseaeme Dusckett\" data-value\u003d\"Grseaeme Dusckett          Freelance Design And Development\" end\u003d\"72\" ml-tagorder\u003d\"4\" score\u003d\"0.5762574400731353\" style\u003d\"border: 2px solid rgb(125, 157, 1);\" tagorder\u003d\"4\"\u003e  \u003c/supplier_name\u003e\u003c/line\u003e\u003csupplier_name begin\u003d\"13\" class\u003d\"extraction-tag ml-tag\" data-text\u003d\"Grseaeme Dusckett\" data-value\u003d\"Grseaeme Dusckett          Freelance Design And Development\" end\u003d\"72\" ml-tagorder\u003d\"4\" score\u003d\"0.5762574400731353\" style\u003d\"border: 2px solid rgb(125, 157, 1);\" tagorder\u003d\"4\"\u003e  \u003c/supplier_name\u003e\u003c/par\u003e\u003csupplier_name begin\u003d\"13\" class\u003d\"extraction-tag ml-tag\" data-text\u003d\"Grseaeme Dusckett\" data-value\u003d\"Grseaeme Dusckett          Freelance Design And Development\" end\u003d\"72\" ml-tagorder\u003d\"4\" score\u003d\"0.5762574400731353\" style\u003d\"border: 2px solid rgb(125, 157, 1);\" tagorder\u003d\"4\"\u003e  \u003c/supplier_name\u003e\u003cpar linespacing\u003d\"450\"\u003e\u003csupplier_name begin\u003d\"13\" class\u003d\"extraction-tag ml-tag\" data-text\u003d\"Grseaeme Dusckett\" data-value\u003d\"Grseaeme Dusckett          Freelance Design And Development\" end\u003d\"72\" ml-tagorder\u003d\"4\" score\u003d\"0.5762574400731353\" style\u003d\"border: 2px solid rgb(125, 157, 1);\" tagorder\u003d\"4\"\u003e \u003c/supplier_name\u003e\u003cline b\u003d\"27\" baseline\u003d\"25\" l\u003d\"50\" r\u003d\"180\" style\u003d\"transform: translate(2px, 26px); position: absolute;\" t\u003d\"19\"\u003e\u003csupplier_name begin\u003d\"13\" class\u003d\"extraction-tag ml-tag\" data-text\u003d\"Grseaeme Dusckett\" data-value\u003d\"Grseaeme Dusckett          Freelance Design And Development\" end\u003d\"72\" ml-tagorder\u003d\"4\" score\u003d\"0.5762574400731353\" style\u003d\"border: 2px solid rgb(125, 157, 1);\" tagorder\u003d\"4\"\u003e \u003c/supplier_name\u003e\u003cformatting lang\u003d\"EnglishUnitedStates\"\u003e\u003csupplier_name begin\u003d\"13\" class\u003d\"extraction-tag ml-tag\" data-text\u003d\"Grseaeme Dusckett\" data-value\u003d\"Grseaeme Dusckett          Freelance Design And Development\" end\u003d\"72\" ml-tagorder\u003d\"4\" score\u003d\"0.5762574400731353\" style\u003d\"border: 2px solid rgb(125, 157, 1);\" tagorder\u003d\"4\"\u003e Freelance Design And Development\u003c/supplier_name\u003e \u003c/formatting\u003e  \u003c/line\u003e  \u003c/par\u003e  \u003c/text\u003e  \u003c/block\u003e  \u003cblock b\u003d\"123\" blockname\u003d\"\" blocktype\u003d\"Text\" l\u003d\"47\" r\u003d\"220\" style\u003d\"transform: translate(75px, 85px); position: absolute; width: 277.881px; height: 81.25px;\" t\u003d\"63\"\u003e \u003cregion\u003e \u003crect b\u003d\"123\" l\u003d\"47\" r\u003d\"220\" t\u003d\"63\"\u003e\u003c/rect\u003e  \u003c/region\u003e  \u003ctext\u003e \u003cpar linespacing\u003d\"1575\" rightindent\u003d\"18300\"\u003e \u003cline b\u003d\"82\" baseline\u003d\"76\" l\u003d\"50\" r\u003d\"217\" style\u003d\"transform: translate(5px, 3px); position: absolute;\" t\u003d\"65\"\u003e \u003cformatting lang\u003d\"EnglishUnitedStates\"\u003e Designer Developer Different \u003c/formatting\u003e  \u003c/line\u003e  \u003cline b\u003d\"102\" baseline\u003d\"96\" l\u003d\"50\" r\u003d\"199\" style\u003d\"transform: translate(5px, 33px); position: absolute;\" t\u003d\"87\"\u003eheilo@graemeduckettconi\u003c/line\u003e  \u003cline b\u003d\"123\" baseline\u003d\"118\" l\u003d\"51\" r\u003d\"220\" style\u003d\"transform: translate(6px, 53px); position: absolute;\" t\u003d\"102\"\u003e \u003cformatting lang\u003d\"EnglishUnitedStates\"\u003e +1.403.200.2204 jHH \u003c/formatting\u003e  \u003c/line\u003e  \u003c/par\u003e  \u003c/text\u003e  \u003c/block\u003e  \u003cblock b\u003d\"104\" blockname\u003d\"\" blocktype\u003d\"Text\" l\u003d\"329\" r\u003d\"431\" style\u003d\"transform: translate(528px, 100px); position: absolute; width: 163.838px; height: 40.625px;\" t\u003d\"74\"\u003e \u003cregion\u003e \u003crect b\u003d\"104\" l\u003d\"329\" r\u003d\"431\" t\u003d\"74\"\u003e\u003c/rect\u003e  \u003c/region\u003e  \u003ctext\u003e \u003cpar linespacing\u003d\"2030\"\u003e \u003cline b\u003d\"102\" baseline\u003d\"102\" l\u003d\"330\" r\u003d\"428\" style\u003d\"transform: translate(2px, 1px); position: absolute;\" t\u003d\"75\"\u003e \u003cformatting lang\u003d\"EnglishUnitedStates\"\u003e Invoice \u003c/formatting\u003e  \u003c/line\u003e  \u003c/par\u003e  \u003c/text\u003e  \u003c/block\u003e  \u003cblock b\u003d\"208\" blockname\u003d\"\" blocktype\u003d\"Text\" l\u003d\"49\" r\u003d\"202\" style\u003d\"transform: translate(79px, 225px); position: absolute; width: 245.756px; height: 56.875px;\" t\u003d\"166\"\u003e \u003cregion\u003e \u003crect b\u003d\"208\" l\u003d\"49\" r\u003d\"202\" t\u003d\"166\"\u003e\u003c/rect\u003e  \u003c/region\u003e  \u003ctext\u003e \u003cpar linespacing\u003d\"830\"\u003e \u003cline b\u003d\"182\" baseline\u003d\"178\" l\u003d\"51\" r\u003d\"161\" style\u003d\"transform: translate(3px, 1px); position: absolute;\" t\u003d\"167\"\u003e \u003cformatting lang\u003d\"EnglishUnitedStates\"\u003e Company Name \u003c/formatting\u003e  \u003c/line\u003e  \u003c/par\u003e  \u003cpar linespacing\u003d\"530\"\u003e \u003cline b\u003d\"196\" baseline\u003d\"195\" l\u003d\"51\" r\u003d\"199\" style\u003d\"transform: translate(3px, 30px); position: absolute;\" t\u003d\"188\"\u003e \u003cformatting lang\u003d\"EnglishUnitedStates\"\u003e fVo^o Website: Basic Company Site \u003c/formatting\u003e  \u003c/line\u003e  \u003c/par\u003e  \u003cpar linespacing\u003d\"530\"\u003e \u003cline b\u003d\"205\" baseline\u003d\"205\" l\u003d\"51\" r\u003d\"125\" style\u003d\"transform: translate(3px, 43px); position: absolute;\" t\u003d\"198\"\u003e \u003cformatting lang\u003d\"EnglishUnitedStates\"\u003e ^voiceNumtocr \u0026raquo;101 \u003c/formatting\u003e  \u003c/line\u003e  \u003c/par\u003e  \u003c/text\u003e  \u003c/block\u003e  \u003cregion xmlns\u003d\"http://ocr.crowdcomputingsystems.com/xml/schema-v1.xml\"\u003e \u003crect b\u003d\"372\" l\u003d\"49\" r\u003d\"468\" t\u003d\"246\"\u003e\u003c/rect\u003e  \u003c/region\u003e \u003ctable b\u003d\"372\" blockname\u003d\"\" blocktype\u003d\"Table\" l\u003d\"49\" r\u003d\"468\" style\u003d\"transform: translate(79px, 333px); position: absolute;\" t\u003d\"246\" xmlns\u003d\"\"\u003e \u003ctbody\u003e\u003ctr\u003e \u003ctd bottomborder\u003d\"White\" h\u003d\"14\" leftborder\u003d\"White\" rightborder\u003d\"White\" topborder\u003d\"White\" w\u003d\"251\"\u003e \u003ctext xmlns\u003d\"http://ocr.crowdcomputingsystems.com/xml/schema-v1.xml\"\u003e \u003cpar linespacing\u003d\"450\"\u003e \u003cline b\u003d\"255\" baseline\u003d\"254\" l\u003d\"51\" r\u003d\"146\" t\u003d\"248\"\u003e \u003cformatting lang\u003d\"EnglishUnitedStates\"\u003e PROJECT BREAKDOWN \u003c/formatting\u003e  \u003c/line\u003e  \u003c/par\u003e  \u003c/text\u003e  \u003c/td\u003e   \u003ctd bottomborder\u003d\"White\" h\u003d\"14\" leftborder\u003d\"White\" rightborder\u003d\"White\" topborder\u003d\"White\" w\u003d\"52\"\u003e \u003ctext xmlns\u003d\"http://ocr.crowdcomputingsystems.com/xml/schema-v1.xml\"\u003e \u003cpar leftindent\u003d\"1400\" linespacing\u003d\"530\"\u003e \u003cline b\u003d\"255\" baseline\u003d\"255\" l\u003d\"318\" r\u003d\"334\" t\u003d\"248\"\u003e \u003cformatting lang\u003d\"EnglishUnitedStates\"\u003e HRS \u003c/formatting\u003e  \u003c/line\u003e  \u003c/par\u003e  \u003c/text\u003e  \u003c/td\u003e   \u003ctd bottomborder\u003d\"White\" h\u003d\"14\" leftborder\u003d\"White\" rightborder\u003d\"White\" topborder\u003d\"White\" w\u003d\"54\"\u003e \u003ctext xmlns\u003d\"http://ocr.crowdcomputingsystems.com/xml/schema-v1.xml\"\u003e \u003cpar align\u003d\"Center\" leftindent\u003d\"100\" linespacing\u003d\"530\"\u003e \u003cline b\u003d\"255\" baseline\u003d\"255\" l\u003d\"370\" r\u003d\"390\" t\u003d\"248\"\u003e \u003cformatting lang\u003d\"EnglishUnitedStates\"\u003e RATE \u003c/formatting\u003e  \u003c/line\u003e  \u003c/par\u003e  \u003c/text\u003e  \u003c/td\u003e   \u003ctd bottomborder\u003d\"White\" h\u003d\"14\" leftborder\u003d\"White\" rightborder\u003d\"White\" topborder\u003d\"White\" w\u003d\"62\"\u003e \u003ctext xmlns\u003d\"http://ocr.crowdcomputingsystems.com/xml/schema-v1.xml\"\u003e \u003cpar align\u003d\"Center\" linespacing\u003d\"450\" rightindent\u003d\"200\"\u003e \u003cline b\u003d\"255\" baseline\u003d\"254\" l\u003d\"422\" r\u003d\"465\" t\u003d\"248\"\u003e \u003cformatting lang\u003d\"EnglishUnitedStates\"\u003e SUBTOTAL \u003c/formatting\u003e  \u003c/line\u003e  \u003c/par\u003e  \u003c/text\u003e  \u003c/td\u003e   \u003c/tr\u003e \n \u003ctr\u003e \u003ctd bottomborder\u003d\"White\" h\u003d\"41\" leftborder\u003d\"White\" rightborder\u003d\"White\" topborder\u003d\"White\" w\u003d\"251\"\u003e \u003ctext xmlns\u003d\"http://ocr.crowdcomputingsystems.com/xml/schema-v1.xml\"\u003e \u003cpar linespacing\u003d\"450\"\u003e \u003cline b\u003d\"273\" baseline\u003d\"271\" l\u003d\"56\" r\u003d\"121\" t\u003d\"265\"\u003eTemplate Design\u003c/line\u003e  \u003c/par\u003e  \u003cpar linespacing\u003d\"380\"\u003e \u003cline b\u003d\"296\" baseline\u003d\"294\" l\u003d\"56\" r\u003d\"100\" t\u003d\"289\"\u003eMonmgn\u003c/line\u003e  \u003c/par\u003e  \u003c/text\u003e  \u003c/td\u003e   \u003ctd bottomborder\u003d\"White\" h\u003d\"41\" leftborder\u003d\"White\" rightborder\u003d\"White\" topborder\u003d\"White\" w\u003d\"52\"\u003e \u003ctext xmlns\u003d\"http://ocr.crowdcomputingsystems.com/xml/schema-v1.xml\"\u003e \u003cpar leftindent\u003d\"1400\" linespacing\u003d\"450\"\u003e \u003cline b\u003d\"271\" baseline\u003d\"271\" l\u003d\"319\" r\u003d\"327\" t\u003d\"265\"\u003eIS\u003c/line\u003e  \u003c/par\u003e  \u003c/text\u003e  \u003c/td\u003e   \u003ctd bottomborder\u003d\"White\" h\u003d\"41\" leftborder\u003d\"White\" rightborder\u003d\"White\" topborder\u003d\"White\" w\u003d\"54\"\u003e \u003ctext xmlns\u003d\"http://ocr.crowdcomputingsystems.com/xml/schema-v1.xml\"\u003e \u003cpar align\u003d\"Center\" leftindent\u003d\"100\" linespacing\u003d\"450\"\u003e \u003cline b\u003d\"272\" baseline\u003d\"271\" l\u003d\"371\" r\u003d\"384\" t\u003d\"265\"\u003eS7S\u003c/line\u003e  \u003c/par\u003e  \u003c/text\u003e  \u003c/td\u003e   \u003ctd bottomborder\u003d\"White\" h\u003d\"41\" leftborder\u003d\"White\" rightborder\u003d\"White\" topborder\u003d\"White\" w\u003d\"62\"\u003e \u003ctext xmlns\u003d\"http://ocr.crowdcomputingsystems.com/xml/schema-v1.xml\"\u003e \u003cpar align\u003d\"Center\" linespacing\u003d\"450\" rightindent\u003d\"200\"\u003e \u003cline b\u003d\"272\" baseline\u003d\"271\" l\u003d\"423\" r\u003d\"458\" t\u003d\"265\"\u003e \u003cformatting lang\u003d\"EnglishUnitedStates\"\u003e S1125.00 \u003c/formatting\u003e  \u003c/line\u003e  \u003c/par\u003e  \u003c/text\u003e  \u003c/td\u003e   \u003c/tr\u003e \n \u003ctr\u003e \u003ctd bottomborder\u003d\"White\" h\u003d\"40\" leftborder\u003d\"White\" rightborder\u003d\"White\" topborder\u003d\"White\" w\u003d\"251\"\u003e \u003ctext xmlns\u003d\"http://ocr.crowdcomputingsystems.com/xml/schema-v1.xml\"\u003e \u003cpar linespacing\u003d\"450\"\u003e \u003cline b\u003d\"314\" baseline\u003d\"312\" l\u003d\"56\" r\u003d\"147\" t\u003d\"306\"\u003e\u003cproduct begin\u003d\"524\" class\u003d\"extraction-tag ml-tag\" data-text\u003d\"Template Development\" data-value\u003d\"Template Development\" end\u003d\"544\" ml-tagorder\u003d\"0\" score\u003d\"0.6483958357595162\" style\u003d\"border: 2px solid rgb(125, 157, 1);\" tagorder\u003d\"0\"\u003eTemplate Development\u003c/product\u003e\u003c/line\u003e  \u003c/par\u003e  \u003cpar linespacing\u003d\"600\" rightindent\u003d\"1400\"\u003e \u003cline b\u003d\"328\" baseline\u003d\"327\" l\u003d\"56\" r\u003d\"271\" t\u003d\"322\"\u003e\u003cproduct begin\u003d\"549\" class\u003d\"extraction-tag ml-tag\" data-text\u003d\"Saw XMTML CSS. a-d PHP walk neOvw Vtfudci yngle aulo reipcvtfng\" data-value\u003d\"Saw XMTML CSS. a-d PHP walk neOvw Vtfudci yngle aulo reipcvtfng  ccmaci\" end\u003d\"620\" ml-tagorder\u003d\"5\" score\u003d\"0.42403691553530803\" style\u003d\"border: 2px solid rgb(125, 157, 1);\" tagorder\u003d\"5\"\u003eSaw XMTML CSS. a-d PHP walk neOvw Vtfudci yngle aulo reipcvtfng\u003c/product\u003e\u003c/line\u003e\u003cproduct begin\u003d\"549\" class\u003d\"extraction-tag ml-tag\" data-text\u003d\"Saw XMTML CSS. a-d PHP walk neOvw Vtfudci yngle aulo reipcvtfng\" data-value\u003d\"Saw XMTML CSS. a-d PHP walk neOvw Vtfudci yngle aulo reipcvtfng  ccmaci\" end\u003d\"620\" ml-tagorder\u003d\"5\" score\u003d\"0.42403691553530803\" style\u003d\"border: 2px solid rgb(125, 157, 1);\" tagorder\u003d\"5\"\u003e  \u003c/product\u003e\u003cline b\u003d\"335\" baseline\u003d\"335\" l\u003d\"56\" r\u003d\"94\" t\u003d\"329\"\u003e\u003cproduct begin\u003d\"549\" class\u003d\"extraction-tag ml-tag\" data-text\u003d\"Saw XMTML CSS. a-d PHP walk neOvw Vtfudci yngle aulo reipcvtfng\" data-value\u003d\"Saw XMTML CSS. a-d PHP walk neOvw Vtfudci yngle aulo reipcvtfng  ccmaci\" end\u003d\"620\" ml-tagorder\u003d\"5\" score\u003d\"0.42403691553530803\" style\u003d\"border: 2px solid rgb(125, 157, 1);\" tagorder\u003d\"5\"\u003eccmaci\u003c/product\u003e t\u0026raquo;m\u003c/line\u003e  \u003c/par\u003e  \u003c/text\u003e  \u003c/td\u003e   \u003ctd bottomborder\u003d\"White\" h\u003d\"40\" leftborder\u003d\"White\" rightborder\u003d\"White\" topborder\u003d\"White\" w\u003d\"52\"\u003e \u003ctext xmlns\u003d\"http://ocr.crowdcomputingsystems.com/xml/schema-v1.xml\"\u003e \u003cpar leftindent\u003d\"1400\" linespacing\u003d\"450\"\u003e \u003cline b\u003d\"312\" baseline\u003d\"312\" l\u003d\"319\" r\u003d\"327\" t\u003d\"306\"\u003e\u003cquantity begin\u003d\"636\" class\u003d\"extraction-tag ml-tag\" data-text\u003d\"15\" data-value\u003d\"15\" end\u003d\"638\" ml-tagorder\u003d\"1\" score\u003d\"0.6132674053370536\" style\u003d\"border: 2px solid rgb(125, 157, 1);\" tagorder\u003d\"1\"\u003e15\u003c/quantity\u003e\u003c/line\u003e  \u003c/par\u003e  \u003c/text\u003e  \u003c/td\u003e   \u003ctd bottomborder\u003d\"White\" h\u003d\"40\" leftborder\u003d\"White\" rightborder\u003d\"White\" topborder\u003d\"White\" w\u003d\"54\"\u003e \u003ctext xmlns\u003d\"http://ocr.crowdcomputingsystems.com/xml/schema-v1.xml\"\u003e \u003cpar align\u003d\"Center\" leftindent\u003d\"100\" linespacing\u003d\"450\"\u003e \u003cline b\u003d\"313\" baseline\u003d\"312\" l\u003d\"371\" r\u003d\"384\" t\u003d\"306\"\u003eS75\u003c/line\u003e  \u003c/par\u003e  \u003c/text\u003e  \u003c/td\u003e   \u003ctd bottomborder\u003d\"White\" h\u003d\"40\" leftborder\u003d\"White\" rightborder\u003d\"White\" topborder\u003d\"White\" w\u003d\"62\"\u003e \u003ctext xmlns\u003d\"http://ocr.crowdcomputingsystems.com/xml/schema-v1.xml\"\u003e \u003cpar align\u003d\"Center\" linespacing\u003d\"450\" rightindent\u003d\"200\"\u003e \u003cline b\u003d\"313\" baseline\u003d\"312\" l\u003d\"423\" r\u003d\"458\" t\u003d\"306\"\u003e \u003cformatting lang\u003d\"EnglishUnitedStates\"\u003e 51125.00 \u003c/formatting\u003e  \u003c/line\u003e  \u003c/par\u003e  \u003c/text\u003e  \u003c/td\u003e   \u003c/tr\u003e \n \u003ctr\u003e \u003ctd h\u003d\"31\" leftborder\u003d\"White\" rightborder\u003d\"White\" topborder\u003d\"White\" w\u003d\"251\"\u003e \u003ctext xmlns\u003d\"http://ocr.crowdcomputingsystems.com/xml/schema-v1.xml\"\u003e \u003cpar linespacing\u003d\"450\"\u003e \u003cline b\u003d\"355\" baseline\u003d\"353\" l\u003d\"56\" r\u003d\"84\" t\u003d\"347\"\u003eTesting\u003c/line\u003e  \u003c/par\u003e  \u003c/text\u003e  \u003c/td\u003e   \u003ctd bottomborder\u003d\"White\" h\u003d\"31\" leftborder\u003d\"White\" rightborder\u003d\"White\" topborder\u003d\"White\" w\u003d\"52\"\u003e \u003ctext xmlns\u003d\"http://ocr.crowdcomputingsystems.com/xml/schema-v1.xml\"\u003e \u003cpar leftindent\u003d\"1400\" linespacing\u003d\"450\"\u003e \u003cline b\u003d\"353\" baseline\u003d\"353\" l\u003d\"318\" r\u003d\"322\" t\u003d\"347\"\u003e\u003cquantity begin\u003d\"713\" class\u003d\"extraction-tag ml-tag\" data-text\u003d\"2\" data-value\u003d\"2\" end\u003d\"714\" ml-tagorder\u003d\"2\" score\u003d\"0.6476538864082922\" style\u003d\"border: 2px solid rgb(125, 157, 1);\" tagorder\u003d\"2\"\u003e2\u003c/quantity\u003e\u003c/line\u003e  \u003c/par\u003e  \u003c/text\u003e  \u003c/td\u003e   \u003ctd bottomborder\u003d\"White\" h\u003d\"31\" leftborder\u003d\"White\" rightborder\u003d\"White\" topborder\u003d\"White\" w\u003d\"54\"\u003e \u003ctext xmlns\u003d\"http://ocr.crowdcomputingsystems.com/xml/schema-v1.xml\"\u003e \u003cpar align\u003d\"Center\" leftindent\u003d\"100\" linespacing\u003d\"450\"\u003e \u003cline b\u003d\"354\" baseline\u003d\"353\" l\u003d\"371\" r\u003d\"384\" t\u003d\"347\"\u003eS75\u003c/line\u003e  \u003c/par\u003e  \u003c/text\u003e  \u003c/td\u003e   \u003ctd bottomborder\u003d\"White\" h\u003d\"31\" leftborder\u003d\"White\" rightborder\u003d\"White\" topborder\u003d\"White\" w\u003d\"62\"\u003e \u003ctext xmlns\u003d\"http://ocr.crowdcomputingsystems.com/xml/schema-v1.xml\"\u003e \u003cpar align\u003d\"Center\" linespacing\u003d\"450\" rightindent\u003d\"200\"\u003e \u003cline b\u003d\"354\" baseline\u003d\"353\" l\u003d\"423\" r\u003d\"454\" t\u003d\"347\"\u003e \u003cformatting lang\u003d\"EnglishUnitedStates\"\u003e SI 50.00 \u003c/formatting\u003e  \u003c/line\u003e  \u003c/par\u003e  \u003c/text\u003e  \u003c/td\u003e   \u003c/tr\u003e \n \u003c/tbody\u003e\u003c/table\u003e\n \u003cblock b\u003d\"511\" blockname\u003d\"\" blocktype\u003d\"Text\" l\u003d\"208\" r\u003d\"335\" style\u003d\"transform: translate(334px, 628px); position: absolute; width: 203.994px; height: 63.6458px;\" t\u003d\"464\"\u003e \u003cregion\u003e \u003crect b\u003d\"511\" l\u003d\"208\" r\u003d\"335\" t\u003d\"464\"\u003e\u003c/rect\u003e  \u003c/region\u003e  \u003ctext\u003e \u003cpar align\u003d\"Right\" leftindent\u003d\"12200\" linespacing\u003d\"1275\" rightindent\u003d\"13500\"\u003e \u003cline b\u003d\"472\" baseline\u003d\"472\" l\u003d\"239\" r\u003d\"288\" style\u003d\"transform: translate(50px, 1px); position: absolute;\" t\u003d\"465\"\u003e \u003cformatting lang\u003d\"EnglishUnitedStates\"\u003e TAXES N/A \u003c/formatting\u003e  \u003c/line\u003e  \u003cline b\u003d\"490\" baseline\u003d\"490\" l\u003d\"209\" r\u003d\"288\" style\u003d\"transform: translate(2px, 26px); position: absolute;\" t\u003d\"483\"\u003e \u003cformatting lang\u003d\"EnglishUnitedStates\"\u003e DEDUCTIONS N/A \u003c/formatting\u003e  \u003c/line\u003e  \u003c/par\u003e  \u003cpar leftindent\u003d\"13100\" linespacing\u003d\"1275\"\u003e \u003cline b\u003d\"508\" baseline\u003d\"507\" l\u003d\"222\" r\u003d\"332\" style\u003d\"transform: translate(22px, 45px); position: absolute;\" t\u003d\"497\"\u003e \u003cformatting lang\u003d\"EnglishUnitedStates\"\u003e SUBTOTAL $\u003ctotal_amount begin\u003d\"828\" class\u003d\"extraction-tag ml-tag\" data-text\u003d\"2400.00\" data-value\u003d\"2400.00\" end\u003d\"835\" ml-tagorder\u003d\"3\" score\u003d\"0.6427341121101926\" style\u003d\"border: 2px solid rgb(125, 157, 1);\" tagorder\u003d\"3\"\u003e2400.00\u003c/total_amount\u003e \u003c/formatting\u003e  \u003c/line\u003e  \u003c/par\u003e  \u003c/text\u003e  \u003c/block\u003e  \u003cblock b\u003d\"608\" blockname\u003d\"\" blocktype\u003d\"Text\" l\u003d\"132\" r\u003d\"316\" style\u003d\"transform: translate(212px, 813px); position: absolute; width: 295.55px; height: 10.8333px;\" t\u003d\"600\"\u003e \u003cregion\u003e \u003crect b\u003d\"608\" l\u003d\"132\" r\u003d\"316\" t\u003d\"600\"\u003e\u003c/rect\u003e  \u003c/region\u003e  \u003ctext\u003e \u003cpar align\u003d\"Justified\" leftindent\u003d\"6400\" linespacing\u003d\"450\"\u003e \u003cline b\u003d\"606\" baseline\u003d\"606\" l\u003d\"132\" r\u003d\"315\" style\u003d\"transform: translate(0px, 0px); position: absolute;\" t\u003d\"600\"\u003e \u003cformatting lang\u003d\"EnglishUnitedStates\"\u003e UM. l*c^b*A8Canjd* T41 tH* I \u0026lt; \u003c/formatting\u003e  \u003c/line\u003e  \u003c/par\u003e  \u003c/text\u003e  \u003c/block\u003e  \u003cblock b\u003d\"608\" blockname\u003d\"\" blocktype\u003d\"Text\" l\u003d\"338\" r\u003d\"421\" style\u003d\"transform: translate(543px, 813px); position: absolute; width: 133.319px; height: 10.8333px;\" t\u003d\"600\"\u003e \u003cregion\u003e \u003crect b\u003d\"608\" l\u003d\"338\" r\u003d\"421\" t\u003d\"600\"\u003e\u003c/rect\u003e  \u003c/region\u003e  \u003ctext\u003e \u003cpar linespacing\u003d\"450\"\u003e \u003cline b\u003d\"606\" baseline\u003d\"606\" l\u003d\"341\" r\u003d\"416\" style\u003d\"transform: translate(5px, 0px); position: absolute;\" t\u003d\"600\"\u003e \u003cformatting lang\u003d\"EnglishUnitedStates\"\u003e nvvwofaemediKletKom \u003c/formatting\u003e  \u003c/line\u003e  \u003c/par\u003e  \u003c/text\u003e  \u003c/block\u003e  \u003cblock b\u003d\"369\" blockname\u003d\"\" blocktype\u003d\"Separator\" l\u003d\"162\" r\u003d\"215\" style\u003d\"transform: translate(260px, 494px); position: absolute;\" t\u003d\"365\"\u003e \u003cregion\u003e \u003crect b\u003d\"369\" l\u003d\"162\" r\u003d\"215\" t\u003d\"365\"\u003e\u003c/rect\u003e  \u003c/region\u003e  \u003cseparator thickness\u003d\"3\" type\u003d\"Black\"\u003e \u003cstart x\u003d\"162\" y\u003d\"367\"\u003e\u003c/start\u003e \u003cend x\u003d\"215\" y\u003d\"367\"\u003e\u003c/end\u003e \u003c/separator\u003e \u003c/block\u003e  \u003c/page\u003e               \u003c/document\u003e\u003c/body\u003e\u003c/html\u003e","tags":[{"score":0.5762574400731353,"end":72,"tag":"supplier_name","text":"Grseaeme Dusckett          Freelance Design And Development","estimatedAccuracy":0.0,"begin":13},{"score":0.6483958357595162,"end":544,"tag":"product","text":"Template Development","estimatedAccuracy":0.0,"begin":524},{"score":0.42403691553530803,"end":620,"tag":"product","text":"Saw XMTML CSS. a-d PHP walk neOvw Vtfudci yngle aulo reipcvtfng  ccmaci","estimatedAccuracy":0.0,"begin":549},{"score":0.6132674053370536,"end":638,"tag":"quantity","text":"15","estimatedAccuracy":0.0,"begin":636},{"score":0.6476538864082922,"end":714,"tag":"quantity","text":"2","estimatedAccuracy":0.0,"begin":713},{"score":0.6427341121101926,"end":835,"tag":"total_amount","text":"2400.00","estimatedAccuracy":0.0,"begin":828}],"group":"product|quantity|supplier_name|total_amount"}