{"finalScore":0.7776509542053102,"metaInfo":{"model":{"coreVersion":"9.3.0.9"}},"sumScore":4.665905725231861,"tagsCounter":6.0,"taggedText":"\u003chtml\u003e\u003chead\u003e\u003cscript src\u003d\"https://ajax.googleapis.com/ajax/libs/jquery/2.2.0/jquery.min.js\"\u003e\u003c/script\u003e\u003c/head\u003e\u003cbody\u003e\u003cdocument languages\u003d\"\" producer\u003d\"Workfusion\" schemalocation\u003d\"http://ocr.crowdcomputingsystems.com/xml/schema-v1.xml\" version\u003d\"1.0\" xmlns\u003d\"http://ocr.crowdcomputingsystems.com/xml/schema-v1.xml\" xsi\u003d\"http://www.w3.org/2001/XMLSchema-instance\"\u003e \u003clink href\u003d\"https://s3.amazonaws.com/workfusion-resources/ocr/ocr-xml-viewer-0.3-scale-to-width.css\" rel\u003d\"stylesheet\" type\u003d\"text/css\"\u003e\u003c/link\u003e \u003cstyle\u003e\u003c/style\u003e\u003cpage data-pages\u003d\"1\" h\u003d\"1125\" resolution\u003d\"100\" style\u003d\"height: 1275px;\" w\u003d\"794\"\u003e \u003cblock b\u003d\"159\" blockname\u003d\"\" blocktype\u003d\"Text\" l\u003d\"73\" r\u003d\"148\" style\u003d\"transform: translate(69px, 108px); position: absolute; width: 71.3161px; height: 98.8px;\" t\u003d\"83\"\u003e \u003cregion\u003e \u003crect b\u003d\"159\" l\u003d\"73\" r\u003d\"148\" t\u003d\"83\"\u003e\u003c/rect\u003e  \u003c/region\u003e  \u003ctext\u003e \u003cpar linespacing\u003d\"4820\"\u003e \u003cline b\u003d\"157\" baseline\u003d\"152\" l\u003d\"75\" r\u003d\"145\" style\u003d\"transform: translate(2px, 3px); position: absolute;\" t\u003d\"85\"\u003e \u003cformatting lang\u003d\"EnglishUnitedStates\"\u003e 4$ \u003c/formatting\u003e  \u003c/line\u003e  \u003c/par\u003e  \u003c/text\u003e  \u003c/block\u003e  \u003cblock b\u003d\"161\" blockname\u003d\"\" blocktype\u003d\"Text\" l\u003d\"167\" r\u003d\"412\" style\u003d\"transform: translate(159px, 99px); position: absolute; width: 232.966px; height: 110.5px;\" t\u003d\"76\"\u003e \u003cregion\u003e \u003crect b\u003d\"161\" l\u003d\"167\" r\u003d\"412\" t\u003d\"76\"\u003e\u003c/rect\u003e  \u003c/region\u003e  \u003ctext\u003e \u003cpar linespacing\u003d\"1300\"\u003e \u003cline b\u003d\"100\" baseline\u003d\"95\" l\u003d\"168\" r\u003d\"409\" style\u003d\"transform: translate(1px, 1px); position: absolute;\" t\u003d\"77\"\u003e \u003cformatting lang\u003d\"EnglishUnitedStates\"\u003e Your Company Name \u003c/formatting\u003e  \u003c/line\u003e  \u003c/par\u003e  \u003cpar linespacing\u003d\"1152\"\u003e \u003cline b\u003d\"123\" baseline\u003d\"123\" l\u003d\"168\" r\u003d\"254\" style\u003d\"transform: translate(1px, 48px); position: absolute;\" t\u003d\"113\"\u003e \u003cformatting lang\u003d\"EnglishUnitedStates\"\u003e Street Address \u003c/formatting\u003e  \u003c/line\u003e  \u003c/par\u003e  \u003cpar linespacing\u003d\"1152\"\u003e \u003cline b\u003d\"143\" baseline\u003d\"139\" l\u003d\"168\" r\u003d\"278\" style\u003d\"transform: translate(1px, 69px); position: absolute;\" t\u003d\"129\"\u003e \u003cformatting lang\u003d\"EnglishUnitedStates\"\u003e City. ST ZIP Code \u003c/formatting\u003e  \u003c/line\u003e  \u003c/par\u003e  \u003cpar linespacing\u003d\"1152\"\u003e \u003cline b\u003d\"158\" baseline\u003d\"156\" l\u003d\"169\" r\u003d\"368\" style\u003d\"transform: translate(2px, 91px); position: absolute;\" t\u003d\"146\"\u003e \u003cformatting lang\u003d\"EnglishUnitedStates\"\u003e Phone Number.Web Address, etc. \u003c/formatting\u003e  \u003c/line\u003e  \u003c/par\u003e  \u003c/text\u003e  \u003c/block\u003e  \u003cblock b\u003d\"159\" blockname\u003d\"\" blocktype\u003d\"Text\" l\u003d\"520\" r\u003d\"702\" style\u003d\"transform: translate(494px, 166px); position: absolute; width: 173.06px; height: 40.3px;\" t\u003d\"128\"\u003e \u003cregion\u003e \u003crect b\u003d\"159\" l\u003d\"520\" r\u003d\"702\" t\u003d\"128\"\u003e\u003c/rect\u003e  \u003c/region\u003e  \u003ctext\u003e \u003cpar linespacing\u003d\"1224\" startindent\u003d\"2000\"\u003e \u003cline b\u003d\"142\" baseline\u003d\"139\" l\u003d\"548\" r\u003d\"699\" style\u003d\"transform: translate(27px, 1px); position: absolute;\" t\u003d\"129\"\u003e \u003cformatting lang\u003d\"EnglishUnitedStates\"\u003e DATE: \u003cinvoice_date begin\u003d\"171\" class\u003d\"extraction-tag ml-tag\" data-text\u003d\"August 20,2006\" data-value\u003d\"August 20,2006\" end\u003d\"185\" ml-tagorder\u003d\"0\" score\u003d\"0.6692157114916948\" style\u003d\"border: 2px solid rgb(125, 157, 1);\" tagorder\u003d\"0\"\u003eAugust 20,2006\u003c/invoice_date\u003e \u003c/formatting\u003e  \u003c/line\u003e  \u003cline b\u003d\"156\" baseline\u003d\"156\" l\u003d\"522\" r\u003d\"654\" style\u003d\"transform: translate(2px, 23px); position: absolute;\" t\u003d\"146\"\u003e \u003cformatting lang\u003d\"EnglishUnitedStates\"\u003e INVOICE # \u003cinvoice_number begin\u003d\"202\" class\u003d\"extraction-tag ml-tag\" data-text\u003d\"INV1048\" data-value\u003d\"INV1048\" end\u003d\"209\" ml-tagorder\u003d\"1\" score\u003d\"0.9221573406519527\" style\u003d\"border: 2px solid rgb(125, 157, 1);\" tagorder\u003d\"1\"\u003eINV1048\u003c/invoice_number\u003e \u003c/formatting\u003e  \u003c/line\u003e  \u003c/par\u003e  \u003c/text\u003e  \u003c/block\u003e  \u003cblock b\u003d\"302\" blockname\u003d\"\" blocktype\u003d\"Text\" l\u003d\"96\" r\u003d\"557\" style\u003d\"transform: translate(91px, 289px); position: absolute; width: 438.356px; height: 104px;\" t\u003d\"222\"\u003e \u003cregion\u003e \u003crect b\u003d\"302\" l\u003d\"96\" r\u003d\"557\" t\u003d\"222\"\u003e\u003c/rect\u003e  \u003c/region\u003e  \u003ctext\u003e \u003cpar align\u003d\"Justified\" leftindent\u003d\"1700\" linespacing\u003d\"1152\"\u003e \u003cline b\u003d\"236\" baseline\u003d\"233\" l\u003d\"98\" r\u003d\"554\" style\u003d\"transform: translate(2px, 1px); position: absolute;\" t\u003d\"223\"\u003e \u003cformatting lang\u003d\"EnglishUnitedStates\"\u003e Bill Tor Cl 003 Ship Tor \u003c/formatting\u003e  \u003c/line\u003e  \u003c/par\u003e  \u003cpar leftindent\u003d\"6700\" linespacing\u003d\"1152\" rightindent\u003d\"31700\"\u003e \u003cline b\u003d\"249\" baseline\u003d\"249\" l\u003d\"168\" r\u003d\"282\" style\u003d\"transform: translate(68px, 22px); position: absolute;\" t\u003d\"239\"\u003e \u003cformatting lang\u003d\"EnglishUnitedStates\"\u003e Test Customer Two \u003c/formatting\u003e  \u003c/line\u003e  \u003cline b\u003d\"269\" baseline\u003d\"266\" l\u003d\"167\" r\u003d\"287\" style\u003d\"transform: translate(68px, 44px); position: absolute;\" t\u003d\"256\"\u003e \u003cformatting lang\u003d\"EnglishUnitedStates\"\u003e 38 WILLIAM Square \u003c/formatting\u003e  \u003c/line\u003e  \u003cline b\u003d\"286\" baseline\u003d\"283\" l\u003d\"168\" r\u003d\"250\" style\u003d\"transform: translate(68px, 66px); position: absolute;\" t\u003d\"273\"\u003e \u003cformatting lang\u003d\"EnglishUnitedStates\"\u003e Sydney 12345 \u003c/formatting\u003e  \u003c/line\u003e  \u003cline b\u003d\"299\" baseline\u003d\"299\" l\u003d\"167\" r\u003d\"218\" style\u003d\"transform: translate(68px, 87px); position: absolute;\" t\u003d\"289\"\u003e \u003cformatting lang\u003d\"EnglishUnitedStates\"\u003e Australia \u003c/formatting\u003e  \u003c/line\u003e  \u003c/par\u003e  \u003c/text\u003e  \u003c/block\u003e  \u003cregion xmlns\u003d\"http://ocr.crowdcomputingsystems.com/xml/schema-v1.xml\"\u003e \u003crect b\u003d\"560\" l\u003d\"74\" r\u003d\"725\" t\u003d\"346\"\u003e\u003c/rect\u003e  \u003c/region\u003e \u003ctable b\u003d\"560\" blockname\u003d\"\" blocktype\u003d\"Table\" l\u003d\"74\" r\u003d\"725\" style\u003d\"transform: translate(70px, 450px); position: absolute;\" t\u003d\"346\" xmlns\u003d\"\"\u003e \u003ctbody\u003e\u003ctr\u003e \u003ctd h\u003d\"27\" leftborder\u003d\"White\" rightborder\u003d\"White\" w\u003d\"90\"\u003e \u003ctext xmlns\u003d\"http://ocr.crowdcomputingsystems.com/xml/schema-v1.xml\"\u003e \u003cpar align\u003d\"Center\" linespacing\u003d\"720\" rightindent\u003d\"100\"\u003e \u003cline b\u003d\"366\" baseline\u003d\"365\" l\u003d\"101\" r\u003d\"139\" t\u003d\"355\"\u003e \u003cformatting lang\u003d\"EnglishUnitedStates\"\u003e P.0 .# \u003c/formatting\u003e  \u003c/line\u003e  \u003c/par\u003e  \u003c/text\u003e  \u003c/td\u003e   \u003ctd h\u003d\"27\" leftborder\u003d\"White\" rightborder\u003d\"White\" w\u003d\"160\"\u003e \u003ctext xmlns\u003d\"http://ocr.crowdcomputingsystems.com/xml/schema-v1.xml\"\u003e \u003cpar align\u003d\"Center\" linespacing\u003d\"720\"\u003e \u003cline b\u003d\"368\" baseline\u003d\"365\" l\u003d\"192\" r\u003d\"298\" t\u003d\"355\"\u003e \u003cformatting lang\u003d\"EnglishUnitedStates\"\u003e Sales Rep. Name \u003c/formatting\u003e  \u003c/line\u003e  \u003c/par\u003e  \u003c/text\u003e  \u003c/td\u003e   \u003ctd h\u003d\"27\" leftborder\u003d\"White\" rightborder\u003d\"White\" w\u003d\"78\"\u003e \u003ctext xmlns\u003d\"http://ocr.crowdcomputingsystems.com/xml/schema-v1.xml\"\u003e \u003cpar linespacing\u003d\"720\"\u003e \u003cline b\u003d\"369\" baseline\u003d\"366\" l\u003d\"333\" r\u003d\"394\" t\u003d\"356\"\u003e \u003cformatting lang\u003d\"EnglishUnitedStates\"\u003e Ship Date \u003c/formatting\u003e  \u003c/line\u003e  \u003c/par\u003e  \u003c/text\u003e  \u003c/td\u003e   \u003ctd h\u003d\"27\" leftborder\u003d\"White\" rightborder\u003d\"White\" w\u003d\"97\"\u003e \u003ctext xmlns\u003d\"http://ocr.crowdcomputingsystems.com/xml/schema-v1.xml\"\u003e \u003cpar align\u003d\"Right\" linespacing\u003d\"720\" rightindent\u003d\"1600\"\u003e \u003cline b\u003d\"368\" baseline\u003d\"365\" l\u003d\"425\" r\u003d\"476\" t\u003d\"355\"\u003e \u003cformatting lang\u003d\"EnglishUnitedStates\"\u003e Ship Via \u003c/formatting\u003e  \u003c/line\u003e  \u003c/par\u003e  \u003c/text\u003e  \u003c/td\u003e   \u003ctd h\u003d\"27\" leftborder\u003d\"White\" rightborder\u003d\"White\" w\u003d\"102\"\u003e \u003ctext xmlns\u003d\"http://ocr.crowdcomputingsystems.com/xml/schema-v1.xml\"\u003e \u003cpar align\u003d\"Center\" linespacing\u003d\"720\"\u003e \u003cline b\u003d\"366\" baseline\u003d\"366\" l\u003d\"530\" r\u003d\"569\" t\u003d\"356\"\u003e \u003cformatting lang\u003d\"EnglishUnitedStates\"\u003e T ei ins \u003c/formatting\u003e  \u003c/line\u003e  \u003c/par\u003e  \u003c/text\u003e  \u003c/td\u003e   \u003ctd h\u003d\"27\" leftborder\u003d\"White\" rightborder\u003d\"White\" w\u003d\"124\"\u003e \u003ctext xmlns\u003d\"http://ocr.crowdcomputingsystems.com/xml/schema-v1.xml\"\u003e \u003cpar align\u003d\"Center\" leftindent\u003d\"300\" linespacing\u003d\"720\"\u003e \u003cline b\u003d\"366\" baseline\u003d\"366\" l\u003d\"633\" r\u003d\"689\" t\u003d\"356\"\u003e \u003cformatting lang\u003d\"EnglishUnitedStates\"\u003e Due Date \u003c/formatting\u003e  \u003c/line\u003e  \u003c/par\u003e  \u003c/text\u003e  \u003c/td\u003e   \u003c/tr\u003e \n \u003ctr\u003e \u003ctd h\u003d\"27\" w\u003d\"90\"\u003e \u003ctext xmlns\u003d\"http://ocr.crowdcomputingsystems.com/xml/schema-v1.xml\"\u003e \u003cpar leftindent\u003d\"1900\" linespacing\u003d\"-1\"\u003e\u003c/par\u003e  \u003c/text\u003e  \u003c/td\u003e   \u003ctd h\u003d\"27\" w\u003d\"160\"\u003e \u003ctext xmlns\u003d\"http://ocr.crowdcomputingsystems.com/xml/schema-v1.xml\"\u003e \u003cpar align\u003d\"Center\" linespacing\u003d\"720\"\u003e \u003cline b\u003d\"391\" baseline\u003d\"391\" l\u003d\"225\" r\u003d\"262\" t\u003d\"381\"\u003e \u003cformatting lang\u003d\"EnglishUnitedStates\"\u003e Salesl \u003c/formatting\u003e  \u003c/line\u003e  \u003c/par\u003e  \u003c/text\u003e  \u003c/td\u003e   \u003ctd h\u003d\"27\" w\u003d\"78\"\u003e \u003ctext xmlns\u003d\"http://ocr.crowdcomputingsystems.com/xml/schema-v1.xml\"\u003e \u003cpar linespacing\u003d\"720\"\u003e \u003cline b\u003d\"392\" baseline\u003d\"392\" l\u003d\"334\" r\u003d\"392\" t\u003d\"382\"\u003e \u003cformatting lang\u003d\"EnglishUnitedStates\"\u003e 8/20/2006 \u003c/formatting\u003e  \u003c/line\u003e  \u003c/par\u003e  \u003c/text\u003e  \u003c/td\u003e   \u003ctd h\u003d\"27\" w\u003d\"97\"\u003e \u003ctext xmlns\u003d\"http://ocr.crowdcomputingsystems.com/xml/schema-v1.xml\"\u003e \u003cpar align\u003d\"Center\" linespacing\u003d\"720\"\u003e \u003cline b\u003d\"391\" baseline\u003d\"391\" l\u003d\"438\" r\u003d\"464\" t\u003d\"381\"\u003e \u003cformatting lang\u003d\"EnglishUnitedStates\"\u003e UPS \u003c/formatting\u003e  \u003c/line\u003e  \u003c/par\u003e  \u003c/text\u003e  \u003c/td\u003e   \u003ctd h\u003d\"27\" w\u003d\"102\"\u003e \u003ctext xmlns\u003d\"http://ocr.crowdcomputingsystems.com/xml/schema-v1.xml\"\u003e \u003cpar align\u003d\"Center\" linespacing\u003d\"720\"\u003e \u003cline b\u003d\"392\" baseline\u003d\"392\" l\u003d\"532\" r\u003d\"569\" t\u003d\"382\"\u003e \u003cformatting lang\u003d\"EnglishUnitedStates\"\u003e Net 60 \u003c/formatting\u003e  \u003c/line\u003e  \u003c/par\u003e  \u003c/text\u003e  \u003c/td\u003e   \u003ctd h\u003d\"27\" w\u003d\"124\"\u003e \u003ctext xmlns\u003d\"http://ocr.crowdcomputingsystems.com/xml/schema-v1.xml\"\u003e \u003cpar leftindent\u003d\"2200\" linespacing\u003d\"-1\"\u003e\u003c/par\u003e  \u003c/text\u003e  \u003c/td\u003e   \u003c/tr\u003e \n \u003ctr\u003e \u003ctd colspan\u003d\"3\" h\u003d\"22\" leftborder\u003d\"White\" rightborder\u003d\"White\" w\u003d\"328\"\u003e \u003ctext xmlns\u003d\"http://ocr.crowdcomputingsystems.com/xml/schema-v1.xml\"\u003e \u003cpar align\u003d\"Center\" leftindent\u003d\"100\" linespacing\u003d\"720\"\u003e \u003cline b\u003d\"446\" baseline\u003d\"443\" l\u003d\"203\" r\u003d\"274\" t\u003d\"433\"\u003e \u003cformatting lang\u003d\"EnglishUnitedStates\"\u003e Description \u003c/formatting\u003e  \u003c/line\u003e  \u003c/par\u003e  \u003c/text\u003e  \u003c/td\u003e   \u003ctd h\u003d\"22\" leftborder\u003d\"White\" rightborder\u003d\"White\" w\u003d\"97\"\u003e \u003ctext xmlns\u003d\"http://ocr.crowdcomputingsystems.com/xml/schema-v1.xml\"\u003e \u003cpar align\u003d\"Right\" linespacing\u003d\"720\" rightindent\u003d\"1600\"\u003e \u003cline b\u003d\"446\" baseline\u003d\"443\" l\u003d\"424\" r\u003d\"478\" t\u003d\"433\"\u003e \u003cformatting lang\u003d\"EnglishUnitedStates\"\u003e Quantity \u003c/formatting\u003e  \u003c/line\u003e  \u003c/par\u003e  \u003c/text\u003e  \u003c/td\u003e   \u003ctd h\u003d\"22\" leftborder\u003d\"White\" rightborder\u003d\"White\" w\u003d\"102\"\u003e \u003ctext xmlns\u003d\"http://ocr.crowdcomputingsystems.com/xml/schema-v1.xml\"\u003e \u003cpar align\u003d\"Center\" linespacing\u003d\"720\"\u003e \u003cline b\u003d\"444\" baseline\u003d\"444\" l\u003d\"520\" r\u003d\"580\" t\u003d\"434\"\u003e \u003cformatting lang\u003d\"EnglishUnitedStates\"\u003e Unit Price \u003c/formatting\u003e  \u003c/line\u003e  \u003c/par\u003e  \u003c/text\u003e  \u003c/td\u003e   \u003ctd h\u003d\"22\" leftborder\u003d\"White\" w\u003d\"124\"\u003e \u003ctext xmlns\u003d\"http://ocr.crowdcomputingsystems.com/xml/schema-v1.xml\"\u003e \u003cpar align\u003d\"Center\" leftindent\u003d\"300\" linespacing\u003d\"720\"\u003e \u003cline b\u003d\"444\" baseline\u003d\"444\" l\u003d\"630\" r\u003d\"692\" t\u003d\"434\"\u003e \u003cformatting lang\u003d\"EnglishUnitedStates\"\u003e Line Total \u003c/formatting\u003e  \u003c/line\u003e  \u003c/par\u003e  \u003c/text\u003e  \u003c/td\u003e   \u003c/tr\u003e \n \u003ctr\u003e \u003ctd bottomborder\u003d\"White\" colspan\u003d\"3\" h\u003d\"54\" w\u003d\"328\"\u003e \u003ctext xmlns\u003d\"http://ocr.crowdcomputingsystems.com/xml/schema-v1.xml\"\u003e \u003cpar linespacing\u003d\"720\"\u003e \u003cline b\u003d\"477\" baseline\u003d\"474\" l\u003d\"76\" r\u003d\"395\" t\u003d\"464\"\u003e\u003cproduct begin\u003d\"745\" class\u003d\"extraction-tag ml-tag\" data-text\u003d\"Very long product description that occupies more than\" data-value\u003d\"Very long product description that occupies more than     1 line - in fact, it occupies 2 lines\" end\u003d\"840\" ml-tagorder\u003d\"5\" score\u003d\"0.7597151279192168\" style\u003d\"border: 2px solid rgb(125, 157, 1);\" tagorder\u003d\"5\"\u003eVery long product description that occupies more than\u003c/product\u003e\u003c/line\u003e\u003cproduct begin\u003d\"745\" class\u003d\"extraction-tag ml-tag\" data-text\u003d\"Very long product description that occupies more than\" data-value\u003d\"Very long product description that occupies more than     1 line - in fact, it occupies 2 lines\" end\u003d\"840\" ml-tagorder\u003d\"5\" score\u003d\"0.7597151279192168\" style\u003d\"border: 2px solid rgb(125, 157, 1);\" tagorder\u003d\"5\"\u003e  \u003c/product\u003e\u003c/par\u003e\u003cproduct begin\u003d\"745\" class\u003d\"extraction-tag ml-tag\" data-text\u003d\"Very long product description that occupies more than\" data-value\u003d\"Very long product description that occupies more than     1 line - in fact, it occupies 2 lines\" end\u003d\"840\" ml-tagorder\u003d\"5\" score\u003d\"0.7597151279192168\" style\u003d\"border: 2px solid rgb(125, 157, 1);\" tagorder\u003d\"5\"\u003e  \u003c/product\u003e\u003cpar linespacing\u003d\"720\"\u003e\u003cproduct begin\u003d\"745\" class\u003d\"extraction-tag ml-tag\" data-text\u003d\"Very long product description that occupies more than\" data-value\u003d\"Very long product description that occupies more than     1 line - in fact, it occupies 2 lines\" end\u003d\"840\" ml-tagorder\u003d\"5\" score\u003d\"0.7597151279192168\" style\u003d\"border: 2px solid rgb(125, 157, 1);\" tagorder\u003d\"5\"\u003e \u003c/product\u003e\u003cline b\u003d\"493\" baseline\u003d\"490\" l\u003d\"77\" r\u003d\"270\" t\u003d\"480\"\u003e\u003cproduct begin\u003d\"745\" class\u003d\"extraction-tag ml-tag\" data-text\u003d\"Very long product description that occupies more than\" data-value\u003d\"Very long product description that occupies more than     1 line - in fact, it occupies 2 lines\" end\u003d\"840\" ml-tagorder\u003d\"5\" score\u003d\"0.7597151279192168\" style\u003d\"border: 2px solid rgb(125, 157, 1);\" tagorder\u003d\"5\"\u003e1 line - in fact, it occupies 2 lines\u003c/product\u003e\u003c/line\u003e  \u003c/par\u003e  \u003c/text\u003e  \u003c/td\u003e   \u003ctd bottomborder\u003d\"White\" h\u003d\"54\" w\u003d\"97\"\u003e \u003ctext xmlns\u003d\"http://ocr.crowdcomputingsystems.com/xml/schema-v1.xml\"\u003e \u003cpar align\u003d\"Right\" linespacing\u003d\"790\" rightindent\u003d\"1600\"\u003e \u003cline b\u003d\"482\" baseline\u003d\"483\" l\u003d\"474\" r\u003d\"477\" t\u003d\"472\"\u003e\u003cquantity begin\u003d\"852\" class\u003d\"extraction-tag ml-tag\" data-text\u003d\"1\" data-value\u003d\"1\" end\u003d\"853\" ml-tagorder\u003d\"2\" score\u003d\"0.771987388467407\" style\u003d\"border: 2px solid rgb(125, 157, 1);\" tagorder\u003d\"2\"\u003e1\u003c/quantity\u003e\u003c/line\u003e  \u003c/par\u003e  \u003c/text\u003e  \u003c/td\u003e   \u003ctd bottomborder\u003d\"White\" h\u003d\"54\" w\u003d\"102\"\u003e \u003ctext xmlns\u003d\"http://ocr.crowdcomputingsystems.com/xml/schema-v1.xml\"\u003e \u003cpar align\u003d\"Right\" linespacing\u003d\"720\"\u003e \u003cline b\u003d\"483\" baseline\u003d\"483\" l\u003d\"555\" r\u003d\"593\" t\u003d\"473\"\u003e\u003cprice begin\u003d\"865\" class\u003d\"extraction-tag ml-tag\" data-text\u003d\"199.99\" data-value\u003d\"199.99\" end\u003d\"871\" ml-tagorder\u003d\"3\" score\u003d\"0.7426344866674551\" style\u003d\"border: 2px solid rgb(125, 157, 1);\" tagorder\u003d\"3\"\u003e199.99\u003c/price\u003e\u003c/line\u003e  \u003c/par\u003e  \u003c/text\u003e  \u003c/td\u003e   \u003ctd bottomborder\u003d\"White\" h\u003d\"54\" w\u003d\"124\"\u003e \u003ctext xmlns\u003d\"http://ocr.crowdcomputingsystems.com/xml/schema-v1.xml\"\u003e \u003cpar align\u003d\"Right\" linespacing\u003d\"720\" rightindent\u003d\"900\"\u003e \u003cline b\u003d\"483\" baseline\u003d\"483\" l\u003d\"674\" r\u003d\"712\" t\u003d\"473\"\u003e \u003cformatting lang\u003d\"EnglishUnitedStates\"\u003e 199.99 \u003c/formatting\u003e  \u003c/line\u003e  \u003c/par\u003e  \u003c/text\u003e  \u003c/td\u003e   \u003c/tr\u003e \n \u003ctr\u003e \u003ctd bottomborder\u003d\"White\" colspan\u003d\"3\" h\u003d\"55\" rightborder\u003d\"White\" topborder\u003d\"White\" w\u003d\"328\"\u003e \u003ctext xmlns\u003d\"http://ocr.crowdcomputingsystems.com/xml/schema-v1.xml\"\u003e \u003cpar linespacing\u003d\"720\"\u003e \u003cline b\u003d\"537\" baseline\u003d\"534\" l\u003d\"77\" r\u003d\"242\" t\u003d\"524\"\u003e \u003cformatting lang\u003d\"EnglishUnitedStates\"\u003e One line product description \u003c/formatting\u003e  \u003c/line\u003e  \u003c/par\u003e  \u003c/text\u003e  \u003c/td\u003e   \u003ctd bottomborder\u003d\"White\" h\u003d\"55\" leftborder\u003d\"White\" rightborder\u003d\"White\" topborder\u003d\"White\" w\u003d\"97\"\u003e \u003ctext xmlns\u003d\"http://ocr.crowdcomputingsystems.com/xml/schema-v1.xml\"\u003e \u003cpar leftindent\u003d\"1600\" linespacing\u003d\"-1\"\u003e\u003c/par\u003e  \u003c/text\u003e  \u003c/td\u003e   \u003ctd bottomborder\u003d\"White\" h\u003d\"55\" leftborder\u003d\"White\" rightborder\u003d\"White\" topborder\u003d\"White\" w\u003d\"102\"\u003e \u003ctext xmlns\u003d\"http://ocr.crowdcomputingsystems.com/xml/schema-v1.xml\"\u003e \u003cpar align\u003d\"Right\" linespacing\u003d\"720\"\u003e \u003cline b\u003d\"535\" baseline\u003d\"535\" l\u003d\"554\" r\u003d\"593\" t\u003d\"525\"\u003e \u003cformatting lang\u003d\"EnglishUnitedStates\"\u003e \u003cprice begin\u003d\"966\" class\u003d\"extraction-tag ml-tag\" data-text\u003d\"420.00\" data-value\u003d\"420.00\" end\u003d\"972\" ml-tagorder\u003d\"4\" score\u003d\"0.8001956700341339\" style\u003d\"border: 2px solid rgb(125, 157, 1);\" tagorder\u003d\"4\"\u003e420.00\u003c/price\u003e \u003c/formatting\u003e  \u003c/line\u003e  \u003c/par\u003e  \u003c/text\u003e  \u003c/td\u003e   \u003ctd bottomborder\u003d\"White\" h\u003d\"55\" leftborder\u003d\"White\" topborder\u003d\"White\" w\u003d\"124\"\u003e \u003ctext xmlns\u003d\"http://ocr.crowdcomputingsystems.com/xml/schema-v1.xml\"\u003e \u003cpar align\u003d\"Right\" linespacing\u003d\"720\" rightindent\u003d\"900\"\u003e \u003cline b\u003d\"535\" baseline\u003d\"535\" l\u003d\"673\" r\u003d\"712\" t\u003d\"525\"\u003e \u003cformatting lang\u003d\"EnglishUnitedStates\"\u003e 840.00 \u003c/formatting\u003e  \u003c/line\u003e  \u003c/par\u003e  \u003c/text\u003e  \u003c/td\u003e   \u003c/tr\u003e \n \u003c/tbody\u003e\u003c/table\u003e\n \u003cblock b\u003d\"937\" blockname\u003d\"\" blocktype\u003d\"Text\" l\u003d\"440\" r\u003d\"593\" style\u003d\"transform: translate(418px, 1004px); position: absolute; width: 145.485px; height: 214.5px;\" t\u003d\"772\"\u003e \u003cregion\u003e \u003crect b\u003d\"937\" l\u003d\"440\" r\u003d\"593\" t\u003d\"772\"\u003e\u003c/rect\u003e  \u003c/region\u003e  \u003ctext\u003e \u003cpar leftindent\u003d\"2200\" linespacing\u003d\"1800\" startindent\u003d\"3600\"\u003e \u003cline b\u003d\"783\" baseline\u003d\"783\" l\u003d\"520\" r\u003d\"590\" style\u003d\"transform: translate(76px, 1px); position: absolute;\" t\u003d\"773\"\u003e \u003cformatting lang\u003d\"EnglishUnitedStates\"\u003e SUBTOTAL \u003c/formatting\u003e  \u003c/line\u003e  \u003cline b\u003d\"808\" baseline\u003d\"808\" l\u003d\"472\" r\u003d\"585\" style\u003d\"transform: translate(30px, 34px); position: absolute;\" t\u003d\"798\"\u003e \u003cformatting lang\u003d\"EnglishUnitedStates\"\u003e PST 6.50% \u003c/formatting\u003e  \u003c/line\u003e  \u003c/par\u003e  \u003cpar align\u003d\"Justified\" leftindent\u003d\"2200\" linespacing\u003d\"1800\"\u003e \u003cline b\u003d\"834\" baseline\u003d\"834\" l\u003d\"469\" r\u003d\"585\" style\u003d\"transform: translate(28px, 68px); position: absolute;\" t\u003d\"824\"\u003e \u003cformatting lang\u003d\"EnglishUnitedStates\"\u003e GST 3.20% \u003c/formatting\u003e  \u003c/line\u003e  \u003c/par\u003e  \u003cpar align\u003d\"Right\" linespacing\u003d\"1800\"\u003e \u003cline b\u003d\"860\" baseline\u003d\"860\" l\u003d\"441\" r\u003d\"589\" style\u003d\"transform: translate(1px, 101px); position: absolute;\" t\u003d\"850\"\u003e \u003cformatting lang\u003d\"EnglishUnitedStates\"\u003e SHIPPING \u0026amp; HANDLING \u003c/formatting\u003e  \u003c/line\u003e  \u003c/par\u003e  \u003cpar align\u003d\"Right\" linespacing\u003d\"1800\"\u003e \u003cline b\u003d\"886\" baseline\u003d\"886\" l\u003d\"546\" r\u003d\"589\" style\u003d\"transform: translate(101px, 135px); position: absolute;\" t\u003d\"876\"\u003e \u003cformatting lang\u003d\"EnglishUnitedStates\"\u003e TOTAL \u003c/formatting\u003e  \u003c/line\u003e  \u003cline b\u003d\"910\" baseline\u003d\"910\" l\u003d\"561\" r\u003d\"589\" style\u003d\"transform: translate(115px, 166px); position: absolute;\" t\u003d\"900\"\u003e \u003cformatting lang\u003d\"EnglishUnitedStates\"\u003e PAID \u003c/formatting\u003e  \u003c/line\u003e  \u003cline b\u003d\"934\" baseline\u003d\"934\" l\u003d\"514\" r\u003d\"588\" style\u003d\"transform: translate(70px, 198px); position: absolute;\" t\u003d\"924\"\u003e \u003cformatting lang\u003d\"EnglishUnitedStates\"\u003e TOTAL DUE \u003c/formatting\u003e  \u003c/line\u003e  \u003c/par\u003e  \u003c/text\u003e  \u003c/block\u003e  \u003cblock b\u003d\"788\" blockname\u003d\"\" blocktype\u003d\"Text\" l\u003d\"662\" r\u003d\"715\" style\u003d\"transform: translate(629px, 1004px); position: absolute; width: 50.3967px; height: 20.8px;\" t\u003d\"772\"\u003e \u003cregion\u003e \u003crect b\u003d\"788\" l\u003d\"662\" r\u003d\"715\" t\u003d\"772\"\u003e\u003c/rect\u003e  \u003c/region\u003e  \u003ctext\u003e \u003cpar linespacing\u003d\"720\"\u003e \u003cline b\u003d\"785\" baseline\u003d\"783\" l\u003d\"664\" r\u003d\"712\" style\u003d\"transform: translate(2px, 1px); position: absolute;\" t\u003d\"773\"\u003e \u003cformatting lang\u003d\"EnglishUnitedStates\"\u003e 1,039.99 \u003c/formatting\u003e  \u003c/line\u003e  \u003c/par\u003e  \u003c/text\u003e  \u003c/block\u003e  \u003cblock b\u003d\"894\" blockname\u003d\"\" blocktype\u003d\"Text\" l\u003d\"601\" r\u003d\"722\" style\u003d\"transform: translate(571px, 1028px); position: absolute; width: 115.057px; height: 133.9px;\" t\u003d\"791\"\u003e \u003cregion\u003e \u003crect b\u003d\"894\" l\u003d\"601\" r\u003d\"722\" t\u003d\"791\"\u003e\u003c/rect\u003e  \u003c/region\u003e  \u003ctext\u003e \u003cpar align\u003d\"Right\" linespacing\u003d\"720\" rightindent\u003d\"700\"\u003e \u003cline b\u003d\"808\" baseline\u003d\"808\" l\u003d\"680\" r\u003d\"712\" style\u003d\"transform: translate(75px, 9px); position: absolute;\" t\u003d\"798\"\u003e \u003cformatting lang\u003d\"EnglishUnitedStates\"\u003e 67.60 \u003c/formatting\u003e  \u003c/line\u003e  \u003c/par\u003e  \u003cpar align\u003d\"Right\" linespacing\u003d\"720\" rightindent\u003d\"700\"\u003e \u003cline b\u003d\"834\" baseline\u003d\"834\" l\u003d\"680\" r\u003d\"712\" style\u003d\"transform: translate(75px, 43px); position: absolute;\" t\u003d\"824\"\u003e \u003cformatting lang\u003d\"EnglishUnitedStates\"\u003e 33.28 \u003c/formatting\u003e  \u003c/line\u003e  \u003c/par\u003e  \u003cpar align\u003d\"Right\" linespacing\u003d\"720\" rightindent\u003d\"700\"\u003e \u003cline b\u003d\"888\" baseline\u003d\"886\" l\u003d\"663\" r\u003d\"712\" style\u003d\"transform: translate(59px, 111px); position: absolute;\" t\u003d\"876\"\u003e \u003cformatting lang\u003d\"EnglishUnitedStates\"\u003e 1,140.87 \u003c/formatting\u003e  \u003c/line\u003e  \u003c/par\u003e  \u003c/text\u003e  \u003c/block\u003e  \u003cblock b\u003d\"943\" blockname\u003d\"\" blocktype\u003d\"Text\" l\u003d\"662\" r\u003d\"715\" style\u003d\"transform: translate(629px, 1205px); position: absolute; width: 50.3967px; height: 20.8px;\" t\u003d\"927\"\u003e \u003cregion\u003e \u003crect b\u003d\"943\" l\u003d\"662\" r\u003d\"715\" t\u003d\"927\"\u003e\u003c/rect\u003e  \u003c/region\u003e  \u003ctext\u003e \u003cpar linespacing\u003d\"720\"\u003e \u003cline b\u003d\"940\" baseline\u003d\"938\" l\u003d\"663\" r\u003d\"712\" style\u003d\"transform: translate(1px, 1px); position: absolute;\" t\u003d\"928\"\u003e \u003cformatting lang\u003d\"EnglishUnitedStates\"\u003e 1,140,37 \u003c/formatting\u003e  \u003c/line\u003e  \u003c/par\u003e  \u003c/text\u003e  \u003c/block\u003e  \u003cblock b\u003d\"981\" blockname\u003d\"\" blocktype\u003d\"Text\" l\u003d\"282\" r\u003d\"512\" style\u003d\"transform: translate(268px, 1257px); position: absolute; width: 218.703px; height: 18.2px;\" t\u003d\"967\"\u003e \u003cregion\u003e \u003crect b\u003d\"981\" l\u003d\"282\" r\u003d\"512\" t\u003d\"967\"\u003e\u003c/rect\u003e  \u003c/region\u003e  \u003ctext\u003e \u003cpar align\u003d\"Center\" leftindent\u003d\"400\" linespacing\u003d\"720\"\u003e \u003cline b\u003d\"979\" baseline\u003d\"978\" l\u003d\"283\" r\u003d\"510\" style\u003d\"transform: translate(1px, 1px); position: absolute;\" t\u003d\"968\"\u003e \u003cformatting lang\u003d\"EnglishUnitedStates\"\u003e THANK YOU FOR YOUR BUSINESSf \u003c/formatting\u003e  \u003c/line\u003e  \u003c/par\u003e  \u003c/text\u003e  \u003c/block\u003e  \u003cblock b\u003d\"1125\" blockname\u003d\"\" blocktype\u003d\"SeparatorsBox\" class\u003d\"hidden\" l\u003d\"0\" r\u003d\"794\" style\u003d\"transform: translate(0px, 0px); position: absolute;\" t\u003d\"0\"\u003e \u003cregion\u003e \u003crect b\u003d\"3\" l\u003d\"0\" r\u003d\"794\" t\u003d\"0\"\u003e\u003c/rect\u003e  \u003crect b\u003d\"1123\" l\u003d\"0\" r\u003d\"794\" t\u003d\"3\"\u003e\u003c/rect\u003e  \u003crect b\u003d\"1125\" l\u003d\"0\" r\u003d\"794\" t\u003d\"1123\"\u003e\u003c/rect\u003e  \u003c/region\u003e  \u003cseparatorsbox\u003e \u003cseparator thickness\u003d\"3\" type\u003d\"Black\"\u003e \u003cstart x\u003d\"0\" y\u003d\"1\"\u003e\u003c/start\u003e \u003cend x\u003d\"794\" y\u003d\"1\"\u003e\u003c/end\u003e \u003c/separator\u003e \u003cseparator thickness\u003d\"2\" type\u003d\"Black\"\u003e \u003cstart x\u003d\"0\" y\u003d\"1124\"\u003e\u003c/start\u003e \u003cend x\u003d\"794\" y\u003d\"1124\"\u003e\u003c/end\u003e \u003c/separator\u003e \u003cseparator thickness\u003d\"2\" type\u003d\"Black\"\u003e \u003cstart x\u003d\"1\" y\u003d\"0\"\u003e\u003c/start\u003e \u003cend x\u003d\"1\" y\u003d\"1125\"\u003e\u003c/end\u003e \u003c/separator\u003e \u003cseparator thickness\u003d\"2\" type\u003d\"Black\"\u003e \u003cstart x\u003d\"793\" y\u003d\"0\"\u003e\u003c/start\u003e \u003cend x\u003d\"793\" y\u003d\"1125\"\u003e\u003c/end\u003e \u003c/separator\u003e \u003c/separatorsbox\u003e \u003c/block\u003e  \u003cblock b\u003d\"353\" blockname\u003d\"\" blocktype\u003d\"Separator\" l\u003d\"74\" r\u003d\"722\" style\u003d\"transform: translate(70px, 452px); position: absolute;\" t\u003d\"348\"\u003e \u003cregion\u003e \u003crect b\u003d\"353\" l\u003d\"74\" r\u003d\"722\" t\u003d\"348\"\u003e\u003c/rect\u003e  \u003c/region\u003e  \u003cseparator thickness\u003d\"5\" type\u003d\"Black\"\u003e \u003cstart x\u003d\"74\" y\u003d\"350\"\u003e\u003c/start\u003e \u003cend x\u003d\"722\" y\u003d\"350\"\u003e\u003c/end\u003e \u003c/separator\u003e \u003c/block\u003e  \u003cblock b\u003d\"375\" blockname\u003d\"\" blocktype\u003d\"Separator\" l\u003d\"74\" r\u003d\"722\" style\u003d\"transform: translate(70px, 482px); position: absolute;\" t\u003d\"371\"\u003e \u003cregion\u003e \u003crect b\u003d\"375\" l\u003d\"74\" r\u003d\"722\" t\u003d\"371\"\u003e\u003c/rect\u003e  \u003c/region\u003e  \u003cseparator thickness\u003d\"4\" type\u003d\"Black\"\u003e \u003cstart x\u003d\"74\" y\u003d\"373\"\u003e\u003c/start\u003e \u003cend x\u003d\"722\" y\u003d\"373\"\u003e\u003c/end\u003e \u003c/separator\u003e \u003c/block\u003e  \u003cblock b\u003d\"401\" blockname\u003d\"\" blocktype\u003d\"Separator\" l\u003d\"74\" r\u003d\"722\" style\u003d\"transform: translate(70px, 520px); position: absolute;\" t\u003d\"400\"\u003e \u003cregion\u003e \u003crect b\u003d\"401\" l\u003d\"74\" r\u003d\"722\" t\u003d\"400\"\u003e\u003c/rect\u003e  \u003c/region\u003e  \u003cseparator thickness\u003d\"1\" type\u003d\"Black\"\u003e \u003cstart x\u003d\"74\" y\u003d\"400\"\u003e\u003c/start\u003e \u003cend x\u003d\"722\" y\u003d\"400\"\u003e\u003c/end\u003e \u003c/separator\u003e \u003c/block\u003e  \u003cblock b\u003d\"431\" blockname\u003d\"\" blocktype\u003d\"Separator\" l\u003d\"74\" r\u003d\"722\" style\u003d\"transform: translate(70px, 555px); position: absolute;\" t\u003d\"427\"\u003e \u003cregion\u003e \u003crect b\u003d\"431\" l\u003d\"74\" r\u003d\"722\" t\u003d\"427\"\u003e\u003c/rect\u003e  \u003c/region\u003e  \u003cseparator thickness\u003d\"4\" type\u003d\"Black\"\u003e \u003cstart x\u003d\"74\" y\u003d\"429\"\u003e\u003c/start\u003e \u003cend x\u003d\"722\" y\u003d\"429\"\u003e\u003c/end\u003e \u003c/separator\u003e \u003c/block\u003e  \u003cblock b\u003d\"453\" blockname\u003d\"\" blocktype\u003d\"Separator\" l\u003d\"74\" r\u003d\"722\" style\u003d\"transform: translate(70px, 584px); position: absolute;\" t\u003d\"449\"\u003e \u003cregion\u003e \u003crect b\u003d\"453\" l\u003d\"74\" r\u003d\"722\" t\u003d\"449\"\u003e\u003c/rect\u003e  \u003c/region\u003e  \u003cseparator thickness\u003d\"4\" type\u003d\"Black\"\u003e \u003cstart x\u003d\"74\" y\u003d\"451\"\u003e\u003c/start\u003e \u003cend x\u003d\"722\" y\u003d\"451\"\u003e\u003c/end\u003e \u003c/separator\u003e \u003c/block\u003e  \u003cblock b\u003d\"766\" blockname\u003d\"\" blocktype\u003d\"Separator\" l\u003d\"74\" r\u003d\"722\" style\u003d\"transform: translate(70px, 989px); position: absolute;\" t\u003d\"761\"\u003e \u003cregion\u003e \u003crect b\u003d\"766\" l\u003d\"74\" r\u003d\"722\" t\u003d\"761\"\u003e\u003c/rect\u003e  \u003c/region\u003e  \u003cseparator thickness\u003d\"5\" type\u003d\"Black\"\u003e \u003cstart x\u003d\"74\" y\u003d\"763\"\u003e\u003c/start\u003e \u003cend x\u003d\"722\" y\u003d\"763\"\u003e\u003c/end\u003e \u003c/separator\u003e \u003c/block\u003e  \u003cblock b\u003d\"792\" blockname\u003d\"\" blocktype\u003d\"Separator\" l\u003d\"601\" r\u003d\"722\" style\u003d\"transform: translate(571px, 1028px); position: absolute;\" t\u003d\"791\"\u003e \u003cregion\u003e \u003crect b\u003d\"792\" l\u003d\"601\" r\u003d\"722\" t\u003d\"791\"\u003e\u003c/rect\u003e  \u003c/region\u003e  \u003cseparator thickness\u003d\"1\" type\u003d\"Black\"\u003e \u003cstart x\u003d\"601\" y\u003d\"791\"\u003e\u003c/start\u003e \u003cend x\u003d\"722\" y\u003d\"791\"\u003e\u003c/end\u003e \u003c/separator\u003e \u003c/block\u003e  \u003cblock b\u003d\"818\" blockname\u003d\"\" blocktype\u003d\"Separator\" l\u003d\"601\" r\u003d\"722\" style\u003d\"transform: translate(571px, 1062px); position: absolute;\" t\u003d\"817\"\u003e \u003cregion\u003e \u003crect b\u003d\"818\" l\u003d\"601\" r\u003d\"722\" t\u003d\"817\"\u003e\u003c/rect\u003e  \u003c/region\u003e  \u003cseparator thickness\u003d\"1\" type\u003d\"Black\"\u003e \u003cstart x\u003d\"601\" y\u003d\"817\"\u003e\u003c/start\u003e \u003cend x\u003d\"722\" y\u003d\"817\"\u003e\u003c/end\u003e \u003c/separator\u003e \u003c/block\u003e  \u003cblock b\u003d\"844\" blockname\u003d\"\" blocktype\u003d\"Separator\" l\u003d\"601\" r\u003d\"722\" style\u003d\"transform: translate(571px, 1096px); position: absolute;\" t\u003d\"843\"\u003e \u003cregion\u003e \u003crect b\u003d\"844\" l\u003d\"601\" r\u003d\"722\" t\u003d\"843\"\u003e\u003c/rect\u003e  \u003c/region\u003e  \u003cseparator thickness\u003d\"1\" type\u003d\"Black\"\u003e \u003cstart x\u003d\"601\" y\u003d\"843\"\u003e\u003c/start\u003e \u003cend x\u003d\"722\" y\u003d\"843\"\u003e\u003c/end\u003e \u003c/separator\u003e \u003c/block\u003e  \u003cblock b\u003d\"870\" blockname\u003d\"\" blocktype\u003d\"Separator\" l\u003d\"601\" r\u003d\"722\" style\u003d\"transform: translate(571px, 1130px); position: absolute;\" t\u003d\"869\"\u003e \u003cregion\u003e \u003crect b\u003d\"870\" l\u003d\"601\" r\u003d\"722\" t\u003d\"869\"\u003e\u003c/rect\u003e  \u003c/region\u003e  \u003cseparator thickness\u003d\"1\" type\u003d\"Black\"\u003e \u003cstart x\u003d\"601\" y\u003d\"869\"\u003e\u003c/start\u003e \u003cend x\u003d\"722\" y\u003d\"869\"\u003e\u003c/end\u003e \u003c/separator\u003e \u003c/block\u003e  \u003cblock b\u003d\"894\" blockname\u003d\"\" blocktype\u003d\"Separator\" l\u003d\"601\" r\u003d\"722\" style\u003d\"transform: translate(571px, 1161px); position: absolute;\" t\u003d\"893\"\u003e \u003cregion\u003e \u003crect b\u003d\"894\" l\u003d\"601\" r\u003d\"722\" t\u003d\"893\"\u003e\u003c/rect\u003e  \u003c/region\u003e  \u003cseparator thickness\u003d\"1\" type\u003d\"Black\"\u003e \u003cstart x\u003d\"601\" y\u003d\"893\"\u003e\u003c/start\u003e \u003cend x\u003d\"722\" y\u003d\"893\"\u003e\u003c/end\u003e \u003c/separator\u003e \u003c/block\u003e  \u003cblock b\u003d\"919\" blockname\u003d\"\" blocktype\u003d\"Separator\" l\u003d\"601\" r\u003d\"722\" style\u003d\"transform: translate(571px, 1193px); position: absolute;\" t\u003d\"918\"\u003e \u003cregion\u003e \u003crect b\u003d\"919\" l\u003d\"601\" r\u003d\"722\" t\u003d\"918\"\u003e\u003c/rect\u003e  \u003c/region\u003e  \u003cseparator thickness\u003d\"1\" type\u003d\"Black\"\u003e \u003cstart x\u003d\"601\" y\u003d\"918\"\u003e\u003c/start\u003e \u003cend x\u003d\"722\" y\u003d\"918\"\u003e\u003c/end\u003e \u003c/separator\u003e \u003c/block\u003e  \u003cblock b\u003d\"943\" blockname\u003d\"\" blocktype\u003d\"Separator\" l\u003d\"601\" r\u003d\"722\" style\u003d\"transform: translate(571px, 1225px); position: absolute;\" t\u003d\"942\"\u003e \u003cregion\u003e \u003crect b\u003d\"943\" l\u003d\"601\" r\u003d\"722\" t\u003d\"942\"\u003e\u003c/rect\u003e  \u003c/region\u003e  \u003cseparator thickness\u003d\"1\" type\u003d\"Black\"\u003e \u003cstart x\u003d\"601\" y\u003d\"942\"\u003e\u003c/start\u003e \u003cend x\u003d\"722\" y\u003d\"942\"\u003e\u003c/end\u003e \u003c/separator\u003e \u003c/block\u003e  \u003cblock b\u003d\"401\" blockname\u003d\"\" blocktype\u003d\"Separator\" l\u003d\"74\" r\u003d\"75\" style\u003d\"transform: translate(70px, 488px); position: absolute;\" t\u003d\"375\"\u003e \u003cregion\u003e \u003crect b\u003d\"401\" l\u003d\"74\" r\u003d\"75\" t\u003d\"375\"\u003e\u003c/rect\u003e  \u003c/region\u003e  \u003cseparator thickness\u003d\"1\" type\u003d\"Black\"\u003e \u003cstart x\u003d\"74\" y\u003d\"375\"\u003e\u003c/start\u003e \u003cend x\u003d\"74\" y\u003d\"401\"\u003e\u003c/end\u003e \u003c/separator\u003e \u003c/block\u003e  \u003cblock b\u003d\"506\" blockname\u003d\"\" blocktype\u003d\"Separator\" l\u003d\"74\" r\u003d\"76\" style\u003d\"transform: translate(70px, 589px); position: absolute;\" t\u003d\"453\"\u003e \u003cregion\u003e \u003crect b\u003d\"506\" l\u003d\"74\" r\u003d\"76\" t\u003d\"453\"\u003e\u003c/rect\u003e  \u003c/region\u003e  \u003cseparator thickness\u003d\"2\" type\u003d\"Black\"\u003e \u003cstart x\u003d\"75\" y\u003d\"453\"\u003e\u003c/start\u003e \u003cend x\u003d\"75\" y\u003d\"506\"\u003e\u003c/end\u003e \u003c/separator\u003e \u003c/block\u003e  \u003cblock b\u003d\"766\" blockname\u003d\"\" blocktype\u003d\"Separator\" class\u003d\"hidden\" l\u003d\"74\" r\u003d\"79\" style\u003d\"transform: translate(70px, 658px); position: absolute;\" t\u003d\"506\"\u003e \u003cregion\u003e \u003crect b\u003d\"766\" l\u003d\"74\" r\u003d\"79\" t\u003d\"506\"\u003e\u003c/rect\u003e  \u003c/region\u003e  \u003cseparator thickness\u003d\"3\" type\u003d\"Black\"\u003e \u003cstart x\u003d\"76\" y\u003d\"506\"\u003e\u003c/start\u003e \u003cend x\u003d\"76\" y\u003d\"766\"\u003e\u003c/end\u003e \u003c/separator\u003e \u003c/block\u003e  \u003cblock b\u003d\"401\" blockname\u003d\"\" blocktype\u003d\"Separator\" l\u003d\"164\" r\u003d\"165\" style\u003d\"transform: translate(156px, 488px); position: absolute;\" t\u003d\"375\"\u003e \u003cregion\u003e \u003crect b\u003d\"401\" l\u003d\"164\" r\u003d\"165\" t\u003d\"375\"\u003e\u003c/rect\u003e  \u003c/region\u003e  \u003cseparator thickness\u003d\"1\" type\u003d\"Black\"\u003e \u003cstart x\u003d\"164\" y\u003d\"375\"\u003e\u003c/start\u003e \u003cend x\u003d\"164\" y\u003d\"401\"\u003e\u003c/end\u003e \u003c/separator\u003e \u003c/block\u003e  \u003cblock b\u003d\"401\" blockname\u003d\"\" blocktype\u003d\"Separator\" l\u003d\"324\" r\u003d\"325\" style\u003d\"transform: translate(308px, 488px); position: absolute;\" t\u003d\"375\"\u003e \u003cregion\u003e \u003crect b\u003d\"401\" l\u003d\"324\" r\u003d\"325\" t\u003d\"375\"\u003e\u003c/rect\u003e  \u003c/region\u003e  \u003cseparator thickness\u003d\"1\" type\u003d\"Black\"\u003e \u003cstart x\u003d\"324\" y\u003d\"375\"\u003e\u003c/start\u003e \u003cend x\u003d\"324\" y\u003d\"401\"\u003e\u003c/end\u003e \u003c/separator\u003e \u003c/block\u003e  \u003cblock b\u003d\"401\" blockname\u003d\"\" blocktype\u003d\"Separator\" l\u003d\"402\" r\u003d\"403\" style\u003d\"transform: translate(382px, 488px); position: absolute;\" t\u003d\"375\"\u003e \u003cregion\u003e \u003crect b\u003d\"401\" l\u003d\"402\" r\u003d\"403\" t\u003d\"375\"\u003e\u003c/rect\u003e  \u003c/region\u003e  \u003cseparator thickness\u003d\"1\" type\u003d\"Black\"\u003e \u003cstart x\u003d\"402\" y\u003d\"375\"\u003e\u003c/start\u003e \u003cend x\u003d\"402\" y\u003d\"401\"\u003e\u003c/end\u003e \u003c/separator\u003e \u003c/block\u003e  \u003cblock b\u003d\"505\" blockname\u003d\"\" blocktype\u003d\"Separator\" l\u003d\"402\" r\u003d\"403\" style\u003d\"transform: translate(382px, 589px); position: absolute;\" t\u003d\"453\"\u003e \u003cregion\u003e \u003crect b\u003d\"505\" l\u003d\"402\" r\u003d\"403\" t\u003d\"453\"\u003e\u003c/rect\u003e  \u003c/region\u003e  \u003cseparator thickness\u003d\"1\" type\u003d\"Black\"\u003e \u003cstart x\u003d\"402\" y\u003d\"453\"\u003e\u003c/start\u003e \u003cend x\u003d\"402\" y\u003d\"505\"\u003e\u003c/end\u003e \u003c/separator\u003e \u003c/block\u003e  \u003cblock b\u003d\"609\" blockname\u003d\"\" blocktype\u003d\"Separator\" l\u003d\"402\" r\u003d\"403\" style\u003d\"transform: translate(382px, 725px); position: absolute;\" t\u003d\"558\"\u003e \u003cregion\u003e \u003crect b\u003d\"609\" l\u003d\"402\" r\u003d\"403\" t\u003d\"558\"\u003e\u003c/rect\u003e  \u003c/region\u003e  \u003cseparator thickness\u003d\"1\" type\u003d\"Black\"\u003e \u003cstart x\u003d\"402\" y\u003d\"558\"\u003e\u003c/start\u003e \u003cend x\u003d\"402\" y\u003d\"609\"\u003e\u003c/end\u003e \u003c/separator\u003e \u003c/block\u003e  \u003cblock b\u003d\"713\" blockname\u003d\"\" blocktype\u003d\"Separator\" l\u003d\"402\" r\u003d\"403\" style\u003d\"transform: translate(382px, 861px); position: absolute;\" t\u003d\"662\"\u003e \u003cregion\u003e \u003crect b\u003d\"713\" l\u003d\"402\" r\u003d\"403\" t\u003d\"662\"\u003e\u003c/rect\u003e  \u003c/region\u003e  \u003cseparator thickness\u003d\"1\" type\u003d\"Black\"\u003e \u003cstart x\u003d\"402\" y\u003d\"662\"\u003e\u003c/start\u003e \u003cend x\u003d\"402\" y\u003d\"713\"\u003e\u003c/end\u003e \u003c/separator\u003e \u003c/block\u003e  \u003cblock b\u003d\"401\" blockname\u003d\"\" blocktype\u003d\"Separator\" l\u003d\"499\" r\u003d\"500\" style\u003d\"transform: translate(474px, 488px); position: absolute;\" t\u003d\"375\"\u003e \u003cregion\u003e \u003crect b\u003d\"401\" l\u003d\"499\" r\u003d\"500\" t\u003d\"375\"\u003e\u003c/rect\u003e  \u003c/region\u003e  \u003cseparator thickness\u003d\"1\" type\u003d\"Black\"\u003e \u003cstart x\u003d\"499\" y\u003d\"375\"\u003e\u003c/start\u003e \u003cend x\u003d\"499\" y\u003d\"401\"\u003e\u003c/end\u003e \u003c/separator\u003e \u003c/block\u003e  \u003cblock b\u003d\"505\" blockname\u003d\"\" blocktype\u003d\"Separator\" l\u003d\"499\" r\u003d\"500\" style\u003d\"transform: translate(474px, 589px); position: absolute;\" t\u003d\"453\"\u003e \u003cregion\u003e \u003crect b\u003d\"505\" l\u003d\"499\" r\u003d\"500\" t\u003d\"453\"\u003e\u003c/rect\u003e  \u003c/region\u003e  \u003cseparator thickness\u003d\"1\" type\u003d\"Black\"\u003e \u003cstart x\u003d\"499\" y\u003d\"453\"\u003e\u003c/start\u003e \u003cend x\u003d\"499\" y\u003d\"505\"\u003e\u003c/end\u003e \u003c/separator\u003e \u003c/block\u003e  \u003cblock b\u003d\"609\" blockname\u003d\"\" blocktype\u003d\"Separator\" l\u003d\"499\" r\u003d\"500\" style\u003d\"transform: translate(474px, 725px); position: absolute;\" t\u003d\"558\"\u003e \u003cregion\u003e \u003crect b\u003d\"609\" l\u003d\"499\" r\u003d\"500\" t\u003d\"558\"\u003e\u003c/rect\u003e  \u003c/region\u003e  \u003cseparator thickness\u003d\"1\" type\u003d\"Black\"\u003e \u003cstart x\u003d\"499\" y\u003d\"558\"\u003e\u003c/start\u003e \u003cend x\u003d\"499\" y\u003d\"609\"\u003e\u003c/end\u003e \u003c/separator\u003e \u003c/block\u003e  \u003cblock b\u003d\"713\" blockname\u003d\"\" blocktype\u003d\"Separator\" l\u003d\"499\" r\u003d\"500\" style\u003d\"transform: translate(474px, 861px); position: absolute;\" t\u003d\"662\"\u003e \u003cregion\u003e \u003crect b\u003d\"713\" l\u003d\"499\" r\u003d\"500\" t\u003d\"662\"\u003e\u003c/rect\u003e  \u003c/region\u003e  \u003cseparator thickness\u003d\"1\" type\u003d\"Black\"\u003e \u003cstart x\u003d\"499\" y\u003d\"662\"\u003e\u003c/start\u003e \u003cend x\u003d\"499\" y\u003d\"713\"\u003e\u003c/end\u003e \u003c/separator\u003e \u003c/block\u003e  \u003cblock b\u003d\"401\" blockname\u003d\"\" blocktype\u003d\"Separator\" l\u003d\"601\" r\u003d\"602\" style\u003d\"transform: translate(571px, 488px); position: absolute;\" t\u003d\"375\"\u003e \u003cregion\u003e \u003crect b\u003d\"401\" l\u003d\"601\" r\u003d\"602\" t\u003d\"375\"\u003e\u003c/rect\u003e  \u003c/region\u003e  \u003cseparator thickness\u003d\"1\" type\u003d\"Black\"\u003e \u003cstart x\u003d\"601\" y\u003d\"375\"\u003e\u003c/start\u003e \u003cend x\u003d\"601\" y\u003d\"401\"\u003e\u003c/end\u003e \u003c/separator\u003e \u003c/block\u003e  \u003cblock b\u003d\"505\" blockname\u003d\"\" blocktype\u003d\"Separator\" l\u003d\"601\" r\u003d\"602\" style\u003d\"transform: translate(571px, 589px); position: absolute;\" t\u003d\"453\"\u003e \u003cregion\u003e \u003crect b\u003d\"505\" l\u003d\"601\" r\u003d\"602\" t\u003d\"453\"\u003e\u003c/rect\u003e  \u003c/region\u003e  \u003cseparator thickness\u003d\"1\" type\u003d\"Black\"\u003e \u003cstart x\u003d\"601\" y\u003d\"453\"\u003e\u003c/start\u003e \u003cend x\u003d\"601\" y\u003d\"505\"\u003e\u003c/end\u003e \u003c/separator\u003e \u003c/block\u003e  \u003cblock b\u003d\"609\" blockname\u003d\"\" blocktype\u003d\"Separator\" l\u003d\"601\" r\u003d\"602\" style\u003d\"transform: translate(571px, 725px); position: absolute;\" t\u003d\"558\"\u003e \u003cregion\u003e \u003crect b\u003d\"609\" l\u003d\"601\" r\u003d\"602\" t\u003d\"558\"\u003e\u003c/rect\u003e  \u003c/region\u003e  \u003cseparator thickness\u003d\"1\" type\u003d\"Black\"\u003e \u003cstart x\u003d\"601\" y\u003d\"558\"\u003e\u003c/start\u003e \u003cend x\u003d\"601\" y\u003d\"609\"\u003e\u003c/end\u003e \u003c/separator\u003e \u003c/block\u003e  \u003cblock b\u003d\"713\" blockname\u003d\"\" blocktype\u003d\"Separator\" l\u003d\"601\" r\u003d\"602\" style\u003d\"transform: translate(571px, 861px); position: absolute;\" t\u003d\"662\"\u003e \u003cregion\u003e \u003crect b\u003d\"713\" l\u003d\"601\" r\u003d\"602\" t\u003d\"662\"\u003e\u003c/rect\u003e  \u003c/region\u003e  \u003cseparator thickness\u003d\"1\" type\u003d\"Black\"\u003e \u003cstart x\u003d\"601\" y\u003d\"662\"\u003e\u003c/start\u003e \u003cend x\u003d\"601\" y\u003d\"713\"\u003e\u003c/end\u003e \u003c/separator\u003e \u003c/block\u003e  \u003cblock b\u003d\"943\" blockname\u003d\"\" blocktype\u003d\"Separator\" l\u003d\"601\" r\u003d\"602\" style\u003d\"transform: translate(571px, 996px); position: absolute;\" t\u003d\"766\"\u003e \u003cregion\u003e \u003crect b\u003d\"943\" l\u003d\"601\" r\u003d\"602\" t\u003d\"766\"\u003e\u003c/rect\u003e  \u003c/region\u003e  \u003cseparator thickness\u003d\"1\" type\u003d\"Black\"\u003e \u003cstart x\u003d\"601\" y\u003d\"766\"\u003e\u003c/start\u003e \u003cend x\u003d\"601\" y\u003d\"943\"\u003e\u003c/end\u003e \u003c/separator\u003e \u003c/block\u003e  \u003cblock b\u003d\"766\" blockname\u003d\"\" blocktype\u003d\"Separator\" l\u003d\"717\" r\u003d\"722\" style\u003d\"transform: translate(682px, 555px); position: absolute;\" t\u003d\"427\"\u003e \u003cregion\u003e \u003crect b\u003d\"766\" l\u003d\"717\" r\u003d\"722\" t\u003d\"427\"\u003e\u003c/rect\u003e  \u003c/region\u003e  \u003cseparator thickness\u003d\"3\" type\u003d\"Black\"\u003e \u003cstart x\u003d\"719\" y\u003d\"427\"\u003e\u003c/start\u003e \u003cend x\u003d\"719\" y\u003d\"766\"\u003e\u003c/end\u003e \u003c/separator\u003e \u003c/block\u003e  \u003cblock b\u003d\"401\" blockname\u003d\"\" blocktype\u003d\"Separator\" l\u003d\"721\" r\u003d\"722\" style\u003d\"transform: translate(686px, 488px); position: absolute;\" t\u003d\"375\"\u003e \u003cregion\u003e \u003crect b\u003d\"401\" l\u003d\"721\" r\u003d\"722\" t\u003d\"375\"\u003e\u003c/rect\u003e  \u003c/region\u003e  \u003cseparator thickness\u003d\"1\" type\u003d\"Black\"\u003e \u003cstart x\u003d\"721\" y\u003d\"375\"\u003e\u003c/start\u003e \u003cend x\u003d\"721\" y\u003d\"401\"\u003e\u003c/end\u003e \u003c/separator\u003e \u003c/block\u003e  \u003cblock b\u003d\"943\" blockname\u003d\"\" blocktype\u003d\"Separator\" l\u003d\"721\" r\u003d\"722\" style\u003d\"transform: translate(686px, 996px); position: absolute;\" t\u003d\"766\"\u003e \u003cregion\u003e \u003crect b\u003d\"943\" l\u003d\"721\" r\u003d\"722\" t\u003d\"766\"\u003e\u003c/rect\u003e  \u003c/region\u003e  \u003cseparator thickness\u003d\"1\" type\u003d\"Black\"\u003e \u003cstart x\u003d\"721\" y\u003d\"766\"\u003e\u003c/start\u003e \u003cend x\u003d\"721\" y\u003d\"943\"\u003e\u003c/end\u003e \u003c/separator\u003e \u003c/block\u003e  \u003c/page\u003e               \u003c/document\u003e\u003c/body\u003e\u003c/html\u003e","tags":[{"score":0.6692157114916948,"end":185,"tag":"invoice_date","text":"August 20,2006","estimatedAccuracy":0.0,"begin":171},{"score":0.9221573406519527,"end":209,"tag":"invoice_number","text":"INV1048","estimatedAccuracy":0.0,"begin":202},{"score":0.7597151279192168,"end":840,"tag":"product","text":"Very long product description that occupies more than     1 line - in fact, it occupies 2 lines","estimatedAccuracy":0.0,"begin":745},{"score":0.771987388467407,"end":853,"tag":"quantity","text":"1","estimatedAccuracy":0.0,"begin":852},{"score":0.7426344866674551,"end":871,"tag":"price","text":"199.99","estimatedAccuracy":0.0,"begin":865},{"score":0.8001956700341339,"end":972,"tag":"price","text":"420.00","estimatedAccuracy":0.0,"begin":966}],"group":"invoice_date|invoice_number|price|product|quantity"}