{"finalScore":0.6650166481746584,"metaInfo":{"model":{"coreVersion":"9.3.0.9"}},"sumScore":6.650166481746584,"tagsCounter":10.0,"taggedText":"\u003chtml\u003e\u003chead\u003e\u003cscript src\u003d\"https://ajax.googleapis.com/ajax/libs/jquery/2.2.0/jquery.min.js\"\u003e\u003c/script\u003e\u003c/head\u003e\u003cbody\u003e\u003cdocument languages\u003d\"\" producer\u003d\"Workfusion\" schemalocation\u003d\"http://ocr.crowdcomputingsystems.com/xml/schema-v1.xml\" version\u003d\"1.0\" xmlns\u003d\"http://ocr.crowdcomputingsystems.com/xml/schema-v1.xml\" xsi\u003d\"http://www.w3.org/2001/XMLSchema-instance\"\u003e \u003clink href\u003d\"https://s3.amazonaws.com/workfusion-resources/ocr/ocr-xml-viewer-0.3-scale-to-width.css\" rel\u003d\"stylesheet\" type\u003d\"text/css\"\u003e\u003c/link\u003e \u003cstyle\u003e\u003c/style\u003e\u003cpage data-pages\u003d\"1\" h\u003d\"611\" resolution\u003d\"96\" style\u003d\"height: 775px;\" w\u003d\"585\"\u003e \u003cblock b\u003d\"56\" blockname\u003d\"\" blocktype\u003d\"Text\" l\u003d\"44\" r\u003d\"90\" style\u003d\"transform: translate(106px, 62px); position: absolute; width: 110.557px; height: 13.5417px;\" t\u003d\"46\"\u003e \u003cregion\u003e \u003crect b\u003d\"56\" l\u003d\"44\" r\u003d\"90\" t\u003d\"46\"\u003e\u003c/rect\u003e  \u003c/region\u003e  \u003ctext\u003e \u003cpar linespacing\u003d\"450\"\u003e \u003cline b\u003d\"53\" baseline\u003d\"53\" l\u003d\"45\" r\u003d\"88\" style\u003d\"transform: translate(2px, 1px); position: absolute;\" t\u003d\"47\"\u003e \u003cformatting lang\u003d\"EnglishUnitedStates\"\u003e BILL FROMi \u003c/formatting\u003e  \u003c/line\u003e  \u003c/par\u003e  \u003c/text\u003e  \u003c/block\u003e  \u003cblock b\u003d\"133\" blockname\u003d\"\" blocktype\u003d\"Text\" l\u003d\"43\" r\u003d\"160\" style\u003d\"transform: translate(103px, 84px); position: absolute; width: 281.2px; height: 96.1458px;\" t\u003d\"62\"\u003e \u003cregion\u003e \u003crect b\u003d\"133\" l\u003d\"43\" r\u003d\"160\" t\u003d\"62\"\u003e\u003c/rect\u003e  \u003c/region\u003e  \u003ctext\u003e \u003cpar linespacing\u003d\"1050\"\u003e \u003cline b\u003d\"73\" baseline\u003d\"71\" l\u003d\"45\" r\u003d\"142\" style\u003d\"transform: translate(5px, 1px); position: absolute;\" t\u003d\"63\"\u003e \u003cformatting lang\u003d\"EnglishUnitedStates\"\u003e \u003csupplier_name begin\u003d\"44\" class\u003d\"extraction-tag ml-tag\" data-text\u003d\"Skeie Hardware Store\" data-value\u003d\"Skeie Hardware Store\" end\u003d\"64\" ml-tagorder\u003d\"0\" score\u003d\"0.42514334635599954\" style\u003d\"border: 2px solid rgb(125, 157, 1);\" tagorder\u003d\"0\"\u003eSkeie Hardware Store\u003c/supplier_name\u003e \u003c/formatting\u003e  \u003c/line\u003e  \u003cline b\u003d\"87\" baseline\u003d\"85\" l\u003d\"46\" r\u003d\"111\" style\u003d\"transform: translate(7px, 20px); position: absolute;\" t\u003d\"77\"\u003e \u003cformatting lang\u003d\"EnglishUnitedStates\"\u003e 1100 English Street \u003c/formatting\u003e  \u003c/line\u003e  \u003cline b\u003d\"100\" baseline\u003d\"99\" l\u003d\"45\" r\u003d\"131\" style\u003d\"transform: translate(5px, 41px); position: absolute;\" t\u003d\"92\"\u003e \u003cformatting lang\u003d\"EnglishUnitedStates\"\u003e Oflawa. ON.K2P 114 \u003c/formatting\u003e  \u003c/line\u003e  \u003cline b\u003d\"114\" baseline\u003d\"114\" l\u003d\"45\" r\u003d\"77\" style\u003d\"transform: translate(5px, 60px); position: absolute;\" t\u003d\"106\"\u003e \u003cformatting lang\u003d\"EnglishUnitedStates\"\u003e Canada \u003c/formatting\u003e  \u003c/line\u003e  \u003c/par\u003e  \u003cpar linespacing\u003d\"1050\"\u003e \u003cline b\u003d\"130\" baseline\u003d\"128\" l\u003d\"45\" r\u003d\"157\" style\u003d\"transform: translate(5px, 80px); position: absolute;\" t\u003d\"121\"\u003e \u003cformatting lang\u003d\"EnglishUnitedStates\"\u003e poshardware@Skeie(ycom \u003c/formatting\u003e  \u003c/line\u003e  \u003c/par\u003e  \u003c/text\u003e  \u003c/block\u003e  \u003cblock b\u003d\"88\" blockname\u003d\"\" blocktype\u003d\"Text\" l\u003d\"386\" r\u003d\"543\" style\u003d\"transform: translate(928px, 46px); position: absolute; width: 377.337px; height: 73.125px;\" t\u003d\"34\"\u003e \u003cregion\u003e \u003crect b\u003d\"88\" l\u003d\"386\" r\u003d\"543\" t\u003d\"34\"\u003e\u003c/rect\u003e  \u003c/region\u003e  \u003ctext\u003e \u003cpar linespacing\u003d\"2550\"\u003e \u003cline b\u003d\"86\" baseline\u003d\"77\" l\u003d\"389\" r\u003d\"539\" style\u003d\"transform: translate(7px, 12px); position: absolute;\" t\u003d\"43\"\u003e \u003cformatting lang\u003d\"EnglishUnitedStates\"\u003e 01 shopify \u003c/formatting\u003e  \u003c/line\u003e  \u003c/par\u003e  \u003c/text\u003e  \u003c/block\u003e  \u003cregion xmlns\u003d\"http://ocr.crowdcomputingsystems.com/xml/schema-v1.xml\"\u003e \u003crect b\u003d\"470\" l\u003d\"42\" r\u003d\"542\" t\u003d\"183\"\u003e\u003c/rect\u003e  \u003c/region\u003e \u003ctable b\u003d\"470\" blockname\u003d\"\" blocktype\u003d\"Table\" l\u003d\"42\" r\u003d\"542\" style\u003d\"transform: translate(101px, 248px); position: absolute; user-select: auto;\" t\u003d\"183\" xmlns\u003d\"\"\u003e \u003ctbody\u003e\u003ctr\u003e \u003ctd bottomborder\u003d\"White\" h\u003d\"106\" leftborder\u003d\"White\" rightborder\u003d\"White\" topborder\u003d\"White\" w\u003d\"294\"\u003e \u003ctext xmlns\u003d\"http://ocr.crowdcomputingsystems.com/xml/schema-v1.xml\"\u003e \u003cpar linespacing\u003d\"450\"\u003e \u003cline b\u003d\"190\" baseline\u003d\"190\" l\u003d\"45\" r\u003d\"76\" t\u003d\"184\"\u003e \u003cformatting lang\u003d\"EnglishUnitedStates\"\u003e BILL T0: \u003c/formatting\u003e  \u003c/line\u003e  \u003c/par\u003e  \u003cpar linespacing\u003d\"1050\"\u003e \u003cline b\u003d\"210\" baseline\u003d\"208\" l\u003d\"45\" r\u003d\"110\" t\u003d\"200\"\u003e \u003cformatting lang\u003d\"EnglishUnitedStates\"\u003e Tomasfier J.SabD \u003c/formatting\u003e  \u003c/line\u003e  \u003c/par\u003e  \u003cpar linespacing\u003d\"1050\"\u003e \u003cline b\u003d\"224\" baseline\u003d\"222\" l\u003d\"45\" r\u003d\"120\" t\u003d\"215\"\u003e \u003cformatting lang\u003d\"EnglishUnitedStates\"\u003e 640 Heavens Way \u003c/formatting\u003e  \u003c/line\u003e  \u003c/par\u003e  \u003cpar linespacing\u003d\"1050\"\u003e \u003cline b\u003d\"237\" baseline\u003d\"237\" l\u003d\"45\" r\u003d\"126\" t\u003d\"229\"\u003e \u003cformatting lang\u003d\"EnglishUnitedStates\"\u003e Sarasota.FL. 34231 \u003c/formatting\u003e  \u003c/line\u003e  \u003c/par\u003e  \u003cpar linespacing\u003d\"1050\" rightindent\u003d\"6300\"\u003e \u003cline b\u003d\"251\" baseline\u003d\"251\" l\u003d\"45\" r\u003d\"100\" t\u003d\"243\"\u003e \u003cformatting lang\u003d\"EnglishUnitedStates\"\u003e United States \u003c/formatting\u003e  \u003c/line\u003e  \u003cline b\u003d\"267\" baseline\u003d\"265\" l\u003d\"44\" r\u003d\"146\" t\u003d\"258\"\u003e \u003cformatting lang\u003d\"EnglishUnitedStates\"\u003e \u003cemail begin\u003d\"330\" class\u003d\"extraction-tag ml-tag\" data-text\u003d\"customer@mycmail.com\" data-value\u003d\"customer@mycmail.com\" end\u003d\"350\" ml-tagorder\u003d\"1\" score\u003d\"0.7223249719619473\" style\u003d\"border: 2px solid rgb(125, 157, 1);\" tagorder\u003d\"1\"\u003ecustomer@mycmail.com\u003c/email\u003e \u003c/formatting\u003e  \u003c/line\u003e  \u003c/par\u003e  \u003c/text\u003e  \u003c/td\u003e   \u003ctd bottomborder\u003d\"White\" h\u003d\"106\" leftborder\u003d\"White\" rightborder\u003d\"White\" topborder\u003d\"White\" w\u003d\"80\"\u003e \u003ctext xmlns\u003d\"http://ocr.crowdcomputingsystems.com/xml/schema-v1.xml\"\u003e \u003cpar align\u003d\"Center\" linespacing\u003d\"1200\" rightindent\u003d\"500\"\u003e \u003cline b\u003d\"193\" baseline\u003d\"193\" l\u003d\"361\" r\u003d\"399\" t\u003d\"187\"\u003e \u003cformatting lang\u003d\"EnglishUnitedStates\"\u003e INVOICE \u0026raquo; \u003c/formatting\u003e  \u003c/line\u003e  \u003c/par\u003e  \u003cpar align\u003d\"Right\" linespacing\u003d\"1200\"\u003e \u003cline b\u003d\"209\" baseline\u003d\"209\" l\u003d\"362\" r\u003d\"415\" t\u003d\"203\"\u003e \u003cformatting lang\u003d\"EnglishUnitedStates\"\u003e INVOICE OATE \u003c/formatting\u003e  \u003c/line\u003e  \u003c/par\u003e  \u003cpar align\u003d\"Right\" linespacing\u003d\"1200\"\u003e \u003cline b\u003d\"226\" baseline\u003d\"226\" l\u003d\"361\" r\u003d\"411\" t\u003d\"220\"\u003e \u003cformatting lang\u003d\"EnglishUnitedStates\"\u003e AMOUNT DUE \u003c/formatting\u003e  \u003c/line\u003e  \u003c/par\u003e  \u003c/text\u003e  \u003c/td\u003e   \u003ctd bottomborder\u003d\"White\" colspan\u003d\"2\" h\u003d\"106\" leftborder\u003d\"White\" rightborder\u003d\"White\" topborder\u003d\"White\" w\u003d\"126\"\u003e \u003ctext xmlns\u003d\"http://ocr.crowdcomputingsystems.com/xml/schema-v1.xml\"\u003e \u003cpar align\u003d\"Right\" linespacing\u003d\"530\" rightindent\u003d\"1200\"\u003e \u003cline b\u003d\"194\" baseline\u003d\"193\" l\u003d\"507\" r\u003d\"527\" t\u003d\"186\"\u003e \u003cformatting lang\u003d\"EnglishUnitedStates\"\u003e 0047 \u003c/formatting\u003e  \u003c/line\u003e  \u003c/par\u003e  \u003cpar align\u003d\"Right\" linespacing\u003d\"530\" rightindent\u003d\"1200\"\u003e \u003cline b\u003d\"211\" baseline\u003d\"209\" l\u003d\"455\" r\u003d\"527\" t\u003d\"202\"\u003e \u003cformatting lang\u003d\"EnglishUnitedStates\"\u003e \u003cinvoice_date begin\u003d\"449\" class\u003d\"extraction-tag ml-tag\" data-text\u003d\"January 13.2015\" data-value\u003d\"January 13.2015\" end\u003d\"464\" ml-tagorder\u003d\"2\" score\u003d\"0.5806949668160419\" style\u003d\"border: 2px solid rgb(125, 157, 1);\" tagorder\u003d\"2\"\u003eJanuary 13.2015\u003c/invoice_date\u003e \u003c/formatting\u003e  \u003c/line\u003e  \u003c/par\u003e  \u003cpar align\u003d\"Right\" linespacing\u003d\"530\" rightindent\u003d\"1200\"\u003e \u003cline b\u003d\"226\" baseline\u003d\"226\" l\u003d\"494\" r\u003d\"526\" t\u003d\"219\"\u003e \u003cformatting lang\u003d\"EnglishUnitedStates\"\u003e $776.31 \u003c/formatting\u003e  \u003c/line\u003e  \u003c/par\u003e  \u003c/text\u003e  \u003c/td\u003e   \u003c/tr\u003e \n \u003ctr\u003e \u003ctd bottomborder\u003d\"White\" h\u003d\"23\" leftborder\u003d\"White\" rightborder\u003d\"White\" topborder\u003d\"White\" w\u003d\"294\"\u003e \u003ctext xmlns\u003d\"http://ocr.crowdcomputingsystems.com/xml/schema-v1.xml\"\u003e \u003cpar align\u003d\"Justified\" leftindent\u003d\"1100\" linespacing\u003d\"530\"\u003e \u003cline b\u003d\"305\" baseline\u003d\"303\" l\u003d\"56\" r\u003d\"193\" t\u003d\"296\"\u003eItem Description\u003c/line\u003e  \u003c/par\u003e  \u003c/text\u003e  \u003c/td\u003e   \u003ctd bottomborder\u003d\"White\" h\u003d\"23\" leftborder\u003d\"White\" rightborder\u003d\"White\" topborder\u003d\"White\" w\u003d\"80\"\u003e \u003ctext xmlns\u003d\"http://ocr.crowdcomputingsystems.com/xml/schema-v1.xml\"\u003e \u003cpar align\u003d\"Right\" linespacing\u003d\"600\" rightindent\u003d\"1600\"\u003e \u003cline b\u003d\"306\" baseline\u003d\"304\" l\u003d\"359\" r\u003d\"395\" t\u003d\"296\"\u003e \u003cformatting lang\u003d\"EnglishUnitedStates\"\u003e Quantity \u003c/formatting\u003e  \u003c/line\u003e  \u003c/par\u003e  \u003c/text\u003e  \u003c/td\u003e   \u003ctd bottomborder\u003d\"White\" h\u003d\"23\" leftborder\u003d\"White\" rightborder\u003d\"White\" topborder\u003d\"White\" w\u003d\"56\"\u003e \u003ctext xmlns\u003d\"http://ocr.crowdcomputingsystems.com/xml/schema-v1.xml\"\u003e \u003cpar linespacing\u003d\"530\"\u003e \u003cline b\u003d\"304\" baseline\u003d\"303\" l\u003d\"416\" r\u003d\"455\" t\u003d\"296\"\u003e \u003cformatting lang\u003d\"EnglishUnitedStates\"\u003e Unit Cost \u003c/formatting\u003e  \u003c/line\u003e  \u003c/par\u003e  \u003c/text\u003e  \u003c/td\u003e   \u003ctd bottomborder\u003d\"White\" h\u003d\"23\" leftborder\u003d\"White\" rightborder\u003d\"White\" topborder\u003d\"White\" w\u003d\"70\"\u003e \u003ctext xmlns\u003d\"http://ocr.crowdcomputingsystems.com/xml/schema-v1.xml\"\u003e \u003cpar align\u003d\"Right\" linespacing\u003d\"600\" rightindent\u003d\"1200\"\u003e \u003cline b\u003d\"304\" baseline\u003d\"304\" l\u003d\"486\" r\u003d\"527\" t\u003d\"296\"\u003e \u003cformatting lang\u003d\"EnglishUnitedStates\"\u003e Line Total \u003c/formatting\u003e  \u003c/line\u003e  \u003c/par\u003e  \u003c/text\u003e  \u003c/td\u003e   \u003c/tr\u003e \n \u003ctr\u003e \u003ctd bottomborder\u003d\"White\" h\u003d\"22\" leftborder\u003d\"White\" rightborder\u003d\"White\" topborder\u003d\"White\" w\u003d\"294\"\u003e \u003ctext xmlns\u003d\"http://ocr.crowdcomputingsystems.com/xml/schema-v1.xml\"\u003e \u003cpar align\u003d\"Justified\" leftindent\u003d\"1100\" linespacing\u003d\"530\"\u003e \u003cline b\u003d\"326\" baseline\u003d\"326\" l\u003d\"56\" r\u003d\"217\" t\u003d\"319\"\u003eMobifo \u003cproduct begin\u003d\"617\" class\u003d\"extraction-tag ml-tag\" data-text\u003d\"Card Reader For iPhone \u0026amp; iPad\" data-value\u003d\"Card Reader For iPhone \u0026amp; iPad\" end\u003d\"646\" ml-tagorder\u003d\"3\" score\u003d\"0.42285069617208304\" style\u003d\"border: 2px solid rgb(125, 157, 1);\" tagorder\u003d\"3\"\u003eCard Reader For iPhone \u0026amp; iPad\u003c/product\u003e\u003c/line\u003e  \u003c/par\u003e  \u003c/text\u003e  \u003c/td\u003e   \u003ctd bottomborder\u003d\"White\" h\u003d\"22\" leftborder\u003d\"White\" rightborder\u003d\"White\" topborder\u003d\"White\" w\u003d\"80\"\u003e \u003ctext xmlns\u003d\"http://ocr.crowdcomputingsystems.com/xml/schema-v1.xml\"\u003e \u003cpar align\u003d\"Right\" linespacing\u003d\"600\" rightindent\u003d\"1600\"\u003e \u003cline b\u003d\"326\" baseline\u003d\"327\" l\u003d\"390\" r\u003d\"395\" t\u003d\"319\"\u003e\u003cquantity begin\u003d\"658\" class\u003d\"extraction-tag ml-tag\" data-text\u003d\"2\" data-value\u003d\"2\" end\u003d\"659\" ml-tagorder\u003d\"4\" score\u003d\"0.8030740995249082\" style\u003d\"border: 2px solid rgb(125, 157, 1);\" tagorder\u003d\"4\"\u003e2\u003c/quantity\u003e\u003c/line\u003e  \u003c/par\u003e  \u003c/text\u003e  \u003c/td\u003e   \u003ctd bottomborder\u003d\"White\" h\u003d\"22\" leftborder\u003d\"White\" rightborder\u003d\"White\" topborder\u003d\"White\" w\u003d\"56\"\u003e \u003ctext xmlns\u003d\"http://ocr.crowdcomputingsystems.com/xml/schema-v1.xml\"\u003e \u003cpar leftindent\u003d\"800\" linespacing\u003d\"530\"\u003e \u003cline b\u003d\"327\" baseline\u003d\"326\" l\u003d\"427\" r\u003d\"455\" t\u003d\"319\"\u003e\u003cprice begin\u003d\"671\" class\u003d\"extraction-tag ml-tag\" data-text\u003d\"$19.00\" data-value\u003d\"$19.00\" end\u003d\"677\" ml-tagorder\u003d\"5\" score\u003d\"0.5891680150580829\" style\u003d\"border: 2px solid rgb(125, 157, 1);\" tagorder\u003d\"5\"\u003e$19.00\u003c/price\u003e\u003c/line\u003e  \u003c/par\u003e  \u003c/text\u003e  \u003c/td\u003e   \u003ctd bottomborder\u003d\"White\" h\u003d\"22\" leftborder\u003d\"White\" rightborder\u003d\"White\" topborder\u003d\"White\" w\u003d\"70\"\u003e \u003ctext xmlns\u003d\"http://ocr.crowdcomputingsystems.com/xml/schema-v1.xml\"\u003e \u003cpar align\u003d\"Right\" linespacing\u003d\"530\" rightindent\u003d\"1200\"\u003e \u003cline b\u003d\"327\" baseline\u003d\"326\" l\u003d\"499\" r\u003d\"527\" t\u003d\"319\"\u003e \u003cformatting lang\u003d\"EnglishUnitedStates\"\u003e $38.00 \u003c/formatting\u003e  \u003c/line\u003e  \u003c/par\u003e  \u003c/text\u003e  \u003c/td\u003e   \u003c/tr\u003e \n \u003ctr\u003e \u003ctd bottomborder\u003d\"White\" h\u003d\"58\" leftborder\u003d\"White\" rightborder\u003d\"White\" topborder\u003d\"White\" w\u003d\"294\"\u003e \u003ctext xmlns\u003d\"http://ocr.crowdcomputingsystems.com/xml/schema-v1.xml\"\u003e \u003cpar align\u003d\"Justified\" leftindent\u003d\"1100\" linespacing\u003d\"525\"\u003e \u003cline b\u003d\"352\" baseline\u003d\"349\" l\u003d\"57\" r\u003d\"312\" t\u003d\"342\"\u003e\u003cproduct begin\u003d\"716\" class\u003d\"extraction-tag ml-tag\" data-text\u003d\"_ , . includes card readcr, receipt phnter. iPad\" data-value\u003d\"_ , . includes card readcr, receipt phnter. iPad     Complete Kit POS , .     stand, \u0026amp; cash drawer\" end\u003d\"814\" ml-tagorder\u003d\"6\" score\u003d\"0.6832557461674947\" style\u003d\"border: 2px solid rgb(125, 157, 1);\" tagorder\u003d\"6\"\u003e_ , . includes card readcr, receipt phnter. iPad\u003c/product\u003e\u003c/line\u003e\u003cproduct begin\u003d\"716\" class\u003d\"extraction-tag ml-tag\" data-text\u003d\"_ , . includes card readcr, receipt phnter. iPad\" data-value\u003d\"_ , . includes card readcr, receipt phnter. iPad     Complete Kit POS , .     stand, \u0026amp; cash drawer\" end\u003d\"814\" ml-tagorder\u003d\"6\" score\u003d\"0.6832557461674947\" style\u003d\"border: 2px solid rgb(125, 157, 1);\" tagorder\u003d\"6\"\u003e  \u003c/product\u003e\u003c/par\u003e\u003cproduct begin\u003d\"716\" class\u003d\"extraction-tag ml-tag\" data-text\u003d\"_ , . includes card readcr, receipt phnter. iPad\" data-value\u003d\"_ , . includes card readcr, receipt phnter. iPad     Complete Kit POS , .     stand, \u0026amp; cash drawer\" end\u003d\"814\" ml-tagorder\u003d\"6\" score\u003d\"0.6832557461674947\" style\u003d\"border: 2px solid rgb(125, 157, 1);\" tagorder\u003d\"6\"\u003e  \u003c/product\u003e\u003cpar align\u003d\"Justified\" leftindent\u003d\"1100\" linespacing\u003d\"525\"\u003e\u003cproduct begin\u003d\"716\" class\u003d\"extraction-tag ml-tag\" data-text\u003d\"_ , . includes card readcr, receipt phnter. iPad\" data-value\u003d\"_ , . includes card readcr, receipt phnter. iPad     Complete Kit POS , .     stand, \u0026amp; cash drawer\" end\u003d\"814\" ml-tagorder\u003d\"6\" score\u003d\"0.6832557461674947\" style\u003d\"border: 2px solid rgb(125, 157, 1);\" tagorder\u003d\"6\"\u003e \u003c/product\u003e\u003cline b\u003d\"359\" baseline\u003d\"356\" l\u003d\"56\" r\u003d\"205\" t\u003d\"348\"\u003e\u003cproduct begin\u003d\"716\" class\u003d\"extraction-tag ml-tag\" data-text\u003d\"_ , . includes card readcr, receipt phnter. iPad\" data-value\u003d\"_ , . includes card readcr, receipt phnter. iPad     Complete Kit POS , .     stand, \u0026amp; cash drawer\" end\u003d\"814\" ml-tagorder\u003d\"6\" score\u003d\"0.6832557461674947\" style\u003d\"border: 2px solid rgb(125, 157, 1);\" tagorder\u003d\"6\"\u003eComplete Kit POS , .\u003c/product\u003e\u003c/line\u003e\u003cproduct begin\u003d\"716\" class\u003d\"extraction-tag ml-tag\" data-text\u003d\"_ , . includes card readcr, receipt phnter. iPad\" data-value\u003d\"_ , . includes card readcr, receipt phnter. iPad     Complete Kit POS , .     stand, \u0026amp; cash drawer\" end\u003d\"814\" ml-tagorder\u003d\"6\" score\u003d\"0.6832557461674947\" style\u003d\"border: 2px solid rgb(125, 157, 1);\" tagorder\u003d\"6\"\u003e  \u003c/product\u003e\u003c/par\u003e\u003cproduct begin\u003d\"716\" class\u003d\"extraction-tag ml-tag\" data-text\u003d\"_ , . includes card readcr, receipt phnter. iPad\" data-value\u003d\"_ , . includes card readcr, receipt phnter. iPad     Complete Kit POS , .     stand, \u0026amp; cash drawer\" end\u003d\"814\" ml-tagorder\u003d\"6\" score\u003d\"0.6832557461674947\" style\u003d\"border: 2px solid rgb(125, 157, 1);\" tagorder\u003d\"6\"\u003e  \u003c/product\u003e\u003cpar align\u003d\"Center\" leftindent\u003d\"600\" linespacing\u003d\"525\"\u003e\u003cproduct begin\u003d\"716\" class\u003d\"extraction-tag ml-tag\" data-text\u003d\"_ , . includes card readcr, receipt phnter. iPad\" data-value\u003d\"_ , . includes card readcr, receipt phnter. iPad     Complete Kit POS , .     stand, \u0026amp; cash drawer\" end\u003d\"814\" ml-tagorder\u003d\"6\" score\u003d\"0.6832557461674947\" style\u003d\"border: 2px solid rgb(125, 157, 1);\" tagorder\u003d\"6\"\u003e \u003c/product\u003e\u003cline b\u003d\"364\" baseline\u003d\"363\" l\u003d\"143\" r\u003d\"229\" t\u003d\"356\"\u003e\u003cproduct begin\u003d\"716\" class\u003d\"extraction-tag ml-tag\" data-text\u003d\"_ , . includes card readcr, receipt phnter. iPad\" data-value\u003d\"_ , . includes card readcr, receipt phnter. iPad     Complete Kit POS , .     stand, \u0026amp; cash drawer\" end\u003d\"814\" ml-tagorder\u003d\"6\" score\u003d\"0.6832557461674947\" style\u003d\"border: 2px solid rgb(125, 157, 1);\" tagorder\u003d\"6\"\u003estand, \u0026amp; cash drawer\u003c/product\u003e\u003c/line\u003e  \u003c/par\u003e  \u003c/text\u003e  \u003c/td\u003e   \u003ctd bottomborder\u003d\"White\" h\u003d\"58\" leftborder\u003d\"White\" rightborder\u003d\"White\" topborder\u003d\"White\" w\u003d\"80\"\u003e \u003ctext xmlns\u003d\"http://ocr.crowdcomputingsystems.com/xml/schema-v1.xml\"\u003e \u003cpar align\u003d\"Right\" linespacing\u003d\"530\" rightindent\u003d\"1600\"\u003e \u003cline b\u003d\"355\" baseline\u003d\"356\" l\u003d\"391\" r\u003d\"394\" t\u003d\"349\"\u003e\u003cquantity begin\u003d\"826\" class\u003d\"extraction-tag ml-tag\" data-text\u003d\"1\" data-value\u003d\"1\" end\u003d\"827\" ml-tagorder\u003d\"7\" score\u003d\"0.8331276954783858\" style\u003d\"border: 2px solid rgb(125, 157, 1);\" tagorder\u003d\"7\"\u003e1\u003c/quantity\u003e\u003c/line\u003e  \u003c/par\u003e  \u003c/text\u003e  \u003c/td\u003e   \u003ctd bottomborder\u003d\"White\" h\u003d\"58\" leftborder\u003d\"White\" rightborder\u003d\"White\" topborder\u003d\"White\" w\u003d\"56\"\u003e \u003ctext xmlns\u003d\"http://ocr.crowdcomputingsystems.com/xml/schema-v1.xml\"\u003e \u003cpar linespacing\u003d\"600\"\u003e \u003cline b\u003d\"356\" baseline\u003d\"356\" l\u003d\"422\" r\u003d\"455\" t\u003d\"348\"\u003e\u003cprice begin\u003d\"839\" class\u003d\"extraction-tag ml-tag\" data-text\u003d\"$649.00\" data-value\u003d\"$649.00\" end\u003d\"846\" ml-tagorder\u003d\"8\" score\u003d\"0.8021126673683779\" style\u003d\"border: 2px solid rgb(125, 157, 1);\" tagorder\u003d\"8\"\u003e$649.00\u003c/price\u003e\u003c/line\u003e  \u003c/par\u003e  \u003c/text\u003e  \u003c/td\u003e   \u003ctd bottomborder\u003d\"White\" h\u003d\"58\" leftborder\u003d\"White\" rightborder\u003d\"White\" topborder\u003d\"White\" w\u003d\"70\"\u003e \u003ctext xmlns\u003d\"http://ocr.crowdcomputingsystems.com/xml/schema-v1.xml\"\u003e \u003cpar align\u003d\"Right\" linespacing\u003d\"600\" rightindent\u003d\"1200\"\u003e \u003cline b\u003d\"356\" baseline\u003d\"356\" l\u003d\"494\" r\u003d\"527\" t\u003d\"348\"\u003e \u003cformatting lang\u003d\"EnglishUnitedStates\"\u003e $649.00 \u003c/formatting\u003e  \u003c/line\u003e  \u003c/par\u003e  \u003c/text\u003e  \u003c/td\u003e   \u003c/tr\u003e \n \u003ctr\u003e \u003ctd bottomborder\u003d\"White\" h\u003d\"40\" leftborder\u003d\"White\" rightborder\u003d\"White\" topborder\u003d\"White\" w\u003d\"294\"\u003e \u003ctext xmlns\u003d\"http://ocr.crowdcomputingsystems.com/xml/schema-v1.xml\"\u003e \u003cpar linespacing\u003d\"450\"\u003e \u003cline b\u003d\"425\" baseline\u003d\"425\" l\u003d\"45\" r\u003d\"101\" t\u003d\"419\"\u003e \u003cformatting lang\u003d\"EnglishUnitedStates\"\u003e NOTES / MEMO \u003c/formatting\u003e  \u003c/line\u003e  \u003c/par\u003e  \u003c/text\u003e  \u003c/td\u003e   \u003ctd bottomborder\u003d\"White\" h\u003d\"40\" leftborder\u003d\"White\" rightborder\u003d\"White\" topborder\u003d\"White\" w\u003d\"80\"\u003e \u003ctext xmlns\u003d\"http://ocr.crowdcomputingsystems.com/xml/schema-v1.xml\"\u003e \u003cpar align\u003d\"Center\" linespacing\u003d\"450\" rightindent\u003d\"500\"\u003e \u003cline b\u003d\"428\" baseline\u003d\"428\" l\u003d\"361\" r\u003d\"402\" t\u003d\"422\"\u003e \u003cformatting lang\u003d\"EnglishUnitedStates\"\u003e SU8T0TAL \u003c/formatting\u003e  \u003c/line\u003e  \u003c/par\u003e  \u003c/text\u003e  \u003c/td\u003e   \u003ctd bottomborder\u003d\"White\" h\u003d\"40\" leftborder\u003d\"White\" rightborder\u003d\"White\" topborder\u003d\"White\" w\u003d\"56\"\u003e \u003ctext xmlns\u003d\"http://ocr.crowdcomputingsystems.com/xml/schema-v1.xml\"\u003e \u003cpar linespacing\u003d\"-1\"\u003e\u003c/par\u003e  \u003c/text\u003e  \u003c/td\u003e   \u003ctd bottomborder\u003d\"White\" h\u003d\"40\" leftborder\u003d\"White\" rightborder\u003d\"White\" topborder\u003d\"White\" w\u003d\"70\"\u003e \u003ctext xmlns\u003d\"http://ocr.crowdcomputingsystems.com/xml/schema-v1.xml\"\u003e \u003cpar align\u003d\"Right\" linespacing\u003d\"530\" rightindent\u003d\"1200\"\u003e \u003cline b\u003d\"429\" baseline\u003d\"428\" l\u003d\"494\" r\u003d\"527\" t\u003d\"421\"\u003e \u003cformatting lang\u003d\"EnglishUnitedStates\"\u003e $687.00 \u003c/formatting\u003e  \u003c/line\u003e  \u003c/par\u003e  \u003c/text\u003e  \u003c/td\u003e   \u003c/tr\u003e \n \u003ctr\u003e \u003ctd bottomborder\u003d\"White\" h\u003d\"38\" leftborder\u003d\"White\" rightborder\u003d\"White\" topborder\u003d\"White\" w\u003d\"294\"\u003e \u003ctext xmlns\u003d\"http://ocr.crowdcomputingsystems.com/xml/schema-v1.xml\"\u003e \u003cpar linespacing\u003d\"600\"\u003e \u003cline b\u003d\"445\" baseline\u003d\"443\" l\u003d\"45\" r\u003d\"252\" t\u003d\"435\"\u003e \u003cformatting lang\u003d\"EnglishUnitedStates\"\u003e Free Shipping with 30-day money-back guarantoc. \u003c/formatting\u003e  \u003c/line\u003e  \u003c/par\u003e  \u003c/text\u003e  \u003c/td\u003e   \u003ctd bottomborder\u003d\"White\" h\u003d\"38\" leftborder\u003d\"White\" rightborder\u003d\"White\" topborder\u003d\"White\" w\u003d\"80\"\u003e \u003ctext xmlns\u003d\"http://ocr.crowdcomputingsystems.com/xml/schema-v1.xml\"\u003e \u003cpar align\u003d\"Right\" linespacing\u003d\"450\" rightindent\u003d\"800\"\u003e \u003cline b\u003d\"445\" baseline\u003d\"444\" l\u003d\"361\" r\u003d\"406\" t\u003d\"438\"\u003e \u003cformatting lang\u003d\"EnglishUnitedStates\"\u003e TAX (13.0%) \u003c/formatting\u003e  \u003c/line\u003e  \u003c/par\u003e  \u003cpar align\u003d\"Center\" leftindent\u003d\"400\" linespacing\u003d\"450\"\u003e \u003cline b\u003d\"461\" baseline\u003d\"461\" l\u003d\"361\" r\u003d\"386\" t\u003d\"455\"\u003e \u003cformatting lang\u003d\"EnglishUnitedStates\"\u003e TOTAL \u003c/formatting\u003e  \u003c/line\u003e  \u003c/par\u003e  \u003c/text\u003e  \u003c/td\u003e   \u003ctd bottomborder\u003d\"White\" h\u003d\"38\" leftborder\u003d\"White\" rightborder\u003d\"White\" topborder\u003d\"White\" w\u003d\"56\"\u003e \u003ctext xmlns\u003d\"http://ocr.crowdcomputingsystems.com/xml/schema-v1.xml\"\u003e \u003cpar linespacing\u003d\"-1\"\u003e\u003c/par\u003e  \u003c/text\u003e  \u003c/td\u003e   \u003ctd bottomborder\u003d\"White\" h\u003d\"38\" leftborder\u003d\"White\" rightborder\u003d\"White\" topborder\u003d\"White\" w\u003d\"70\"\u003e \u003ctext xmlns\u003d\"http://ocr.crowdcomputingsystems.com/xml/schema-v1.xml\"\u003e \u003cpar align\u003d\"Right\" linespacing\u003d\"530\" rightindent\u003d\"1200\"\u003e \u003cline b\u003d\"445\" baseline\u003d\"444\" l\u003d\"499\" r\u003d\"526\" t\u003d\"437\"\u003e \u003cformatting lang\u003d\"EnglishUnitedStates\"\u003e S89.31 \u003c/formatting\u003e  \u003c/line\u003e  \u003c/par\u003e  \u003cpar align\u003d\"Right\" linespacing\u003d\"530\" rightindent\u003d\"1200\"\u003e \u003cline b\u003d\"461\" baseline\u003d\"461\" l\u003d\"494\" r\u003d\"526\" t\u003d\"454\"\u003e \u003cformatting lang\u003d\"EnglishUnitedStates\"\u003e $776.31 \u003c/formatting\u003e  \u003c/line\u003e  \u003c/par\u003e  \u003c/text\u003e  \u003c/td\u003e   \u003c/tr\u003e \n \u003c/tbody\u003e\u003c/table\u003e\n \u003cblock b\u003d\"550\" blockname\u003d\"\" blocktype\u003d\"Text\" l\u003d\"279\" r\u003d\"307\" style\u003d\"transform: translate(671px, 703px); position: absolute; width: 67.2957px; height: 41.9792px;\" t\u003d\"519\"\u003e \u003cregion\u003e \u003crect b\u003d\"550\" l\u003d\"279\" r\u003d\"307\" t\u003d\"519\"\u003e\u003c/rect\u003e  \u003c/region\u003e  \u003ctext\u003e \u003cpar align\u003d\"Justified\"\u003e \u003cline b\u003d\"547\" baseline\u003d\"547\" l\u003d\"280\" r\u003d\"304\" style\u003d\"transform: translate(2px, 0px); position: absolute;\" t\u003d\"519\"\u003e \u003cformatting lang\u003d\"EnglishUnitedStates\"\u003e \u0026amp; \u003c/formatting\u003e  \u003c/line\u003e  \u003c/par\u003e  \u003c/text\u003e  \u003c/block\u003e  \u003cblock b\u003d\"572\" blockname\u003d\"\" blocktype\u003d\"Text\" l\u003d\"224\" r\u003d\"362\" style\u003d\"transform: translate(538px, 756px); position: absolute; width: 331.672px; height: 18.9583px;\" t\u003d\"558\"\u003e \u003cregion\u003e \u003crect b\u003d\"572\" l\u003d\"224\" r\u003d\"362\" t\u003d\"558\"\u003e\u003c/rect\u003e  \u003c/region\u003e  \u003ctext\u003e \u003cpar linespacing\u003d\"530\"\u003e \u003cline b\u003d\"569\" baseline\u003d\"567\" l\u003d\"225\" r\u003d\"359\" style\u003d\"transform: translate(2px, 3px); position: absolute;\" t\u003d\"560\"\u003e \u003cformatting lang\u003d\"EnglishUnitedStates\"\u003e Invoice powered Dy Shopify POS \u003c/formatting\u003e  \u003c/line\u003e  \u003c/par\u003e  \u003c/text\u003e  \u003c/block\u003e  \u003cblock b\u003d\"611\" blockname\u003d\"\" blocktype\u003d\"SeparatorsBox\" class\u003d\"hidden\" l\u003d\"0\" r\u003d\"585\" style\u003d\"transform: translate(0px, 0px); position: absolute;\" t\u003d\"0\"\u003e \u003cregion\u003e \u003crect b\u003d\"1\" l\u003d\"0\" r\u003d\"585\" t\u003d\"0\"\u003e\u003c/rect\u003e  \u003crect b\u003d\"610\" l\u003d\"0\" r\u003d\"585\" t\u003d\"1\"\u003e\u003c/rect\u003e  \u003crect b\u003d\"611\" l\u003d\"0\" r\u003d\"585\" t\u003d\"610\"\u003e\u003c/rect\u003e  \u003c/region\u003e  \u003cseparatorsbox\u003e \u003cseparator thickness\u003d\"1\" type\u003d\"Black\"\u003e \u003cstart x\u003d\"0\" y\u003d\"0\"\u003e\u003c/start\u003e \u003cend x\u003d\"585\" y\u003d\"0\"\u003e\u003c/end\u003e \u003c/separator\u003e \u003cseparator thickness\u003d\"1\" type\u003d\"Black\"\u003e \u003cstart x\u003d\"0\" y\u003d\"610\"\u003e\u003c/start\u003e \u003cend x\u003d\"585\" y\u003d\"610\"\u003e\u003c/end\u003e \u003c/separator\u003e \u003cseparator thickness\u003d\"1\" type\u003d\"Black\"\u003e \u003cstart x\u003d\"0\" y\u003d\"0\"\u003e\u003c/start\u003e \u003cend x\u003d\"0\" y\u003d\"611\"\u003e\u003c/end\u003e \u003c/separator\u003e \u003cseparator thickness\u003d\"1\" type\u003d\"Black\"\u003e \u003cstart x\u003d\"584\" y\u003d\"0\"\u003e\u003c/start\u003e \u003cend x\u003d\"584\" y\u003d\"611\"\u003e\u003c/end\u003e \u003c/separator\u003e \u003c/separatorsbox\u003e \u003c/block\u003e  \u003cblock b\u003d\"315\" blockname\u003d\"\" blocktype\u003d\"Text\" class\u003d\"hidden\" l\u003d\"44\" r\u003d\"542\" style\u003d\"transform: translate(106px, 389px); position: absolute; width: 1196.9px; height: 37.9167px;\" t\u003d\"287\"\u003e \u003cregion\u003e \u003crect b\u003d\"315\" l\u003d\"44\" r\u003d\"542\" t\u003d\"287\"\u003e\u003c/rect\u003e  \u003c/region\u003e  \u003ctext\u003e \u003cpar align\u003d\"Justified\" leftindent\u003d\"900\" linespacing\u003d\"530\"\u003e \u003cline b\u003d\"306\" baseline\u003d\"303\" l\u003d\"56\" r\u003d\"527\" style\u003d\"transform: translate(29px, 12px); position: absolute;\" t\u003d\"296\"\u003e \u003cformatting lang\u003d\"EnglishUnitedStates\"\u003e Item Description Quantity Unit Cost Line Total \u003c/formatting\u003e  \u003c/line\u003e  \u003c/par\u003e  \u003c/text\u003e  \u003c/block\u003e  \u003cblock b\u003d\"469\" blockname\u003d\"\" blocktype\u003d\"Text\" class\u003d\"hidden\" l\u003d\"349\" r\u003d\"542\" style\u003d\"transform: translate(839px, 600px); position: absolute; width: 463.86px; height: 35.2083px;\" t\u003d\"443\"\u003e \u003cregion\u003e \u003crect b\u003d\"469\" l\u003d\"349\" r\u003d\"542\" t\u003d\"443\"\u003e\u003c/rect\u003e  \u003c/region\u003e  \u003ctext\u003e \u003cpar align\u003d\"Justified\" leftindent\u003d\"900\" linespacing\u003d\"530\"\u003e \u003cline b\u003d\"462\" baseline\u003d\"461\" l\u003d\"361\" r\u003d\"526\" style\u003d\"transform: translate(29px, 15px); position: absolute;\" t\u003d\"454\"\u003e \u003cformatting lang\u003d\"EnglishUnitedStates\"\u003e TOTAL $\u003ctotal_amount begin\u003d\"1322\" class\u003d\"extraction-tag ml-tag\" data-text\u003d\"776.31\" data-value\u003d\"776.31\" end\u003d\"1328\" ml-tagorder\u003d\"9\" score\u003d\"0.7884142768432632\" style\u003d\"border: 2px solid rgb(125, 157, 1);\" tagorder\u003d\"9\"\u003e776.31\u003c/total_amount\u003e \u003c/formatting\u003e  \u003c/line\u003e  \u003c/par\u003e  \u003c/text\u003e  \u003c/block\u003e  \u003c/page\u003e   \u003c/document\u003e\u003c/body\u003e\u003c/html\u003e","tags":[{"score":0.42514334635599954,"end":64,"tag":"supplier_name","text":"Skeie Hardware Store","estimatedAccuracy":0.0,"begin":44},{"score":0.7223249719619473,"end":350,"tag":"email","text":"customer@mycmail.com","estimatedAccuracy":0.0,"begin":330},{"score":0.5806949668160419,"end":464,"tag":"invoice_date","text":"January 13.2015","estimatedAccuracy":0.0,"begin":449},{"score":0.42285069617208304,"end":646,"tag":"product","text":"Card Reader For iPhone \u0026amp; iPad","estimatedAccuracy":0.0,"begin":617},{"score":0.8030740995249082,"end":659,"tag":"quantity","text":"2","estimatedAccuracy":0.0,"begin":658},{"score":0.5891680150580829,"end":677,"tag":"price","text":"$19.00","estimatedAccuracy":0.0,"begin":671},{"score":0.6832557461674947,"end":814,"tag":"product","text":"_ , . includes card readcr, receipt phnter. iPad     Complete Kit POS , .     stand, \u0026amp; cash drawer","estimatedAccuracy":0.0,"begin":716},{"score":0.8331276954783858,"end":827,"tag":"quantity","text":"1","estimatedAccuracy":0.0,"begin":826},{"score":0.8021126673683779,"end":846,"tag":"price","text":"$649.00","estimatedAccuracy":0.0,"begin":839},{"score":0.7884142768432632,"end":1328,"tag":"total_amount","text":"776.31","estimatedAccuracy":0.0,"begin":1322}],"group":"email|invoice_date|price|product|quantity|supplier_name|total_amount"}