{"finalScore":0.6054724373300833,"metaInfo":{"model":{"coreVersion":"9.3.0.9"}},"sumScore":1.2109448746601665,"tagsCounter":2.0,"taggedText":"\u003chtml\u003e\u003chead\u003e\u003cscript src\u003d\"https://ajax.googleapis.com/ajax/libs/jquery/2.2.0/jquery.min.js\"\u003e\u003c/script\u003e\u003c/head\u003e\u003cbody\u003e\u003cdocument languages\u003d\"\" producer\u003d\"Workfusion\" schemalocation\u003d\"http://ocr.crowdcomputingsystems.com/xml/schema-v1.xml\" version\u003d\"1.0\" xmlns\u003d\"http://ocr.crowdcomputingsystems.com/xml/schema-v1.xml\" xsi\u003d\"http://www.w3.org/2001/XMLSchema-instance\"\u003e \u003clink href\u003d\"https://s3.amazonaws.com/workfusion-resources/ocr/ocr-xml-viewer-0.3-scale-to-width.css\" rel\u003d\"stylesheet\" type\u003d\"text/css\"\u003e\u003c/link\u003e \u003cstyle\u003e\u003c/style\u003e\u003cpage data-pages\u003d\"1\" h\u003d\"1111\" resolution\u003d\"96\" style\u003d\"height: 1304px;\" w\u003d\"786\"\u003e \u003cblock b\u003d\"69\" blockname\u003d\"\" blocktype\u003d\"Text\" l\u003d\"75\" r\u003d\"267\" style\u003d\"transform: translate(72px, 26px); position: absolute; width: 184.427px; height: 67.7083px;\" t\u003d\"19\"\u003e \u003cregion\u003e \u003crect b\u003d\"49\" l\u003d\"118\" r\u003d\"267\" t\u003d\"19\"\u003e\u003c/rect\u003e  \u003crect b\u003d\"69\" l\u003d\"75\" r\u003d\"267\" t\u003d\"49\"\u003e\u003c/rect\u003e  \u003c/region\u003e  \u003ctext\u003e \u003cpar align\u003d\"Center\" linespacing\u003d\"1280\"\u003e \u003cline b\u003d\"39\" baseline\u003d\"39\" l\u003d\"159\" r\u003d\"188\" style\u003d\"transform: translate(81px, 4px); position: absolute;\" t\u003d\"22\"\u003e \u003cformatting lang\u003d\"EnglishUnitedStates\"\u003e 23213K \u003c/formatting\u003e  \u003c/line\u003e  \u003c/par\u003e  \u003cpar linespacing\u003d\"1280\"\u003e \u003cline b\u003d\"69\" baseline\u003d\"65\" l\u003d\"75\" r\u003d\"263\" style\u003d\"transform: translate(0px, 39px); position: absolute;\" t\u003d\"48\"\u003e \u003cformatting lang\u003d\"EnglishUnitedStates\"\u003eNeq1xa autocolor \u003c/formatting\u003e  \u003c/line\u003e  \u003c/par\u003e  \u003c/text\u003e  \u003c/block\u003e  \u003cblock b\u003d\"54\" blockname\u003d\"\" blocktype\u003d\"Text\" l\u003d\"302\" r\u003d\"545\" style\u003d\"transform: translate(290px, 30px); position: absolute; width: 233.416px; height: 43.3333px;\" t\u003d\"22\"\u003e \u003cregion\u003e \u003crect b\u003d\"54\" l\u003d\"302\" r\u003d\"545\" t\u003d\"22\"\u003e\u003c/rect\u003e  \u003c/region\u003e  \u003ctext\u003e \u003cpar linespacing\u003d\"1880\"\u003e \u003cline b\u003d\"52\" baseline\u003d\"52\" l\u003d\"305\" r\u003d\"540\" style\u003d\"transform: translate(3px, 7px); position: absolute;\" t\u003d\"27\"\u003e \u003cformatting lang\u003d\"EnglishUnitedStates\"\u003e CAR PAINTS \u003c/formatting\u003e  \u003c/line\u003e  \u003c/par\u003e  \u003c/text\u003e  \u003c/block\u003e  \u003cblock b\u003d\"21\" blockname\u003d\"\" blocktype\u003d\"Text\" l\u003d\"607\" r\u003d\"662\" style\u003d\"transform: translate(583px, 7px); position: absolute; width: 52.8308px; height: 21.6667px;\" t\u003d\"5\"\u003e \u003cregion\u003e \u003crect b\u003d\"21\" l\u003d\"607\" r\u003d\"662\" t\u003d\"5\"\u003e\u003c/rect\u003e  \u003c/region\u003e  \u003ctext\u003e \u003cpar leftindent\u003d\"23000\" linespacing\u003d\"680\"\u003e \u003cline b\u003d\"19\" baseline\u003d\"16\" l\u003d\"610\" r\u003d\"657\" style\u003d\"transform: translate(3px, 3px); position: absolute;\" t\u003d\"7\"\u003e \u003cformatting lang\u003d\"EnglishUnitedStates\"\u003e Original \u003c/formatting\u003e  \u003c/line\u003e  \u003c/par\u003e  \u003c/text\u003e  \u003c/block\u003e  \u003cblock b\u003d\"47\" blockname\u003d\"\" blocktype\u003d\"Text\" l\u003d\"582\" r\u003d\"669\" style\u003d\"transform: translate(559px, 47px); position: absolute; width: 83.5687px; height: 16.25px;\" t\u003d\"35\"\u003e \u003cregion\u003e \u003crect b\u003d\"47\" l\u003d\"582\" r\u003d\"669\" t\u003d\"35\"\u003e\u003c/rect\u003e  \u003c/region\u003e  \u003ctext\u003e \u003cpar linespacing\u003d\"680\"\u003e \u003cline b\u003d\"45\" baseline\u003d\"45\" l\u003d\"585\" r\u003d\"664\" style\u003d\"transform: translate(3px, 1px); position: absolute;\" t\u003d\"36\"\u003e \u003cformatting lang\u003d\"EnglishUnitedStates\"\u003e TAX INVOICE \u003c/formatting\u003e  \u003c/line\u003e  \u003c/par\u003e  \u003c/text\u003e  \u003c/block\u003e  \u003cblock b\u003d\"97\" blockname\u003d\"\" blocktype\u003d\"Text\" l\u003d\"300\" r\u003d\"751\" style\u003d\"transform: translate(288px, 88px); position: absolute; width: 433.212px; height: 43.3333px;\" t\u003d\"65\"\u003e \u003cregion\u003e \u003crect b\u003d\"97\" l\u003d\"300\" r\u003d\"751\" t\u003d\"65\"\u003e\u003c/rect\u003e  \u003c/region\u003e  \u003ctext\u003e \u003cpar linespacing\u003d\"1350\"\u003e \u003cline b\u003d\"77\" baseline\u003d\"75\" l\u003d\"304\" r\u003d\"718\" style\u003d\"transform: translate(4px, 1px); position: absolute;\" t\u003d\"66\"\u003e \u003cformatting lang\u003d\"EnglishUnitedStates\"\u003e Dealers in: 23213K COLOR, PPG BILUX, DEBEER. SUNSHINE PAINTS \u003c/formatting\u003e  \u003c/line\u003e  \u003cline b\u003d\"95\" baseline\u003d\"93\" l\u003d\"303\" r\u003d\"749\" style\u003d\"transform: translate(3px, 26px); position: absolute;\" t\u003d\"84\"\u003e \u003cformatting lang\u003d\"EnglishUnitedStates\"\u003e ESDEE PAINTS, 3M,SHEENLAC, WAXPOL. BLIT DEEP \u0026amp; N.C.THINNERS ETC. \u003c/formatting\u003e  \u003c/line\u003e  \u003c/par\u003e  \u003c/text\u003e  \u003c/block\u003e  \u003cblock b\u003d\"116\" blockname\u003d\"\" blocktype\u003d\"Text\" l\u003d\"50\" r\u003d\"667\" style\u003d\"transform: translate(48px, 135px); position: absolute; width: 592.665px; height: 21.6667px;\" t\u003d\"100\"\u003e \u003cregion\u003e \u003crect b\u003d\"116\" l\u003d\"50\" r\u003d\"667\" t\u003d\"100\"\u003e\u003c/rect\u003e  \u003c/region\u003e  \u003ctext\u003e \u003cpar linespacing\u003d\"680\"\u003e \u003cline b\u003d\"114\" baseline\u003d\"111\" l\u003d\"53\" r\u003d\"662\" style\u003d\"transform: translate(3px, 3px); position: absolute;\" t\u003d\"102\"\u003e \u003cformatting lang\u003d\"EnglishUnitedStates\"\u003e NAGARWADAMAIN ROAD. OPP.KAS AMHALA ^AS JTD. VADODARA-1 PH.(0265)2420070 M.9825513154 \u003c/formatting\u003e  \u003c/line\u003e  \u003c/par\u003e  \u003c/text\u003e  \u003c/block\u003e  \u003cblock b\u003d\"171\" blockname\u003d\"\" blocktype\u003d\"Text\" l\u003d\"52\" r\u003d\"233\" style\u003d\"transform: translate(50px, 191px); position: absolute; width: 173.861px; height: 40.625px;\" t\u003d\"141\"\u003e \u003cregion\u003e \u003crect b\u003d\"171\" l\u003d\"52\" r\u003d\"233\" t\u003d\"141\"\u003e\u003c/rect\u003e  \u003c/region\u003e  \u003ctext\u003e \u003cpar linespacing\u003d\"750\"\u003e \u003cline b\u003d\"152\" baseline\u003d\"152\" l\u003d\"56\" r\u003d\"197\" style\u003d\"transform: translate(4px, 1px); position: absolute;\" t\u003d\"142\"\u003e \u003cformatting lang\u003d\"EnglishUnitedStates\"\u003e To, JKSIW MOTORS \u003c/formatting\u003e  \u003c/line\u003e  \u003c/par\u003e  \u003cpar align\u003d\"Right\" linespacing\u003d\"750\"\u003e \u003cline b\u003d\"170\" baseline\u003d\"170\" l\u003d\"87\" r\u003d\"228\" style\u003d\"transform: translate(34px, 26px); position: absolute;\" t\u003d\"160\"\u003e \u003cformatting lang\u003d\"EnglishUnitedStates\"\u003e AMTT NAGAR BARODA \u003c/formatting\u003e  \u003c/line\u003e  \u003c/par\u003e  \u003c/text\u003e  \u003c/block\u003e  \u003cblock b\u003d\"234\" blockname\u003d\"\" blocktype\u003d\"Text\" l\u003d\"52\" r\u003d\"166\" style\u003d\"transform: translate(50px, 301px); position: absolute; width: 109.504px; height: 16.25px;\" t\u003d\"222\"\u003e \u003cregion\u003e \u003crect b\u003d\"234\" l\u003d\"52\" r\u003d\"166\" t\u003d\"222\"\u003e\u003c/rect\u003e  \u003c/region\u003e  \u003ctext\u003e \u003cpar align\u003d\"Justified\" linespacing\u003d\"680\"\u003e \u003cline b\u003d\"232\" baseline\u003d\"232\" l\u003d\"55\" r\u003d\"161\" style\u003d\"transform: translate(3px, 1px); position: absolute;\" t\u003d\"223\"\u003e \u003cformatting lang\u003d\"EnglishUnitedStates\"\u003e G.S.T.N0. 24190 \u003c/formatting\u003e  \u003c/line\u003e  \u003c/par\u003e  \u003c/text\u003e  \u003c/block\u003e  \u003cblock b\u003d\"234\" blockname\u003d\"\" blocktype\u003d\"Text\" l\u003d\"275\" r\u003d\"338\" style\u003d\"transform: translate(264px, 301px); position: absolute; width: 60.5153px; height: 16.25px;\" t\u003d\"222\"\u003e \u003cregion\u003e \u003crect b\u003d\"234\" l\u003d\"275\" r\u003d\"338\" t\u003d\"222\"\u003e\u003c/rect\u003e  \u003c/region\u003e  \u003ctext\u003e \u003cpar linespacing\u003d\"680\"\u003e \u003cline b\u003d\"232\" baseline\u003d\"232\" l\u003d\"279\" r\u003d\"333\" style\u003d\"transform: translate(4px, 1px); position: absolute;\" t\u003d\"223\"\u003e \u003cformatting lang\u003d\"EnglishUnitedStates\"\u003e Phone No. \u003c/formatting\u003e  \u003c/line\u003e  \u003c/par\u003e  \u003c/text\u003e  \u003c/block\u003e  \u003cblock b\u003d\"227\" blockname\u003d\"\" blocktype\u003d\"Text\" l\u003d\"424\" r\u003d\"555\" style\u003d\"transform: translate(407px, 192px); position: absolute; width: 125.833px; height: 115.104px;\" t\u003d\"142\"\u003e \u003cregion\u003e \u003crect b\u003d\"227\" l\u003d\"424\" r\u003d\"555\" t\u003d\"142\"\u003e\u003c/rect\u003e  \u003c/region\u003e  \u003ctext\u003e \u003cpar align\u003d\"Justified\" linespacing\u003d\"1875\"\u003e \u003cline b\u003d\"152\" baseline\u003d\"152\" l\u003d\"426\" r\u003d\"516\" style\u003d\"transform: translate(2px, 1px); position: absolute;\" t\u003d\"143\"\u003e \u003cformatting lang\u003d\"EnglishUnitedStates\"\u003e Invoice \u003cinvoice_number begin\u003d\"554\" class\u003d\"extraction-tag ml-tag\" data-text\u003d\"T3\" data-value\u003d\"T3\" end\u003d\"556\" ml-tagorder\u003d\"0\" score\u003d\"0.6181134851319554\" style\u003d\"border: 2px solid rgb(125, 157, 1);\" tagorder\u003d\"0\"\u003eT3\u003c/invoice_number\u003e \u003c/formatting\u003e  \u003c/line\u003e  \u003c/par\u003e  \u003cpar align\u003d\"Justified\" linespacing\u003d\"1875\"\u003e \u003cline b\u003d\"178\" baseline\u003d\"177\" l\u003d\"426\" r\u003d\"550\" style\u003d\"transform: translate(2px, 34px); position: absolute;\" t\u003d\"167\"\u003e \u003cformatting lang\u003d\"EnglishUnitedStates\"\u003e Date \u003cinvoice_date begin\u003d\"571\" class\u003d\"extraction-tag ml-tag\" data-text\u003d\"06/12/12\" data-value\u003d\"06/12/12\" end\u003d\"579\" ml-tagorder\u003d\"1\" score\u003d\"0.5928313895282111\" style\u003d\"border: 2px solid rgb(125, 157, 1);\" tagorder\u003d\"1\"\u003e06/12/12\u003c/invoice_date\u003e \u003c/formatting\u003e  \u003c/line\u003e  \u003c/par\u003e  \u003cpar linespacing\u003d\"1500\"\u003e \u003cline b\u003d\"203\" baseline\u003d\"203\" l\u003d\"427\" r\u003d\"538\" style\u003d\"transform: translate(3px, 72px); position: absolute;\" t\u003d\"195\"\u003e \u003cformatting lang\u003d\"EnglishUnitedStates\"\u003e Challan no. and dale \u003c/formatting\u003e  \u003c/line\u003e  \u003cline b\u003d\"225\" baseline\u003d\"223\" l\u003d\"427\" r\u003d\"506\" style\u003d\"transform: translate(3px, 99px); position: absolute;\" t\u003d\"215\"\u003e \u003cformatting lang\u003d\"EnglishUnitedStates\"\u003e Payment Terms \u003c/formatting\u003e  \u003c/line\u003e  \u003c/par\u003e  \u003c/text\u003e  \u003c/block\u003e  \u003cblock b\u003d\"257\" blockname\u003d\"\" blocktype\u003d\"Text\" l\u003d\"54\" r\u003d\"165\" style\u003d\"transform: translate(52px, 332px); position: absolute; width: 106.622px; height: 16.25px;\" t\u003d\"245\"\u003e \u003cregion\u003e \u003crect b\u003d\"257\" l\u003d\"54\" r\u003d\"165\" t\u003d\"245\"\u003e\u003c/rect\u003e  \u003c/region\u003e  \u003ctext\u003e \u003cpar linespacing\u003d\"680\"\u003e \u003cline b\u003d\"255\" baseline\u003d\"255\" l\u003d\"55\" r\u003d\"161\" style\u003d\"transform: translate(1px, 1px); position: absolute;\" t\u003d\"246\"\u003e \u003cformatting lang\u003d\"EnglishUnitedStates\"\u003e SR PARTICULARS \u003c/formatting\u003e  \u003c/line\u003e  \u003c/par\u003e  \u003c/text\u003e  \u003c/block\u003e  \u003cblock b\u003d\"273\" blockname\u003d\"\" blocktype\u003d\"Text\" l\u003d\"361\" r\u003d\"404\" style\u003d\"transform: translate(347px, 332px); position: absolute; width: 41.3041px; height: 37.9167px;\" t\u003d\"245\"\u003e \u003cregion\u003e \u003crect b\u003d\"273\" l\u003d\"361\" r\u003d\"404\" t\u003d\"245\"\u003e\u003c/rect\u003e  \u003c/region\u003e  \u003ctext\u003e \u003cpar linespacing\u003d\"680\"\u003e \u003cline b\u003d\"258\" baseline\u003d\"255\" l\u003d\"364\" r\u003d\"401\" style\u003d\"transform: translate(3px, 1px); position: absolute;\" t\u003d\"246\"\u003e \u003cformatting lang\u003d\"EnglishUnitedStates\"\u003e QTV\u0026amp; \u003c/formatting\u003e  \u003c/line\u003e  \u003c/par\u003e  \u003cpar linespacing\u003d\"750\"\u003e \u003cline b\u003d\"272\" baseline\u003d\"272\" l\u003d\"365\" r\u003d\"402\" style\u003d\"transform: translate(4px, 23px); position: absolute;\" t\u003d\"262\"\u003e \u003cformatting lang\u003d\"EnglishUnitedStates\"\u003e UNITS \u003c/formatting\u003e  \u003c/line\u003e  \u003c/par\u003e  \u003c/text\u003e  \u003c/block\u003e  \u003cblock b\u003d\"257\" blockname\u003d\"\" blocktype\u003d\"Text\" l\u003d\"409\" r\u003d\"468\" style\u003d\"transform: translate(393px, 332px); position: absolute; width: 56.673px; height: 16.25px;\" t\u003d\"245\"\u003e \u003cregion\u003e \u003crect b\u003d\"257\" l\u003d\"409\" r\u003d\"468\" t\u003d\"245\"\u003e\u003c/rect\u003e  \u003c/region\u003e  \u003ctext\u003e \u003cpar linespacing\u003d\"680\"\u003e \u003cline b\u003d\"255\" baseline\u003d\"255\" l\u003d\"412\" r\u003d\"463\" style\u003d\"transform: translate(3px, 1px); position: absolute;\" t\u003d\"246\"\u003e \u003cformatting lang\u003d\"EnglishUnitedStates\"\u003e RATE RS. \u003c/formatting\u003e  \u003c/line\u003e  \u003c/par\u003e  \u003c/text\u003e  \u003c/block\u003e  \u003cblock b\u003d\"273\" blockname\u003d\"\" blocktype\u003d\"Text\" l\u003d\"481\" r\u003d\"509\" style\u003d\"transform: translate(462px, 332px); position: absolute; width: 26.8957px; height: 37.9167px;\" t\u003d\"245\"\u003e \u003cregion\u003e \u003crect b\u003d\"273\" l\u003d\"481\" r\u003d\"509\" t\u003d\"245\"\u003e\u003c/rect\u003e  \u003c/region\u003e  \u003ctext\u003e \u003cpar linespacing\u003d\"680\"\u003e \u003cline b\u003d\"255\" baseline\u003d\"255\" l\u003d\"487\" r\u003d\"507\" style\u003d\"transform: translate(6px, 1px); position: absolute;\" t\u003d\"246\"\u003e \u003cformatting lang\u003d\"EnglishUnitedStates\"\u003e DIS \u003c/formatting\u003e  \u003c/line\u003e  \u003c/par\u003e  \u003cpar linespacing\u003d\"680\"\u003e \u003cline b\u003d\"271\" baseline\u003d\"271\" l\u003d\"485\" r\u003d\"507\" style\u003d\"transform: translate(4px, 23px); position: absolute;\" t\u003d\"262\"\u003e \u003cformatting lang\u003d\"EnglishUnitedStates\"\u003e CM \u003c/formatting\u003e  \u003c/line\u003e  \u003c/par\u003e  \u003c/text\u003e  \u003c/block\u003e  \u003cblock b\u003d\"273\" blockname\u003d\"\" blocktype\u003d\"Text\" l\u003d\"518\" r\u003d\"577\" style\u003d\"transform: translate(498px, 332px); position: absolute; width: 56.673px; height: 37.9167px;\" t\u003d\"245\"\u003e \u003cregion\u003e \u003crect b\u003d\"273\" l\u003d\"518\" r\u003d\"577\" t\u003d\"245\"\u003e\u003c/rect\u003e  \u003c/region\u003e  \u003ctext\u003e \u003cpar align\u003d\"Right\" linespacing\u003d\"680\"\u003e \u003cline b\u003d\"256\" baseline\u003d\"255\" l\u003d\"521\" r\u003d\"575\" style\u003d\"transform: translate(3px, 1px); position: absolute;\" t\u003d\"246\"\u003e \u003cformatting lang\u003d\"EnglishUnitedStates\"\u003e AMOUNT \u003c/formatting\u003e  \u003c/line\u003e  \u003c/par\u003e  \u003cpar align\u003d\"Right\" linespacing\u003d\"680\"\u003e \u003cline b\u003d\"271\" baseline\u003d\"271\" l\u003d\"557\" r\u003d\"575\" style\u003d\"transform: translate(37px, 23px); position: absolute;\" t\u003d\"262\"\u003e \u003cformatting lang\u003d\"EnglishUnitedStates\"\u003e RS. \u003c/formatting\u003e  \u003c/line\u003e  \u003c/par\u003e  \u003c/text\u003e  \u003c/block\u003e  \u003cblock b\u003d\"273\" blockname\u003d\"\" blocktype\u003d\"Text\" l\u003d\"594\" r\u003d\"620\" style\u003d\"transform: translate(571px, 332px); position: absolute; width: 24.9746px; height: 37.9167px;\" t\u003d\"245\"\u003e \u003cregion\u003e \u003crect b\u003d\"273\" l\u003d\"594\" r\u003d\"620\" t\u003d\"245\"\u003e\u003c/rect\u003e  \u003c/region\u003e  \u003ctext\u003e \u003cpar linespacing\u003d\"680\"\u003e \u003cline b\u003d\"255\" baseline\u003d\"255\" l\u003d\"597\" r\u003d\"618\" style\u003d\"transform: translate(3px, 1px); position: absolute;\" t\u003d\"246\"\u003e \u003cformatting lang\u003d\"EnglishUnitedStates\"\u003e V\\T \u003c/formatting\u003e  \u003c/line\u003e  \u003c/par\u003e  \u003cpar leftindent\u003d\"1100\" linespacing\u003d\"680\"\u003e \u003cline b\u003d\"271\" baseline\u003d\"271\" l\u003d\"608\" r\u003d\"618\" style\u003d\"transform: translate(13px, 23px); position: absolute;\" t\u003d\"262\"\u003e \u003cformatting lang\u003d\"EnglishUnitedStates\"\u003e % \u003c/formatting\u003e  \u003c/line\u003e  \u003c/par\u003e  \u003c/text\u003e  \u003c/block\u003e  \u003cblock b\u003d\"273\" blockname\u003d\"\" blocktype\u003d\"Text\" l\u003d\"641\" r\u003d\"675\" style\u003d\"transform: translate(616px, 332px); position: absolute; width: 32.659px; height: 37.9167px;\" t\u003d\"245\"\u003e \u003cregion\u003e \u003crect b\u003d\"273\" l\u003d\"641\" r\u003d\"675\" t\u003d\"245\"\u003e\u003c/rect\u003e  \u003c/region\u003e  \u003ctext\u003e \u003cpar leftindent\u003d\"800\" linespacing\u003d\"680\"\u003e \u003cline b\u003d\"255\" baseline\u003d\"255\" l\u003d\"652\" r\u003d\"673\" style\u003d\"transform: translate(11px, 1px); position: absolute;\" t\u003d\"246\"\u003e \u003cformatting lang\u003d\"EnglishUnitedStates\"\u003e YAT \u003c/formatting\u003e  \u003c/line\u003e  \u003c/par\u003e  \u003cpar linespacing\u003d\"680\"\u003e \u003cline b\u003d\"271\" baseline\u003d\"271\" l\u003d\"644\" r\u003d\"673\" style\u003d\"transform: translate(3px, 23px); position: absolute;\" t\u003d\"262\"\u003e \u003cformatting lang\u003d\"EnglishUnitedStates\"\u003e AMT. \u003c/formatting\u003e  \u003c/line\u003e  \u003c/par\u003e  \u003c/text\u003e  \u003c/block\u003e  \u003cblock b\u003d\"273\" blockname\u003d\"\" blocktype\u003d\"Text\" l\u003d\"681\" r\u003d\"724\" style\u003d\"transform: translate(654px, 332px); position: absolute; width: 41.3041px; height: 37.9167px;\" t\u003d\"245\"\u003e \u003cregion\u003e \u003crect b\u003d\"273\" l\u003d\"681\" r\u003d\"724\" t\u003d\"245\"\u003e\u003c/rect\u003e  \u003c/region\u003e  \u003ctext\u003e \u003cpar align\u003d\"Justified\" linespacing\u003d\"1200\" rightindent\u003d\"1100\"\u003e \u003cline b\u003d\"255\" baseline\u003d\"255\" l\u003d\"683\" r\u003d\"710\" style\u003d\"transform: translate(2px, 1px); position: absolute;\" t\u003d\"246\"\u003e \u003cformatting lang\u003d\"EnglishUnitedStates\"\u003e Addi. \u003c/formatting\u003e  \u003c/line\u003e  \u003cline b\u003d\"271\" baseline\u003d\"271\" l\u003d\"683\" r\u003d\"719\" style\u003d\"transform: translate(2px, 23px); position: absolute;\" t\u003d\"262\"\u003e \u003cformatting lang\u003d\"EnglishUnitedStates\"\u003e Vat Rs. \u003c/formatting\u003e  \u003c/line\u003e  \u003c/par\u003e  \u003c/text\u003e  \u003c/block\u003e  \u003cblock b\u003d\"295\" blockname\u003d\"\" blocktype\u003d\"Text\" l\u003d\"77\" r\u003d\"213\" style\u003d\"transform: translate(74px, 383px); position: absolute; width: 130.636px; height: 16.25px;\" t\u003d\"283\"\u003e \u003cregion\u003e \u003crect b\u003d\"295\" l\u003d\"77\" r\u003d\"213\" t\u003d\"283\"\u003e\u003c/rect\u003e  \u003c/region\u003e  \u003ctext\u003e \u003cpar linespacing\u003d\"680\"\u003e \u003cline b\u003d\"293\" baseline\u003d\"293\" l\u003d\"80\" r\u003d\"208\" style\u003d\"transform: translate(3px, 1px); position: absolute;\" t\u003d\"284\"\u003eDEBEER SILKY SILVER\u003c/line\u003e  \u003c/par\u003e  \u003c/text\u003e  \u003c/block\u003e  \u003cblock b\u003d\"295\" blockname\u003d\"\" blocktype\u003d\"Text\" l\u003d\"357\" r\u003d\"404\" style\u003d\"transform: translate(343px, 383px); position: absolute; width: 45.1463px; height: 16.25px;\" t\u003d\"283\"\u003e \u003cregion\u003e \u003crect b\u003d\"295\" l\u003d\"357\" r\u003d\"404\" t\u003d\"283\"\u003e\u003c/rect\u003e  \u003c/region\u003e  \u003ctext\u003e \u003cpar linespacing\u003d\"680\"\u003e \u003cline b\u003d\"293\" baseline\u003d\"293\" l\u003d\"360\" r\u003d\"401\" style\u003d\"transform: translate(3px, 1px); position: absolute;\" t\u003d\"284\"\u003e1 LITRE\u003c/line\u003e  \u003c/par\u003e  \u003c/text\u003e  \u003c/block\u003e  \u003cblock b\u003d\"297\" blockname\u003d\"\" blocktype\u003d\"Text\" l\u003d\"424\" r\u003d\"471\" style\u003d\"transform: translate(407px, 383px); position: absolute; width: 45.1463px; height: 18.9583px;\" t\u003d\"283\"\u003e \u003cregion\u003e \u003crect b\u003d\"297\" l\u003d\"424\" r\u003d\"471\" t\u003d\"283\"\u003e\u003c/rect\u003e  \u003c/region\u003e  \u003ctext\u003e \u003cpar linespacing\u003d\"680\"\u003e \u003cline b\u003d\"295\" baseline\u003d\"293\" l\u003d\"427\" r\u003d\"469\" style\u003d\"transform: translate(3px, 1px); position: absolute;\" t\u003d\"284\"\u003e3,913.04\u003c/line\u003e  \u003c/par\u003e  \u003c/text\u003e  \u003c/block\u003e  \u003cblock b\u003d\"369\" blockname\u003d\"\" blocktype\u003d\"Text\" l\u003d\"252\" r\u003d\"332\" style\u003d\"transform: translate(242px, 418px); position: absolute; width: 76.8448px; height: 81.25px;\" t\u003d\"309\"\u003e \u003cregion\u003e \u003crect b\u003d\"369\" l\u003d\"252\" r\u003d\"332\" t\u003d\"309\"\u003e\u003c/rect\u003e  \u003c/region\u003e  \u003ctext\u003e \u003cpar align\u003d\"Right\" linespacing\u003d\"1200\"\u003e \u003cline b\u003d\"321\" baseline\u003d\"319\" l\u003d\"290\" r\u003d\"329\" style\u003d\"transform: translate(37px, 1px); position: absolute;\" t\u003d\"310\"\u003e \u003cformatting lang\u003d\"EnglishUnitedStates\"\u003e VAT [S] \u003c/formatting\u003e  \u003c/line\u003e  \u003cline b\u003d\"337\" baseline\u003d\"335\" l\u003d\"255\" r\u003d\"329\" style\u003d\"transform: translate(3px, 23px); position: absolute;\" t\u003d\"326\"\u003e \u003cformatting lang\u003d\"EnglishUnitedStates\"\u003e .ADDI.TAX [S] \u003c/formatting\u003e  \u003c/line\u003e  \u003c/par\u003e  \u003cpar align\u003d\"Right\" linespacing\u003d\"680\"\u003e \u003cline b\u003d\"367\" baseline\u003d\"367\" l\u003d\"276\" r\u003d\"330\" style\u003d\"transform: translate(23px, 66px); position: absolute;\" t\u003d\"358\"\u003e \u003cformatting lang\u003d\"EnglishUnitedStates\"\u003e Grand total \u003c/formatting\u003e  \u003c/line\u003e  \u003c/par\u003e  \u003c/text\u003e  \u003c/block\u003e  \u003cblock b\u003d\"337\" blockname\u003d\"\" blocktype\u003d\"Text\" l\u003d\"530\" r\u003d\"577\" style\u003d\"transform: translate(509px, 383px); position: absolute; width: 45.1463px; height: 73.125px;\" t\u003d\"283\"\u003e \u003cregion\u003e \u003crect b\u003d\"337\" l\u003d\"530\" r\u003d\"577\" t\u003d\"283\"\u003e\u003c/rect\u003e  \u003c/region\u003e  \u003ctext\u003e \u003cpar align\u003d\"Right\" linespacing\u003d\"680\"\u003e \u003cline b\u003d\"295\" baseline\u003d\"293\" l\u003d\"533\" r\u003d\"575\" style\u003d\"transform: translate(3px, 1px); position: absolute;\" t\u003d\"284\"\u003e \u003cformatting lang\u003d\"EnglishUnitedStates\"\u003e 3,913.04 \u003c/formatting\u003e  \u003c/line\u003e  \u003c/par\u003e  \u003cpar align\u003d\"Right\" linespacing\u003d\"680\"\u003e \u003cline b\u003d\"319\" baseline\u003d\"319\" l\u003d\"543\" r\u003d\"575\" style\u003d\"transform: translate(12px, 37px); position: absolute;\" t\u003d\"310\"\u003e \u003cformatting lang\u003d\"EnglishUnitedStates\"\u003e 489.13 \u003c/formatting\u003e  \u003c/line\u003e  \u003c/par\u003e  \u003cpar align\u003d\"Right\" linespacing\u003d\"680\"\u003e \u003cline b\u003d\"335\" baseline\u003d\"335\" l\u003d\"549\" r\u003d\"575\" style\u003d\"transform: translate(18px, 58px); position: absolute;\" t\u003d\"326\"\u003e \u003cformatting lang\u003d\"EnglishUnitedStates\"\u003e 97.83 \u003c/formatting\u003e  \u003c/line\u003e  \u003c/par\u003e  \u003c/text\u003e  \u003c/block\u003e  \u003cblock b\u003d\"295\" blockname\u003d\"\" blocktype\u003d\"Text\" l\u003d\"588\" r\u003d\"620\" style\u003d\"transform: translate(565px, 383px); position: absolute; width: 30.7379px; height: 16.25px;\" t\u003d\"283\"\u003e \u003cregion\u003e \u003crect b\u003d\"295\" l\u003d\"588\" r\u003d\"620\" t\u003d\"283\"\u003e\u003c/rect\u003e  \u003c/region\u003e  \u003ctext\u003e \u003cpar linespacing\u003d\"680\"\u003e \u003cline b\u003d\"293\" baseline\u003d\"293\" l\u003d\"592\" r\u003d\"618\" style\u003d\"transform: translate(4px, 1px); position: absolute;\" t\u003d\"284\"\u003e \u003cformatting lang\u003d\"EnglishUnitedStates\"\u003e 12.50 \u003c/formatting\u003e  \u003c/line\u003e  \u003c/par\u003e  \u003c/text\u003e  \u003c/block\u003e  \u003cblock b\u003d\"295\" blockname\u003d\"\" blocktype\u003d\"Text\" l\u003d\"637\" r\u003d\"675\" style\u003d\"transform: translate(612px, 383px); position: absolute; width: 36.5013px; height: 16.25px;\" t\u003d\"283\"\u003e \u003cregion\u003e \u003crect b\u003d\"295\" l\u003d\"637\" r\u003d\"675\" t\u003d\"283\"\u003e\u003c/rect\u003e  \u003c/region\u003e  \u003ctext\u003e \u003cpar linespacing\u003d\"680\"\u003e \u003cline b\u003d\"293\" baseline\u003d\"293\" l\u003d\"641\" r\u003d\"673\" style\u003d\"transform: translate(4px, 1px); position: absolute;\" t\u003d\"284\"\u003e \u003cformatting lang\u003d\"EnglishUnitedStates\"\u003e 489.13 \u003c/formatting\u003e  \u003c/line\u003e  \u003c/par\u003e  \u003c/text\u003e  \u003c/block\u003e  \u003cblock b\u003d\"295\" blockname\u003d\"\" blocktype\u003d\"Text\" l\u003d\"699\" r\u003d\"731\" style\u003d\"transform: translate(671px, 383px); position: absolute; width: 30.7379px; height: 16.25px;\" t\u003d\"283\"\u003e \u003cregion\u003e \u003crect b\u003d\"295\" l\u003d\"699\" r\u003d\"731\" t\u003d\"283\"\u003e\u003c/rect\u003e  \u003c/region\u003e  \u003ctext\u003e \u003cpar linespacing\u003d\"680\"\u003e \u003cline b\u003d\"293\" baseline\u003d\"293\" l\u003d\"703\" r\u003d\"729\" style\u003d\"transform: translate(4px, 1px); position: absolute;\" t\u003d\"284\"\u003e \u003cformatting lang\u003d\"EnglishUnitedStates\"\u003e 97.83 \u003c/formatting\u003e  \u003c/line\u003e  \u003c/par\u003e  \u003c/text\u003e  \u003c/block\u003e  \u003cblock b\u003d\"371\" blockname\u003d\"\" blocktype\u003d\"Text\" l\u003d\"530\" r\u003d\"577\" style\u003d\"transform: translate(509px, 483px); position: absolute; width: 45.1463px; height: 18.9583px;\" t\u003d\"357\"\u003e \u003cregion\u003e \u003crect b\u003d\"371\" l\u003d\"530\" r\u003d\"577\" t\u003d\"357\"\u003e\u003c/rect\u003e  \u003c/region\u003e  \u003ctext\u003e \u003cpar linespacing\u003d\"680\"\u003e \u003cline b\u003d\"368\" baseline\u003d\"367\" l\u003d\"533\" r\u003d\"575\" style\u003d\"transform: translate(3px, 1px); position: absolute;\" t\u003d\"358\"\u003e \u003cformatting lang\u003d\"EnglishUnitedStates\"\u003e 4.500.00 \u003c/formatting\u003e  \u003c/line\u003e  \u003c/par\u003e  \u003c/text\u003e  \u003c/block\u003e  \u003cblock b\u003d\"806\" blockname\u003d\"\" blocktype\u003d\"Text\" l\u003d\"78\" r\u003d\"124\" style\u003d\"transform: translate(75px, 1059px); position: absolute; width: 44.1858px; height: 32.5px;\" t\u003d\"782\"\u003e \u003cregion\u003e \u003crect b\u003d\"806\" l\u003d\"78\" r\u003d\"124\" t\u003d\"782\"\u003e\u003c/rect\u003e  \u003c/region\u003e  \u003ctext\u003e \u003cpar linespacing\u003d\"600\"\u003e \u003cline b\u003d\"791\" baseline\u003d\"791\" l\u003d\"80\" r\u003d\"119\" style\u003d\"transform: translate(2px, 1px); position: absolute;\" t\u003d\"783\"\u003e \u003cformatting lang\u003d\"EnglishUnitedStates\"\u003e Taxable \u003c/formatting\u003e  \u003c/line\u003e  \u003c/par\u003e  \u003cpar linespacing\u003d\"600\"\u003e \u003cline b\u003d\"804\" baseline\u003d\"804\" l\u003d\"80\" r\u003d\"119\" style\u003d\"transform: translate(2px, 19px); position: absolute;\" t\u003d\"796\"\u003e \u003cformatting lang\u003d\"EnglishUnitedStates\"\u003e 3913.04 \u003c/formatting\u003e  \u003c/line\u003e  \u003c/par\u003e  \u003c/text\u003e  \u003c/block\u003e  \u003cblock b\u003d\"806\" blockname\u003d\"\" blocktype\u003d\"Text\" l\u003d\"133\" r\u003d\"171\" style\u003d\"transform: translate(128px, 1059px); position: absolute; width: 36.5013px; height: 32.5px;\" t\u003d\"782\"\u003e \u003cregion\u003e \u003crect b\u003d\"806\" l\u003d\"133\" r\u003d\"171\" t\u003d\"782\"\u003e\u003c/rect\u003e  \u003c/region\u003e  \u003ctext\u003e \u003cpar align\u003d\"Justified\" linespacing\u003d\"975\"\u003e \u003cline b\u003d\"791\" baseline\u003d\"791\" l\u003d\"136\" r\u003d\"166\" style\u003d\"transform: translate(3px, 1px); position: absolute;\" t\u003d\"783\"\u003e \u003cformatting lang\u003d\"EnglishUnitedStates\"\u003e Vat % \u003c/formatting\u003e  \u003c/line\u003e  \u003cline b\u003d\"804\" baseline\u003d\"804\" l\u003d\"140\" r\u003d\"166\" style\u003d\"transform: translate(7px, 19px); position: absolute;\" t\u003d\"796\"\u003e \u003cformatting lang\u003d\"EnglishUnitedStates\"\u003e 12.50 \u003c/formatting\u003e  \u003c/line\u003e  \u003c/par\u003e  \u003c/text\u003e  \u003c/block\u003e  \u003cblock b\u003d\"806\" blockname\u003d\"\" blocktype\u003d\"Text\" l\u003d\"214\" r\u003d\"326\" style\u003d\"transform: translate(206px, 1059px); position: absolute; width: 107.583px; height: 32.5px;\" t\u003d\"782\"\u003e \u003cregion\u003e \u003crect b\u003d\"806\" l\u003d\"214\" r\u003d\"326\" t\u003d\"782\"\u003e\u003c/rect\u003e  \u003c/region\u003e  \u003ctext\u003e \u003cpar align\u003d\"Justified\" linespacing\u003d\"975\"\u003e \u003cline b\u003d\"791\" baseline\u003d\"791\" l\u003d\"217\" r\u003d\"321\" style\u003d\"transform: translate(3px, 1px); position: absolute;\" t\u003d\"783\"\u003e \u003cformatting lang\u003d\"EnglishUnitedStates\"\u003e VatRs. Addi.tax Rs. \u003c/formatting\u003e  \u003c/line\u003e  \u003cline b\u003d\"804\" baseline\u003d\"804\" l\u003d\"221\" r\u003d\"321\" style\u003d\"transform: translate(7px, 19px); position: absolute;\" t\u003d\"796\"\u003e \u003cformatting lang\u003d\"EnglishUnitedStates\"\u003e 489.13 97.83 \u003c/formatting\u003e  \u003c/line\u003e  \u003c/par\u003e  \u003c/text\u003e  \u003c/block\u003e  \u003cblock b\u003d\"887\" blockname\u003d\"\" blocktype\u003d\"Text\" l\u003d\"55\" r\u003d\"716\" style\u003d\"transform: translate(53px, 1178px); position: absolute; width: 634.93px; height: 23.0208px;\" t\u003d\"870\"\u003e \u003cregion\u003e \u003crect b\u003d\"887\" l\u003d\"55\" r\u003d\"716\" t\u003d\"870\"\u003e\u003c/rect\u003e  \u003c/region\u003e  \u003ctext\u003e \u003cpar align\u003d\"Justified\" linespacing\u003d\"750\"\u003e \u003cline b\u003d\"884\" baseline\u003d\"881\" l\u003d\"56\" r\u003d\"713\" style\u003d\"transform: translate(1px, 1px); position: absolute;\" t\u003d\"871\"\u003e \u003cformatting lang\u003d\"EnglishUnitedStates\"\u003e Rs. Four Thousand Five Hundred Only 4,500.00 \u003c/formatting\u003e  \u003c/line\u003e  \u003c/par\u003e  \u003c/text\u003e  \u003c/block\u003e  \u003cregion xmlns\u003d\"http://ocr.crowdcomputingsystems.com/xml/schema-v1.xml\"\u003e \u003crect b\u003d\"1029\" l\u003d\"46\" r\u003d\"734\" t\u003d\"892\"\u003e\u003c/rect\u003e  \u003c/region\u003e \u003ctable b\u003d\"1029\" blockname\u003d\"\" blocktype\u003d\"Table\" l\u003d\"46\" r\u003d\"734\" style\u003d\"transform: translate(44px, 1208px); position: absolute;\" t\u003d\"892\" xmlns\u003d\"\"\u003e \u003ctbody\u003e\u003ctr\u003e \u003ctd bottomborder\u003d\"White\" h\u003d\"25\" w\u003d\"381\"\u003e \u003ctext xmlns\u003d\"http://ocr.crowdcomputingsystems.com/xml/schema-v1.xml\"\u003e \u003cpar align\u003d\"Justified\" leftindent\u003d\"1300\" linespacing\u003d\"680\"\u003e \u003cline b\u003d\"910\" baseline\u003d\"909\" l\u003d\"63\" r\u003d\"266\" t\u003d\"900\"\u003e \u003cformatting lang\u003d\"EnglishUnitedStates\"\u003e VAT TIN N0.2419 DT.1-7-2002 \u003c/formatting\u003e  \u003c/line\u003e  \u003c/par\u003e  \u003c/text\u003e  \u003c/td\u003e   \u003ctd bottomborder\u003d\"White\" h\u003d\"25\" w\u003d\"307\"\u003e \u003ctext xmlns\u003d\"http://ocr.crowdcomputingsystems.com/xml/schema-v1.xml\"\u003e \u003cpar leftindent\u003d\"6800\" linespacing\u003d\"680\"\u003e \u003cline b\u003d\"912\" baseline\u003d\"912\" l\u003d\"518\" r\u003d\"612\" t\u003d\"903\"\u003e \u003cformatting lang\u003d\"EnglishUnitedStates\"\u003e For CAR PAINTS \u003c/formatting\u003e  \u003c/line\u003e  \u003c/par\u003e  \u003c/text\u003e  \u003c/td\u003e   \u003c/tr\u003e \n \u003ctr\u003e \u003ctd bottomborder\u003d\"White\" h\u003d\"20\" topborder\u003d\"White\" w\u003d\"381\"\u003e \u003ctext xmlns\u003d\"http://ocr.crowdcomputingsystems.com/xml/schema-v1.xml\"\u003e \u003cpar align\u003d\"Justified\" leftindent\u003d\"1300\" linespacing\u003d\"680\"\u003e \u003cline b\u003d\"933\" baseline\u003d\"930\" l\u003d\"64\" r\u003d\"241\" t\u003d\"921\"\u003e \u003cformatting lang\u003d\"EnglishUnitedStates\"\u003e Subject to BARODA Jurisdiction. \u003c/formatting\u003e  \u003c/line\u003e  \u003c/par\u003e  \u003c/text\u003e  \u003c/td\u003e   \u003ctd bottomborder\u003d\"White\" h\u003d\"42\" rowspan\u003d\"2\" topborder\u003d\"White\" w\u003d\"307\"\u003e \u003ctext xmlns\u003d\"http://ocr.crowdcomputingsystems.com/xml/schema-v1.xml\"\u003e \u003cpar leftindent\u003d\"5200\" linespacing\u003d\"1280\"\u003e \u003cline b\u003d\"955\" baseline\u003d\"951\" l\u003d\"496\" r\u003d\"554\" t\u003d\"934\"\u003e \u003cformatting lang\u003d\"EnglishUnitedStates\"\u003e sample \u003c/formatting\u003e  \u003c/line\u003e  \u003c/par\u003e  \u003c/text\u003e  \u003c/td\u003e   \u003c/tr\u003e \n \u003ctr\u003e \u003ctd bottomborder\u003d\"White\" h\u003d\"22\" topborder\u003d\"White\" w\u003d\"381\"\u003e \u003ctext xmlns\u003d\"http://ocr.crowdcomputingsystems.com/xml/schema-v1.xml\"\u003e \u003cpar align\u003d\"Justified\" leftindent\u003d\"1300\" linespacing\u003d\"680\"\u003e \u003cline b\u003d\"951\" baseline\u003d\"951\" l\u003d\"64\" r\u003d\"274\" t\u003d\"942\"\u003e \u003cformatting lang\u003d\"EnglishUnitedStates\"\u003e Goods once sold will not be taken back \u003c/formatting\u003e  \u003c/line\u003e  \u003c/par\u003e  \u003c/text\u003e  \u003c/td\u003e   \u003c/tr\u003e \n \u003ctr\u003e \u003ctd bottomborder\u003d\"White\" h\u003d\"22\" topborder\u003d\"White\" w\u003d\"381\"\u003e \u003ctext xmlns\u003d\"http://ocr.crowdcomputingsystems.com/xml/schema-v1.xml\"\u003e \u003cpar align\u003d\"Justified\" leftindent\u003d\"1300\" linespacing\u003d\"680\"\u003e \u003cline b\u003d\"977\" baseline\u003d\"974\" l\u003d\"64\" r\u003d\"384\" t\u003d\"965\"\u003e \u003cformatting lang\u003d\"EnglishUnitedStates\"\u003e Our responsibility ceases once the goods leave an premises. \u003c/formatting\u003e  \u003c/line\u003e  \u003c/par\u003e  \u003c/text\u003e  \u003c/td\u003e   \u003ctd bottomborder\u003d\"White\" h\u003d\"22\" topborder\u003d\"White\" w\u003d\"307\"\u003e \u003ctext xmlns\u003d\"http://ocr.crowdcomputingsystems.com/xml/schema-v1.xml\"\u003e \u003cpar leftindent\u003d\"5200\" linespacing\u003d\"-1\"\u003e\u003c/par\u003e  \u003c/text\u003e  \u003c/td\u003e   \u003c/tr\u003e \n \u003ctr\u003e \u003ctd h\u003d\"48\" topborder\u003d\"White\" w\u003d\"381\"\u003e \u003ctext xmlns\u003d\"http://ocr.crowdcomputingsystems.com/xml/schema-v1.xml\"\u003e \u003cpar align\u003d\"Justified\" leftindent\u003d\"1300\" linespacing\u003d\"1125\"\u003e \u003cline b\u003d\"998\" baseline\u003d\"995\" l\u003d\"63\" r\u003d\"420\" t\u003d\"986\"\u003e \u003cformatting lang\u003d\"EnglishUnitedStates\"\u003e Any discrepancy related to goods must be brought to our notice in \u003c/formatting\u003e  \u003c/line\u003e  \u003cline b\u003d\"1013\" baseline\u003d\"1010\" l\u003d\"63\" r\u003d\"274\" t\u003d\"1001\"\u003e \u003cformatting lang\u003d\"EnglishUnitedStates\"\u003e writting within a day of receiving goods \u003c/formatting\u003e  \u003c/line\u003e  \u003c/par\u003e  \u003c/text\u003e  \u003c/td\u003e   \u003ctd h\u003d\"48\" topborder\u003d\"White\" w\u003d\"307\"\u003e \u003ctext xmlns\u003d\"http://ocr.crowdcomputingsystems.com/xml/schema-v1.xml\"\u003e \u003cpar leftindent\u003d\"6800\" linespacing\u003d\"680\"\u003e \u003cline b\u003d\"993\" baseline\u003d\"991\" l\u003d\"518\" r\u003d\"615\" t\u003d\"982\"\u003e \u003cformatting lang\u003d\"EnglishUnitedStates\"\u003e Authorised Signatory \u003c/formatting\u003e  \u003c/line\u003e  \u003c/par\u003e  \u003c/text\u003e  \u003c/td\u003e   \u003c/tr\u003e \n \u003c/tbody\u003e\u003c/table\u003e\n \u003cblock b\u003d\"854\" blockname\u003d\"\" blocktype\u003d\"SeparatorsBox\" class\u003d\"hidden\" l\u003d\"47\" r\u003d\"734\" style\u003d\"transform: translate(45px, 179px); position: absolute;\" t\u003d\"132\"\u003e \u003cregion\u003e \u003crect b\u003d\"134\" l\u003d\"47\" r\u003d\"734\" t\u003d\"132\"\u003e\u003c/rect\u003e  \u003crect b\u003d\"853\" l\u003d\"47\" r\u003d\"734\" t\u003d\"134\"\u003e\u003c/rect\u003e  \u003crect b\u003d\"854\" l\u003d\"47\" r\u003d\"733\" t\u003d\"853\"\u003e\u003c/rect\u003e  \u003c/region\u003e  \u003cseparatorsbox\u003e \u003cseparator thickness\u003d\"2\" type\u003d\"Black\"\u003e \u003cstart x\u003d\"47\" y\u003d\"133\"\u003e\u003c/start\u003e \u003cend x\u003d\"734\" y\u003d\"133\"\u003e\u003c/end\u003e \u003c/separator\u003e \u003cseparator thickness\u003d\"1\" type\u003d\"Black\"\u003e \u003cstart x\u003d\"47\" y\u003d\"853\"\u003e\u003c/start\u003e \u003cend x\u003d\"733\" y\u003d\"853\"\u003e\u003c/end\u003e \u003c/separator\u003e \u003cseparator thickness\u003d\"1\" type\u003d\"Black\"\u003e \u003cstart x\u003d\"47\" y\u003d\"133\"\u003e\u003c/start\u003e \u003cend x\u003d\"47\" y\u003d\"854\"\u003e\u003c/end\u003e \u003c/separator\u003e \u003cseparator thickness\u003d\"1\" type\u003d\"Black\"\u003e \u003cstart x\u003d\"733\" y\u003d\"133\"\u003e\u003c/start\u003e \u003cend x\u003d\"733\" y\u003d\"853\"\u003e\u003c/end\u003e \u003c/separator\u003e \u003c/separatorsbox\u003e \u003c/block\u003e  \u003cblock b\u003d\"1029\" blockname\u003d\"\" blocktype\u003d\"SeparatorsBox\" class\u003d\"hidden\" l\u003d\"46\" r\u003d\"735\" style\u003d\"transform: translate(44px, 1208px); position: absolute;\" t\u003d\"892\"\u003e \u003cregion\u003e \u003crect b\u003d\"896\" l\u003d\"46\" r\u003d\"735\" t\u003d\"892\"\u003e\u003c/rect\u003e  \u003crect b\u003d\"897\" l\u003d\"46\" r\u003d\"734\" t\u003d\"896\"\u003e\u003c/rect\u003e  \u003crect b\u003d\"1023\" l\u003d\"46\" r\u003d\"734\" t\u003d\"897\"\u003e\u003c/rect\u003e  \u003crect b\u003d\"1025\" l\u003d\"46\" r\u003d\"48\" t\u003d\"1023\"\u003e\u003c/rect\u003e  \u003crect b\u003d\"1029\" l\u003d\"46\" r\u003d\"734\" t\u003d\"1025\"\u003e\u003c/rect\u003e  \u003c/region\u003e  \u003cseparatorsbox\u003e \u003cseparator thickness\u003d\"4\" type\u003d\"Black\"\u003e \u003cstart x\u003d\"46\" y\u003d\"894\"\u003e\u003c/start\u003e \u003cend x\u003d\"735\" y\u003d\"894\"\u003e\u003c/end\u003e \u003c/separator\u003e \u003cseparator thickness\u003d\"3\" type\u003d\"Black\"\u003e \u003cstart x\u003d\"46\" y\u003d\"1027\"\u003e\u003c/start\u003e \u003cend x\u003d\"734\" y\u003d\"1027\"\u003e\u003c/end\u003e \u003c/separator\u003e \u003cseparator thickness\u003d\"2\" type\u003d\"Black\"\u003e \u003cstart x\u003d\"47\" y\u003d\"897\"\u003e\u003c/start\u003e \u003cend x\u003d\"47\" y\u003d\"1026\"\u003e\u003c/end\u003e \u003c/separator\u003e \u003cseparator thickness\u003d\"1\" type\u003d\"Black\"\u003e \u003cstart x\u003d\"733\" y\u003d\"897\"\u003e\u003c/start\u003e \u003cend x\u003d\"733\" y\u003d\"1023\"\u003e\u003c/end\u003e \u003c/separator\u003e \u003c/separatorsbox\u003e \u003c/block\u003e  \u003cblock b\u003d\"58\" blockname\u003d\"\" blocktype\u003d\"Separator\" l\u003d\"304\" r\u003d\"410\" style\u003d\"transform: translate(292px, 73px); position: absolute;\" t\u003d\"54\"\u003e \u003cregion\u003e \u003crect b\u003d\"56\" l\u003d\"304\" r\u003d\"410\" t\u003d\"54\"\u003e\u003c/rect\u003e  \u003crect b\u003d\"58\" l\u003d\"354\" r\u003d\"370\" t\u003d\"56\"\u003e\u003c/rect\u003e  \u003c/region\u003e  \u003cseparator thickness\u003d\"3\" type\u003d\"Black\"\u003e \u003cstart x\u003d\"304\" y\u003d\"56\"\u003e\u003c/start\u003e \u003cend x\u003d\"410\" y\u003d\"56\"\u003e\u003c/end\u003e \u003c/separator\u003e \u003c/block\u003e  \u003cblock b\u003d\"56\" blockname\u003d\"\" blocktype\u003d\"Separator\" l\u003d\"439\" r\u003d\"542\" style\u003d\"transform: translate(422px, 73px); position: absolute;\" t\u003d\"54\"\u003e \u003cregion\u003e \u003crect b\u003d\"56\" l\u003d\"439\" r\u003d\"542\" t\u003d\"54\"\u003e\u003c/rect\u003e  \u003c/region\u003e  \u003cseparator thickness\u003d\"2\" type\u003d\"Black\"\u003e \u003cstart x\u003d\"439\" y\u003d\"55\"\u003e\u003c/start\u003e \u003cend x\u003d\"542\" y\u003d\"55\"\u003e\u003c/end\u003e \u003c/separator\u003e \u003c/block\u003e  \u003cblock b\u003d\"59\" blockname\u003d\"\" blocktype\u003d\"Separator\" l\u003d\"300\" r\u003d\"540\" style\u003d\"transform: translate(288px, 77px); position: absolute;\" t\u003d\"57\"\u003e \u003cregion\u003e \u003crect b\u003d\"59\" l\u003d\"300\" r\u003d\"540\" t\u003d\"57\"\u003e\u003c/rect\u003e  \u003c/region\u003e  \u003cseparator thickness\u003d\"2\" type\u003d\"Black\"\u003e \u003cstart x\u003d\"300\" y\u003d\"58\"\u003e\u003c/start\u003e \u003cend x\u003d\"540\" y\u003d\"58\"\u003e\u003c/end\u003e \u003c/separator\u003e \u003c/block\u003e  \u003cblock b\u003d\"62\" blockname\u003d\"\" blocktype\u003d\"Separator\" l\u003d\"300\" r\u003d\"540\" style\u003d\"transform: translate(288px, 81px); position: absolute;\" t\u003d\"60\"\u003e \u003cregion\u003e \u003crect b\u003d\"62\" l\u003d\"300\" r\u003d\"540\" t\u003d\"60\"\u003e\u003c/rect\u003e  \u003c/region\u003e  \u003cseparator thickness\u003d\"2\" type\u003d\"Black\"\u003e \u003cstart x\u003d\"300\" y\u003d\"61\"\u003e\u003c/start\u003e \u003cend x\u003d\"540\" y\u003d\"61\"\u003e\u003c/end\u003e \u003c/separator\u003e \u003c/block\u003e  \u003cblock b\u003d\"74\" blockname\u003d\"\" blocktype\u003d\"Separator\" l\u003d\"108\" r\u003d\"267\" style\u003d\"transform: translate(104px, 98px); position: absolute;\" t\u003d\"72\"\u003e \u003cregion\u003e \u003crect b\u003d\"74\" l\u003d\"108\" r\u003d\"267\" t\u003d\"72\"\u003e\u003c/rect\u003e  \u003c/region\u003e  \u003cseparator thickness\u003d\"2\" type\u003d\"Black\"\u003e \u003cstart x\u003d\"108\" y\u003d\"73\"\u003e\u003c/start\u003e \u003cend x\u003d\"267\" y\u003d\"73\"\u003e\u003c/end\u003e \u003c/separator\u003e \u003c/block\u003e  \u003cblock b\u003d\"81\" blockname\u003d\"\" blocktype\u003d\"Separator\" l\u003d\"108\" r\u003d\"266\" style\u003d\"transform: translate(104px, 106px); position: absolute;\" t\u003d\"78\"\u003e \u003cregion\u003e \u003crect b\u003d\"81\" l\u003d\"108\" r\u003d\"266\" t\u003d\"78\"\u003e\u003c/rect\u003e  \u003c/region\u003e  \u003cseparator thickness\u003d\"3\" type\u003d\"Black\"\u003e \u003cstart x\u003d\"108\" y\u003d\"79\"\u003e\u003c/start\u003e \u003cend x\u003d\"266\" y\u003d\"79\"\u003e\u003c/end\u003e \u003c/separator\u003e \u003c/block\u003e  \u003cblock b\u003d\"241\" blockname\u003d\"\" blocktype\u003d\"Separator\" l\u003d\"47\" r\u003d\"734\" style\u003d\"transform: translate(45px, 325px); position: absolute;\" t\u003d\"240\"\u003e \u003cregion\u003e \u003crect b\u003d\"241\" l\u003d\"47\" r\u003d\"734\" t\u003d\"240\"\u003e\u003c/rect\u003e  \u003c/region\u003e  \u003cseparator thickness\u003d\"1\" type\u003d\"Black\"\u003e \u003cstart x\u003d\"47\" y\u003d\"240\"\u003e\u003c/start\u003e \u003cend x\u003d\"734\" y\u003d\"240\"\u003e\u003c/end\u003e \u003c/separator\u003e \u003c/block\u003e  \u003cblock b\u003d\"279\" blockname\u003d\"\" blocktype\u003d\"Separator\" l\u003d\"47\" r\u003d\"734\" style\u003d\"transform: translate(45px, 376px); position: absolute;\" t\u003d\"278\"\u003e \u003cregion\u003e \u003crect b\u003d\"279\" l\u003d\"47\" r\u003d\"734\" t\u003d\"278\"\u003e\u003c/rect\u003e  \u003c/region\u003e  \u003cseparator thickness\u003d\"1\" type\u003d\"Black\"\u003e \u003cstart x\u003d\"47\" y\u003d\"278\"\u003e\u003c/start\u003e \u003cend x\u003d\"734\" y\u003d\"278\"\u003e\u003c/end\u003e \u003c/separator\u003e \u003c/block\u003e  \u003cblock b\u003d\"777\" blockname\u003d\"\" blocktype\u003d\"Separator\" l\u003d\"51\" r\u003d\"315\" style\u003d\"transform: translate(49px, 1051px); position: absolute;\" t\u003d\"776\"\u003e \u003cregion\u003e \u003crect b\u003d\"777\" l\u003d\"51\" r\u003d\"315\" t\u003d\"776\"\u003e\u003c/rect\u003e  \u003c/region\u003e  \u003cseparator thickness\u003d\"1\" type\u003d\"Black\"\u003e \u003cstart x\u003d\"51\" y\u003d\"776\"\u003e\u003c/start\u003e \u003cend x\u003d\"315\" y\u003d\"776\"\u003e\u003c/end\u003e \u003c/separator\u003e \u003c/block\u003e  \u003cblock b\u003d\"854\" blockname\u003d\"\" blocktype\u003d\"Separator\" class\u003d\"hidden\" l\u003d\"73\" r\u003d\"74\" style\u003d\"transform: translate(70px, 325px); position: absolute;\" t\u003d\"240\"\u003e \u003cregion\u003e \u003crect b\u003d\"854\" l\u003d\"73\" r\u003d\"74\" t\u003d\"240\"\u003e\u003c/rect\u003e  \u003c/region\u003e  \u003cseparator thickness\u003d\"1\" type\u003d\"Black\"\u003e \u003cstart x\u003d\"73\" y\u003d\"240\"\u003e\u003c/start\u003e \u003cend x\u003d\"73\" y\u003d\"854\"\u003e\u003c/end\u003e \u003c/separator\u003e \u003c/block\u003e  \u003cblock b\u003d\"854\" blockname\u003d\"\" blocktype\u003d\"Separator\" l\u003d\"333\" r\u003d\"334\" style\u003d\"transform: translate(320px, 325px); position: absolute;\" t\u003d\"240\"\u003e \u003cregion\u003e \u003crect b\u003d\"854\" l\u003d\"333\" r\u003d\"334\" t\u003d\"240\"\u003e\u003c/rect\u003e  \u003c/region\u003e  \u003cseparator thickness\u003d\"1\" type\u003d\"Black\"\u003e \u003cstart x\u003d\"333\" y\u003d\"240\"\u003e\u003c/start\u003e \u003cend x\u003d\"333\" y\u003d\"854\"\u003e\u003c/end\u003e \u003c/separator\u003e \u003c/block\u003e  \u003cblock b\u003d\"854\" blockname\u003d\"\" blocktype\u003d\"Separator\" l\u003d\"405\" r\u003d\"406\" style\u003d\"transform: translate(389px, 325px); position: absolute;\" t\u003d\"240\"\u003e \u003cregion\u003e \u003crect b\u003d\"854\" l\u003d\"405\" r\u003d\"406\" t\u003d\"240\"\u003e\u003c/rect\u003e  \u003c/region\u003e  \u003cseparator thickness\u003d\"1\" type\u003d\"Black\"\u003e \u003cstart x\u003d\"405\" y\u003d\"240\"\u003e\u003c/start\u003e \u003cend x\u003d\"405\" y\u003d\"854\"\u003e\u003c/end\u003e \u003c/separator\u003e \u003c/block\u003e  \u003cblock b\u003d\"241\" blockname\u003d\"\" blocktype\u003d\"Separator\" l\u003d\"420\" r\u003d\"421\" style\u003d\"transform: translate(403px, 180px); position: absolute;\" t\u003d\"133\"\u003e \u003cregion\u003e \u003crect b\u003d\"241\" l\u003d\"420\" r\u003d\"421\" t\u003d\"133\"\u003e\u003c/rect\u003e  \u003c/region\u003e  \u003cseparator thickness\u003d\"1\" type\u003d\"Black\"\u003e \u003cstart x\u003d\"420\" y\u003d\"133\"\u003e\u003c/start\u003e \u003cend x\u003d\"420\" y\u003d\"241\"\u003e\u003c/end\u003e \u003c/separator\u003e \u003c/block\u003e  \u003cblock b\u003d\"1029\" blockname\u003d\"\" blocktype\u003d\"Separator\" l\u003d\"426\" r\u003d\"429\" style\u003d\"transform: translate(409px, 1215px); position: absolute;\" t\u003d\"897\"\u003e \u003cregion\u003e \u003crect b\u003d\"1029\" l\u003d\"426\" r\u003d\"429\" t\u003d\"897\"\u003e\u003c/rect\u003e  \u003c/region\u003e  \u003cseparator thickness\u003d\"2\" type\u003d\"Black\"\u003e \u003cstart x\u003d\"427\" y\u003d\"897\"\u003e\u003c/start\u003e \u003cend x\u003d\"427\" y\u003d\"1029\"\u003e\u003c/end\u003e \u003c/separator\u003e \u003c/block\u003e  \u003cblock b\u003d\"854\" blockname\u003d\"\" blocktype\u003d\"Separator\" l\u003d\"472\" r\u003d\"473\" style\u003d\"transform: translate(453px, 325px); position: absolute;\" t\u003d\"240\"\u003e \u003cregion\u003e \u003crect b\u003d\"854\" l\u003d\"472\" r\u003d\"473\" t\u003d\"240\"\u003e\u003c/rect\u003e  \u003c/region\u003e  \u003cseparator thickness\u003d\"1\" type\u003d\"Black\"\u003e \u003cstart x\u003d\"472\" y\u003d\"240\"\u003e\u003c/start\u003e \u003cend x\u003d\"472\" y\u003d\"854\"\u003e\u003c/end\u003e \u003c/separator\u003e \u003c/block\u003e  \u003cblock b\u003d\"854\" blockname\u003d\"\" blocktype\u003d\"Separator\" l\u003d\"511\" r\u003d\"512\" style\u003d\"transform: translate(491px, 325px); position: absolute;\" t\u003d\"240\"\u003e \u003cregion\u003e \u003crect b\u003d\"854\" l\u003d\"511\" r\u003d\"512\" t\u003d\"240\"\u003e\u003c/rect\u003e  \u003c/region\u003e  \u003cseparator thickness\u003d\"1\" type\u003d\"Black\"\u003e \u003cstart x\u003d\"511\" y\u003d\"240\"\u003e\u003c/start\u003e \u003cend x\u003d\"511\" y\u003d\"854\"\u003e\u003c/end\u003e \u003c/separator\u003e \u003c/block\u003e  \u003cblock b\u003d\"854\" blockname\u003d\"\" blocktype\u003d\"Separator\" l\u003d\"578\" r\u003d\"579\" style\u003d\"transform: translate(555px, 325px); position: absolute;\" t\u003d\"240\"\u003e \u003cregion\u003e \u003crect b\u003d\"854\" l\u003d\"578\" r\u003d\"579\" t\u003d\"240\"\u003e\u003c/rect\u003e  \u003c/region\u003e  \u003cseparator thickness\u003d\"1\" type\u003d\"Black\"\u003e \u003cstart x\u003d\"578\" y\u003d\"240\"\u003e\u003c/start\u003e \u003cend x\u003d\"578\" y\u003d\"854\"\u003e\u003c/end\u003e \u003c/separator\u003e \u003c/block\u003e  \u003cblock b\u003d\"854\" blockname\u003d\"\" blocktype\u003d\"Separator\" l\u003d\"621\" r\u003d\"622\" style\u003d\"transform: translate(597px, 325px); position: absolute;\" t\u003d\"240\"\u003e \u003cregion\u003e \u003crect b\u003d\"854\" l\u003d\"621\" r\u003d\"622\" t\u003d\"240\"\u003e\u003c/rect\u003e  \u003c/region\u003e  \u003cseparator thickness\u003d\"1\" type\u003d\"Black\"\u003e \u003cstart x\u003d\"621\" y\u003d\"240\"\u003e\u003c/start\u003e \u003cend x\u003d\"621\" y\u003d\"854\"\u003e\u003c/end\u003e \u003c/separator\u003e \u003c/block\u003e  \u003cblock b\u003d\"854\" blockname\u003d\"\" blocktype\u003d\"Separator\" l\u003d\"677\" r\u003d\"678\" style\u003d\"transform: translate(650px, 325px); position: absolute;\" t\u003d\"240\"\u003e \u003cregion\u003e \u003crect b\u003d\"854\" l\u003d\"677\" r\u003d\"678\" t\u003d\"240\"\u003e\u003c/rect\u003e  \u003c/region\u003e  \u003cseparator thickness\u003d\"1\" type\u003d\"Black\"\u003e \u003cstart x\u003d\"677\" y\u003d\"240\"\u003e\u003c/start\u003e \u003cend x\u003d\"677\" y\u003d\"854\"\u003e\u003c/end\u003e \u003c/separator\u003e \u003c/block\u003e  \u003cblock b\u003d\"64\" blockname\u003d\"\" blocktype\u003d\"Separator\" l\u003d\"499\" r\u003d\"534\" style\u003d\"transform: translate(479px, 84px); position: absolute;\" t\u003d\"62\"\u003e \u003cregion\u003e \u003crect b\u003d\"64\" l\u003d\"499\" r\u003d\"534\" t\u003d\"62\"\u003e\u003c/rect\u003e  \u003c/region\u003e  \u003cseparator thickness\u003d\"1\" type\u003d\"Dotted\"\u003e \u003cstart x\u003d\"499\" y\u003d\"63\"\u003e\u003c/start\u003e \u003cend x\u003d\"534\" y\u003d\"63\"\u003e\u003c/end\u003e \u003c/separator\u003e \u003c/block\u003e  \u003cblock b\u003d\"233\" blockname\u003d\"\" blocktype\u003d\"Separator\" l\u003d\"166\" r\u003d\"203\" style\u003d\"transform: translate(159px, 313px); position: absolute;\" t\u003d\"231\"\u003e \u003cregion\u003e \u003crect b\u003d\"233\" l\u003d\"166\" r\u003d\"203\" t\u003d\"231\"\u003e\u003c/rect\u003e  \u003c/region\u003e  \u003cseparator thickness\u003d\"2\" type\u003d\"Dotted\"\u003e \u003cstart x\u003d\"166\" y\u003d\"232\"\u003e\u003c/start\u003e \u003cend x\u003d\"203\" y\u003d\"232\"\u003e\u003c/end\u003e \u003c/separator\u003e \u003c/block\u003e  \u003cblock b\u003d\"350\" blockname\u003d\"\" blocktype\u003d\"Separator\" l\u003d\"537\" r\u003d\"576\" style\u003d\"transform: translate(516px, 473px); position: absolute;\" t\u003d\"349\"\u003e \u003cregion\u003e \u003crect b\u003d\"350\" l\u003d\"537\" r\u003d\"576\" t\u003d\"349\"\u003e\u003c/rect\u003e  \u003c/region\u003e  \u003cseparator thickness\u003d\"1\" type\u003d\"Dotted\"\u003e \u003cstart x\u003d\"537\" y\u003d\"349\"\u003e\u003c/start\u003e \u003cend x\u003d\"576\" y\u003d\"349\"\u003e\u003c/end\u003e \u003c/separator\u003e \u003c/block\u003e  \u003cblock b\u003d\"350\" blockname\u003d\"\" blocktype\u003d\"Separator\" l\u003d\"635\" r\u003d\"673\" style\u003d\"transform: translate(610px, 473px); position: absolute;\" t\u003d\"349\"\u003e \u003cregion\u003e \u003crect b\u003d\"350\" l\u003d\"635\" r\u003d\"673\" t\u003d\"349\"\u003e\u003c/rect\u003e  \u003c/region\u003e  \u003cseparator thickness\u003d\"1\" type\u003d\"Dotted\"\u003e \u003cstart x\u003d\"635\" y\u003d\"349\"\u003e\u003c/start\u003e \u003cend x\u003d\"673\" y\u003d\"349\"\u003e\u003c/end\u003e \u003c/separator\u003e \u003c/block\u003e  \u003cblock b\u003d\"350\" blockname\u003d\"\" blocktype\u003d\"Separator\" l\u003d\"691\" r\u003d\"729\" style\u003d\"transform: translate(664px, 473px); position: absolute;\" t\u003d\"349\"\u003e \u003cregion\u003e \u003crect b\u003d\"350\" l\u003d\"691\" r\u003d\"729\" t\u003d\"349\"\u003e\u003c/rect\u003e  \u003c/region\u003e  \u003cseparator thickness\u003d\"1\" type\u003d\"Dotted\"\u003e \u003cstart x\u003d\"691\" y\u003d\"349\"\u003e\u003c/start\u003e \u003cend x\u003d\"729\" y\u003d\"349\"\u003e\u003c/end\u003e \u003c/separator\u003e \u003c/block\u003e  \u003c/page\u003e         \u003c/document\u003e\u003c/body\u003e\u003c/html\u003e","tags":[{"score":0.6181134851319554,"end":556,"tag":"invoice_number","text":"T3","estimatedAccuracy":0.0,"begin":554},{"score":0.5928313895282111,"end":579,"tag":"invoice_date","text":"06/12/12","estimatedAccuracy":0.0,"begin":571}],"group":"invoice_date|invoice_number"}