{"finalScore":0.6898440966885736,"metaInfo":{"model":{"coreVersion":"9.3.0.9"}},"sumScore":0.6898440966885736,"tagsCounter":1.0,"taggedText":"\u003cdocument languages\u003d\"\" producer\u003d\"Workfusion\" schemalocation\u003d\"http://ocr.crowdcomputingsystems.com/xml/schema-v1.xml\" version\u003d\"1.0\" xmlns\u003d\"http://ocr.crowdcomputingsystems.com/xml/schema-v1.xml\" xsi\u003d\"http://www.w3.org/2001/XMLSchema-instance\"\u003e \u003clink href\u003d\"https://s3.amazonaws.com/workfusion-resources/ocr/ocr-xml-viewer-0.3-scale-to-width.css\" rel\u003d\"stylesheet\" type\u003d\"text/css\"\u003e\u003c/link\u003e \u003cstyle\u003e\u003c/style\u003e\u003cpage data-pages\u003d\"1\" h\u003d\"760\" resolution\u003d\"96\" style\u003d\"height: 1007px;\" w\u003d\"508\"\u003e \u003cblock b\u003d\"35\" blockname\u003d\"\" blocktype\u003d\"Text\" l\u003d\"0\" r\u003d\"14\" style\u003d\"transform: translate(0px, 0px); position: absolute; width: 20.8071px; height: 47.3958px;\" t\u003d\"0\"\u003e \u003cregion\u003e \u003crect b\u003d\"35\" l\u003d\"0\" r\u003d\"14\" t\u003d\"0\"\u003e\u003c/rect\u003e  \u003c/region\u003e  \u003ctext\u003e \u003cpar align\u003d\"Justified\"\u003e \u003cline b\u003d\"32\" baseline\u003d\"35\" l\u003d\"9\" r\u003d\"13\" style\u003d\"transform: translate(13px, 37px); position: absolute;\" t\u003d\"27\"\u003e \u003cformatting lang\u003d\"EnglishUnitedStates\"\u003e . \u003c/formatting\u003e  \u003c/line\u003e  \u003c/par\u003e  \u003c/text\u003e  \u003c/block\u003e  \u003cblock b\u003d\"212\" blockname\u003d\"\" blocktype\u003d\"Text\" l\u003d\"0\" r\u003d\"49\" style\u003d\"transform: translate(0px, 69px); position: absolute; width: 72.8248px; height: 218.021px;\" t\u003d\"51\"\u003e \u003cregion\u003e \u003crect b\u003d\"212\" l\u003d\"0\" r\u003d\"49\" t\u003d\"51\"\u003e\u003c/rect\u003e  \u003c/region\u003e  \u003ctext\u003e \u003cpar align\u003d\"Right\" linespacing\u003d\"1275\"\u003e \u003cline b\u003d\"59\" baseline\u003d\"58\" l\u003d\"5\" r\u003d\"44\" style\u003d\"transform: translate(7px, 0px); position: absolute;\" t\u003d\"51\"\u003e \u003cformatting lang\u003d\"EnglishUnitedStates\"\u003e \u0026gt;dde:: \u0026rsquo;\u0026gt; \u003c/formatting\u003e  \u003c/line\u003e  \u003c/par\u003e  \u003cpar align\u003d\"Right\" linespacing\u003d\"1275\"\u003e \u003cline b\u003d\"75\" baseline\u003d\"74\" l\u003d\"40\" r\u003d\"44\" style\u003d\"transform: translate(59px, 22px); position: absolute;\" t\u003d\"67\"\u003e \u003cformatting lang\u003d\"EnglishUnitedStates\"\u003e i \u003c/formatting\u003e  \u003c/line\u003e  \u003c/par\u003e  \u003cpar align\u003d\"Right\" linespacing\u003d\"1275\"\u003e \u003cline b\u003d\"93\" baseline\u003d\"92\" l\u003d\"41\" r\u003d\"44\" style\u003d\"transform: translate(61px, 50px); position: absolute;\" t\u003d\"88\"\u003e \u003cformatting lang\u003d\"EnglishUnitedStates\"\u003e \u0026gt; \u003c/formatting\u003e  \u003c/line\u003e  \u003c/par\u003e  \u003cpar align\u003d\"Right\" linespacing\u003d\"1275\"\u003e \u003cline b\u003d\"111\" baseline\u003d\"110\" l\u003d\"8\" r\u003d\"44\" style\u003d\"transform: translate(12px, 70px); position: absolute;\" t\u003d\"103\"\u003e \u003cformatting lang\u003d\"EnglishUnitedStates\"\u003e :i\u0027\u0026yen;c: - \u003c/formatting\u003e  \u003c/line\u003e  \u003c/par\u003e  \u003cpar linespacing\u003d\"750\"\u003e \u003cline b\u003d\"145\" baseline\u003d\"145\" l\u003d\"5\" r\u003d\"20\" style\u003d\"transform: translate(7px, 114px); position: absolute;\" t\u003d\"135\"\u003e \u003cformatting lang\u003d\"EnglishUnitedStates\"\u003e ro: \u003c/formatting\u003e  \u003c/line\u003e  \u003c/par\u003e  \u003cpar align\u003d\"Justified\" leftindent\u003d\"3000\" linespacing\u003d\"1200\" startindent\u003d\"-3000\"\u003e \u003cline b\u003d\"163\" baseline\u003d\"162\" l\u003d\"5\" r\u003d\"44\" style\u003d\"transform: translate(7px, 141px); position: absolute;\" t\u003d\"155\"\u003e \u003cformatting lang\u003d\"EnglishUnitedStates\"\u003e lOitecc \u0026lt; \u003c/formatting\u003e  \u003c/line\u003e  \u003cline b\u003d\"179\" baseline\u003d\"178\" l\u003d\"40\" r\u003d\"44\" style\u003d\"transform: translate(59px, 163px); position: absolute;\" t\u003d\"171\"\u003e \u003cformatting lang\u003d\"EnglishUnitedStates\"\u003e : \u003c/formatting\u003e  \u003c/line\u003e  \u003cline b\u003d\"195\" baseline\u003d\"194\" l\u003d\"41\" r\u003d\"44\" style\u003d\"transform: translate(61px, 188px); position: absolute;\" t\u003d\"190\"\u003e \u003cformatting lang\u003d\"EnglishUnitedStates\"\u003e \u0026gt; \u003c/formatting\u003e  \u003c/line\u003e  \u003c/par\u003e  \u003cpar align\u003d\"Right\" linespacing\u003d\"1200\"\u003e \u003cline b\u003d\"211\" baseline\u003d\"211\" l\u003d\"8\" r\u003d\"44\" style\u003d\"transform: translate(12px, 206px); position: absolute;\" t\u003d\"203\"\u003e \u003cformatting lang\u003d\"EnglishUnitedStates\"\u003e ddess - \u003c/formatting\u003e  \u003c/line\u003e  \u003c/par\u003e  \u003c/text\u003e  \u003c/block\u003e  \u003cblock b\u003d\"279\" blockname\u003d\"\" blocktype\u003d\"Text\" l\u003d\"0\" r\u003d\"211\" style\u003d\"transform: translate(0px, 337px); position: absolute; width: 313.593px; height: 40.625px;\" t\u003d\"249\"\u003e \u003cregion\u003e \u003crect b\u003d\"279\" l\u003d\"0\" r\u003d\"211\" t\u003d\"249\"\u003e\u003c/rect\u003e  \u003c/region\u003e  \u003ctext\u003e \u003cpar linespacing\u003d\"680\"\u003e \u003cline b\u003d\"259\" baseline\u003d\"259\" l\u003d\"5\" r\u003d\"126\" style\u003d\"transform: translate(7px, 1px); position: absolute;\" t\u003d\"250\"\u003e \u003cformatting lang\u003d\"EnglishUnitedStates\"\u003e additional Information \u003c/formatting\u003e  \u003c/line\u003e  \u003c/par\u003e  \u003cpar linespacing\u003d\"530\"\u003e \u003cline b\u003d\"277\" baseline\u003d\"275\" l\u003d\"5\" r\u003d\"208\" style\u003d\"transform: translate(7px, 26px); position: absolute;\" t\u003d\"268\"\u003e \u003cformatting lang\u003d\"EnglishUnitedStates\"\u003e idd any additional message or information here \u003c/formatting\u003e  \u003c/line\u003e  \u003c/par\u003e  \u003c/text\u003e  \u003c/block\u003e  \u003cblock b\u003d\"45\" blockname\u003d\"\" blocktype\u003d\"Text\" class\u003d\"hidden\" l\u003d\"12\" r\u003d\"181\" style\u003d\"transform: translate(18px, 31px); position: absolute; width: 251.171px; height: 29.7917px;\" t\u003d\"23\"\u003e \u003cregion\u003e \u003crect b\u003d\"45\" l\u003d\"12\" r\u003d\"181\" t\u003d\"23\"\u003e\u003c/rect\u003e  \u003c/region\u003e  \u003ctext\u003e \u003cpar linespacing\u003d\"980\"\u003e \u003cline b\u003d\"43\" baseline\u003d\"39\" l\u003d\"12\" r\u003d\"176\" style\u003d\"transform: translate(0px, 4px); position: absolute;\" t\u003d\"26\"\u003e \u003cformatting lang\u003d\"EnglishUnitedStates\"\u003e our Company Name \u003c/formatting\u003e  \u003c/line\u003e  \u003c/par\u003e  \u003c/text\u003e  \u003c/block\u003e  \u003cblock b\u003d\"39\" blockname\u003d\"\" blocktype\u003d\"Text\" l\u003d\"360\" r\u003d\"508\" style\u003d\"transform: translate(535px, 14px); position: absolute; width: 219.961px; height: 39.2708px;\" t\u003d\"10\"\u003e \u003cregion\u003e \u003crect b\u003d\"39\" l\u003d\"360\" r\u003d\"508\" t\u003d\"10\"\u003e\u003c/rect\u003e  \u003c/region\u003e  \u003ctext\u003e \u003cpar linespacing\u003d\"1800\"\u003e \u003cline b\u003d\"36\" baseline\u003d\"36\" l\u003d\"362\" r\u003d\"501\" style\u003d\"transform: translate(3px, 3px); position: absolute;\" t\u003d\"12\"\u003e \u003cformatting lang\u003d\"EnglishUnitedStates\"\u003e INVOICE \u003c/formatting\u003e  \u003c/line\u003e  \u003c/par\u003e  \u003c/text\u003e  \u003c/block\u003e  \u003cblock b\u003d\"177\" blockname\u003d\"\" blocktype\u003d\"Text\" l\u003d\"304\" r\u003d\"476\" style\u003d\"transform: translate(452px, 110px); position: absolute; width: 255.63px; height: 130px;\" t\u003d\"81\"\u003e \u003cregion\u003e \u003crect b\u003d\"177\" l\u003d\"304\" r\u003d\"476\" t\u003d\"81\"\u003e\u003c/rect\u003e  \u003c/region\u003e  \u003ctext\u003e \u003cpar linespacing\u003d\"1350\" startindent\u003d\"1400\"\u003e \u003cline b\u003d\"91\" baseline\u003d\"91\" l\u003d\"322\" r\u003d\"443\" style\u003d\"transform: translate(27px, 1px); position: absolute;\" t\u003d\"82\"\u003e \u003cformatting lang\u003d\"EnglishUnitedStates\"\u003e Invoice Date: \u003cinvoice_date begin\u003d\"348\" class\u003d\"extraction-tag ml-tag\" data-text\u003d\"1*07/2016\" data-value\u003d\"1*07/2016\" end\u003d\"357\" ml-tagorder\u003d\"0\" score\u003d\"0.6898440966885736\" style\u003d\"border: 2px solid rgb(125, 157, 1);\" tagorder\u003d\"0\"\u003e1*07/2016\u003c/invoice_date\u003e \u003c/formatting\u003e  \u003c/line\u003e  \u003cline b\u003d\"109\" baseline\u003d\"109\" l\u003d\"305\" r\u003d\"388\" style\u003d\"transform: translate(1px, 26px); position: absolute;\" t\u003d\"100\"\u003e \u003cformatting lang\u003d\"EnglishUnitedStates\"\u003e Invoice Number \u003c/formatting\u003e  \u003c/line\u003e  \u003c/par\u003e  \u003cpar leftindent\u003d\"1000\" linespacing\u003d\"530\"\u003e \u003cline b\u003d\"125\" baseline\u003d\"125\" l\u003d\"315\" r\u003d\"388\" style\u003d\"transform: translate(16px, 50px); position: absolute;\" t\u003d\"118\"\u003e \u003cformatting lang\u003d\"EnglishUnitedStates\"\u003e Client Reference: \u003c/formatting\u003e  \u003c/line\u003e  \u003c/par\u003e  \u003cpar leftindent\u003d\"1000\" linespacing\u003d\"530\"\u003e \u003cline b\u003d\"143\" baseline\u003d\"143\" l\u003d\"319\" r\u003d\"388\" style\u003d\"transform: translate(22px, 74px); position: absolute;\" t\u003d\"136\"\u003e \u003cformatting lang\u003d\"EnglishUnitedStates\"\u003e Purchase Order \u003c/formatting\u003e  \u003c/line\u003e  \u003c/par\u003e  \u003cpar leftindent\u003d\"1000\" linespacing\u003d\"750\"\u003e \u003cline b\u003d\"174\" baseline\u003d\"171\" l\u003d\"317\" r\u003d\"473\" style\u003d\"transform: translate(19px, 108px); position: absolute;\" t\u003d\"161\"\u003e \u003cformatting lang\u003d\"EnglishUnitedStates\"\u003e DUE DATE: dd/mm/yyyy \u003c/formatting\u003e  \u003c/line\u003e  \u003c/par\u003e  \u003c/text\u003e  \u003c/block\u003e  \u003cregion xmlns\u003d\"http://ocr.crowdcomputingsystems.com/xml/schema-v1.xml\"\u003e \u003crect b\u003d\"603\" l\u003d\"0\" r\u003d\"505\" t\u003d\"325\"\u003e\u003c/rect\u003e  \u003c/region\u003e \u003ctable b\u003d\"603\" blockname\u003d\"\" blocktype\u003d\"Table\" l\u003d\"0\" r\u003d\"505\" style\u003d\"transform: translate(0px, 440px); position: absolute;\" t\u003d\"325\" xmlns\u003d\"\"\u003e \u003ctbody\u003e\u003ctr\u003e \u003ctd h\u003d\"19\" w\u003d\"164\"\u003e \u003ctext xmlns\u003d\"http://ocr.crowdcomputingsystems.com/xml/schema-v1.xml\"\u003e \u003cpar linespacing\u003d\"530\"\u003e \u003cline b\u003d\"342\" baseline\u003d\"340\" l\u003d\"5\" r\u003d\"53\" t\u003d\"333\"\u003e \u003cformatting lang\u003d\"EnglishUnitedStates\"\u003e Ascription \u003c/formatting\u003e  \u003c/line\u003e  \u003c/par\u003e  \u003c/text\u003e  \u003c/td\u003e   \u003ctd h\u003d\"19\" w\u003d\"57\"\u003e \u003ctext xmlns\u003d\"http://ocr.crowdcomputingsystems.com/xml/schema-v1.xml\"\u003e \u003cpar linespacing\u003d\"600\"\u003e \u003cline b\u003d\"342\" baseline\u003d\"341\" l\u003d\"167\" r\u003d\"182\" t\u003d\"333\"\u003e \u003cformatting lang\u003d\"EnglishUnitedStates\"\u003e Qty \u003c/formatting\u003e  \u003c/line\u003e  \u003c/par\u003e  \u003c/text\u003e  \u003c/td\u003e   \u003ctd h\u003d\"19\" w\u003d\"57\"\u003e \u003ctext xmlns\u003d\"http://ocr.crowdcomputingsystems.com/xml/schema-v1.xml\"\u003e \u003cpar linespacing\u003d\"530\"\u003e \u003cline b\u003d\"340\" baseline\u003d\"340\" l\u003d\"224\" r\u003d\"243\" t\u003d\"333\"\u003e \u003cformatting lang\u003d\"EnglishUnitedStates\"\u003e Unit \u003c/formatting\u003e  \u003c/line\u003e  \u003c/par\u003e  \u003c/text\u003e  \u003c/td\u003e   \u003ctd h\u003d\"19\" w\u003d\"57\"\u003e \u003ctext xmlns\u003d\"http://ocr.crowdcomputingsystems.com/xml/schema-v1.xml\"\u003e \u003cpar linespacing\u003d\"530\"\u003e \u003cline b\u003d\"340\" baseline\u003d\"340\" l\u003d\"281\" r\u003d\"326\" t\u003d\"333\"\u003e \u003cformatting lang\u003d\"EnglishUnitedStates\"\u003e Unit Price \u003c/formatting\u003e  \u003c/line\u003e  \u003c/par\u003e  \u003c/text\u003e  \u003c/td\u003e   \u003ctd h\u003d\"19\" w\u003d\"57\"\u003e \u003ctext xmlns\u003d\"http://ocr.crowdcomputingsystems.com/xml/schema-v1.xml\"\u003e \u003cpar linespacing\u003d\"530\"\u003e \u003cline b\u003d\"340\" baseline\u003d\"340\" l\u003d\"338\" r\u003d\"367\" t\u003d\"333\"\u003e \u003cformatting lang\u003d\"EnglishUnitedStates\"\u003e VAT % \u003c/formatting\u003e  \u003c/line\u003e  \u003c/par\u003e  \u003c/text\u003e  \u003c/td\u003e   \u003ctd h\u003d\"19\" w\u003d\"57\"\u003e \u003ctext xmlns\u003d\"http://ocr.crowdcomputingsystems.com/xml/schema-v1.xml\"\u003e \u003cpar linespacing\u003d\"530\"\u003e \u003cline b\u003d\"340\" baseline\u003d\"340\" l\u003d\"395\" r\u003d\"412\" t\u003d\"333\"\u003e \u003cformatting lang\u003d\"EnglishUnitedStates\"\u003e VAT \u003c/formatting\u003e  \u003c/line\u003e  \u003c/par\u003e  \u003c/text\u003e  \u003c/td\u003e   \u003ctd h\u003d\"19\" w\u003d\"56\"\u003e \u003ctext xmlns\u003d\"http://ocr.crowdcomputingsystems.com/xml/schema-v1.xml\"\u003e \u003cpar linespacing\u003d\"530\"\u003e \u003cline b\u003d\"340\" baseline\u003d\"340\" l\u003d\"451\" r\u003d\"474\" t\u003d\"333\"\u003e \u003cformatting lang\u003d\"EnglishUnitedStates\"\u003e Total \u003c/formatting\u003e  \u003c/line\u003e  \u003c/par\u003e  \u003c/text\u003e  \u003c/td\u003e   \u003c/tr\u003e \n \u003c/tbody\u003e\u003c/table\u003e\n \u003cblock b\u003d\"743\" blockname\u003d\"\" blocktype\u003d\"Text\" l\u003d\"0\" r\u003d\"78\" style\u003d\"transform: translate(0px, 894px); position: absolute; width: 115.925px; height: 112.396px;\" t\u003d\"660\"\u003e \u003cregion\u003e \u003crect b\u003d\"743\" l\u003d\"0\" r\u003d\"78\" t\u003d\"660\"\u003e\u003c/rect\u003e  \u003c/region\u003e  \u003ctext\u003e \u003cpar linespacing\u003d\"1275\"\u003e \u003cline b\u003d\"671\" baseline\u003d\"669\" l\u003d\"5\" r\u003d\"75\" style\u003d\"transform: translate(7px, 1px); position: absolute;\" t\u003d\"661\"\u003e \u003cformatting lang\u003d\"EnglishUnitedStates\"\u003e * a/men t Details \u003c/formatting\u003e  \u003c/line\u003e  \u003c/par\u003e  \u003cpar linespacing\u003d\"1275\"\u003e \u003cline b\u003d\"687\" baseline\u003d\"686\" l\u003d\"5\" r\u003d\"53\" style\u003d\"transform: translate(7px, 26px); position: absolute;\" t\u003d\"679\"\u003e \u003cformatting lang\u003d\"EnglishUnitedStates\"\u003e account No. \u003c/formatting\u003e  \u003c/line\u003e  \u003c/par\u003e  \u003cpar linespacing\u003d\"1275\"\u003e \u003cline b\u003d\"704\" baseline\u003d\"704\" l\u003d\"5\" r\u003d\"43\" style\u003d\"transform: translate(7px, 50px); position: absolute;\" t\u003d\"697\"\u003e \u003cformatting lang\u003d\"EnglishUnitedStates\"\u003e ;ort Code \u003c/formatting\u003e  \u003c/line\u003e  \u003cline b\u003d\"722\" baseline\u003d\"722\" l\u003d\"5\" r\u003d\"51\" style\u003d\"transform: translate(7px, 74px); position: absolute;\" t\u003d\"715\"\u003e \u003cformatting lang\u003d\"EnglishUnitedStates\"\u003e lank f\u0027teme \u003c/formatting\u003e  \u003c/line\u003e  \u003c/par\u003e  \u003cpar linespacing\u003d\"600\"\u003e \u003cline b\u003d\"740\" baseline\u003d\"741\" l\u003d\"5\" r\u003d\"33\" style\u003d\"transform: translate(7px, 99px); position: absolute;\" t\u003d\"733\"\u003e \u003cformatting lang\u003d\"EnglishUnitedStates\"\u003e \u0027at 1*. \u003c/formatting\u003e  \u003c/line\u003e  \u003c/par\u003e  \u003c/text\u003e  \u003c/block\u003e  \u003cblock b\u003d\"743\" blockname\u003d\"\" blocktype\u003d\"Text\" l\u003d\"83\" r\u003d\"147\" style\u003d\"transform: translate(123px, 918px); position: absolute; width: 95.1181px; height: 88.0208px;\" t\u003d\"678\"\u003e \u003cregion\u003e \u003crect b\u003d\"743\" l\u003d\"83\" r\u003d\"147\" t\u003d\"678\"\u003e\u003c/rect\u003e  \u003c/region\u003e  \u003ctext\u003e \u003cpar linespacing\u003d\"1350\"\u003e \u003cline b\u003d\"686\" baseline\u003d\"686\" l\u003d\"85\" r\u003d\"125\" style\u003d\"transform: translate(3px, 1px); position: absolute;\" t\u003d\"679\"\u003e \u003cformatting lang\u003d\"EnglishUnitedStates\"\u003e 12345878 \u003c/formatting\u003e  \u003c/line\u003e  \u003cline b\u003d\"705\" baseline\u003d\"704\" l\u003d\"85\" r\u003d\"133\" style\u003d\"transform: translate(3px, 26px); position: absolute;\" t\u003d\"697\"\u003e \u003cformatting lang\u003d\"EnglishUnitedStates\"\u003e 12-34-58 \u003c/formatting\u003e  \u003c/line\u003e  \u003cline b\u003d\"724\" baseline\u003d\"722\" l\u003d\"84\" r\u003d\"144\" style\u003d\"transform: translate(1px, 50px); position: absolute;\" t\u003d\"715\"\u003e \u003cformatting lang\u003d\"EnglishUnitedStates\"\u003e Barclays PLC \u003c/formatting\u003e  \u003c/line\u003e  \u003cline b\u003d\"740\" baseline\u003d\"740\" l\u003d\"85\" r\u003d\"131\" style\u003d\"transform: translate(3px, 74px); position: absolute;\" t\u003d\"733\"\u003e \u003cformatting lang\u003d\"EnglishUnitedStates\"\u003e 123458739 \u003c/formatting\u003e  \u003c/line\u003e  \u003c/par\u003e  \u003c/text\u003e  \u003c/block\u003e  \u003cregion xmlns\u003d\"http://ocr.crowdcomputingsystems.com/xml/schema-v1.xml\"\u003e \u003crect b\u003d\"709\" l\u003d\"335\" r\u003d\"508\" t\u003d\"636\"\u003e\u003c/rect\u003e  \u003c/region\u003e \u003ctable b\u003d\"709\" blockname\u003d\"\" blocktype\u003d\"Table\" l\u003d\"335\" r\u003d\"508\" style\u003d\"transform: translate(498px, 861px); position: absolute;\" t\u003d\"636\" xmlns\u003d\"\"\u003e \u003ctbody\u003e\u003ctr\u003e \u003ctd h\u003d\"36\" w\u003d\"57\"\u003e \u003ctext xmlns\u003d\"http://ocr.crowdcomputingsystems.com/xml/schema-v1.xml\"\u003e \u003cpar linespacing\u003d\"530\"\u003e \u003cline b\u003d\"657\" baseline\u003d\"657\" l\u003d\"344\" r\u003d\"383\" t\u003d\"650\"\u003e \u003cformatting lang\u003d\"EnglishUnitedStates\"\u003e Sub Total \u003c/formatting\u003e  \u003c/line\u003e  \u003c/par\u003e  \u003c/text\u003e  \u003c/td\u003e   \u003ctd h\u003d\"36\" w\u003d\"116\"\u003e \u003ctext xmlns\u003d\"http://ocr.crowdcomputingsystems.com/xml/schema-v1.xml\"\u003e \u003cpar align\u003d\"Right\" linespacing\u003d\"530\"\u003e \u003cline b\u003d\"657\" baseline\u003d\"657\" l\u003d\"479\" r\u003d\"501\" t\u003d\"650\"\u003e \u003cformatting lang\u003d\"EnglishUnitedStates\"\u003e EO.CX \u003c/formatting\u003e  \u003c/line\u003e  \u003c/par\u003e  \u003c/text\u003e  \u003c/td\u003e   \u003c/tr\u003e \n \u003ctr\u003e \u003ctd h\u003d\"37\" w\u003d\"57\"\u003e \u003ctext xmlns\u003d\"http://ocr.crowdcomputingsystems.com/xml/schema-v1.xml\"\u003e \u003cpar align\u003d\"Center\" linespacing\u003d\"530\"\u003e \u003cline b\u003d\"693\" baseline\u003d\"693\" l\u003d\"354\" r\u003d\"372\" t\u003d\"686\"\u003e \u003cformatting lang\u003d\"EnglishUnitedStates\"\u003e VAT \u003c/formatting\u003e  \u003c/line\u003e  \u003c/par\u003e  \u003c/text\u003e  \u003c/td\u003e   \u003ctd h\u003d\"37\" w\u003d\"116\"\u003e \u003ctext xmlns\u003d\"http://ocr.crowdcomputingsystems.com/xml/schema-v1.xml\"\u003e \u003cpar align\u003d\"Right\" linespacing\u003d\"530\"\u003e \u003cline b\u003d\"693\" baseline\u003d\"693\" l\u003d\"479\" r\u003d\"501\" t\u003d\"686\"\u003e \u003cformatting lang\u003d\"EnglishUnitedStates\"\u003e EO.CX \u003c/formatting\u003e  \u003c/line\u003e  \u003c/par\u003e  \u003c/text\u003e  \u003c/td\u003e   \u003c/tr\u003e \n \u003c/tbody\u003e\u003c/table\u003e\n \u003cblock b\u003d\"731\" blockname\u003d\"\" blocktype\u003d\"Text\" l\u003d\"476\" r\u003d\"508\" style\u003d\"transform: translate(707px, 978px); position: absolute; width: 47.5591px; height: 12.1875px;\" t\u003d\"722\"\u003e \u003cregion\u003e \u003crect b\u003d\"731\" l\u003d\"476\" r\u003d\"508\" t\u003d\"722\"\u003e\u003c/rect\u003e  \u003c/region\u003e  \u003ctext\u003e \u003cpar align\u003d\"Justified\"\u003e \u003cline b\u003d\"729\" baseline\u003d\"729\" l\u003d\"495\" r\u003d\"497\" style\u003d\"transform: translate(28px, 0px); position: absolute;\" t\u003d\"722\"\u003e \u003cformatting lang\u003d\"EnglishUnitedStates\"\u003e : \u003c/formatting\u003e  \u003c/line\u003e  \u003c/par\u003e  \u003c/text\u003e  \u003c/block\u003e  \u003cblock b\u003d\"740\" blockname\u003d\"\" blocktype\u003d\"Text\" l\u003d\"337\" r\u003d\"391\" style\u003d\"transform: translate(501px, 966px); position: absolute; width: 80.2559px; height: 36.5625px;\" t\u003d\"713\"\u003e \u003cregion\u003e \u003crect b\u003d\"740\" l\u003d\"337\" r\u003d\"391\" t\u003d\"713\"\u003e\u003c/rect\u003e  \u003c/region\u003e  \u003ctext\u003e \u003cpar linespacing\u003d\"680\"\u003e \u003cline b\u003d\"723\" baseline\u003d\"723\" l\u003d\"345\" r\u003d\"382\" style\u003d\"transform: translate(12px, 1px); position: absolute;\" t\u003d\"714\"\u003e \u003cformatting lang\u003d\"EnglishUnitedStates\"\u003e TOTAL \u003c/formatting\u003e  \u003c/line\u003e  \u003c/par\u003e  \u003cpar linespacing\u003d\"680\"\u003e \u003cline b\u003d\"737\" baseline\u003d\"737\" l\u003d\"339\" r\u003d\"388\" style\u003d\"transform: translate(3px, 20px); position: absolute;\" t\u003d\"728\"\u003e \u003cformatting lang\u003d\"EnglishUnitedStates\"\u003e AMOUNT \u003c/formatting\u003e  \u003c/line\u003e  \u003c/par\u003e  \u003c/text\u003e  \u003c/block\u003e  \u003cblock b\u003d\"4\" blockname\u003d\"\" blocktype\u003d\"Separator\" l\u003d\"0\" r\u003d\"508\" style\u003d\"transform: translate(0px, 0px); position: absolute;\" t\u003d\"0\"\u003e \u003cregion\u003e \u003crect b\u003d\"4\" l\u003d\"0\" r\u003d\"508\" t\u003d\"0\"\u003e\u003c/rect\u003e  \u003c/region\u003e  \u003cseparator thickness\u003d\"4\" type\u003d\"Black\"\u003e \u003cstart x\u003d\"0\" y\u003d\"2\"\u003e\u003c/start\u003e \u003cend x\u003d\"508\" y\u003d\"2\"\u003e\u003c/end\u003e \u003c/separator\u003e \u003c/block\u003e  \u003cblock b\u003d\"64\" blockname\u003d\"\" blocktype\u003d\"Separator\" l\u003d\"278\" r\u003d\"503\" style\u003d\"transform: translate(413px, 84px); position: absolute;\" t\u003d\"62\"\u003e \u003cregion\u003e \u003crect b\u003d\"64\" l\u003d\"278\" r\u003d\"503\" t\u003d\"62\"\u003e\u003c/rect\u003e  \u003c/region\u003e  \u003cseparator thickness\u003d\"2\" type\u003d\"Black\"\u003e \u003cstart x\u003d\"278\" y\u003d\"63\"\u003e\u003c/start\u003e \u003cend x\u003d\"503\" y\u003d\"63\"\u003e\u003c/end\u003e \u003c/separator\u003e \u003c/block\u003e  \u003cblock b\u003d\"199\" blockname\u003d\"\" blocktype\u003d\"Separator\" l\u003d\"278\" r\u003d\"503\" style\u003d\"transform: translate(413px, 267px); position: absolute;\" t\u003d\"197\"\u003e \u003cregion\u003e \u003crect b\u003d\"199\" l\u003d\"278\" r\u003d\"503\" t\u003d\"197\"\u003e\u003c/rect\u003e  \u003c/region\u003e  \u003cseparator thickness\u003d\"2\" type\u003d\"Black\"\u003e \u003cstart x\u003d\"278\" y\u003d\"198\"\u003e\u003c/start\u003e \u003cend x\u003d\"503\" y\u003d\"198\"\u003e\u003c/end\u003e \u003c/separator\u003e \u003c/block\u003e  \u003cblock b\u003d\"330\" blockname\u003d\"\" blocktype\u003d\"Separator\" l\u003d\"0\" r\u003d\"503\" style\u003d\"transform: translate(0px, 443px); position: absolute;\" t\u003d\"327\"\u003e \u003cregion\u003e \u003crect b\u003d\"330\" l\u003d\"0\" r\u003d\"503\" t\u003d\"327\"\u003e\u003c/rect\u003e  \u003c/region\u003e  \u003cseparator thickness\u003d\"2\" type\u003d\"Black\"\u003e \u003cstart x\u003d\"0\" y\u003d\"328\"\u003e\u003c/start\u003e \u003cend x\u003d\"503\" y\u003d\"328\"\u003e\u003c/end\u003e \u003c/separator\u003e \u003c/block\u003e  \u003cblock b\u003d\"346\" blockname\u003d\"\" blocktype\u003d\"Separator\" l\u003d\"0\" r\u003d\"503\" style\u003d\"transform: translate(0px, 464px); position: absolute;\" t\u003d\"343\"\u003e \u003cregion\u003e \u003crect b\u003d\"346\" l\u003d\"0\" r\u003d\"503\" t\u003d\"343\"\u003e\u003c/rect\u003e  \u003c/region\u003e  \u003cseparator thickness\u003d\"2\" type\u003d\"Black\"\u003e \u003cstart x\u003d\"0\" y\u003d\"344\"\u003e\u003c/start\u003e \u003cend x\u003d\"503\" y\u003d\"344\"\u003e\u003c/end\u003e \u003c/separator\u003e \u003c/block\u003e  \u003cblock b\u003d\"377\" blockname\u003d\"\" blocktype\u003d\"Separator\" l\u003d\"5\" r\u003d\"503\" style\u003d\"transform: translate(7px, 509px); position: absolute;\" t\u003d\"376\"\u003e \u003cregion\u003e \u003crect b\u003d\"377\" l\u003d\"5\" r\u003d\"503\" t\u003d\"376\"\u003e\u003c/rect\u003e  \u003c/region\u003e  \u003cseparator thickness\u003d\"1\" type\u003d\"Black\"\u003e \u003cstart x\u003d\"5\" y\u003d\"376\"\u003e\u003c/start\u003e \u003cend x\u003d\"503\" y\u003d\"376\"\u003e\u003c/end\u003e \u003c/separator\u003e \u003c/block\u003e  \u003cblock b\u003d\"409\" blockname\u003d\"\" blocktype\u003d\"Separator\" l\u003d\"5\" r\u003d\"503\" style\u003d\"transform: translate(7px, 553px); position: absolute;\" t\u003d\"408\"\u003e \u003cregion\u003e \u003crect b\u003d\"409\" l\u003d\"5\" r\u003d\"503\" t\u003d\"408\"\u003e\u003c/rect\u003e  \u003c/region\u003e  \u003cseparator thickness\u003d\"1\" type\u003d\"Black\"\u003e \u003cstart x\u003d\"5\" y\u003d\"408\"\u003e\u003c/start\u003e \u003cend x\u003d\"503\" y\u003d\"408\"\u003e\u003c/end\u003e \u003c/separator\u003e \u003c/block\u003e  \u003cblock b\u003d\"441\" blockname\u003d\"\" blocktype\u003d\"Separator\" l\u003d\"5\" r\u003d\"503\" style\u003d\"transform: translate(7px, 596px); position: absolute;\" t\u003d\"440\"\u003e \u003cregion\u003e \u003crect b\u003d\"441\" l\u003d\"5\" r\u003d\"503\" t\u003d\"440\"\u003e\u003c/rect\u003e  \u003c/region\u003e  \u003cseparator thickness\u003d\"1\" type\u003d\"Black\"\u003e \u003cstart x\u003d\"5\" y\u003d\"440\"\u003e\u003c/start\u003e \u003cend x\u003d\"503\" y\u003d\"440\"\u003e\u003c/end\u003e \u003c/separator\u003e \u003c/block\u003e  \u003cblock b\u003d\"473\" blockname\u003d\"\" blocktype\u003d\"Separator\" l\u003d\"5\" r\u003d\"503\" style\u003d\"transform: translate(7px, 639px); position: absolute;\" t\u003d\"472\"\u003e \u003cregion\u003e \u003crect b\u003d\"473\" l\u003d\"5\" r\u003d\"503\" t\u003d\"472\"\u003e\u003c/rect\u003e  \u003c/region\u003e  \u003cseparator thickness\u003d\"1\" type\u003d\"Black\"\u003e \u003cstart x\u003d\"5\" y\u003d\"472\"\u003e\u003c/start\u003e \u003cend x\u003d\"503\" y\u003d\"472\"\u003e\u003c/end\u003e \u003c/separator\u003e \u003c/block\u003e  \u003cblock b\u003d\"505\" blockname\u003d\"\" blocktype\u003d\"Separator\" l\u003d\"5\" r\u003d\"503\" style\u003d\"transform: translate(7px, 683px); position: absolute;\" t\u003d\"504\"\u003e \u003cregion\u003e \u003crect b\u003d\"505\" l\u003d\"5\" r\u003d\"503\" t\u003d\"504\"\u003e\u003c/rect\u003e  \u003c/region\u003e  \u003cseparator thickness\u003d\"1\" type\u003d\"Black\"\u003e \u003cstart x\u003d\"5\" y\u003d\"504\"\u003e\u003c/start\u003e \u003cend x\u003d\"503\" y\u003d\"504\"\u003e\u003c/end\u003e \u003c/separator\u003e \u003c/block\u003e  \u003cblock b\u003d\"537\" blockname\u003d\"\" blocktype\u003d\"Separator\" l\u003d\"5\" r\u003d\"503\" style\u003d\"transform: translate(7px, 726px); position: absolute;\" t\u003d\"536\"\u003e \u003cregion\u003e \u003crect b\u003d\"537\" l\u003d\"5\" r\u003d\"503\" t\u003d\"536\"\u003e\u003c/rect\u003e  \u003c/region\u003e  \u003cseparator thickness\u003d\"1\" type\u003d\"Black\"\u003e \u003cstart x\u003d\"5\" y\u003d\"536\"\u003e\u003c/start\u003e \u003cend x\u003d\"503\" y\u003d\"536\"\u003e\u003c/end\u003e \u003c/separator\u003e \u003c/block\u003e  \u003cblock b\u003d\"569\" blockname\u003d\"\" blocktype\u003d\"Separator\" l\u003d\"5\" r\u003d\"503\" style\u003d\"transform: translate(7px, 769px); position: absolute;\" t\u003d\"568\"\u003e \u003cregion\u003e \u003crect b\u003d\"569\" l\u003d\"5\" r\u003d\"503\" t\u003d\"568\"\u003e\u003c/rect\u003e  \u003c/region\u003e  \u003cseparator thickness\u003d\"1\" type\u003d\"Black\"\u003e \u003cstart x\u003d\"5\" y\u003d\"568\"\u003e\u003c/start\u003e \u003cend x\u003d\"503\" y\u003d\"568\"\u003e\u003c/end\u003e \u003c/separator\u003e \u003c/block\u003e  \u003cblock b\u003d\"601\" blockname\u003d\"\" blocktype\u003d\"Separator\" l\u003d\"5\" r\u003d\"503\" style\u003d\"transform: translate(7px, 813px); position: absolute;\" t\u003d\"600\"\u003e \u003cregion\u003e \u003crect b\u003d\"601\" l\u003d\"5\" r\u003d\"503\" t\u003d\"600\"\u003e\u003c/rect\u003e  \u003c/region\u003e  \u003cseparator thickness\u003d\"1\" type\u003d\"Black\"\u003e \u003cstart x\u003d\"5\" y\u003d\"600\"\u003e\u003c/start\u003e \u003cend x\u003d\"503\" y\u003d\"600\"\u003e\u003c/end\u003e \u003c/separator\u003e \u003c/block\u003e  \u003cblock b\u003d\"637\" blockname\u003d\"\" blocktype\u003d\"Separator\" l\u003d\"335\" r\u003d\"503\" style\u003d\"transform: translate(498px, 861px); position: absolute;\" t\u003d\"636\"\u003e \u003cregion\u003e \u003crect b\u003d\"637\" l\u003d\"335\" r\u003d\"503\" t\u003d\"636\"\u003e\u003c/rect\u003e  \u003c/region\u003e  \u003cseparator thickness\u003d\"1\" type\u003d\"Black\"\u003e \u003cstart x\u003d\"335\" y\u003d\"636\"\u003e\u003c/start\u003e \u003cend x\u003d\"503\" y\u003d\"636\"\u003e\u003c/end\u003e \u003c/separator\u003e \u003c/block\u003e  \u003cblock b\u003d\"673\" blockname\u003d\"\" blocktype\u003d\"Separator\" l\u003d\"335\" r\u003d\"503\" style\u003d\"transform: translate(498px, 910px); position: absolute;\" t\u003d\"672\"\u003e \u003cregion\u003e \u003crect b\u003d\"673\" l\u003d\"335\" r\u003d\"503\" t\u003d\"672\"\u003e\u003c/rect\u003e  \u003c/region\u003e  \u003cseparator thickness\u003d\"1\" type\u003d\"Black\"\u003e \u003cstart x\u003d\"335\" y\u003d\"672\"\u003e\u003c/start\u003e \u003cend x\u003d\"503\" y\u003d\"672\"\u003e\u003c/end\u003e \u003c/separator\u003e \u003c/block\u003e  \u003cblock b\u003d\"709\" blockname\u003d\"\" blocktype\u003d\"Separator\" l\u003d\"335\" r\u003d\"503\" style\u003d\"transform: translate(498px, 959px); position: absolute;\" t\u003d\"708\"\u003e \u003cregion\u003e \u003crect b\u003d\"709\" l\u003d\"335\" r\u003d\"503\" t\u003d\"708\"\u003e\u003c/rect\u003e  \u003c/region\u003e  \u003cseparator thickness\u003d\"1\" type\u003d\"Black\"\u003e \u003cstart x\u003d\"335\" y\u003d\"708\"\u003e\u003c/start\u003e \u003cend x\u003d\"503\" y\u003d\"708\"\u003e\u003c/end\u003e \u003c/separator\u003e \u003c/block\u003e  \u003cblock b\u003d\"745\" blockname\u003d\"\" blocktype\u003d\"Separator\" l\u003d\"335\" r\u003d\"503\" style\u003d\"transform: translate(498px, 1008px); position: absolute;\" t\u003d\"744\"\u003e \u003cregion\u003e \u003crect b\u003d\"745\" l\u003d\"335\" r\u003d\"503\" t\u003d\"744\"\u003e\u003c/rect\u003e  \u003c/region\u003e  \u003cseparator thickness\u003d\"1\" type\u003d\"Black\"\u003e \u003cstart x\u003d\"335\" y\u003d\"744\"\u003e\u003c/start\u003e \u003cend x\u003d\"503\" y\u003d\"744\"\u003e\u003c/end\u003e \u003c/separator\u003e \u003c/block\u003e  \u003cblock b\u003d\"760\" blockname\u003d\"\" blocktype\u003d\"Separator\" l\u003d\"0\" r\u003d\"508\" style\u003d\"transform: translate(0px, 1021px); position: absolute;\" t\u003d\"754\"\u003e \u003cregion\u003e \u003crect b\u003d\"760\" l\u003d\"0\" r\u003d\"508\" t\u003d\"754\"\u003e\u003c/rect\u003e  \u003c/region\u003e  \u003cseparator thickness\u003d\"6\" type\u003d\"Black\"\u003e \u003cstart x\u003d\"0\" y\u003d\"757\"\u003e\u003c/start\u003e \u003cend x\u003d\"508\" y\u003d\"757\"\u003e\u003c/end\u003e \u003c/separator\u003e \u003c/block\u003e  \u003cblock b\u003d\"760\" blockname\u003d\"\" blocktype\u003d\"Separator\" class\u003d\"hidden\" l\u003d\"0\" r\u003d\"9\" style\u003d\"transform: translate(0px, 46px); position: absolute;\" t\u003d\"34\"\u003e \u003cregion\u003e \u003crect b\u003d\"35\" l\u003d\"0\" r\u003d\"9\" t\u003d\"34\"\u003e\u003c/rect\u003e  \u003crect b\u003d\"136\" l\u003d\"0\" r\u003d\"6\" t\u003d\"35\"\u003e\u003c/rect\u003e  \u003crect b\u003d\"146\" l\u003d\"0\" r\u003d\"8\" t\u003d\"136\"\u003e\u003c/rect\u003e  \u003crect b\u003d\"760\" l\u003d\"0\" r\u003d\"6\" t\u003d\"146\"\u003e\u003c/rect\u003e  \u003c/region\u003e  \u003cseparator thickness\u003d\"6\" type\u003d\"Black\"\u003e \u003cstart x\u003d\"4\" y\u003d\"34\"\u003e\u003c/start\u003e \u003cend x\u003d\"4\" y\u003d\"760\"\u003e\u003c/end\u003e \u003c/separator\u003e \u003c/block\u003e  \u003cblock b\u003d\"601\" blockname\u003d\"\" blocktype\u003d\"Separator\" l\u003d\"164\" r\u003d\"165\" style\u003d\"transform: translate(244px, 444px); position: absolute;\" t\u003d\"328\"\u003e \u003cregion\u003e \u003crect b\u003d\"601\" l\u003d\"164\" r\u003d\"165\" t\u003d\"328\"\u003e\u003c/rect\u003e  \u003c/region\u003e  \u003cseparator thickness\u003d\"1\" type\u003d\"Black\"\u003e \u003cstart x\u003d\"164\" y\u003d\"328\"\u003e\u003c/start\u003e \u003cend x\u003d\"164\" y\u003d\"601\"\u003e\u003c/end\u003e \u003c/separator\u003e \u003c/block\u003e  \u003cblock b\u003d\"601\" blockname\u003d\"\" blocktype\u003d\"Separator\" l\u003d\"221\" r\u003d\"222\" style\u003d\"transform: translate(328px, 444px); position: absolute;\" t\u003d\"328\"\u003e \u003cregion\u003e \u003crect b\u003d\"601\" l\u003d\"221\" r\u003d\"222\" t\u003d\"328\"\u003e\u003c/rect\u003e  \u003c/region\u003e  \u003cseparator thickness\u003d\"1\" type\u003d\"Black\"\u003e \u003cstart x\u003d\"221\" y\u003d\"328\"\u003e\u003c/start\u003e \u003cend x\u003d\"221\" y\u003d\"601\"\u003e\u003c/end\u003e \u003c/separator\u003e \u003c/block\u003e  \u003cblock b\u003d\"199\" blockname\u003d\"\" blocktype\u003d\"Separator\" l\u003d\"278\" r\u003d\"279\" style\u003d\"transform: translate(413px, 84px); position: absolute;\" t\u003d\"62\"\u003e \u003cregion\u003e \u003crect b\u003d\"199\" l\u003d\"278\" r\u003d\"279\" t\u003d\"62\"\u003e\u003c/rect\u003e  \u003c/region\u003e  \u003cseparator thickness\u003d\"1\" type\u003d\"Black\"\u003e \u003cstart x\u003d\"278\" y\u003d\"62\"\u003e\u003c/start\u003e \u003cend x\u003d\"278\" y\u003d\"199\"\u003e\u003c/end\u003e \u003c/separator\u003e \u003c/block\u003e  \u003cblock b\u003d\"601\" blockname\u003d\"\" blocktype\u003d\"Separator\" l\u003d\"278\" r\u003d\"279\" style\u003d\"transform: translate(413px, 444px); position: absolute;\" t\u003d\"328\"\u003e \u003cregion\u003e \u003crect b\u003d\"601\" l\u003d\"278\" r\u003d\"279\" t\u003d\"328\"\u003e\u003c/rect\u003e  \u003c/region\u003e  \u003cseparator thickness\u003d\"1\" type\u003d\"Black\"\u003e \u003cstart x\u003d\"278\" y\u003d\"328\"\u003e\u003c/start\u003e \u003cend x\u003d\"278\" y\u003d\"601\"\u003e\u003c/end\u003e \u003c/separator\u003e \u003c/block\u003e  \u003cblock b\u003d\"601\" blockname\u003d\"\" blocktype\u003d\"Separator\" l\u003d\"335\" r\u003d\"336\" style\u003d\"transform: translate(498px, 444px); position: absolute;\" t\u003d\"328\"\u003e \u003cregion\u003e \u003crect b\u003d\"601\" l\u003d\"335\" r\u003d\"336\" t\u003d\"328\"\u003e\u003c/rect\u003e  \u003c/region\u003e  \u003cseparator thickness\u003d\"1\" type\u003d\"Black\"\u003e \u003cstart x\u003d\"335\" y\u003d\"328\"\u003e\u003c/start\u003e \u003cend x\u003d\"335\" y\u003d\"601\"\u003e\u003c/end\u003e \u003c/separator\u003e \u003c/block\u003e  \u003cblock b\u003d\"745\" blockname\u003d\"\" blocktype\u003d\"Separator\" l\u003d\"335\" r\u003d\"336\" style\u003d\"transform: translate(498px, 861px); position: absolute;\" t\u003d\"636\"\u003e \u003cregion\u003e \u003crect b\u003d\"745\" l\u003d\"335\" r\u003d\"336\" t\u003d\"636\"\u003e\u003c/rect\u003e  \u003c/region\u003e  \u003cseparator thickness\u003d\"1\" type\u003d\"Black\"\u003e \u003cstart x\u003d\"335\" y\u003d\"636\"\u003e\u003c/start\u003e \u003cend x\u003d\"335\" y\u003d\"745\"\u003e\u003c/end\u003e \u003c/separator\u003e \u003c/block\u003e  \u003cblock b\u003d\"601\" blockname\u003d\"\" blocktype\u003d\"Separator\" l\u003d\"392\" r\u003d\"393\" style\u003d\"transform: translate(583px, 444px); position: absolute;\" t\u003d\"328\"\u003e \u003cregion\u003e \u003crect b\u003d\"601\" l\u003d\"392\" r\u003d\"393\" t\u003d\"328\"\u003e\u003c/rect\u003e  \u003c/region\u003e  \u003cseparator thickness\u003d\"1\" type\u003d\"Black\"\u003e \u003cstart x\u003d\"392\" y\u003d\"328\"\u003e\u003c/start\u003e \u003cend x\u003d\"392\" y\u003d\"601\"\u003e\u003c/end\u003e \u003c/separator\u003e \u003c/block\u003e  \u003cblock b\u003d\"745\" blockname\u003d\"\" blocktype\u003d\"Separator\" l\u003d\"392\" r\u003d\"393\" style\u003d\"transform: translate(583px, 861px); position: absolute;\" t\u003d\"636\"\u003e \u003cregion\u003e \u003crect b\u003d\"745\" l\u003d\"392\" r\u003d\"393\" t\u003d\"636\"\u003e\u003c/rect\u003e  \u003c/region\u003e  \u003cseparator thickness\u003d\"1\" type\u003d\"Black\"\u003e \u003cstart x\u003d\"392\" y\u003d\"636\"\u003e\u003c/start\u003e \u003cend x\u003d\"392\" y\u003d\"745\"\u003e\u003c/end\u003e \u003c/separator\u003e \u003c/block\u003e  \u003cblock b\u003d\"601\" blockname\u003d\"\" blocktype\u003d\"Separator\" l\u003d\"449\" r\u003d\"450\" style\u003d\"transform: translate(667px, 444px); position: absolute;\" t\u003d\"328\"\u003e \u003cregion\u003e \u003crect b\u003d\"601\" l\u003d\"449\" r\u003d\"450\" t\u003d\"328\"\u003e\u003c/rect\u003e  \u003c/region\u003e  \u003cseparator thickness\u003d\"1\" type\u003d\"Black\"\u003e \u003cstart x\u003d\"449\" y\u003d\"328\"\u003e\u003c/start\u003e \u003cend x\u003d\"449\" y\u003d\"601\"\u003e\u003c/end\u003e \u003c/separator\u003e \u003c/block\u003e  \u003cblock b\u003d\"760\" blockname\u003d\"\" blocktype\u003d\"Separator\" l\u003d\"502\" r\u003d\"508\" style\u003d\"transform: translate(746px, 0px); position: absolute;\" t\u003d\"0\"\u003e \u003cregion\u003e \u003crect b\u003d\"760\" l\u003d\"502\" r\u003d\"508\" t\u003d\"0\"\u003e\u003c/rect\u003e  \u003c/region\u003e  \u003cseparator thickness\u003d\"6\" type\u003d\"Black\"\u003e \u003cstart x\u003d\"505\" y\u003d\"0\"\u003e\u003c/start\u003e \u003cend x\u003d\"505\" y\u003d\"760\"\u003e\u003c/end\u003e \u003c/separator\u003e \u003c/block\u003e  \u003cblock b\u003d\"144\" blockname\u003d\"\" blocktype\u003d\"Separator\" class\u003d\"hidden\" l\u003d\"388\" r\u003d\"389\" style\u003d\"transform: translate(577px, 115px); position: absolute;\" t\u003d\"85\"\u003e \u003cregion\u003e \u003crect b\u003d\"144\" l\u003d\"388\" r\u003d\"389\" t\u003d\"85\"\u003e\u003c/rect\u003e  \u003c/region\u003e  \u003cseparator thickness\u003d\"1\" type\u003d\"Dotted\"\u003e \u003cstart x\u003d\"388\" y\u003d\"85\"\u003e\u003c/start\u003e \u003cend x\u003d\"388\" y\u003d\"144\"\u003e\u003c/end\u003e \u003c/separator\u003e \u003c/block\u003e  \u003c/page\u003e                 \u003c/document\u003e","tags":[{"score":0.6898440966885736,"end":357,"tag":"invoice_date","text":"1*07/2016","estimatedAccuracy":0.0,"begin":348}],"group":"invoice_date"}