{"finalScore":0.615611566591616,"metaInfo":{"model":{"coreVersion":"9.3.0.9"}},"sumScore":2.462446266366464,"tagsCounter":4.0,"taggedText":"\u003chtml\u003e\u003chead\u003e\u003cscript src\u003d\"https://ajax.googleapis.com/ajax/libs/jquery/2.2.0/jquery.min.js\"\u003e\u003c/script\u003e\u003c/head\u003e\u003cbody\u003e\u003cdocument languages\u003d\"\" producer\u003d\"Workfusion\" schemalocation\u003d\"http://ocr.crowdcomputingsystems.com/xml/schema-v1.xml\" version\u003d\"1.0\" xmlns\u003d\"http://ocr.crowdcomputingsystems.com/xml/schema-v1.xml\" xsi\u003d\"http://www.w3.org/2001/XMLSchema-instance\"\u003e \u003clink href\u003d\"https://s3.amazonaws.com/workfusion-resources/ocr/ocr-xml-viewer-0.3-scale-to-width.css\" rel\u003d\"stylesheet\" type\u003d\"text/css\"\u003e\u003c/link\u003e \u003cstyle\u003e\u003c/style\u003e\u003cpage data-pages\u003d\"1\" h\u003d\"550\" resolution\u003d\"96\" style\u003d\"height: 543px;\" w\u003d\"585\"\u003e \u003cblock b\u003d\"185\" blockname\u003d\"\" blocktype\u003d\"Text\" l\u003d\"113\" r\u003d\"468\" style\u003d\"transform: translate(272px, 188px); position: absolute; width: 853.214px; height: 62.2917px;\" t\u003d\"139\"\u003e \u003cregion\u003e \u003crect b\u003d\"185\" l\u003d\"113\" r\u003d\"468\" t\u003d\"139\"\u003e\u003c/rect\u003e  \u003c/region\u003e  \u003ctext\u003e \u003cpar align\u003d\"Justified\" linespacing\u003d\"750\"\u003e \u003cline b\u003d\"151\" baseline\u003d\"149\" l\u003d\"114\" r\u003d\"465\" style\u003d\"transform: translate(2px, 3px); position: absolute;\" t\u003d\"141\"\u003e \u003cformatting lang\u003d\"EnglishUnitedStates\"\u003e \u003csupplier_name begin\u003d\"13\" class\u003d\"extraction-tag ml-tag\" data-text\u003d\"Johndoo Tax\" data-value\u003d\"Johndoo Tax\" end\u003d\"24\" ml-tagorder\u003d\"0\" score\u003d\"0.6193718057649382\" style\u003d\"border: 2px solid rgb(125, 157, 1);\" tagorder\u003d\"0\"\u003eJohndoo Tax\u003c/supplier_name\u003e Invoice \u003c/formatting\u003e  \u003c/line\u003e  \u003c/par\u003e  \u003cpar align\u003d\"Justified\" linespacing\u003d\"750\"\u003e \u003cline b\u003d\"159\" baseline\u003d\"159\" l\u003d\"115\" r\u003d\"169\" style\u003d\"transform: translate(5px, 20px); position: absolute;\" t\u003d\"154\"\u003e \u003cformatting lang\u003d\"EnglishUnitedStates\"\u003e 128 RrstAvonuo \u003c/formatting\u003e  \u003c/line\u003e  \u003c/par\u003e  \u003cpar align\u003d\"Justified\" linespacing\u003d\"750\"\u003e \u003cline b\u003d\"172\" baseline\u003d\"170\" l\u003d\"114\" r\u003d\"219\" style\u003d\"transform: translate(2px, 35px); position: absolute;\" t\u003d\"165\"\u003e \u003cformatting lang\u003d\"EnglishUnitedStates\"\u003e Sydnoy. Now Sour Wales 2251 \u003c/formatting\u003e  \u003c/line\u003e  \u003c/par\u003e  \u003cpar align\u003d\"Justified\" linespacing\u003d\"380\"\u003e \u003cline b\u003d\"183\" baseline\u003d\"182\" l\u003d\"114\" r\u003d\"143\" style\u003d\"transform: translate(2px, 51px); position: absolute;\" t\u003d\"177\"\u003e \u003cformatting lang\u003d\"EnglishUnitedStates\"\u003e Auanaa \u003c/formatting\u003e  \u003c/line\u003e  \u003c/par\u003e  \u003c/text\u003e  \u003c/block\u003e  \u003cregion xmlns\u003d\"http://ocr.crowdcomputingsystems.com/xml/schema-v1.xml\"\u003e \u003crect b\u003d\"364\" l\u003d\"110\" r\u003d\"471\" t\u003d\"200\"\u003e\u003c/rect\u003e  \u003c/region\u003e \u003ctable b\u003d\"364\" blockname\u003d\"\" blocktype\u003d\"Table\" l\u003d\"110\" r\u003d\"471\" style\u003d\"transform: translate(264px, 271px); position: absolute; user-select: auto;\" t\u003d\"200\" xmlns\u003d\"\"\u003e \u003ctbody\u003e\u003ctr\u003e \u003ctd bottomborder\u003d\"White\" h\u003d\"91\" leftborder\u003d\"White\" rightborder\u003d\"White\" w\u003d\"71\"\u003e \u003ctext xmlns\u003d\"http://ocr.crowdcomputingsystems.com/xml/schema-v1.xml\"\u003e \u003cpar linespacing\u003d\"380\"\u003e \u003cline b\u003d\"225\" baseline\u003d\"225\" l\u003d\"114\" r\u003d\"137\" t\u003d\"220\"\u003e \u003cformatting lang\u003d\"EnglishUnitedStates\"\u003e Bill To \u003c/formatting\u003e  \u003c/line\u003e  \u003c/par\u003e  \u003c/text\u003e  \u003c/td\u003e   \u003ctd bottomborder\u003d\"White\" h\u003d\"91\" leftborder\u003d\"White\" rightborder\u003d\"White\" w\u003d\"92\"\u003e \u003ctext xmlns\u003d\"http://ocr.crowdcomputingsystems.com/xml/schema-v1.xml\"\u003e \u003cpar leftindent\u003d\"1400\" linespacing\u003d\"825\"\u003e \u003cline b\u003d\"227\" baseline\u003d\"225\" l\u003d\"200\" r\u003d\"246\" t\u003d\"220\"\u003e \u003cformatting lang\u003d\"EnglishUnitedStates\"\u003e Honry Hlpolns \u003c/formatting\u003e  \u003c/line\u003e  \u003c/par\u003e  \u003cpar leftindent\u003d\"1400\" linespacing\u003d\"825\"\u003e \u003cline b\u003d\"237\" baseline\u003d\"237\" l\u003d\"201\" r\u003d\"231\" t\u003d\"232\"\u003e \u003cformatting lang\u003d\"EnglishUnitedStates\"\u003e 1 Mam St \u003c/formatting\u003e  \u003c/line\u003e  \u003c/par\u003e  \u003cpar leftindent\u003d\"1400\" linespacing\u003d\"825\"\u003e \u003cline b\u003d\"249\" baseline\u003d\"248\" l\u003d\"200\" r\u003d\"233\" t\u003d\"243\"\u003e \u003cformatting lang\u003d\"EnglishUnitedStates\"\u003e MoBoum, \u003c/formatting\u003e  \u003c/line\u003e  \u003c/par\u003e  \u003cpar align\u003d\"Center\" leftindent\u003d\"700\" linespacing\u003d\"825\"\u003e \u003cline b\u003d\"260\" baseline\u003d\"260\" l\u003d\"200\" r\u003d\"243\" t\u003d\"255\"\u003e \u003cformatting lang\u003d\"EnglishUnitedStates\"\u003e Victoria 3085 \u003c/formatting\u003e  \u003c/line\u003e  \u003c/par\u003e  \u003cpar leftindent\u003d\"1400\" linespacing\u003d\"825\"\u003e \u003cline b\u003d\"272\" baseline\u003d\"273\" l\u003d\"200\" r\u003d\"228\" t\u003d\"267\"\u003e \u003cformatting lang\u003d\"EnglishUnitedStates\"\u003e Australia \u003c/formatting\u003e  \u003c/line\u003e  \u003c/par\u003e  \u003c/text\u003e  \u003c/td\u003e   \u003ctd bottomborder\u003d\"White\" h\u003d\"91\" leftborder\u003d\"White\" rightborder\u003d\"White\" w\u003d\"112\"\u003e \u003ctext xmlns\u003d\"http://ocr.crowdcomputingsystems.com/xml/schema-v1.xml\"\u003e \u003cpar align\u003d\"Right\" linespacing\u003d\"380\" rightindent\u003d\"1400\"\u003e \u003cline b\u003d\"225\" baseline\u003d\"225\" l\u003d\"325\" r\u003d\"367\" t\u003d\"220\"\u003e \u003cformatting lang\u003d\"EnglishUnitedStates\"\u003e Involco no. \u003c/formatting\u003e  \u003c/line\u003e  \u003c/par\u003e  \u003cpar align\u003d\"Right\" linespacing\u003d\"380\" rightindent\u003d\"1400\"\u003e \u003cline b\u003d\"238\" baseline\u003d\"237\" l\u003d\"349\" r\u003d\"366\" t\u003d\"232\"\u003e \u003cformatting lang\u003d\"EnglishUnitedStates\"\u003e Data \u003c/formatting\u003e  \u003c/line\u003e  \u003c/par\u003e  \u003c/text\u003e  \u003c/td\u003e   \u003ctd bottomborder\u003d\"White\" h\u003d\"91\" leftborder\u003d\"White\" rightborder\u003d\"White\" w\u003d\"86\"\u003e \u003ctext xmlns\u003d\"http://ocr.crowdcomputingsystems.com/xml/schema-v1.xml\"\u003e \u003cpar align\u003d\"Right\" linespacing\u003d\"380\"\u003e \u003cline b\u003d\"225\" baseline\u003d\"225\" l\u003d\"448\" r\u003d\"465\" t\u003d\"220\"\u003e \u003cformatting lang\u003d\"EnglishUnitedStates\"\u003e \u003cinvoice_number begin\u003d\"304\" class\u003d\"extraction-tag ml-tag\" data-text\u003d\"0000\" data-value\u003d\"0000\" end\u003d\"308\" ml-tagorder\u003d\"1\" score\u003d\"0.5575940930135939\" style\u003d\"border: 2px solid rgb(125, 157, 1);\" tagorder\u003d\"1\"\u003e0000\u003c/invoice_number\u003e \u003c/formatting\u003e  \u003c/line\u003e  \u003c/par\u003e  \u003cpar align\u003d\"Right\" linespacing\u003d\"380\"\u003e \u003cline b\u003d\"237\" baseline\u003d\"237\" l\u003d\"429\" r\u003d\"466\" t\u003d\"232\"\u003e \u003cformatting lang\u003d\"EnglishUnitedStates\"\u003e 0103(2015 \u003c/formatting\u003e  \u003c/line\u003e  \u003c/par\u003e  \u003c/text\u003e  \u003c/td\u003e   \u003c/tr\u003e \n \u003ctr\u003e \u003ctd bottomborder\u003d\"White\" h\u003d\"17\" leftborder\u003d\"White\" rightborder\u003d\"White\" topborder\u003d\"White\" w\u003d\"71\"\u003e \u003ctext xmlns\u003d\"http://ocr.crowdcomputingsystems.com/xml/schema-v1.xml\"\u003e \u003cpar linespacing\u003d\"380\"\u003e \u003cline b\u003d\"303\" baseline\u003d\"301\" l\u003d\"118\" r\u003d\"161\" t\u003d\"296\"\u003e \u003cformatting lang\u003d\"EnglishUnitedStates\"\u003e Description \u003c/formatting\u003e  \u003c/line\u003e  \u003c/par\u003e  \u003c/text\u003e  \u003c/td\u003e   \u003ctd bottomborder\u003d\"White\" h\u003d\"17\" leftborder\u003d\"White\" rightborder\u003d\"White\" topborder\u003d\"White\" w\u003d\"92\"\u003e \u003ctext xmlns\u003d\"http://ocr.crowdcomputingsystems.com/xml/schema-v1.xml\"\u003e \u003cpar leftindent\u003d\"3000\" linespacing\u003d\"380\"\u003e \u003cline b\u003d\"303\" baseline\u003d\"301\" l\u003d\"220\" r\u003d\"251\" t\u003d\"296\"\u003e \u003cformatting lang\u003d\"EnglishUnitedStates\"\u003e Quantity \u003c/formatting\u003e  \u003c/line\u003e  \u003c/par\u003e  \u003c/text\u003e  \u003c/td\u003e   \u003ctd bottomborder\u003d\"White\" h\u003d\"17\" leftborder\u003d\"White\" rightborder\u003d\"White\" topborder\u003d\"White\" w\u003d\"112\"\u003e \u003ctext xmlns\u003d\"http://ocr.crowdcomputingsystems.com/xml/schema-v1.xml\"\u003e \u003cpar leftindent\u003d\"1700\" linespacing\u003d\"380\"\u003e \u003cline b\u003d\"302\" baseline\u003d\"301\" l\u003d\"295\" r\u003d\"331\" t\u003d\"296\"\u003e \u003cformatting lang\u003d\"EnglishUnitedStates\"\u003e Unit Prlca \u003c/formatting\u003e  \u003c/line\u003e  \u003c/par\u003e  \u003c/text\u003e  \u003c/td\u003e   \u003ctd bottomborder\u003d\"White\" h\u003d\"17\" leftborder\u003d\"White\" rightborder\u003d\"White\" topborder\u003d\"White\" w\u003d\"86\"\u003e \u003ctext xmlns\u003d\"http://ocr.crowdcomputingsystems.com/xml/schema-v1.xml\"\u003e \u003cpar leftindent\u003d\"1400\" linespacing\u003d\"380\"\u003e \u003cline b\u003d\"301\" baseline\u003d\"301\" l\u003d\"404\" r\u003d\"433\" t\u003d\"296\"\u003e \u003cformatting lang\u003d\"EnglishUnitedStates\"\u003e Amount \u003c/formatting\u003e  \u003c/line\u003e  \u003c/par\u003e  \u003c/text\u003e  \u003c/td\u003e   \u003c/tr\u003e \n \u003ctr\u003e \u003ctd bottomborder\u003d\"White\" h\u003d\"17\" leftborder\u003d\"White\" rightborder\u003d\"White\" topborder\u003d\"White\" w\u003d\"71\"\u003e \u003ctext xmlns\u003d\"http://ocr.crowdcomputingsystems.com/xml/schema-v1.xml\"\u003e \u003cpar linespacing\u003d\"380\"\u003e \u003cline b\u003d\"318\" baseline\u003d\"318\" l\u003d\"118\" r\u003d\"163\" t\u003d\"313\"\u003e\u003cproduct begin\u003d\"453\" class\u003d\"extraction-tag ml-tag\" data-text\u003d\"Product narro\" data-value\u003d\"Product narro\" end\u003d\"466\" ml-tagorder\u003d\"2\" score\u003d\"0.6262374503699719\" style\u003d\"border: 2px solid rgb(125, 157, 1);\" tagorder\u003d\"2\"\u003eProduct narro\u003c/product\u003e\u003c/line\u003e  \u003c/par\u003e  \u003c/text\u003e  \u003c/td\u003e   \u003ctd bottomborder\u003d\"White\" h\u003d\"17\" leftborder\u003d\"White\" rightborder\u003d\"White\" topborder\u003d\"White\" w\u003d\"92\"\u003e \u003ctext xmlns\u003d\"http://ocr.crowdcomputingsystems.com/xml/schema-v1.xml\"\u003e \u003cpar align\u003d\"Center\" leftindent\u003d\"700\" linespacing\u003d\"450\"\u003e \u003cline b\u003d\"318\" baseline\u003d\"319\" l\u003d\"221\" r\u003d\"223\" t\u003d\"313\"\u003e\u003cquantity begin\u003d\"478\" class\u003d\"extraction-tag ml-tag\" data-text\u003d\"1\" data-value\u003d\"1\" end\u003d\"479\" ml-tagorder\u003d\"3\" score\u003d\"0.6592429172179599\" style\u003d\"border: 2px solid rgb(125, 157, 1);\" tagorder\u003d\"3\"\u003e1\u003c/quantity\u003e\u003c/line\u003e  \u003c/par\u003e  \u003c/text\u003e  \u003c/td\u003e   \u003ctd bottomborder\u003d\"White\" h\u003d\"17\" leftborder\u003d\"White\" rightborder\u003d\"White\" topborder\u003d\"White\" w\u003d\"112\"\u003e \u003ctext xmlns\u003d\"http://ocr.crowdcomputingsystems.com/xml/schema-v1.xml\"\u003e \u003cpar leftindent\u003d\"1700\" linespacing\u003d\"450\"\u003e \u003cline b\u003d\"319\" baseline\u003d\"319\" l\u003d\"295\" r\u003d\"315\" t\u003d\"313\"\u003eSO DO\u003c/line\u003e  \u003c/par\u003e  \u003c/text\u003e  \u003c/td\u003e   \u003ctd bottomborder\u003d\"White\" h\u003d\"17\" leftborder\u003d\"White\" rightborder\u003d\"White\" topborder\u003d\"White\" w\u003d\"86\"\u003e \u003ctext xmlns\u003d\"http://ocr.crowdcomputingsystems.com/xml/schema-v1.xml\"\u003e \u003cpar leftindent\u003d\"1400\" linespacing\u003d\"530\"\u003e \u003cline b\u003d\"319\" baseline\u003d\"319\" l\u003d\"404\" r\u003d\"424\" t\u003d\"312\"\u003e \u003cformatting lang\u003d\"EnglishUnitedStates\"\u003e SOOO \u003c/formatting\u003e  \u003c/line\u003e  \u003c/par\u003e  \u003c/text\u003e  \u003c/td\u003e   \u003c/tr\u003e \n \u003ctr\u003e \u003ctd bottomborder\u003d\"White\" h\u003d\"17\" leftborder\u003d\"White\" rightborder\u003d\"White\" topborder\u003d\"White\" w\u003d\"71\"\u003e \u003ctext xmlns\u003d\"http://ocr.crowdcomputingsystems.com/xml/schema-v1.xml\"\u003e \u003cpar linespacing\u003d\"-1\"\u003e\u003c/par\u003e  \u003c/text\u003e  \u003c/td\u003e   \u003ctd bottomborder\u003d\"White\" h\u003d\"17\" leftborder\u003d\"White\" rightborder\u003d\"White\" topborder\u003d\"White\" w\u003d\"92\"\u003e \u003ctext xmlns\u003d\"http://ocr.crowdcomputingsystems.com/xml/schema-v1.xml\"\u003e \u003cpar leftindent\u003d\"1400\" linespacing\u003d\"-1\"\u003e\u003c/par\u003e  \u003c/text\u003e  \u003c/td\u003e   \u003ctd bottomborder\u003d\"White\" h\u003d\"17\" leftborder\u003d\"White\" rightborder\u003d\"White\" topborder\u003d\"White\" w\u003d\"112\"\u003e \u003ctext xmlns\u003d\"http://ocr.crowdcomputingsystems.com/xml/schema-v1.xml\"\u003e \u003cpar leftindent\u003d\"1700\" linespacing\u003d\"380\"\u003e \u003cline b\u003d\"335\" baseline\u003d\"335\" l\u003d\"295\" r\u003d\"326\" t\u003d\"330\"\u003e \u003cformatting lang\u003d\"EnglishUnitedStates\"\u003e Subtotal \u003c/formatting\u003e  \u003c/line\u003e  \u003c/par\u003e  \u003c/text\u003e  \u003c/td\u003e   \u003ctd bottomborder\u003d\"White\" h\u003d\"17\" leftborder\u003d\"White\" rightborder\u003d\"White\" topborder\u003d\"White\" w\u003d\"86\"\u003e \u003ctext xmlns\u003d\"http://ocr.crowdcomputingsystems.com/xml/schema-v1.xml\"\u003e \u003cpar leftindent\u003d\"1400\" linespacing\u003d\"380\"\u003e \u003cline b\u003d\"336\" baseline\u003d\"335\" l\u003d\"404\" r\u003d\"424\" t\u003d\"330\"\u003e \u003cformatting lang\u003d\"EnglishUnitedStates\"\u003e SO DO \u003c/formatting\u003e  \u003c/line\u003e  \u003c/par\u003e  \u003c/text\u003e  \u003c/td\u003e   \u003c/tr\u003e \n \u003ctr\u003e \u003ctd bottomborder\u003d\"White\" h\u003d\"22\" leftborder\u003d\"White\" rightborder\u003d\"White\" topborder\u003d\"White\" w\u003d\"71\"\u003e \u003ctext xmlns\u003d\"http://ocr.crowdcomputingsystems.com/xml/schema-v1.xml\"\u003e \u003cpar linespacing\u003d\"-1\"\u003e\u003c/par\u003e  \u003c/text\u003e  \u003c/td\u003e   \u003ctd bottomborder\u003d\"White\" h\u003d\"22\" leftborder\u003d\"White\" rightborder\u003d\"White\" topborder\u003d\"White\" w\u003d\"92\"\u003e \u003ctext xmlns\u003d\"http://ocr.crowdcomputingsystems.com/xml/schema-v1.xml\"\u003e \u003cpar leftindent\u003d\"1400\" linespacing\u003d\"-1\"\u003e\u003c/par\u003e  \u003c/text\u003e  \u003c/td\u003e   \u003ctd bottomborder\u003d\"White\" h\u003d\"22\" leftborder\u003d\"White\" rightborder\u003d\"White\" topborder\u003d\"White\" w\u003d\"112\"\u003e \u003ctext xmlns\u003d\"http://ocr.crowdcomputingsystems.com/xml/schema-v1.xml\"\u003e \u003cpar leftindent\u003d\"1700\" linespacing\u003d\"380\"\u003e \u003cline b\u003d\"352\" baseline\u003d\"352\" l\u003d\"295\" r\u003d\"343\" t\u003d\"347\"\u003e \u003cformatting lang\u003d\"EnglishUnitedStates\"\u003e Balance Duo \u003c/formatting\u003e  \u003c/line\u003e  \u003c/par\u003e  \u003c/text\u003e  \u003c/td\u003e   \u003ctd bottomborder\u003d\"White\" h\u003d\"22\" leftborder\u003d\"White\" rightborder\u003d\"White\" topborder\u003d\"White\" w\u003d\"86\"\u003e \u003ctext xmlns\u003d\"http://ocr.crowdcomputingsystems.com/xml/schema-v1.xml\"\u003e \u003cpar leftindent\u003d\"1400\" linespacing\u003d\"380\"\u003e \u003cline b\u003d\"353\" baseline\u003d\"352\" l\u003d\"404\" r\u003d\"424\" t\u003d\"347\"\u003e \u003cformatting lang\u003d\"EnglishUnitedStates\"\u003e SOOO \u003c/formatting\u003e  \u003c/line\u003e  \u003c/par\u003e  \u003c/text\u003e  \u003c/td\u003e   \u003c/tr\u003e \n \u003c/tbody\u003e\u003c/table\u003e\n \u003cblock b\u003d\"401\" blockname\u003d\"\" blocktype\u003d\"Text\" l\u003d\"115\" r\u003d\"189\" style\u003d\"transform: translate(276px, 528px); position: absolute; width: 177.853px; height: 14.8958px;\" t\u003d\"390\"\u003e \u003cregion\u003e \u003crect b\u003d\"401\" l\u003d\"115\" r\u003d\"189\" t\u003d\"390\"\u003e\u003c/rect\u003e  \u003c/region\u003e  \u003ctext\u003e \u003cpar align\u003d\"Justified\" linespacing\u003d\"380\"\u003e \u003cline b\u003d\"398\" baseline\u003d\"396\" l\u003d\"116\" r\u003d\"186\" style\u003d\"transform: translate(2px, 1px); position: absolute;\" t\u003d\"391\"\u003e \u003cformatting lang\u003d\"EnglishUnitedStates\"\u003e Typo your nous noro \u003c/formatting\u003e  \u003c/line\u003e  \u003c/par\u003e  \u003c/text\u003e  \u003c/block\u003e  \u003cblock b\u003d\"550\" blockname\u003d\"\" blocktype\u003d\"SeparatorsBox\" class\u003d\"hidden\" l\u003d\"0\" r\u003d\"585\" style\u003d\"transform: translate(0px, 0px); position: absolute;\" t\u003d\"0\"\u003e \u003cregion\u003e \u003crect b\u003d\"1\" l\u003d\"0\" r\u003d\"585\" t\u003d\"0\"\u003e\u003c/rect\u003e  \u003crect b\u003d\"549\" l\u003d\"0\" r\u003d\"585\" t\u003d\"1\"\u003e\u003c/rect\u003e  \u003crect b\u003d\"550\" l\u003d\"0\" r\u003d\"585\" t\u003d\"549\"\u003e\u003c/rect\u003e  \u003c/region\u003e  \u003cseparatorsbox\u003e \u003cseparator thickness\u003d\"1\" type\u003d\"Black\"\u003e \u003cstart x\u003d\"0\" y\u003d\"0\"\u003e\u003c/start\u003e \u003cend x\u003d\"585\" y\u003d\"0\"\u003e\u003c/end\u003e \u003c/separator\u003e \u003cseparator thickness\u003d\"1\" type\u003d\"Black\"\u003e \u003cstart x\u003d\"0\" y\u003d\"549\"\u003e\u003c/start\u003e \u003cend x\u003d\"585\" y\u003d\"549\"\u003e\u003c/end\u003e \u003c/separator\u003e \u003cseparator thickness\u003d\"1\" type\u003d\"Black\"\u003e \u003cstart x\u003d\"0\" y\u003d\"0\"\u003e\u003c/start\u003e \u003cend x\u003d\"0\" y\u003d\"550\"\u003e\u003c/end\u003e \u003c/separator\u003e \u003cseparator thickness\u003d\"1\" type\u003d\"Black\"\u003e \u003cstart x\u003d\"584\" y\u003d\"0\"\u003e\u003c/start\u003e \u003cend x\u003d\"584\" y\u003d\"550\"\u003e\u003c/end\u003e \u003c/separator\u003e \u003c/separatorsbox\u003e \u003c/block\u003e  \u003cblock b\u003d\"204\" blockname\u003d\"\" blocktype\u003d\"Separator\" l\u003d\"114\" r\u003d\"467\" style\u003d\"transform: translate(274px, 271px); position: absolute;\" t\u003d\"200\"\u003e \u003cregion\u003e \u003crect b\u003d\"204\" l\u003d\"114\" r\u003d\"467\" t\u003d\"200\"\u003e\u003c/rect\u003e  \u003c/region\u003e  \u003cseparator thickness\u003d\"4\" type\u003d\"Black\"\u003e \u003cstart x\u003d\"114\" y\u003d\"202\"\u003e\u003c/start\u003e \u003cend x\u003d\"467\" y\u003d\"202\"\u003e\u003c/end\u003e \u003c/separator\u003e \u003c/block\u003e  \u003c/page\u003e     \u003c/document\u003e\u003c/body\u003e\u003c/html\u003e","tags":[{"score":0.6193718057649382,"end":24,"tag":"supplier_name","text":"Johndoo Tax","estimatedAccuracy":0.0,"begin":13},{"score":0.5575940930135939,"end":308,"tag":"invoice_number","text":"0000","estimatedAccuracy":0.0,"begin":304},{"score":0.6262374503699719,"end":466,"tag":"product","text":"Product narro","estimatedAccuracy":0.0,"begin":453},{"score":0.6592429172179599,"end":479,"tag":"quantity","text":"1","estimatedAccuracy":0.0,"begin":478}],"group":"invoice_number|product|quantity|supplier_name"}