{"finalScore":0.5801490042407216,"metaInfo":{"model":{"coreVersion":"9.3.0.9"}},"sumScore":1.7404470127221647,"tagsCounter":3.0,"taggedText":"\u003chtml\u003e\u003chead\u003e\u003c/head\u003e\u003cbody\u003e\u003cdocument languages\u003d\"\" producer\u003d\"Workfusion\" schemalocation\u003d\"http://ocr.crowdcomputingsystems.com/xml/schema-v1.xml\" version\u003d\"1.0\" xmlns\u003d\"http://ocr.crowdcomputingsystems.com/xml/schema-v1.xml\" xsi\u003d\"http://www.w3.org/2001/XMLSchema-instance\"\u003e \u003clink href\u003d\"https://s3.amazonaws.com/workfusion-resources/ocr/ocr-xml-viewer-0.3-scale-to-width.css\" rel\u003d\"stylesheet\" type\u003d\"text/css\"\u003e\u003c/link\u003e \u003cstyle\u003e\u003c/style\u003e\u003cpage data-pages\u003d\"1\" h\u003d\"1088\" resolution\u003d\"130\" style\u003d\"height: 1071px;\" w\u003d\"1034\"\u003e \u003cblock b\u003d\"43\" blockname\u003d\"\" blocktype\u003d\"Text\" l\u003d\"228\" r\u003d\"410\" style\u003d\"transform: translate(166px, 16px); position: absolute; width: 132.892px; height: 27px;\" t\u003d\"16\"\u003e \u003cregion\u003e \u003crect b\u003d\"43\" l\u003d\"228\" r\u003d\"410\" t\u003d\"16\"\u003e\u003c/rect\u003e  \u003c/region\u003e  \u003ctext\u003e \u003cpar linespacing\u003d\"1050\"\u003e \u003cline b\u003d\"41\" baseline\u003d\"36\" l\u003d\"230\" r\u003d\"407\" style\u003d\"transform: translate(1px, 1px); position: absolute;\" t\u003d\"17\"\u003e \u003cformatting lang\u003d\"EnglishUnitedStates\"\u003e Company Name \u003c/formatting\u003e  \u003c/line\u003e  \u003c/par\u003e  \u003c/text\u003e  \u003c/block\u003e  \u003cblock b\u003d\"133\" blockname\u003d\"\" blocktype\u003d\"Text\" l\u003d\"9\" r\u003d\"390\" style\u003d\"transform: translate(7px, 49px); position: absolute; width: 278.196px; height: 84px;\" t\u003d\"49\"\u003e \u003cregion\u003e \u003crect b\u003d\"133\" l\u003d\"9\" r\u003d\"390\" t\u003d\"49\"\u003e\u003c/rect\u003e  \u003c/region\u003e  \u003ctext\u003e \u003cpar align\u003d\"Justified\" linespacing\u003d\"1218\"\u003e \u003cline b\u003d\"63\" baseline\u003d\"61\" l\u003d\"10\" r\u003d\"213\" style\u003d\"transform: translate(1px, 1px); position: absolute;\" t\u003d\"50\"\u003e \u003cformatting lang\u003d\"EnglishUnitedStates\"\u003e H-106 TECH TOWN, EAST. NYC \u003c/formatting\u003e  \u003c/line\u003e  \u003c/par\u003e  \u003cpar align\u003d\"Justified\" linespacing\u003d\"1218\"\u003e \u003cline b\u003d\"86\" baseline\u003d\"83\" l\u003d\"10\" r\u003d\"281\" style\u003d\"transform: translate(1px, 22px); position: absolute;\" t\u003d\"71\"\u003e \u003cformatting lang\u003d\"EnglishUnitedStates\"\u003e Phone# (555)-5159-1098 \u003c/formatting\u003e  \u003c/line\u003e  \u003c/par\u003e  \u003cpar align\u003d\"Justified\" linespacing\u003d\"1218\"\u003e \u003cline b\u003d\"105\" baseline\u003d\"105\" l\u003d\"10\" r\u003d\"231\" style\u003d\"transform: translate(1px, 45px); position: absolute;\" t\u003d\"94\"\u003e \u003cformatting lang\u003d\"EnglishUnitedStates\"\u003e Invoice# L009-987 \u003c/formatting\u003e  \u003c/line\u003e  \u003c/par\u003e  \u003cpar align\u003d\"Justified\" linespacing\u003d\"1218\"\u003e \u003cline b\u003d\"130\" baseline\u003d\"127\" l\u003d\"10\" r\u003d\"387\" style\u003d\"transform: translate(1px, 66px); position: absolute;\" t\u003d\"115\"\u003e \u003cformatting lang\u003d\"EnglishUnitedStates\"\u003e Email \u003cemail begin\u003d\"147\" class\u003d\"extraction-tag ml-tag\" data-text\u003d\"abc(@)wordexceltemplates.com\" data-value\u003d\"abc(@)wordexceltemplates.com\" end\u003d\"175\" ml-tagorder\u003d\"0\" score\u003d\"0.7178404335058085\" style\u003d\"border: 2px solid rgb(125, 157, 1);\" tagorder\u003d\"0\"\u003eabc(@)wordexceltemplates.com\u003c/email\u003e \u003c/formatting\u003e  \u003c/line\u003e  \u003c/par\u003e  \u003c/text\u003e  \u003c/block\u003e  \u003cblock b\u003d\"174\" blockname\u003d\"\" blocktype\u003d\"Text\" l\u003d\"258\" r\u003d\"505\" style\u003d\"transform: translate(188px, 148px); position: absolute; width: 180.353px; height: 26px;\" t\u003d\"148\"\u003e \u003cregion\u003e \u003crect b\u003d\"174\" l\u003d\"258\" r\u003d\"505\" t\u003d\"148\"\u003e\u003c/rect\u003e  \u003c/region\u003e  \u003ctext\u003e \u003cpar linespacing\u003d\"1160\"\u003e \u003cline b\u003d\"171\" baseline\u003d\"171\" l\u003d\"260\" r\u003d\"503\" style\u003d\"transform: translate(1px, 2px); position: absolute;\" t\u003d\"150\"\u003e \u003cformatting lang\u003d\"EnglishUnitedStates\"\u003e \u003csupplier_name begin\u003d\"196\" class\u003d\"extraction-tag ml-tag\" data-text\u003d\"Work Order\" data-value\u003d\"Work Order\" end\u003d\"206\" ml-tagorder\u003d\"1\" score\u003d\"0.42568098952229433\" style\u003d\"border: 2px solid rgb(125, 157, 1);\" tagorder\u003d\"1\"\u003eWork Order\u003c/supplier_name\u003e Invoice \u003c/formatting\u003e  \u003c/line\u003e  \u003c/par\u003e  \u003c/text\u003e  \u003c/block\u003e  \u003cblock b\u003d\"224\" blockname\u003d\"\" blocktype\u003d\"Text\" l\u003d\"20\" r\u003d\"582\" style\u003d\"transform: translate(15px, 180px); position: absolute; width: 410.358px; height: 44px;\" t\u003d\"180\"\u003e \u003cregion\u003e \u003crect b\u003d\"224\" l\u003d\"20\" r\u003d\"582\" t\u003d\"180\"\u003e\u003c/rect\u003e  \u003c/region\u003e  \u003ctext\u003e \u003cpar leftindent\u003d\"1100\" linespacing\u003d\"610\"\u003e \u003cline b\u003d\"193\" baseline\u003d\"193\" l\u003d\"24\" r\u003d\"46\" style\u003d\"transform: translate(3px, 2px); position: absolute;\" t\u003d\"182\"\u003e \u003cformatting lang\u003d\"EnglishUnitedStates\"\u003e Job \u003c/formatting\u003e  \u003c/line\u003e  \u003c/par\u003e  \u003c/text\u003e  \u003c/block\u003e  \u003cblock b\u003d\"313\" blockname\u003d\"\" blocktype\u003d\"Text\" l\u003d\"2\" r\u003d\"495\" style\u003d\"transform: translate(1px, 284px); position: absolute; width: 359.976px; height: 29px;\" t\u003d\"284\"\u003e \u003cregion\u003e \u003crect b\u003d\"313\" l\u003d\"2\" r\u003d\"495\" t\u003d\"284\"\u003e\u003c/rect\u003e  \u003c/region\u003e  \u003ctext\u003e \u003cpar linespacing\u003d\"-1\"\u003e\u003c/par\u003e  \u003c/text\u003e  \u003c/block\u003e  \u003cblock b\u003d\"378\" blockname\u003d\"\" blocktype\u003d\"Text\" l\u003d\"8\" r\u003d\"445\" style\u003d\"transform: translate(6px, 319px); position: absolute; width: 319.086px; height: 59px;\" t\u003d\"319\"\u003e \u003cregion\u003e \u003crect b\u003d\"378\" l\u003d\"8\" r\u003d\"445\" t\u003d\"319\"\u003e\u003c/rect\u003e  \u003c/region\u003e  \u003c/block\u003e  \u003cblock b\u003d\"400\" blockname\u003d\"\" blocktype\u003d\"Text\" l\u003d\"9\" r\u003d\"387\" style\u003d\"transform: translate(7px, 384px); position: absolute; width: 276.006px; height: 16px;\" t\u003d\"384\"\u003e \u003cregion\u003e \u003crect b\u003d\"400\" l\u003d\"9\" r\u003d\"387\" t\u003d\"384\"\u003e\u003c/rect\u003e  \u003c/region\u003e  \u003c/block\u003e  \u003cregion xmlns\u003d\"http://ocr.crowdcomputingsystems.com/xml/schema-v1.xml\"\u003e \u003crect b\u003d\"756\" l\u003d\"2\" r\u003d\"765\" t\u003d\"402\"\u003e\u003c/rect\u003e  \u003c/region\u003e  \u003cregion xmlns\u003d\"http://ocr.crowdcomputingsystems.com/xml/schema-v1.xml\"\u003e \u003crect b\u003d\"821\" l\u003d\"9\" r\u003d\"768\" t\u003d\"774\"\u003e\u003c/rect\u003e  \u003c/region\u003e \u003ctable b\u003d\"821\" blockname\u003d\"\" blocktype\u003d\"Table\" l\u003d\"9\" r\u003d\"768\" style\u003d\"transform: translate(7px, 774px); position: absolute; user-select: auto;\" t\u003d\"774\" xmlns\u003d\"\"\u003e \u003ctbody\u003e\u003ctr\u003e \u003ctd bottomborder\u003d\"White\" h\u003d\"21\" leftborder\u003d\"White\" rightborder\u003d\"White\" topborder\u003d\"White\" w\u003d\"178\"\u003e \u003ctext xmlns\u003d\"http://ocr.crowdcomputingsystems.com/xml/schema-v1.xml\"\u003e \u003cpar linespacing\u003d\"610\"\u003e \u003cline b\u003d\"793\" baseline\u003d\"793\" l\u003d\"10\" r\u003d\"41\" t\u003d\"782\"\u003e \u003cformatting lang\u003d\"EnglishUnitedStates\"\u003e Date \u003c/formatting\u003e  \u003c/line\u003e  \u003c/par\u003e  \u003c/text\u003e  \u003c/td\u003e   \u003ctd bottomborder\u003d\"White\" h\u003d\"21\" leftborder\u003d\"White\" rightborder\u003d\"White\" topborder\u003d\"White\" w\u003d\"223\"\u003e \u003ctext xmlns\u003d\"http://ocr.crowdcomputingsystems.com/xml/schema-v1.xml\"\u003e \u003cpar align\u003d\"Center\" leftindent\u003d\"1200\" linespacing\u003d\"610\"\u003e \u003cline b\u003d\"793\" baseline\u003d\"793\" l\u003d\"256\" r\u003d\"321\" t\u003d\"782\"\u003e \u003cformatting lang\u003d\"EnglishUnitedStates\"\u003e 15-Jun-15 \u003c/formatting\u003e  \u003c/line\u003e  \u003c/par\u003e  \u003c/text\u003e  \u003c/td\u003e   \u003ctd bottomborder\u003d\"White\" h\u003d\"21\" leftborder\u003d\"White\" rightborder\u003d\"White\" topborder\u003d\"White\" w\u003d\"221\"\u003e \u003ctext xmlns\u003d\"http://ocr.crowdcomputingsystems.com/xml/schema-v1.xml\"\u003e \u003cpar linespacing\u003d\"1050\"\u003e \u003cline b\u003d\"795\" baseline\u003d\"793\" l\u003d\"410\" r\u003d\"567\" t\u003d\"774\"\u003e \u003cformatting lang\u003d\"EnglishUnitedStates\"\u003e mmM SUBTOTAL \u003c/formatting\u003e  \u003c/line\u003e  \u003c/par\u003e  \u003c/text\u003e  \u003c/td\u003e   \u003ctd bottomborder\u003d\"White\" h\u003d\"21\" leftborder\u003d\"White\" rightborder\u003d\"White\" topborder\u003d\"White\" w\u003d\"137\"\u003e \u003ctext xmlns\u003d\"http://ocr.crowdcomputingsystems.com/xml/schema-v1.xml\"\u003e \u003cpar align\u003d\"Right\" linespacing\u003d\"940\"\u003e \u003cline b\u003d\"795\" baseline\u003d\"793\" l\u003d\"694\" r\u003d\"768\" t\u003d\"776\"\u003e \u003cformatting lang\u003d\"EnglishUnitedStates\"\u003e $0.00 i \u003c/formatting\u003e  \u003c/line\u003e  \u003c/par\u003e  \u003c/text\u003e  \u003c/td\u003e   \u003c/tr\u003e \n \u003ctr\u003e \u003ctd bottomborder\u003d\"White\" h\u003d\"26\" leftborder\u003d\"White\" rightborder\u003d\"White\" topborder\u003d\"White\" w\u003d\"178\"\u003e \u003ctext xmlns\u003d\"http://ocr.crowdcomputingsystems.com/xml/schema-v1.xml\"\u003e \u003cpar linespacing\u003d\"610\"\u003e \u003cline b\u003d\"818\" baseline\u003d\"815\" l\u003d\"10\" r\u003d\"118\" t\u003d\"804\"\u003e \u003cformatting lang\u003d\"EnglishUnitedStates\"\u003e Completed Date \u003c/formatting\u003e  \u003c/line\u003e  \u003c/par\u003e  \u003c/text\u003e  \u003c/td\u003e   \u003ctd bottomborder\u003d\"White\" h\u003d\"26\" leftborder\u003d\"White\" rightborder\u003d\"White\" topborder\u003d\"White\" w\u003d\"223\"\u003e \u003ctext xmlns\u003d\"http://ocr.crowdcomputingsystems.com/xml/schema-v1.xml\"\u003e \u003cpar leftindent\u003d\"3800\" linespacing\u003d\"610\"\u003e \u003cline b\u003d\"818\" baseline\u003d\"815\" l\u003d\"254\" r\u003d\"320\" t\u003d\"804\"\u003e \u003cformatting lang\u003d\"EnglishUnitedStates\"\u003e 12-Sep-15 \u003c/formatting\u003e  \u003c/line\u003e  \u003c/par\u003e  \u003c/text\u003e  \u003c/td\u003e   \u003ctd bottomborder\u003d\"White\" h\u003d\"26\" leftborder\u003d\"White\" rightborder\u003d\"White\" topborder\u003d\"White\" w\u003d\"221\"\u003e \u003ctext xmlns\u003d\"http://ocr.crowdcomputingsystems.com/xml/schema-v1.xml\"\u003e \u003cpar align\u003d\"Center\" linespacing\u003d\"610\" rightindent\u003d\"900\"\u003e \u003cline b\u003d\"815\" baseline\u003d\"815\" l\u003d\"497\" r\u003d\"561\" t\u003d\"804\"\u003e \u003cformatting lang\u003d\"EnglishUnitedStates\"\u003e TAX RATE \u003c/formatting\u003e  \u003c/line\u003e  \u003c/par\u003e  \u003c/text\u003e  \u003c/td\u003e   \u003ctd bottomborder\u003d\"White\" h\u003d\"26\" leftborder\u003d\"White\" rightborder\u003d\"White\" topborder\u003d\"White\" w\u003d\"137\"\u003e \u003ctext xmlns\u003d\"http://ocr.crowdcomputingsystems.com/xml/schema-v1.xml\"\u003e \u003cpar leftindent\u003d\"3900\" linespacing\u003d\"610\"\u003e \u003cline b\u003d\"815\" baseline\u003d\"815\" l\u003d\"702\" r\u003d\"721\" t\u003d\"804\"\u003e \u003cformatting lang\u003d\"EnglishUnitedStates\"\u003e 4% \u003c/formatting\u003e  \u003c/line\u003e  \u003c/par\u003e  \u003c/text\u003e  \u003c/td\u003e   \u003c/tr\u003e \n \u003c/tbody\u003e\u003c/table\u003e\n \u003cregion xmlns\u003d\"http://ocr.crowdcomputingsystems.com/xml/schema-v1.xml\"\u003e \u003crect b\u003d\"911\" l\u003d\"488\" r\u003d\"768\" t\u003d\"825\"\u003e\u003c/rect\u003e  \u003c/region\u003e \u003ctable b\u003d\"911\" blockname\u003d\"\" blocktype\u003d\"Table\" l\u003d\"488\" r\u003d\"768\" style\u003d\"transform: translate(356px, 825px); position: absolute; user-select: auto;\" t\u003d\"825\" xmlns\u003d\"\"\u003e \u003ctbody\u003e\u003ctr\u003e \u003ctd bottomborder\u003d\"White\" h\u003d\"18\" leftborder\u003d\"White\" rightborder\u003d\"White\" topborder\u003d\"White\" w\u003d\"158\"\u003e \u003ctext xmlns\u003d\"http://ocr.crowdcomputingsystems.com/xml/schema-v1.xml\"\u003e \u003cpar linespacing\u003d\"610\"\u003e \u003cline b\u003d\"837\" baseline\u003d\"837\" l\u003d\"498\" r\u003d\"566\" t\u003d\"826\"\u003e \u003cformatting lang\u003d\"EnglishUnitedStates\"\u003e SALES TAX \u003c/formatting\u003e  \u003c/line\u003e  \u003c/par\u003e  \u003c/text\u003e  \u003c/td\u003e   \u003ctd bottomborder\u003d\"White\" h\u003d\"18\" leftborder\u003d\"White\" rightborder\u003d\"White\" topborder\u003d\"White\" w\u003d\"122\"\u003e \u003ctext xmlns\u003d\"http://ocr.crowdcomputingsystems.com/xml/schema-v1.xml\"\u003e \u003cpar align\u003d\"Center\" linespacing\u003d\"610\" rightindent\u003d\"600\"\u003e \u003cline b\u003d\"837\" baseline\u003d\"837\" l\u003d\"702\" r\u003d\"721\" t\u003d\"826\"\u003e \u003cformatting lang\u003d\"EnglishUnitedStates\"\u003e 5% \u003c/formatting\u003e  \u003c/line\u003e  \u003c/par\u003e  \u003c/text\u003e  \u003c/td\u003e   \u003c/tr\u003e \n \u003ctr\u003e \u003ctd bottomborder\u003d\"White\" h\u003d\"22\" leftborder\u003d\"White\" rightborder\u003d\"White\" topborder\u003d\"White\" w\u003d\"158\"\u003e \u003ctext xmlns\u003d\"http://ocr.crowdcomputingsystems.com/xml/schema-v1.xml\"\u003e \u003cpar linespacing\u003d\"440\"\u003e \u003cline b\u003d\"859\" baseline\u003d\"859\" l\u003d\"496\" r\u003d\"607\" t\u003d\"851\"\u003e \u003cformatting lang\u003d\"EnglishUnitedStates\"\u003e SHIPPING \u0026amp; HANDLING \u003c/formatting\u003e  \u003c/line\u003e  \u003c/par\u003e  \u003c/text\u003e  \u003c/td\u003e   \u003ctd bottomborder\u003d\"White\" h\u003d\"22\" leftborder\u003d\"White\" rightborder\u003d\"White\" topborder\u003d\"White\" w\u003d\"122\"\u003e \u003ctext xmlns\u003d\"http://ocr.crowdcomputingsystems.com/xml/schema-v1.xml\"\u003e \u003cpar align\u003d\"Center\" linespacing\u003d\"660\" rightindent\u003d\"600\"\u003e \u003cline b\u003d\"861\" baseline\u003d\"859\" l\u003d\"690\" r\u003d\"735\" t\u003d\"847\"\u003e \u003cformatting lang\u003d\"EnglishUnitedStates\"\u003e $50.00 \u003c/formatting\u003e  \u003c/line\u003e  \u003c/par\u003e  \u003c/text\u003e  \u003c/td\u003e   \u003c/tr\u003e \n \u003ctr\u003e \u003ctd bottomborder\u003d\"White\" h\u003d\"20\" leftborder\u003d\"White\" rightborder\u003d\"White\" topborder\u003d\"White\" w\u003d\"158\"\u003e \u003ctext xmlns\u003d\"http://ocr.crowdcomputingsystems.com/xml/schema-v1.xml\"\u003e \u003cpar linespacing\u003d\"610\"\u003e \u003cline b\u003d\"881\" baseline\u003d\"881\" l\u003d\"498\" r\u003d\"536\" t\u003d\"870\"\u003e \u003cformatting lang\u003d\"EnglishUnitedStates\"\u003e Other \u003c/formatting\u003e  \u003c/line\u003e  \u003c/par\u003e  \u003c/text\u003e  \u003c/td\u003e   \u003ctd bottomborder\u003d\"White\" h\u003d\"20\" leftborder\u003d\"White\" rightborder\u003d\"White\" topborder\u003d\"White\" w\u003d\"122\"\u003e \u003ctext xmlns\u003d\"http://ocr.crowdcomputingsystems.com/xml/schema-v1.xml\"\u003e \u003cpar align\u003d\"Center\" linespacing\u003d\"670\" rightindent\u003d\"600\"\u003e \u003cline b\u003d\"883\" baseline\u003d\"881\" l\u003d\"690\" r\u003d\"735\" t\u003d\"869\"\u003e \u003cformatting lang\u003d\"EnglishUnitedStates\"\u003e $50.00 \u003c/formatting\u003e  \u003c/line\u003e  \u003c/par\u003e  \u003c/text\u003e  \u003c/td\u003e   \u003c/tr\u003e \n \u003ctr\u003e \u003ctd bottomborder\u003d\"White\" h\u003d\"26\" leftborder\u003d\"White\" rightborder\u003d\"White\" topborder\u003d\"White\" w\u003d\"158\"\u003e \u003ctext xmlns\u003d\"http://ocr.crowdcomputingsystems.com/xml/schema-v1.xml\"\u003e \u003cpar linespacing\u003d\"940\"\u003e \u003cline b\u003d\"906\" baseline\u003d\"903\" l\u003d\"488\" r\u003d\"542\" t\u003d\"886\"\u003e \u003cformatting lang\u003d\"EnglishUnitedStates\"\u003e ǀ TOTAL \u003c/formatting\u003e  \u003c/line\u003e  \u003c/par\u003e  \u003c/text\u003e  \u003c/td\u003e   \u003ctd bottomborder\u003d\"White\" h\u003d\"26\" leftborder\u003d\"White\" rightborder\u003d\"White\" topborder\u003d\"White\" w\u003d\"122\"\u003e \u003ctext xmlns\u003d\"http://ocr.crowdcomputingsystems.com/xml/schema-v1.xml\"\u003e \u003cpar align\u003d\"Right\" linespacing\u003d\"940\"\u003e \u003cline b\u003d\"906\" baseline\u003d\"903\" l\u003d\"686\" r\u003d\"768\" t\u003d\"886\"\u003e \u003cformatting lang\u003d\"EnglishUnitedStates\"\u003e $\u003ctotal_amount begin\u003d\"696\" class\u003d\"extraction-tag ml-tag\" data-text\u003d\"100.00\" data-value\u003d\"100.00\" end\u003d\"702\" ml-tagorder\u003d\"2\" score\u003d\"0.5969255896940618\" style\u003d\"border: 2px solid rgb(125, 157, 1);\" tagorder\u003d\"2\"\u003e100.00\u003c/total_amount\u003e j \u003c/formatting\u003e  \u003c/line\u003e  \u003c/par\u003e  \u003c/text\u003e  \u003c/td\u003e   \u003c/tr\u003e \n \u003c/tbody\u003e\u003c/table\u003e\n \u003cblock b\u003d\"983\" blockname\u003d\"\" blocktype\u003d\"Text\" l\u003d\"8\" r\u003d\"589\" style\u003d\"transform: translate(6px, 918px); position: absolute; width: 424.231px; height: 65px;\" t\u003d\"918\"\u003e \u003cregion\u003e \u003crect b\u003d\"983\" l\u003d\"8\" r\u003d\"589\" t\u003d\"918\"\u003e\u003c/rect\u003e  \u003c/region\u003e  \u003ctext\u003e \u003cpar align\u003d\"Justified\" linespacing\u003d\"670\"\u003e \u003cline b\u003d\"934\" baseline\u003d\"931\" l\u003d\"10\" r\u003d\"307\" style\u003d\"transform: translate(1px, 1px); position: absolute;\" t\u003d\"919\"\u003e \u003cformatting lang\u003d\"EnglishUnitedStates\"\u003e Make all checks payable to Company Name \u003c/formatting\u003e  \u003c/line\u003e  \u003c/par\u003e  \u003cpar linespacing\u003d\"1218\" rightindent\u003d\"9800\"\u003e \u003cline b\u003d\"958\" baseline\u003d\"955\" l\u003d\"10\" r\u003d\"586\" style\u003d\"transform: translate(1px, 25px); position: absolute;\" t\u003d\"943\"\u003e \u003cformatting lang\u003d\"EnglishUnitedStates\"\u003e For any questions please contact Mr. Enderson at Tel 0-000-0000 or fax at 0-000-0000 \u003c/formatting\u003e  \u003c/line\u003e  \u003cline b\u003d\"980\" baseline\u003d\"977\" l\u003d\"9\" r\u003d\"215\" style\u003d\"transform: translate(1px, 47px); position: absolute;\" t\u003d\"965\"\u003e \u003cformatting lang\u003d\"EnglishUnitedStates\"\u003e Thank you for business with us \u003c/formatting\u003e  \u003c/line\u003e  \u003c/par\u003e  \u003c/text\u003e  \u003c/block\u003e  \u003cblock b\u003d\"1071\" blockname\u003d\"\" blocktype\u003d\"Text\" l\u003d\"8\" r\u003d\"375\" style\u003d\"transform: translate(6px, 1031px); position: absolute; width: 267.974px; height: 40px;\" t\u003d\"1031\"\u003e \u003cregion\u003e \u003crect b\u003d\"1071\" l\u003d\"8\" r\u003d\"375\" t\u003d\"1031\"\u003e\u003c/rect\u003e  \u003c/region\u003e  \u003ctext\u003e \u003cpar align\u003d\"Justified\" linespacing\u003d\"1218\"\u003e \u003cline b\u003d\"1043\" baseline\u003d\"1043\" l\u003d\"10\" r\u003d\"373\" style\u003d\"transform: translate(1px, 1px); position: absolute;\" t\u003d\"1032\"\u003e \u003cformatting lang\u003d\"EnglishUnitedStates\"\u003e COMMENTS: ENTER YOUR COMMENT HERE \u003c/formatting\u003e  \u003c/line\u003e  \u003c/par\u003e  \u003cpar align\u003d\"Justified\" linespacing\u003d\"1218\"\u003e \u003cline b\u003d\"1068\" baseline\u003d\"1065\" l\u003d\"9\" r\u003d\"215\" style\u003d\"transform: translate(1px, 22px); position: absolute;\" t\u003d\"1053\"\u003e \u003cformatting lang\u003d\"EnglishUnitedStates\"\u003e Thank you for business with us \u003c/formatting\u003e  \u003c/line\u003e  \u003c/par\u003e  \u003c/text\u003e  \u003c/block\u003e  \u003cblock b\u003d\"471\" blockname\u003d\"\" blocktype\u003d\"Separator\" class\u003d\"hidden\" l\u003d\"8\" r\u003d\"762\" style\u003d\"transform: translate(6px, 468px); position: absolute;\" t\u003d\"468\"\u003e \u003cregion\u003e \u003crect b\u003d\"471\" l\u003d\"8\" r\u003d\"762\" t\u003d\"468\"\u003e\u003c/rect\u003e  \u003c/region\u003e  \u003cseparator thickness\u003d\"3\" type\u003d\"Black\"\u003e \u003cstart x\u003d\"8\" y\u003d\"469\"\u003e\u003c/start\u003e \u003cend x\u003d\"762\" y\u003d\"469\"\u003e\u003c/end\u003e \u003c/separator\u003e \u003c/block\u003e  \u003cblock b\u003d\"492\" blockname\u003d\"\" blocktype\u003d\"Separator\" l\u003d\"8\" r\u003d\"492\" style\u003d\"transform: translate(6px, 490px); position: absolute;\" t\u003d\"490\"\u003e \u003cregion\u003e \u003crect b\u003d\"492\" l\u003d\"8\" r\u003d\"492\" t\u003d\"490\"\u003e\u003c/rect\u003e  \u003c/region\u003e  \u003cseparator thickness\u003d\"2\" type\u003d\"Black\"\u003e \u003cstart x\u003d\"8\" y\u003d\"491\"\u003e\u003c/start\u003e \u003cend x\u003d\"492\" y\u003d\"491\"\u003e\u003c/end\u003e \u003c/separator\u003e \u003c/block\u003e  \u003cblock b\u003d\"496\" blockname\u003d\"\" blocktype\u003d\"Separator\" class\u003d\"hidden\" l\u003d\"492\" r\u003d\"672\" style\u003d\"transform: translate(359px, 490px); position: absolute;\" t\u003d\"490\"\u003e \u003cregion\u003e \u003crect b\u003d\"491\" l\u003d\"492\" r\u003d\"672\" t\u003d\"490\"\u003e\u003c/rect\u003e  \u003crect b\u003d\"495\" l\u003d\"492\" r\u003d\"672\" t\u003d\"491\"\u003e\u003c/rect\u003e  \u003crect b\u003d\"496\" l\u003d\"658\" r\u003d\"670\" t\u003d\"495\"\u003e\u003c/rect\u003e  \u003c/region\u003e  \u003cseparator thickness\u003d\"5\" type\u003d\"Black\"\u003e \u003cstart x\u003d\"492\" y\u003d\"493\"\u003e\u003c/start\u003e \u003cend x\u003d\"672\" y\u003d\"493\"\u003e\u003c/end\u003e \u003c/separator\u003e \u003c/block\u003e  \u003cblock b\u003d\"492\" blockname\u003d\"\" blocktype\u003d\"Separator\" l\u003d\"672\" r\u003d\"763\" style\u003d\"transform: translate(491px, 490px); position: absolute;\" t\u003d\"490\"\u003e \u003cregion\u003e \u003crect b\u003d\"492\" l\u003d\"672\" r\u003d\"763\" t\u003d\"490\"\u003e\u003c/rect\u003e  \u003c/region\u003e  \u003cseparator thickness\u003d\"2\" type\u003d\"Black\"\u003e \u003cstart x\u003d\"672\" y\u003d\"491\"\u003e\u003c/start\u003e \u003cend x\u003d\"763\" y\u003d\"491\"\u003e\u003c/end\u003e \u003c/separator\u003e \u003c/block\u003e  \u003cblock b\u003d\"515\" blockname\u003d\"\" blocktype\u003d\"Separator\" class\u003d\"hidden\" l\u003d\"492\" r\u003d\"654\" style\u003d\"transform: translate(359px, 509px); position: absolute;\" t\u003d\"509\"\u003e \u003cregion\u003e \u003crect b\u003d\"514\" l\u003d\"492\" r\u003d\"654\" t\u003d\"509\"\u003e\u003c/rect\u003e  \u003crect b\u003d\"515\" l\u003d\"653\" r\u003d\"654\" t\u003d\"514\"\u003e\u003c/rect\u003e  \u003c/region\u003e  \u003cseparator thickness\u003d\"5\" type\u003d\"Black\"\u003e \u003cstart x\u003d\"492\" y\u003d\"512\"\u003e\u003c/start\u003e \u003cend x\u003d\"654\" y\u003d\"512\"\u003e\u003c/end\u003e \u003c/separator\u003e \u003c/block\u003e  \u003cblock b\u003d\"514\" blockname\u003d\"\" blocktype\u003d\"Separator\" l\u003d\"7\" r\u003d\"492\" style\u003d\"transform: translate(5px, 512px); position: absolute;\" t\u003d\"512\"\u003e \u003cregion\u003e \u003crect b\u003d\"514\" l\u003d\"7\" r\u003d\"492\" t\u003d\"512\"\u003e\u003c/rect\u003e  \u003c/region\u003e  \u003cseparator thickness\u003d\"2\" type\u003d\"Black\"\u003e \u003cstart x\u003d\"7\" y\u003d\"513\"\u003e\u003c/start\u003e \u003cend x\u003d\"492\" y\u003d\"513\"\u003e\u003c/end\u003e \u003c/separator\u003e \u003c/block\u003e  \u003cblock b\u003d\"514\" blockname\u003d\"\" blocktype\u003d\"Separator\" class\u003d\"hidden\" l\u003d\"708\" r\u003d\"762\" style\u003d\"transform: translate(517px, 512px); position: absolute;\" t\u003d\"512\"\u003e \u003cregion\u003e \u003crect b\u003d\"514\" l\u003d\"708\" r\u003d\"762\" t\u003d\"512\"\u003e\u003c/rect\u003e  \u003c/region\u003e  \u003cseparator thickness\u003d\"2\" type\u003d\"Black\"\u003e \u003cstart x\u003d\"708\" y\u003d\"513\"\u003e\u003c/start\u003e \u003cend x\u003d\"762\" y\u003d\"513\"\u003e\u003c/end\u003e \u003c/separator\u003e \u003c/block\u003e  \u003cblock b\u003d\"537\" blockname\u003d\"\" blocktype\u003d\"Separator\" class\u003d\"hidden\" l\u003d\"7\" r\u003d\"700\" style\u003d\"transform: translate(5px, 534px); position: absolute;\" t\u003d\"534\"\u003e \u003cregion\u003e \u003crect b\u003d\"537\" l\u003d\"7\" r\u003d\"700\" t\u003d\"534\"\u003e\u003c/rect\u003e  \u003c/region\u003e  \u003cseparator thickness\u003d\"2\" type\u003d\"Black\"\u003e \u003cstart x\u003d\"7\" y\u003d\"535\"\u003e\u003c/start\u003e \u003cend x\u003d\"700\" y\u003d\"535\"\u003e\u003c/end\u003e \u003c/separator\u003e \u003c/block\u003e  \u003cblock b\u003d\"559\" blockname\u003d\"\" blocktype\u003d\"Separator\" class\u003d\"hidden\" l\u003d\"8\" r\u003d\"762\" style\u003d\"transform: translate(6px, 556px); position: absolute;\" t\u003d\"556\"\u003e \u003cregion\u003e \u003crect b\u003d\"559\" l\u003d\"8\" r\u003d\"762\" t\u003d\"556\"\u003e\u003c/rect\u003e  \u003c/region\u003e  \u003cseparator thickness\u003d\"3\" type\u003d\"Black\"\u003e \u003cstart x\u003d\"8\" y\u003d\"557\"\u003e\u003c/start\u003e \u003cend x\u003d\"762\" y\u003d\"557\"\u003e\u003c/end\u003e \u003c/separator\u003e \u003c/block\u003e  \u003cblock b\u003d\"581\" blockname\u003d\"\" blocktype\u003d\"Separator\" class\u003d\"hidden\" l\u003d\"8\" r\u003d\"763\" style\u003d\"transform: translate(6px, 578px); position: absolute;\" t\u003d\"578\"\u003e \u003cregion\u003e \u003crect b\u003d\"581\" l\u003d\"8\" r\u003d\"763\" t\u003d\"578\"\u003e\u003c/rect\u003e  \u003c/region\u003e  \u003cseparator thickness\u003d\"3\" type\u003d\"Black\"\u003e \u003cstart x\u003d\"8\" y\u003d\"579\"\u003e\u003c/start\u003e \u003cend x\u003d\"763\" y\u003d\"579\"\u003e\u003c/end\u003e \u003c/separator\u003e \u003c/block\u003e  \u003cblock b\u003d\"603\" blockname\u003d\"\" blocktype\u003d\"Separator\" class\u003d\"hidden\" l\u003d\"7\" r\u003d\"728\" style\u003d\"transform: translate(5px, 600px); position: absolute;\" t\u003d\"600\"\u003e \u003cregion\u003e \u003crect b\u003d\"603\" l\u003d\"7\" r\u003d\"728\" t\u003d\"600\"\u003e\u003c/rect\u003e  \u003c/region\u003e  \u003cseparator thickness\u003d\"2\" type\u003d\"Black\"\u003e \u003cstart x\u003d\"7\" y\u003d\"601\"\u003e\u003c/start\u003e \u003cend x\u003d\"728\" y\u003d\"601\"\u003e\u003c/end\u003e \u003c/separator\u003e \u003c/block\u003e  \u003cblock b\u003d\"625\" blockname\u003d\"\" blocktype\u003d\"Separator\" class\u003d\"hidden\" l\u003d\"7\" r\u003d\"688\" style\u003d\"transform: translate(5px, 622px); position: absolute;\" t\u003d\"622\"\u003e \u003cregion\u003e \u003crect b\u003d\"625\" l\u003d\"7\" r\u003d\"688\" t\u003d\"622\"\u003e\u003c/rect\u003e  \u003c/region\u003e  \u003cseparator thickness\u003d\"3\" type\u003d\"Black\"\u003e \u003cstart x\u003d\"7\" y\u003d\"623\"\u003e\u003c/start\u003e \u003cend x\u003d\"688\" y\u003d\"623\"\u003e\u003c/end\u003e \u003c/separator\u003e \u003c/block\u003e  \u003cblock b\u003d\"624\" blockname\u003d\"\" blocktype\u003d\"Separator\" class\u003d\"hidden\" l\u003d\"701\" r\u003d\"762\" style\u003d\"transform: translate(512px, 622px); position: absolute;\" t\u003d\"622\"\u003e \u003cregion\u003e \u003crect b\u003d\"624\" l\u003d\"701\" r\u003d\"762\" t\u003d\"622\"\u003e\u003c/rect\u003e  \u003c/region\u003e  \u003cseparator thickness\u003d\"2\" type\u003d\"Black\"\u003e \u003cstart x\u003d\"701\" y\u003d\"623\"\u003e\u003c/start\u003e \u003cend x\u003d\"762\" y\u003d\"623\"\u003e\u003c/end\u003e \u003c/separator\u003e \u003c/block\u003e  \u003cblock b\u003d\"647\" blockname\u003d\"\" blocktype\u003d\"Separator\" class\u003d\"hidden\" l\u003d\"8\" r\u003d\"762\" style\u003d\"transform: translate(6px, 644px); position: absolute;\" t\u003d\"644\"\u003e \u003cregion\u003e \u003crect b\u003d\"647\" l\u003d\"8\" r\u003d\"762\" t\u003d\"644\"\u003e\u003c/rect\u003e  \u003c/region\u003e  \u003cseparator thickness\u003d\"3\" type\u003d\"Black\"\u003e \u003cstart x\u003d\"8\" y\u003d\"645\"\u003e\u003c/start\u003e \u003cend x\u003d\"762\" y\u003d\"645\"\u003e\u003c/end\u003e \u003c/separator\u003e \u003c/block\u003e  \u003cblock b\u003d\"669\" blockname\u003d\"\" blocktype\u003d\"Separator\" class\u003d\"hidden\" l\u003d\"8\" r\u003d\"763\" style\u003d\"transform: translate(6px, 666px); position: absolute;\" t\u003d\"666\"\u003e \u003cregion\u003e \u003crect b\u003d\"669\" l\u003d\"8\" r\u003d\"763\" t\u003d\"666\"\u003e\u003c/rect\u003e  \u003c/region\u003e  \u003cseparator thickness\u003d\"3\" type\u003d\"Black\"\u003e \u003cstart x\u003d\"8\" y\u003d\"667\"\u003e\u003c/start\u003e \u003cend x\u003d\"763\" y\u003d\"667\"\u003e\u003c/end\u003e \u003c/separator\u003e \u003c/block\u003e  \u003cblock b\u003d\"691\" blockname\u003d\"\" blocktype\u003d\"Separator\" class\u003d\"hidden\" l\u003d\"7\" r\u003d\"699\" style\u003d\"transform: translate(5px, 688px); position: absolute;\" t\u003d\"688\"\u003e \u003cregion\u003e \u003crect b\u003d\"691\" l\u003d\"7\" r\u003d\"699\" t\u003d\"688\"\u003e\u003c/rect\u003e  \u003c/region\u003e  \u003cseparator thickness\u003d\"3\" type\u003d\"Black\"\u003e \u003cstart x\u003d\"7\" y\u003d\"689\"\u003e\u003c/start\u003e \u003cend x\u003d\"699\" y\u003d\"689\"\u003e\u003c/end\u003e \u003c/separator\u003e \u003c/block\u003e  \u003cblock b\u003d\"690\" blockname\u003d\"\" blocktype\u003d\"Separator\" class\u003d\"hidden\" l\u003d\"708\" r\u003d\"762\" style\u003d\"transform: translate(517px, 688px); position: absolute;\" t\u003d\"688\"\u003e \u003cregion\u003e \u003crect b\u003d\"690\" l\u003d\"708\" r\u003d\"762\" t\u003d\"688\"\u003e\u003c/rect\u003e  \u003c/region\u003e  \u003cseparator thickness\u003d\"2\" type\u003d\"Black\"\u003e \u003cstart x\u003d\"708\" y\u003d\"689\"\u003e\u003c/start\u003e \u003cend x\u003d\"762\" y\u003d\"689\"\u003e\u003c/end\u003e \u003c/separator\u003e \u003c/block\u003e  \u003cblock b\u003d\"713\" blockname\u003d\"\" blocktype\u003d\"Separator\" class\u003d\"hidden\" l\u003d\"7\" r\u003d\"700\" style\u003d\"transform: translate(5px, 710px); position: absolute;\" t\u003d\"710\"\u003e \u003cregion\u003e \u003crect b\u003d\"713\" l\u003d\"7\" r\u003d\"700\" t\u003d\"710\"\u003e\u003c/rect\u003e  \u003c/region\u003e  \u003cseparator thickness\u003d\"2\" type\u003d\"Black\"\u003e \u003cstart x\u003d\"7\" y\u003d\"711\"\u003e\u003c/start\u003e \u003cend x\u003d\"700\" y\u003d\"711\"\u003e\u003c/end\u003e \u003c/separator\u003e \u003c/block\u003e  \u003cblock b\u003d\"735\" blockname\u003d\"\" blocktype\u003d\"Separator\" class\u003d\"hidden\" l\u003d\"8\" r\u003d\"762\" style\u003d\"transform: translate(6px, 732px); position: absolute;\" t\u003d\"732\"\u003e \u003cregion\u003e \u003crect b\u003d\"735\" l\u003d\"8\" r\u003d\"762\" t\u003d\"732\"\u003e\u003c/rect\u003e  \u003c/region\u003e  \u003cseparator thickness\u003d\"3\" type\u003d\"Black\"\u003e \u003cstart x\u003d\"8\" y\u003d\"733\"\u003e\u003c/start\u003e \u003cend x\u003d\"762\" y\u003d\"733\"\u003e\u003c/end\u003e \u003c/separator\u003e \u003c/block\u003e  \u003cblock b\u003d\"752\" blockname\u003d\"\" blocktype\u003d\"Separator\" l\u003d\"164\" r\u003d\"166\" style\u003d\"transform: translate(120px, 448px); position: absolute;\" t\u003d\"448\"\u003e \u003cregion\u003e \u003crect b\u003d\"752\" l\u003d\"164\" r\u003d\"166\" t\u003d\"448\"\u003e\u003c/rect\u003e  \u003c/region\u003e  \u003cseparator thickness\u003d\"2\" type\u003d\"Black\"\u003e \u003cstart x\u003d\"165\" y\u003d\"448\"\u003e\u003c/start\u003e \u003cend x\u003d\"165\" y\u003d\"752\"\u003e\u003c/end\u003e \u003c/separator\u003e \u003c/block\u003e  \u003cblock b\u003d\"753\" blockname\u003d\"\" blocktype\u003d\"Separator\" l\u003d\"328\" r\u003d\"330\" style\u003d\"transform: translate(239px, 448px); position: absolute;\" t\u003d\"448\"\u003e \u003cregion\u003e \u003crect b\u003d\"753\" l\u003d\"328\" r\u003d\"330\" t\u003d\"448\"\u003e\u003c/rect\u003e  \u003c/region\u003e  \u003cseparator thickness\u003d\"2\" type\u003d\"Black\"\u003e \u003cstart x\u003d\"329\" y\u003d\"448\"\u003e\u003c/start\u003e \u003cend x\u003d\"329\" y\u003d\"753\"\u003e\u003c/end\u003e \u003c/separator\u003e \u003c/block\u003e  \u003cblock b\u003d\"752\" blockname\u003d\"\" blocktype\u003d\"Separator\" l\u003d\"492\" r\u003d\"494\" style\u003d\"transform: translate(359px, 514px); position: absolute;\" t\u003d\"514\"\u003e \u003cregion\u003e \u003crect b\u003d\"752\" l\u003d\"492\" r\u003d\"494\" t\u003d\"514\"\u003e\u003c/rect\u003e  \u003c/region\u003e  \u003cseparator thickness\u003d\"2\" type\u003d\"Black\"\u003e \u003cstart x\u003d\"493\" y\u003d\"514\"\u003e\u003c/start\u003e \u003cend x\u003d\"493\" y\u003d\"752\"\u003e\u003c/end\u003e \u003c/separator\u003e \u003c/block\u003e  \u003cblock b\u003d\"192\" blockname\u003d\"\" blocktype\u003d\"Separator\" l\u003d\"852\" r\u003d\"854\" style\u003d\"transform: translate(622px, 66px); position: absolute;\" t\u003d\"66\"\u003e \u003cregion\u003e \u003crect b\u003d\"192\" l\u003d\"852\" r\u003d\"854\" t\u003d\"66\"\u003e\u003c/rect\u003e  \u003c/region\u003e  \u003cseparator thickness\u003d\"2\" type\u003d\"Black\"\u003e \u003cstart x\u003d\"853\" y\u003d\"66\"\u003e\u003c/start\u003e \u003cend x\u003d\"853\" y\u003d\"192\"\u003e\u003c/end\u003e \u003c/separator\u003e \u003c/block\u003e  \u003cblock b\u003d\"490\" blockname\u003d\"\" blocktype\u003d\"Separator\" l\u003d\"492\" r\u003d\"494\" style\u003d\"transform: translate(359px, 468px); position: absolute;\" t\u003d\"468\"\u003e \u003cregion\u003e \u003crect b\u003d\"490\" l\u003d\"492\" r\u003d\"494\" t\u003d\"468\"\u003e\u003c/rect\u003e  \u003c/region\u003e  \u003cseparator thickness\u003d\"2\" type\u003d\"Black\"\u003e \u003cstart x\u003d\"493\" y\u003d\"468\"\u003e\u003c/start\u003e \u003cend x\u003d\"493\" y\u003d\"490\"\u003e\u003c/end\u003e \u003c/separator\u003e \u003c/block\u003e  \u003cblock b\u003d\"43\" blockname\u003d\"\" blocktype\u003d\"Text\" class\u003d\"hidden\" l\u003d\"5\" r\u003d\"763\" style\u003d\"transform: translate(4px, 1px); position: absolute; width: 553.472px; height: 42px;\" t\u003d\"1\"\u003e \u003cregion\u003e \u003crect b\u003d\"43\" l\u003d\"5\" r\u003d\"763\" t\u003d\"1\"\u003e\u003c/rect\u003e  \u003c/region\u003e  \u003ctext\u003e \u003cpar linespacing\u003d\"-1\"\u003e\u003c/par\u003e  \u003c/text\u003e  \u003c/block\u003e  \u003cblock b\u003d\"178\" blockname\u003d\"\" blocktype\u003d\"Text\" class\u003d\"hidden\" l\u003d\"7\" r\u003d\"757\" style\u003d\"transform: translate(5px, 139px); position: absolute; width: 547.631px; height: 39px;\" t\u003d\"139\"\u003e \u003cregion\u003e \u003crect b\u003d\"178\" l\u003d\"7\" r\u003d\"757\" t\u003d\"139\"\u003e\u003c/rect\u003e  \u003c/region\u003e  \u003ctext\u003e \u003cpar linespacing\u003d\"-1\"\u003e\u003c/par\u003e  \u003c/text\u003e  \u003c/block\u003e  \u003cblock b\u003d\"447\" blockname\u003d\"\" blocktype\u003d\"Text\" class\u003d\"hidden\" l\u003d\"5\" r\u003d\"764\" style\u003d\"transform: translate(4px, 425px); position: absolute; width: 554.202px; height: 22px;\" t\u003d\"425\"\u003e \u003cregion\u003e \u003crect b\u003d\"447\" l\u003d\"5\" r\u003d\"764\" t\u003d\"425\"\u003e\u003c/rect\u003e  \u003c/region\u003e  \u003ctext\u003e \u003cpar linespacing\u003d\"-1\"\u003e\u003c/par\u003e  \u003c/text\u003e  \u003c/block\u003e  \u003cblock b\u003d\"797\" blockname\u003d\"\" blocktype\u003d\"Text\" class\u003d\"hidden\" l\u003d\"493\" r\u003d\"763\" style\u003d\"transform: translate(360px, 777px); position: absolute; width: 197.147px; height: 20px;\" t\u003d\"777\"\u003e \u003cregion\u003e \u003crect b\u003d\"797\" l\u003d\"493\" r\u003d\"763\" t\u003d\"777\"\u003e\u003c/rect\u003e  \u003c/region\u003e  \u003ctext\u003e \u003cpar linespacing\u003d\"-1\"\u003e\u003c/par\u003e  \u003c/text\u003e  \u003c/block\u003e  \u003cblock b\u003d\"907\" blockname\u003d\"\" blocktype\u003d\"Text\" class\u003d\"hidden\" l\u003d\"493\" r\u003d\"724\" style\u003d\"transform: translate(360px, 887px); position: absolute; width: 168.67px; height: 20px;\" t\u003d\"887\"\u003e \u003cregion\u003e \u003crect b\u003d\"907\" l\u003d\"493\" r\u003d\"724\" t\u003d\"887\"\u003e\u003c/rect\u003e  \u003c/region\u003e  \u003ctext\u003e \u003cpar linespacing\u003d\"-1\"\u003e\u003c/par\u003e  \u003c/text\u003e  \u003c/block\u003e  \u003cblock b\u003d\"801\" blockname\u003d\"\" blocktype\u003d\"Text\" class\u003d\"hidden\" l\u003d\"490\" r\u003d\"767\" style\u003d\"transform: translate(358px, 774px); position: absolute; width: 202.258px; height: 27px;\" t\u003d\"774\"\u003e \u003cregion\u003e \u003crect b\u003d\"801\" l\u003d\"490\" r\u003d\"767\" t\u003d\"774\"\u003e\u003c/rect\u003e  \u003c/region\u003e  \u003ctext\u003e \u003cpar linespacing\u003d\"-1\"\u003e\u003c/par\u003e  \u003c/text\u003e  \u003c/block\u003e  \u003c/page\u003e             \u003c/document\u003e\u003c/body\u003e\u003c/html\u003e","tags":[{"score":0.7178404335058085,"end":175,"tag":"email","text":"abc(@)wordexceltemplates.com","estimatedAccuracy":0.0,"begin":147},{"score":0.42568098952229433,"end":206,"tag":"supplier_name","text":"Work Order","estimatedAccuracy":0.0,"begin":196},{"score":0.5969255896940618,"end":702,"tag":"total_amount","text":"100.00","estimatedAccuracy":0.0,"begin":696}],"group":"email|supplier_name|total_amount"}