{"finalScore":0.6423429142311438,"metaInfo":{"model":{"coreVersion":"9.3.0.9"}},"sumScore":4.496400399618007,"tagsCounter":7.0,"taggedText":"\u003chtml\u003e\u003chead\u003e\u003cscript src\u003d\"https://ajax.googleapis.com/ajax/libs/jquery/2.2.0/jquery.min.js\"\u003e\u003c/script\u003e\u003c/head\u003e\u003cbody\u003e\u003cdocument languages\u003d\"\" producer\u003d\"Workfusion\" schemalocation\u003d\"http://ocr.crowdcomputingsystems.com/xml/schema-v1.xml\" version\u003d\"1.0\" xmlns\u003d\"http://ocr.crowdcomputingsystems.com/xml/schema-v1.xml\" xsi\u003d\"http://www.w3.org/2001/XMLSchema-instance\"\u003e \u003clink href\u003d\"https://s3.amazonaws.com/workfusion-resources/ocr/ocr-xml-viewer-0.3-scale-to-width.css\" rel\u003d\"stylesheet\" type\u003d\"text/css\"\u003e\u003c/link\u003e \u003cstyle\u003e\u003c/style\u003e\u003cpage data-pages\u003d\"1\" h\u003d\"1012\" resolution\u003d\"96\" style\u003d\"height: 1297px;\" w\u003d\"783\"\u003e \u003cblock b\u003d\"105\" blockname\u003d\"\" blocktype\u003d\"Text\" l\u003d\"54\" r\u003d\"312\" style\u003d\"transform: translate(52px, 60px); position: absolute; width: 248.774px; height: 82.6042px;\" t\u003d\"44\"\u003e \u003cregion\u003e \u003crect b\u003d\"105\" l\u003d\"54\" r\u003d\"312\" t\u003d\"44\"\u003e\u003c/rect\u003e  \u003c/region\u003e  \u003ctext\u003e \u003cpar linespacing\u003d\"900\"\u003e \u003cline b\u003d\"57\" baseline\u003d\"57\" l\u003d\"55\" r\u003d\"243\" style\u003d\"transform: translate(1px, 1px); position: absolute;\" t\u003d\"45\"\u003e \u003cformatting lang\u003d\"EnglishUnitedStates\"\u003e PT. SAMPLE INDONESIA \u003c/formatting\u003e  \u003c/line\u003e  \u003c/par\u003e  \u003cpar linespacing\u003d\"1050\"\u003e \u003cline b\u003d\"74\" baseline\u003d\"74\" l\u003d\"56\" r\u003d\"249\" style\u003d\"transform: translate(2px, 28px); position: absolute;\" t\u003d\"65\"\u003e \u003cformatting lang\u003d\"EnglishUnitedStates\"\u003e Graha Alam Center LT. 1 Unit 201K \u003c/formatting\u003e  \u003c/line\u003e  \u003c/par\u003e  \u003cpar linespacing\u003d\"1050\"\u003e \u003cline b\u003d\"90\" baseline\u003d\"88\" l\u003d\"56\" r\u003d\"309\" style\u003d\"transform: translate(2px, 47px); position: absolute;\" t\u003d\"79\"\u003e \u003cformatting lang\u003d\"EnglishUnitedStates\"\u003e JI. HR. Rasuna Said, Karet Kuningan, Setia Bu \u003c/formatting\u003e  \u003c/line\u003e  \u003c/par\u003e  \u003cpar linespacing\u003d\"1050\"\u003e \u003cline b\u003d\"102\" baseline\u003d\"102\" l\u003d\"56\" r\u003d\"186\" style\u003d\"transform: translate(2px, 66px); position: absolute;\" t\u003d\"93\"\u003e \u003cformatting lang\u003d\"EnglishUnitedStates\"\u003e Jakarta Selatan 12222 \u003c/formatting\u003e  \u003c/line\u003e  \u003c/par\u003e  \u003c/text\u003e  \u003c/block\u003e  \u003cregion xmlns\u003d\"http://ocr.crowdcomputingsystems.com/xml/schema-v1.xml\"\u003e \u003crect b\u003d\"227\" l\u003d\"55\" r\u003d\"407\" t\u003d\"106\"\u003e\u003c/rect\u003e  \u003c/region\u003e \u003ctable b\u003d\"227\" blockname\u003d\"\" blocktype\u003d\"Table\" l\u003d\"55\" r\u003d\"407\" style\u003d\"transform: translate(53px, 144px); position: absolute; user-select: auto;\" t\u003d\"106\" xmlns\u003d\"\"\u003e \u003ctbody\u003e\u003ctr\u003e \u003ctd bottomborder\u003d\"White\" h\u003d\"16\" leftborder\u003d\"White\" rightborder\u003d\"White\" topborder\u003d\"White\" w\u003d\"68\"\u003e \u003ctext xmlns\u003d\"http://ocr.crowdcomputingsystems.com/xml/schema-v1.xml\"\u003e \u003cpar linespacing\u003d\"680\"\u003e \u003cline b\u003d\"116\" baseline\u003d\"116\" l\u003d\"56\" r\u003d\"119\" t\u003d\"107\"\u003e \u003cformatting lang\u003d\"EnglishUnitedStates\"\u003e Phone:021 \u003c/formatting\u003e  \u003c/line\u003e  \u003c/par\u003e  \u003c/text\u003e  \u003c/td\u003e   \u003ctd bottomborder\u003d\"White\" h\u003d\"16\" leftborder\u003d\"White\" rightborder\u003d\"White\" topborder\u003d\"White\" w\u003d\"284\"\u003e \u003ctext xmlns\u003d\"http://ocr.crowdcomputingsystems.com/xml/schema-v1.xml\"\u003e \u003cpar linespacing\u003d\"680\"\u003e \u003cline b\u003d\"116\" baseline\u003d\"116\" l\u003d\"125\" r\u003d\"180\" t\u003d\"107\"\u003e \u003cformatting lang\u003d\"EnglishUnitedStates\"\u003e -7202224 \u003c/formatting\u003e  \u003c/line\u003e  \u003c/par\u003e  \u003c/text\u003e  \u003c/td\u003e   \u003c/tr\u003e \n \u003ctr\u003e \u003ctd bottomborder\u003d\"White\" h\u003d\"21\" leftborder\u003d\"White\" topborder\u003d\"White\" w\u003d\"68\"\u003e \u003ctext xmlns\u003d\"http://ocr.crowdcomputingsystems.com/xml/schema-v1.xml\"\u003e \u003cpar linespacing\u003d\"680\"\u003e \u003cline b\u003d\"134\" baseline\u003d\"134\" l\u003d\"58\" r\u003d\"93\" t\u003d\"125\"\u003e \u003cformatting lang\u003d\"EnglishUnitedStates\"\u003e NPWP \u003c/formatting\u003e  \u003c/line\u003e  \u003c/par\u003e  \u003c/text\u003e  \u003c/td\u003e   \u003ctd bottomborder\u003d\"White\" h\u003d\"21\" rightborder\u003d\"White\" topborder\u003d\"White\" w\u003d\"284\"\u003e \u003ctext xmlns\u003d\"http://ocr.crowdcomputingsystems.com/xml/schema-v1.xml\"\u003e \u003cpar align\u003d\"Justified\" leftindent\u003d\"1100\" linespacing\u003d\"680\"\u003e \u003cline b\u003d\"135\" baseline\u003d\"135\" l\u003d\"140\" r\u003d\"260\" t\u003d\"126\"\u003e \u003cformatting lang\u003d\"EnglishUnitedStates\"\u003e 03.234.767.1-111.022 \u003c/formatting\u003e  \u003c/line\u003e  \u003c/par\u003e  \u003c/text\u003e  \u003c/td\u003e   \u003c/tr\u003e \n \u003ctr\u003e \u003ctd bottomborder\u003d\"White\" h\u003d\"26\" leftborder\u003d\"White\" topborder\u003d\"White\" w\u003d\"68\"\u003e \u003ctext xmlns\u003d\"http://ocr.crowdcomputingsystems.com/xml/schema-v1.xml\"\u003e \u003cpar linespacing\u003d\"680\"\u003e \u003cline b\u003d\"159\" baseline\u003d\"159\" l\u003d\"59\" r\u003d\"102\" t\u003d\"150\"\u003e \u003cformatting lang\u003d\"EnglishUnitedStates\"\u003e BILL TO \u003c/formatting\u003e  \u003c/line\u003e  \u003c/par\u003e  \u003c/text\u003e  \u003c/td\u003e   \u003ctd bottomborder\u003d\"White\" h\u003d\"26\" rightborder\u003d\"White\" topborder\u003d\"White\" w\u003d\"284\"\u003e \u003ctext xmlns\u003d\"http://ocr.crowdcomputingsystems.com/xml/schema-v1.xml\"\u003e \u003cpar align\u003d\"Justified\" leftindent\u003d\"1100\" linespacing\u003d\"680\"\u003e \u003cline b\u003d\"161\" baseline\u003d\"159\" l\u003d\"138\" r\u003d\"278\" t\u003d\"150\"\u003e \u003cformatting lang\u003d\"EnglishUnitedStates\"\u003e SAMPLE INDONESIA PT. \u003c/formatting\u003e  \u003c/line\u003e  \u003c/par\u003e  \u003c/text\u003e  \u003c/td\u003e   \u003c/tr\u003e \n \u003ctr\u003e \u003ctd bottomborder\u003d\"White\" h\u003d\"25\" leftborder\u003d\"White\" topborder\u003d\"White\" w\u003d\"68\"\u003e \u003ctext xmlns\u003d\"http://ocr.crowdcomputingsystems.com/xml/schema-v1.xml\"\u003e \u003cpar linespacing\u003d\"680\"\u003e \u003cline b\u003d\"186\" baseline\u003d\"186\" l\u003d\"60\" r\u003d\"95\" t\u003d\"177\"\u003e \u003cformatting lang\u003d\"EnglishUnitedStates\"\u003e NPWP \u003c/formatting\u003e  \u003c/line\u003e  \u003c/par\u003e  \u003c/text\u003e  \u003c/td\u003e   \u003ctd bottomborder\u003d\"White\" h\u003d\"25\" rightborder\u003d\"White\" topborder\u003d\"White\" w\u003d\"284\"\u003e \u003ctext xmlns\u003d\"http://ocr.crowdcomputingsystems.com/xml/schema-v1.xml\"\u003e \u003cpar align\u003d\"Justified\" leftindent\u003d\"1100\" linespacing\u003d\"680\"\u003e \u003cline b\u003d\"186\" baseline\u003d\"186\" l\u003d\"136\" r\u003d\"255\" t\u003d\"177\"\u003e \u003cformatting lang\u003d\"EnglishUnitedStates\"\u003e 20.123.769.1-233.888 \u003c/formatting\u003e  \u003c/line\u003e  \u003c/par\u003e  \u003c/text\u003e  \u003c/td\u003e   \u003c/tr\u003e \n \u003ctr\u003e \u003ctd bottomborder\u003d\"White\" h\u003d\"33\" leftborder\u003d\"White\" topborder\u003d\"White\" w\u003d\"68\"\u003e \u003ctext xmlns\u003d\"http://ocr.crowdcomputingsystems.com/xml/schema-v1.xml\"\u003e \u003cpar linespacing\u003d\"680\"\u003e \u003cline b\u003d\"210\" baseline\u003d\"210\" l\u003d\"59\" r\u003d\"104\" t\u003d\"201\"\u003e \u003cformatting lang\u003d\"EnglishUnitedStates\"\u003e Address \u003c/formatting\u003e  \u003c/line\u003e  \u003c/par\u003e  \u003c/text\u003e  \u003c/td\u003e   \u003ctd bottomborder\u003d\"White\" h\u003d\"33\" rightborder\u003d\"White\" topborder\u003d\"White\" w\u003d\"284\"\u003e \u003ctext xmlns\u003d\"http://ocr.crowdcomputingsystems.com/xml/schema-v1.xml\"\u003e \u003cpar align\u003d\"Justified\" leftindent\u003d\"1100\" linespacing\u003d\"1050\"\u003e \u003cline b\u003d\"210\" baseline\u003d\"210\" l\u003d\"136\" r\u003d\"404\" t\u003d\"201\"\u003e \u003cformatting lang\u003d\"EnglishUnitedStates\"\u003e JL. IMAM BONJOL NO.60 JAKARTA PUSAT 10221 \u003c/formatting\u003e  \u003c/line\u003e  \u003cline b\u003d\"224\" baseline\u003d\"224\" l\u003d\"137\" r\u003d\"201\" t\u003d\"215\"\u003e \u003cformatting lang\u003d\"EnglishUnitedStates\"\u003e INDONESIA \u003c/formatting\u003e  \u003c/line\u003e  \u003c/par\u003e  \u003c/text\u003e  \u003c/td\u003e   \u003c/tr\u003e \n \u003c/tbody\u003e\u003c/table\u003e\n \u003cblock b\u003d\"62\" blockname\u003d\"\" blocktype\u003d\"Text\" l\u003d\"424\" r\u003d\"598\" style\u003d\"transform: translate(409px, 60px); position: absolute; width: 167.778px; height: 24.375px;\" t\u003d\"44\"\u003e \u003cregion\u003e \u003crect b\u003d\"62\" l\u003d\"424\" r\u003d\"598\" t\u003d\"44\"\u003e\u003c/rect\u003e  \u003c/region\u003e  \u003ctext\u003e \u003cpar linespacing\u003d\"1050\"\u003e \u003cline b\u003d\"59\" baseline\u003d\"59\" l\u003d\"425\" r\u003d\"595\" style\u003d\"transform: translate(1px, 1px); position: absolute;\" t\u003d\"45\"\u003e \u003cformatting lang\u003d\"EnglishUnitedStates\"\u003e INVOICE / FAKTUR \u003c/formatting\u003e  \u003c/line\u003e  \u003c/par\u003e  \u003c/text\u003e  \u003c/block\u003e  \u003cblock b\u003d\"126\" blockname\u003d\"\" blocktype\u003d\"Text\" l\u003d\"422\" r\u003d\"566\" style\u003d\"transform: translate(407px, 103px); position: absolute; width: 138.851px; height: 67.7083px;\" t\u003d\"76\"\u003e \u003cregion\u003e \u003crect b\u003d\"126\" l\u003d\"422\" r\u003d\"566\" t\u003d\"76\"\u003e\u003c/rect\u003e  \u003c/region\u003e  \u003ctext\u003e \u003cpar linespacing\u003d\"1350\"\u003e \u003cline b\u003d\"86\" baseline\u003d\"86\" l\u003d\"423\" r\u003d\"531\" style\u003d\"transform: translate(1px, 1px); position: absolute;\" t\u003d\"77\"\u003e \u003cformatting lang\u003d\"EnglishUnitedStates\"\u003e Tax Invoice Number \u003c/formatting\u003e  \u003c/line\u003e  \u003cline b\u003d\"104\" baseline\u003d\"102\" l\u003d\"423\" r\u003d\"563\" style\u003d\"transform: translate(1px, 23px); position: absolute;\" t\u003d\"93\"\u003e \u003cformatting lang\u003d\"EnglishUnitedStates\"\u003e (Nomer Seri Faktur Pajak \u003c/formatting\u003e  \u003c/line\u003e  \u003cline b\u003d\"123\" baseline\u003d\"123\" l\u003d\"426\" r\u003d\"511\" style\u003d\"transform: translate(4px, 51px); position: absolute;\" t\u003d\"114\"\u003e \u003cformatting lang\u003d\"EnglishUnitedStates\"\u003e Invoice Number \u003c/formatting\u003e  \u003c/line\u003e  \u003c/par\u003e  \u003c/text\u003e  \u003c/block\u003e  \u003cblock b\u003d\"125\" blockname\u003d\"\" blocktype\u003d\"Text\" l\u003d\"591\" r\u003d\"663\" style\u003d\"transform: translate(570px, 115px); position: absolute; width: 69.4253px; height: 54.1667px;\" t\u003d\"85\"\u003e \u003cregion\u003e \u003crect b\u003d\"125\" l\u003d\"591\" r\u003d\"663\" t\u003d\"85\"\u003e\u003c/rect\u003e  \u003c/region\u003e  \u003ctext\u003e \u003cpar linespacing\u003d\"680\"\u003e \u003cline b\u003d\"95\" baseline\u003d\"95\" l\u003d\"593\" r\u003d\"660\" style\u003d\"transform: translate(2px, 1px); position: absolute;\" t\u003d\"86\"\u003e \u003cformatting lang\u003d\"EnglishUnitedStates\"\u003e 122.444.867 \u003c/formatting\u003e  \u003c/line\u003e  \u003c/par\u003e  \u003cpar linespacing\u003d\"680\"\u003e \u003cline b\u003d\"122\" baseline\u003d\"122\" l\u003d\"592\" r\u003d\"647\" style\u003d\"transform: translate(1px, 38px); position: absolute;\" t\u003d\"113\"\u003e \u003cformatting lang\u003d\"EnglishUnitedStates\"\u003e \u003cinvoice_number begin\u003d\"685\" class\u003d\"extraction-tag ml-tag\" data-text\u003d\"00000456\" data-value\u003d\"00000456\" end\u003d\"693\" ml-tagorder\u003d\"0\" score\u003d\"0.5534581035231604\" style\u003d\"border: 2px solid rgb(125, 157, 1);\" tagorder\u003d\"0\"\u003e00000456\u003c/invoice_number\u003e \u003c/formatting\u003e  \u003c/line\u003e  \u003c/par\u003e  \u003c/text\u003e  \u003c/block\u003e  \u003cblock b\u003d\"157\" blockname\u003d\"\" blocktype\u003d\"Text\" l\u003d\"426\" r\u003d\"454\" style\u003d\"transform: translate(411px, 195px); position: absolute; width: 26.9987px; height: 17.6042px;\" t\u003d\"144\"\u003e \u003cregion\u003e \u003crect b\u003d\"157\" l\u003d\"426\" r\u003d\"454\" t\u003d\"144\"\u003e\u003c/rect\u003e  \u003c/region\u003e  \u003ctext\u003e \u003cpar linespacing\u003d\"680\"\u003e \u003cline b\u003d\"154\" baseline\u003d\"154\" l\u003d\"427\" r\u003d\"451\" style\u003d\"transform: translate(1px, 1px); position: absolute;\" t\u003d\"145\"\u003e \u003cformatting lang\u003d\"EnglishUnitedStates\"\u003e Date \u003c/formatting\u003e  \u003c/line\u003e  \u003c/par\u003e  \u003c/text\u003e  \u003c/block\u003e  \u003cblock b\u003d\"158\" blockname\u003d\"\" blocktype\u003d\"Text\" l\u003d\"591\" r\u003d\"690\" style\u003d\"transform: translate(570px, 194px); position: absolute; width: 95.4598px; height: 20.3125px;\" t\u003d\"143\"\u003e \u003cregion\u003e \u003crect b\u003d\"158\" l\u003d\"591\" r\u003d\"690\" t\u003d\"143\"\u003e\u003c/rect\u003e  \u003c/region\u003e  \u003ctext\u003e \u003cpar leftindent\u003d\"10200\" linespacing\u003d\"680\"\u003e \u003cline b\u003d\"155\" baseline\u003d\"153\" l\u003d\"593\" r\u003d\"687\" style\u003d\"transform: translate(2px, 1px); position: absolute;\" t\u003d\"144\"\u003e \u003cformatting lang\u003d\"EnglishUnitedStates\"\u003e \u003cinvoice_date begin\u003d\"739\" class\u003d\"extraction-tag ml-tag\" data-text\u003d\"11 February 2013\" data-value\u003d\"11 February 2013\" end\u003d\"755\" ml-tagorder\u003d\"1\" score\u003d\"0.7001342430774303\" style\u003d\"border: 2px solid rgb(125, 157, 1);\" tagorder\u003d\"1\"\u003e11 February 2013\u003c/invoice_date\u003e \u003c/formatting\u003e  \u003c/line\u003e  \u003c/par\u003e  \u003c/text\u003e  \u003c/block\u003e  \u003cblock b\u003d\"191\" blockname\u003d\"\" blocktype\u003d\"Text\" l\u003d\"426\" r\u003d\"457\" style\u003d\"transform: translate(411px, 238px); position: absolute; width: 29.8914px; height: 20.3125px;\" t\u003d\"176\"\u003e \u003cregion\u003e \u003crect b\u003d\"191\" l\u003d\"426\" r\u003d\"457\" t\u003d\"176\"\u003e\u003c/rect\u003e  \u003c/region\u003e  \u003ctext\u003e \u003cpar linespacing\u003d\"680\"\u003e \u003cline b\u003d\"188\" baseline\u003d\"186\" l\u003d\"427\" r\u003d\"454\" style\u003d\"transform: translate(1px, 1px); position: absolute;\" t\u003d\"177\"\u003e \u003cformatting lang\u003d\"EnglishUnitedStates\"\u003e P3ge \u003c/formatting\u003e  \u003c/line\u003e  \u003c/par\u003e  \u003c/text\u003e  \u003c/block\u003e  \u003cblock b\u003d\"187\" blockname\u003d\"\" blocktype\u003d\"Text\" l\u003d\"590\" r\u003d\"598\" style\u003d\"transform: translate(569px, 236px); position: absolute; width: 7.71392px; height: 17.6042px;\" t\u003d\"174\"\u003e \u003cregion\u003e \u003crect b\u003d\"187\" l\u003d\"590\" r\u003d\"598\" t\u003d\"174\"\u003e\u003c/rect\u003e  \u003c/region\u003e  \u003ctext\u003e \u003cpar align\u003d\"Justified\"\u003e \u003cline b\u003d\"184\" baseline\u003d\"185\" l\u003d\"592\" r\u003d\"595\" style\u003d\"transform: translate(2px, 1px); position: absolute;\" t\u003d\"175\"\u003e \u003cformatting lang\u003d\"EnglishUnitedStates\"\u003e 1 \u003c/formatting\u003e  \u003c/line\u003e  \u003c/par\u003e  \u003c/text\u003e  \u003c/block\u003e  \u003cblock b\u003d\"247\" blockname\u003d\"\" blocktype\u003d\"Text\" l\u003d\"439\" r\u003d\"737\" style\u003d\"transform: translate(423px, 283px); position: absolute; width: 287.344px; height: 51.4583px;\" t\u003d\"209\"\u003e \u003cregion\u003e \u003crect b\u003d\"247\" l\u003d\"439\" r\u003d\"737\" t\u003d\"209\"\u003e\u003c/rect\u003e  \u003c/region\u003e  \u003ctext\u003e \u003cpar linespacing\u003d\"975\"\u003e \u003cline b\u003d\"220\" baseline\u003d\"218\" l\u003d\"440\" r\u003d\"734\" style\u003d\"transform: translate(1px, 1px); position: absolute;\" t\u003d\"210\"\u003e \u003cformatting lang\u003d\"EnglishUnitedStates\"\u003e Invoice ini berlaku sebagai Faktur Pajak Berdasarkan : \u003c/formatting\u003e  \u003c/line\u003e  \u003cline b\u003d\"233\" baseline\u003d\"231\" l\u003d\"444\" r\u003d\"730\" style\u003d\"transform: translate(5px, 19px); position: absolute;\" t\u003d\"223\"\u003e \u003cformatting lang\u003d\"EnglishUnitedStates\"\u003e UU No. 42 Tahun 2009 Pasal 13 ayat (5), PER-24/PJ/2012 \u003c/formatting\u003e  \u003c/line\u003e  \u003cline b\u003d\"244\" baseline\u003d\"244\" l\u003d\"566\" r\u003d\"609\" style\u003d\"transform: translate(122px, 37px); position: absolute;\" t\u003d\"236\"\u003e \u003cformatting lang\u003d\"EnglishUnitedStates\"\u003e Pasal 14 \u003c/formatting\u003e  \u003c/line\u003e  \u003c/par\u003e  \u003c/text\u003e  \u003c/block\u003e  \u003cregion xmlns\u003d\"http://ocr.crowdcomputingsystems.com/xml/schema-v1.xml\"\u003e \u003crect b\u003d\"698\" l\u003d\"52\" r\u003d\"731\" t\u003d\"270\"\u003e\u003c/rect\u003e  \u003c/region\u003e \u003ctable b\u003d\"698\" blockname\u003d\"\" blocktype\u003d\"Table\" l\u003d\"52\" r\u003d\"731\" style\u003d\"transform: translate(50px, 366px); position: absolute; user-select: auto;\" t\u003d\"270\" xmlns\u003d\"\"\u003e \u003ctbody\u003e\u003ctr\u003e \u003ctd h\u003d\"23\" w\u003d\"94\"\u003e \u003ctext xmlns\u003d\"http://ocr.crowdcomputingsystems.com/xml/schema-v1.xml\"\u003e \u003cpar align\u003d\"Center\" linespacing\u003d\"680\"\u003e \u003cline b\u003d\"283\" baseline\u003d\"283\" l\u003d\"91\" r\u003d\"108\" t\u003d\"274\"\u003e \u003cformatting lang\u003d\"EnglishUnitedStates\"\u003e NO \u003c/formatting\u003e  \u003c/line\u003e  \u003c/par\u003e  \u003c/text\u003e  \u003c/td\u003e   \u003ctd h\u003d\"23\" w\u003d\"284\"\u003e \u003ctext xmlns\u003d\"http://ocr.crowdcomputingsystems.com/xml/schema-v1.xml\"\u003e \u003cpar align\u003d\"Center\" linespacing\u003d\"680\"\u003e \u003cline b\u003d\"284\" baseline\u003d\"284\" l\u003d\"248\" r\u003d\"328\" t\u003d\"275\"\u003e \u003cformatting lang\u003d\"EnglishUnitedStates\"\u003e DESCRIPTION \u003c/formatting\u003e  \u003c/line\u003e  \u003c/par\u003e  \u003c/text\u003e  \u003c/td\u003e   \u003ctd h\u003d\"23\" w\u003d\"75\"\u003e \u003ctext xmlns\u003d\"http://ocr.crowdcomputingsystems.com/xml/schema-v1.xml\"\u003e \u003cpar linespacing\u003d\"680\"\u003e \u003cline b\u003d\"286\" baseline\u003d\"286\" l\u003d\"439\" r\u003d\"496\" t\u003d\"277\"\u003e \u003cformatting lang\u003d\"EnglishUnitedStates\"\u003e QUANTITY \u003c/formatting\u003e  \u003c/line\u003e  \u003c/par\u003e  \u003c/text\u003e  \u003c/td\u003e   \u003ctd h\u003d\"23\" w\u003d\"102\"\u003e \u003ctext xmlns\u003d\"http://ocr.crowdcomputingsystems.com/xml/schema-v1.xml\"\u003e \u003cpar leftindent\u003d\"1300\" linespacing\u003d\"680\"\u003e \u003cline b\u003d\"286\" baseline\u003d\"286\" l\u003d\"522\" r\u003d\"589\" t\u003d\"277\"\u003e \u003cformatting lang\u003d\"EnglishUnitedStates\"\u003e UNIT PRICE \u003c/formatting\u003e  \u003c/line\u003e  \u003c/par\u003e  \u003c/text\u003e  \u003c/td\u003e   \u003ctd h\u003d\"23\" w\u003d\"124\"\u003e \u003ctext xmlns\u003d\"http://ocr.crowdcomputingsystems.com/xml/schema-v1.xml\"\u003e \u003cpar align\u003d\"Center\" leftindent\u003d\"200\" linespacing\u003d\"680\"\u003e \u003cline b\u003d\"286\" baseline\u003d\"286\" l\u003d\"643\" r\u003d\"693\" t\u003d\"277\"\u003e \u003cformatting lang\u003d\"EnglishUnitedStates\"\u003e AMOUNT \u003c/formatting\u003e  \u003c/line\u003e  \u003c/par\u003e  \u003c/text\u003e  \u003c/td\u003e   \u003c/tr\u003e \n \u003ctr\u003e \u003ctd h\u003d\"405\" w\u003d\"94\"\u003e \u003ctext xmlns\u003d\"http://ocr.crowdcomputingsystems.com/xml/schema-v1.xml\"\u003e \u003cpar align\u003d\"Center\" linespacing\u003d\"750\"\u003e \u003cline b\u003d\"308\" baseline\u003d\"309\" l\u003d\"97\" r\u003d\"100\" t\u003d\"299\"\u003e \u003cformatting lang\u003d\"EnglishUnitedStates\"\u003e 1 \u003c/formatting\u003e  \u003c/line\u003e  \u003c/par\u003e  \u003c/text\u003e  \u003c/td\u003e   \u003ctd h\u003d\"405\" w\u003d\"284\"\u003e \u003ctext xmlns\u003d\"http://ocr.crowdcomputingsystems.com/xml/schema-v1.xml\"\u003e \u003cpar linespacing\u003d\"680\"\u003e \u003cline b\u003d\"311\" baseline\u003d\"309\" l\u003d\"155\" r\u003d\"404\" t\u003d\"300\"\u003e\u003cproduct begin\u003d\"1117\" class\u003d\"extraction-tag ml-tag\" data-text\u003d\"Penjualan Jasa Service\" data-value\u003d\"Penjualan Jasa Service\" end\u003d\"1139\" ml-tagorder\u003d\"2\" score\u003d\"0.6865981673893017\" style\u003d\"border: 2px solid rgb(125, 157, 1);\" tagorder\u003d\"2\"\u003ePenjualan Jasa Service\u003c/product\u003e \u003cproduct begin\u003d\"1140\" class\u003d\"extraction-tag ml-tag\" data-text\u003d\"Periode Januari 2013\" data-value\u003d\"Periode Januari 2013\" end\u003d\"1160\" ml-tagorder\u003d\"3\" score\u003d\"0.6284544337504313\" style\u003d\"border: 2px solid rgb(125, 157, 1);\" tagorder\u003d\"3\"\u003ePeriode Januari 2013\u003c/product\u003e\u003c/line\u003e  \u003c/par\u003e  \u003c/text\u003e  \u003c/td\u003e   \u003ctd h\u003d\"405\" w\u003d\"75\"\u003e \u003ctext xmlns\u003d\"http://ocr.crowdcomputingsystems.com/xml/schema-v1.xml\"\u003e \u003cpar align\u003d\"Center\" linespacing\u003d\"680\" rightindent\u003d\"100\"\u003e \u003cline b\u003d\"309\" baseline\u003d\"309\" l\u003d\"452\" r\u003d\"485\" t\u003d\"300\"\u003e\u003cquantity begin\u003d\"1172\" class\u003d\"extraction-tag ml-tag\" data-text\u003d\"1\" data-value\u003d\"1\" end\u003d\"1173\" ml-tagorder\u003d\"4\" score\u003d\"0.7107856864522859\" style\u003d\"border: 2px solid rgb(125, 157, 1);\" tagorder\u003d\"4\"\u003e1\u003c/quantity\u003e \u003cquantity begin\u003d\"1174\" class\u003d\"extraction-tag ml-tag\" data-text\u003d\"Unit\" data-value\u003d\"Unit\" end\u003d\"1178\" ml-tagorder\u003d\"5\" score\u003d\"0.5721377769846022\" style\u003d\"border: 2px solid rgb(125, 157, 1);\" tagorder\u003d\"5\"\u003eUnit\u003c/quantity\u003e\u003c/line\u003e  \u003c/par\u003e  \u003c/text\u003e  \u003c/td\u003e   \u003ctd h\u003d\"405\" w\u003d\"102\"\u003e \u003ctext xmlns\u003d\"http://ocr.crowdcomputingsystems.com/xml/schema-v1.xml\"\u003e \u003cpar align\u003d\"Right\" linespacing\u003d\"680\"\u003e \u003cline b\u003d\"311\" baseline\u003d\"309\" l\u003d\"529\" r\u003d\"599\" t\u003d\"300\"\u003e\u003cprice begin\u003d\"1190\" class\u003d\"extraction-tag ml-tag\" data-text\u003d\"1,000,000.00\" data-value\u003d\"1,000,000.00\" end\u003d\"1202\" ml-tagorder\u003d\"6\" score\u003d\"0.6448319884407957\" style\u003d\"border: 2px solid rgb(125, 157, 1);\" tagorder\u003d\"6\"\u003e1,000,000.00\u003c/price\u003e\u003c/line\u003e  \u003c/par\u003e  \u003c/text\u003e  \u003c/td\u003e   \u003ctd h\u003d\"405\" w\u003d\"124\"\u003e \u003ctext xmlns\u003d\"http://ocr.crowdcomputingsystems.com/xml/schema-v1.xml\"\u003e \u003cpar align\u003d\"Right\" linespacing\u003d\"680\"\u003e \u003cline b\u003d\"311\" baseline\u003d\"309\" l\u003d\"654\" r\u003d\"723\" t\u003d\"300\"\u003e \u003cformatting lang\u003d\"EnglishUnitedStates\"\u003e 1,000,000.00 \u003c/formatting\u003e  \u003c/line\u003e  \u003c/par\u003e  \u003c/text\u003e  \u003c/td\u003e   \u003c/tr\u003e \n \u003c/tbody\u003e\u003c/table\u003e\n \u003cblock b\u003d\"724\" blockname\u003d\"\" blocktype\u003d\"Text\" l\u003d\"51\" r\u003d\"198\" style\u003d\"transform: translate(49px, 960px); position: absolute; width: 141.743px; height: 20.3125px;\" t\u003d\"709\"\u003e \u003cregion\u003e \u003crect b\u003d\"724\" l\u003d\"51\" r\u003d\"198\" t\u003d\"709\"\u003e\u003c/rect\u003e  \u003c/region\u003e  \u003ctext\u003e \u003cpar linespacing\u003d\"680\"\u003e \u003cline b\u003d\"721\" baseline\u003d\"719\" l\u003d\"52\" r\u003d\"195\" style\u003d\"transform: translate(1px, 1px); position: absolute;\" t\u003d\"710\"\u003e \u003cformatting lang\u003d\"EnglishUnitedStates\"\u003e Luxury Sales Tax ( PPn BM \u003c/formatting\u003e  \u003c/line\u003e  \u003c/par\u003e  \u003c/text\u003e  \u003c/block\u003e  \u003cregion xmlns\u003d\"http://ocr.crowdcomputingsystems.com/xml/schema-v1.xml\"\u003e \u003crect b\u003d\"843\" l\u003d\"50\" r\u003d\"359\" t\u003d\"736\"\u003e\u003c/rect\u003e  \u003c/region\u003e \u003ctable b\u003d\"843\" blockname\u003d\"\" blocktype\u003d\"Table\" l\u003d\"50\" r\u003d\"359\" style\u003d\"transform: translate(48px, 997px); position: absolute; user-select: auto;\" t\u003d\"736\" xmlns\u003d\"\"\u003e \u003ctbody\u003e\u003ctr\u003e \u003ctd h\u003d\"17\" w\u003d\"79\"\u003e \u003ctext xmlns\u003d\"http://ocr.crowdcomputingsystems.com/xml/schema-v1.xml\"\u003e \u003cpar align\u003d\"Center\" linespacing\u003d\"680\" rightindent\u003d\"300\"\u003e \u003cline b\u003d\"749\" baseline\u003d\"749\" l\u003d\"75\" r\u003d\"108\" t\u003d\"740\"\u003e \u003cformatting lang\u003d\"EnglishUnitedStates\"\u003e TARIF \u003c/formatting\u003e  \u003c/line\u003e  \u003c/par\u003e  \u003c/text\u003e  \u003c/td\u003e   \u003ctd h\u003d\"17\" w\u003d\"115\"\u003e \u003ctext xmlns\u003d\"http://ocr.crowdcomputingsystems.com/xml/schema-v1.xml\"\u003e \u003cpar align\u003d\"Center\" linespacing\u003d\"680\" rightindent\u003d\"400\"\u003e \u003cline b\u003d\"749\" baseline\u003d\"749\" l\u003d\"179\" r\u003d\"203\" t\u003d\"740\"\u003e \u003cformatting lang\u003d\"EnglishUnitedStates\"\u003e DPP \u003c/formatting\u003e  \u003c/line\u003e  \u003c/par\u003e  \u003c/text\u003e  \u003c/td\u003e   \u003ctd h\u003d\"17\" w\u003d\"115\"\u003e \u003ctext xmlns\u003d\"http://ocr.crowdcomputingsystems.com/xml/schema-v1.xml\"\u003e \u003cpar align\u003d\"Center\" linespacing\u003d\"680\"\u003e \u003cline b\u003d\"749\" baseline\u003d\"749\" l\u003d\"282\" r\u003d\"323\" t\u003d\"740\"\u003e \u003cformatting lang\u003d\"EnglishUnitedStates\"\u003e PPn BM \u003c/formatting\u003e  \u003c/line\u003e  \u003c/par\u003e  \u003c/text\u003e  \u003c/td\u003e   \u003c/tr\u003e \n \u003ctr\u003e \u003ctd h\u003d\"14\" w\u003d\"79\"\u003e \u003ctext xmlns\u003d\"http://ocr.crowdcomputingsystems.com/xml/schema-v1.xml\"\u003e \u003cpar align\u003d\"Right\" linespacing\u003d\"680\" rightindent\u003d\"800\"\u003e \u003cline b\u003d\"767\" baseline\u003d\"767\" l\u003d\"97\" r\u003d\"119\" t\u003d\"758\"\u003e \u003cformatting lang\u003d\"EnglishUnitedStates\"\u003e ....% \u003c/formatting\u003e  \u003c/line\u003e  \u003c/par\u003e  \u003c/text\u003e  \u003c/td\u003e   \u003ctd h\u003d\"14\" w\u003d\"115\"\u003e \u003ctext xmlns\u003d\"http://ocr.crowdcomputingsystems.com/xml/schema-v1.xml\"\u003e \u003cpar linespacing\u003d\"680\"\u003e \u003cline b\u003d\"769\" baseline\u003d\"767\" l\u003d\"134\" r\u003d\"163\" t\u003d\"758\"\u003e \u003cformatting lang\u003d\"EnglishUnitedStates\"\u003e Rp. ... \u003c/formatting\u003e  \u003c/line\u003e  \u003c/par\u003e  \u003c/text\u003e  \u003c/td\u003e   \u003ctd h\u003d\"14\" w\u003d\"115\"\u003e \u003ctext xmlns\u003d\"http://ocr.crowdcomputingsystems.com/xml/schema-v1.xml\"\u003e \u003cpar align\u003d\"Justified\" linespacing\u003d\"680\"\u003e \u003cline b\u003d\"769\" baseline\u003d\"767\" l\u003d\"246\" r\u003d\"275\" t\u003d\"758\"\u003e \u003cformatting lang\u003d\"EnglishUnitedStates\"\u003e Rp.... \u003c/formatting\u003e  \u003c/line\u003e  \u003c/par\u003e  \u003c/text\u003e  \u003c/td\u003e   \u003c/tr\u003e \n \u003ctr\u003e \u003ctd h\u003d\"16\" w\u003d\"79\"\u003e \u003ctext xmlns\u003d\"http://ocr.crowdcomputingsystems.com/xml/schema-v1.xml\"\u003e \u003cpar align\u003d\"Right\" linespacing\u003d\"680\" rightindent\u003d\"800\"\u003e \u003cline b\u003d\"783\" baseline\u003d\"783\" l\u003d\"97\" r\u003d\"119\" t\u003d\"774\"\u003e \u003cformatting lang\u003d\"EnglishUnitedStates\"\u003e ....% \u003c/formatting\u003e  \u003c/line\u003e  \u003c/par\u003e  \u003c/text\u003e  \u003c/td\u003e   \u003ctd h\u003d\"16\" w\u003d\"115\"\u003e \u003ctext xmlns\u003d\"http://ocr.crowdcomputingsystems.com/xml/schema-v1.xml\"\u003e \u003cpar linespacing\u003d\"680\"\u003e \u003cline b\u003d\"785\" baseline\u003d\"783\" l\u003d\"135\" r\u003d\"164\" t\u003d\"774\"\u003e \u003cformatting lang\u003d\"EnglishUnitedStates\"\u003e Rp.... \u003c/formatting\u003e  \u003c/line\u003e  \u003c/par\u003e  \u003c/text\u003e  \u003c/td\u003e   \u003ctd h\u003d\"16\" w\u003d\"115\"\u003e \u003ctext xmlns\u003d\"http://ocr.crowdcomputingsystems.com/xml/schema-v1.xml\"\u003e \u003cpar align\u003d\"Justified\" linespacing\u003d\"680\"\u003e \u003cline b\u003d\"785\" baseline\u003d\"783\" l\u003d\"246\" r\u003d\"275\" t\u003d\"774\"\u003e \u003cformatting lang\u003d\"EnglishUnitedStates\"\u003e Rp.... \u003c/formatting\u003e  \u003c/line\u003e  \u003c/par\u003e  \u003c/text\u003e  \u003c/td\u003e   \u003c/tr\u003e \n \u003ctr\u003e \u003ctd h\u003d\"16\" w\u003d\"79\"\u003e \u003ctext xmlns\u003d\"http://ocr.crowdcomputingsystems.com/xml/schema-v1.xml\"\u003e \u003cpar align\u003d\"Right\" linespacing\u003d\"680\" rightindent\u003d\"800\"\u003e \u003cline b\u003d\"799\" baseline\u003d\"799\" l\u003d\"97\" r\u003d\"119\" t\u003d\"790\"\u003e \u003cformatting lang\u003d\"EnglishUnitedStates\"\u003e ....% \u003c/formatting\u003e  \u003c/line\u003e  \u003c/par\u003e  \u003c/text\u003e  \u003c/td\u003e   \u003ctd h\u003d\"16\" w\u003d\"115\"\u003e \u003ctext xmlns\u003d\"http://ocr.crowdcomputingsystems.com/xml/schema-v1.xml\"\u003e \u003cpar align\u003d\"Center\" linespacing\u003d\"150\" rightindent\u003d\"400\"\u003e \u003cline b\u003d\"785\" baseline\u003d\"784\" l\u003d\"144\" r\u003d\"239\" t\u003d\"782\"\u003e \u003cformatting lang\u003d\"EnglishUnitedStates\"\u003e r ............................ \u003c/formatting\u003e  \u003c/line\u003e  \u003c/par\u003e  \u003cpar linespacing\u003d\"680\"\u003e \u003cline b\u003d\"800\" baseline\u003d\"799\" l\u003d\"135\" r\u003d\"164\" t\u003d\"790\"\u003e \u003cformatting lang\u003d\"EnglishUnitedStates\"\u003e RD. ... \u003c/formatting\u003e  \u003c/line\u003e  \u003c/par\u003e  \u003c/text\u003e  \u003c/td\u003e   \u003ctd h\u003d\"16\" w\u003d\"115\"\u003e \u003ctext xmlns\u003d\"http://ocr.crowdcomputingsystems.com/xml/schema-v1.xml\"\u003e \u003cpar align\u003d\"Justified\" linespacing\u003d\"680\"\u003e \u003cline b\u003d\"801\" baseline\u003d\"799\" l\u003d\"246\" r\u003d\"275\" t\u003d\"790\"\u003e \u003cformatting lang\u003d\"EnglishUnitedStates\"\u003e Rp.... \u003c/formatting\u003e  \u003c/line\u003e  \u003c/par\u003e  \u003c/text\u003e  \u003c/td\u003e   \u003c/tr\u003e \n \u003ctr\u003e \u003ctd h\u003d\"16\" w\u003d\"79\"\u003e \u003ctext xmlns\u003d\"http://ocr.crowdcomputingsystems.com/xml/schema-v1.xml\"\u003e \u003cpar align\u003d\"Right\" linespacing\u003d\"680\" rightindent\u003d\"800\"\u003e \u003cline b\u003d\"815\" baseline\u003d\"815\" l\u003d\"97\" r\u003d\"119\" t\u003d\"806\"\u003e \u003cformatting lang\u003d\"EnglishUnitedStates\"\u003e ....% \u003c/formatting\u003e  \u003c/line\u003e  \u003c/par\u003e  \u003c/text\u003e  \u003c/td\u003e   \u003ctd h\u003d\"16\" w\u003d\"115\"\u003e \u003ctext xmlns\u003d\"http://ocr.crowdcomputingsystems.com/xml/schema-v1.xml\"\u003e \u003cpar align\u003d\"Center\" linespacing\u003d\"150\" rightindent\u003d\"400\"\u003e \u003cline b\u003d\"801\" baseline\u003d\"800\" l\u003d\"144\" r\u003d\"239\" t\u003d\"798\"\u003e \u003cformatting lang\u003d\"EnglishUnitedStates\"\u003e r ............................ \u003c/formatting\u003e  \u003c/line\u003e  \u003c/par\u003e  \u003cpar linespacing\u003d\"680\"\u003e \u003cline b\u003d\"817\" baseline\u003d\"815\" l\u003d\"135\" r\u003d\"164\" t\u003d\"806\"\u003e \u003cformatting lang\u003d\"EnglishUnitedStates\"\u003e Rp. ... \u003c/formatting\u003e  \u003c/line\u003e  \u003c/par\u003e  \u003c/text\u003e  \u003c/td\u003e   \u003ctd h\u003d\"16\" w\u003d\"115\"\u003e \u003ctext xmlns\u003d\"http://ocr.crowdcomputingsystems.com/xml/schema-v1.xml\"\u003e \u003cpar align\u003d\"Justified\" linespacing\u003d\"680\"\u003e \u003cline b\u003d\"817\" baseline\u003d\"815\" l\u003d\"246\" r\u003d\"275\" t\u003d\"806\"\u003e \u003cformatting lang\u003d\"EnglishUnitedStates\"\u003e Rp.... \u003c/formatting\u003e  \u003c/line\u003e  \u003c/par\u003e  \u003c/text\u003e  \u003c/td\u003e   \u003c/tr\u003e \n \u003ctr\u003e \u003ctd h\u003d\"10\" w\u003d\"79\"\u003e \u003ctext xmlns\u003d\"http://ocr.crowdcomputingsystems.com/xml/schema-v1.xml\"\u003e \u003cpar leftindent\u003d\"1900\" linespacing\u003d\"-1\"\u003e\u003c/par\u003e  \u003c/text\u003e  \u003c/td\u003e   \u003ctd h\u003d\"10\" w\u003d\"115\"\u003e \u003ctext xmlns\u003d\"http://ocr.crowdcomputingsystems.com/xml/schema-v1.xml\"\u003e \u003cpar align\u003d\"Justified\" leftindent\u003d\"1100\" linespacing\u003d\"230\"\u003e \u003cline b\u003d\"817\" baseline\u003d\"817\" l\u003d\"144\" r\u003d\"206\" t\u003d\"814\"\u003e \u003cformatting lang\u003d\"EnglishUnitedStates\"\u003e r ... \u003c/formatting\u003e  \u003c/line\u003e  \u003c/par\u003e  \u003c/text\u003e  \u003c/td\u003e   \u003ctd h\u003d\"10\" w\u003d\"115\"\u003e \u003ctext xmlns\u003d\"http://ocr.crowdcomputingsystems.com/xml/schema-v1.xml\"\u003e \u003cpar linespacing\u003d\"-1\"\u003e\u003c/par\u003e  \u003c/text\u003e  \u003c/td\u003e   \u003c/tr\u003e \n \u003ctr\u003e \u003ctd colspan\u003d\"2\" h\u003d\"18\" w\u003d\"194\"\u003e \u003ctext xmlns\u003d\"http://ocr.crowdcomputingsystems.com/xml/schema-v1.xml\"\u003e \u003cpar leftindent\u003d\"1600\" linespacing\u003d\"680\"\u003e \u003cline b\u003d\"838\" baseline\u003d\"838\" l\u003d\"71\" r\u003d\"111\" t\u003d\"829\"\u003e \u003cformatting lang\u003d\"EnglishUnitedStates\"\u003e Jumlah \u003c/formatting\u003e  \u003c/line\u003e  \u003c/par\u003e  \u003c/text\u003e  \u003c/td\u003e   \u003ctd h\u003d\"18\" w\u003d\"115\"\u003e \u003ctext xmlns\u003d\"http://ocr.crowdcomputingsystems.com/xml/schema-v1.xml\"\u003e \u003cpar align\u003d\"Justified\" linespacing\u003d\"900\"\u003e \u003cline b\u003d\"840\" baseline\u003d\"841\" l\u003d\"248\" r\u003d\"352\" t\u003d\"829\"\u003e \u003cformatting lang\u003d\"EnglishUnitedStates\"\u003e Rp. \u003c/formatting\u003e  \u003c/line\u003e  \u003c/par\u003e  \u003c/text\u003e  \u003c/td\u003e   \u003c/tr\u003e \n \u003c/tbody\u003e\u003c/table\u003e\n \u003cblock b\u003d\"804\" blockname\u003d\"\" blocktype\u003d\"Text\" l\u003d\"436\" r\u003d\"604\" style\u003d\"transform: translate(420px, 952px); position: absolute; width: 161.992px; height: 136.771px;\" t\u003d\"703\"\u003e \u003cregion\u003e \u003crect b\u003d\"804\" l\u003d\"436\" r\u003d\"604\" t\u003d\"703\"\u003e\u003c/rect\u003e  \u003c/region\u003e  \u003ctext\u003e \u003cpar align\u003d\"Justified\" linespacing\u003d\"1275\" rightindent\u003d\"800\"\u003e \u003cline b\u003d\"715\" baseline\u003d\"713\" l\u003d\"440\" r\u003d\"593\" style\u003d\"transform: translate(4px, 1px); position: absolute;\" t\u003d\"704\"\u003e \u003cformatting lang\u003d\"EnglishUnitedStates\"\u003e Sales Amount ( H3rga Jual) \u003c/formatting\u003e  \u003c/line\u003e  \u003cline b\u003d\"731\" baseline\u003d\"731\" l\u003d\"440\" r\u003d\"488\" style\u003d\"transform: translate(4px, 26px); position: absolute;\" t\u003d\"722\"\u003e \u003cformatting lang\u003d\"EnglishUnitedStates\"\u003e Discount \u003c/formatting\u003e  \u003c/line\u003e  \u003c/par\u003e  \u003cpar align\u003d\"Justified\" linespacing\u003d\"1275\"\u003e \u003cline b\u003d\"750\" baseline\u003d\"748\" l\u003d\"440\" r\u003d\"601\" style\u003d\"transform: translate(4px, 49px); position: absolute;\" t\u003d\"739\"\u003e \u003cformatting lang\u003d\"EnglishUnitedStates\"\u003e Down Payment (Uang Muka ) \u003c/formatting\u003e  \u003c/line\u003e  \u003cline b\u003d\"766\" baseline\u003d\"766\" l\u003d\"440\" r\u003d\"464\" style\u003d\"transform: translate(4px, 73px); position: absolute;\" t\u003d\"757\"\u003e \u003cformatting lang\u003d\"EnglishUnitedStates\"\u003e DPP \u003c/formatting\u003e  \u003c/line\u003e  \u003c/par\u003e  \u003cpar align\u003d\"Justified\" linespacing\u003d\"1275\"\u003e \u003cline b\u003d\"785\" baseline\u003d\"783\" l\u003d\"439\" r\u003d\"496\" style\u003d\"transform: translate(3px, 96px); position: absolute;\" t\u003d\"774\"\u003e \u003cformatting lang\u003d\"EnglishUnitedStates\"\u003e Vat (PPn) \u003c/formatting\u003e  \u003c/line\u003e  \u003c/par\u003e  \u003cpar align\u003d\"Justified\" linespacing\u003d\"680\"\u003e \u003cline b\u003d\"802\" baseline\u003d\"802\" l\u003d\"439\" r\u003d\"467\" style\u003d\"transform: translate(3px, 122px); position: absolute;\" t\u003d\"793\"\u003e \u003cformatting lang\u003d\"EnglishUnitedStates\"\u003e Total \u003c/formatting\u003e  \u003c/line\u003e  \u003c/par\u003e  \u003c/text\u003e  \u003c/block\u003e  \u003cblock b\u003d\"784\" blockname\u003d\"\" blocktype\u003d\"Text\" l\u003d\"651\" r\u003d\"728\" style\u003d\"transform: translate(628px, 952px); position: absolute; width: 74.2465px; height: 109.688px;\" t\u003d\"703\"\u003e \u003cregion\u003e \u003crect b\u003d\"784\" l\u003d\"651\" r\u003d\"728\" t\u003d\"703\"\u003e\u003c/rect\u003e  \u003c/region\u003e  \u003ctext\u003e \u003cpar align\u003d\"Right\" linespacing\u003d\"1275\"\u003e \u003cline b\u003d\"714\" baseline\u003d\"713\" l\u003d\"655\" r\u003d\"724\" style\u003d\"transform: translate(4px, 1px); position: absolute;\" t\u003d\"704\"\u003e \u003cformatting lang\u003d\"EnglishUnitedStates\"\u003e 1.000.000.00 \u003c/formatting\u003e  \u003c/line\u003e  \u003c/par\u003e  \u003cpar align\u003d\"Right\" linespacing\u003d\"1275\"\u003e \u003cline b\u003d\"730\" baseline\u003d\"730\" l\u003d\"702\" r\u003d\"724\" style\u003d\"transform: translate(49px, 24px); position: absolute;\" t\u003d\"721\"\u003e \u003cformatting lang\u003d\"EnglishUnitedStates\"\u003e 0.00 \u003c/formatting\u003e  \u003c/line\u003e  \u003c/par\u003e  \u003cpar align\u003d\"Right\" linespacing\u003d\"1275\"\u003e \u003cline b\u003d\"747\" baseline\u003d\"747\" l\u003d\"702\" r\u003d\"724\" style\u003d\"transform: translate(49px, 47px); position: absolute;\" t\u003d\"738\"\u003e \u003cformatting lang\u003d\"EnglishUnitedStates\"\u003e 0.00 \u003c/formatting\u003e  \u003c/line\u003e  \u003c/par\u003e  \u003cpar align\u003d\"Right\" linespacing\u003d\"1275\"\u003e \u003cline b\u003d\"766\" baseline\u003d\"764\" l\u003d\"655\" r\u003d\"724\" style\u003d\"transform: translate(4px, 70px); position: absolute;\" t\u003d\"755\"\u003e \u003cformatting lang\u003d\"EnglishUnitedStates\"\u003e 1,000,000.00 \u003c/formatting\u003e  \u003c/line\u003e  \u003c/par\u003e  \u003cpar align\u003d\"Right\" linespacing\u003d\"1275\"\u003e \u003cline b\u003d\"784\" baseline\u003d\"782\" l\u003d\"665\" r\u003d\"724\" style\u003d\"transform: translate(13px, 95px); position: absolute;\" t\u003d\"773\"\u003e \u003cformatting lang\u003d\"EnglishUnitedStates\"\u003e 100,000.00 \u003c/formatting\u003e  \u003c/line\u003e  \u003c/par\u003e  \u003c/text\u003e  \u003c/block\u003e  \u003cblock b\u003d\"806\" blockname\u003d\"\" blocktype\u003d\"Text\" l\u003d\"649\" r\u003d\"727\" style\u003d\"transform: translate(626px, 1074px); position: absolute; width: 75.2107px; height: 17.6042px;\" t\u003d\"793\"\u003e \u003cregion\u003e \u003crect b\u003d\"806\" l\u003d\"649\" r\u003d\"727\" t\u003d\"793\"\u003e\u003c/rect\u003e  \u003c/region\u003e  \u003ctext\u003e \u003cpar linespacing\u003d\"680\"\u003e \u003cline b\u003d\"804\" baseline\u003d\"803\" l\u003d\"652\" r\u003d\"723\" style\u003d\"transform: translate(3px, 1px); position: absolute;\" t\u003d\"794\"\u003e \u003cformatting lang\u003d\"EnglishUnitedStates\"\u003e 1.100.000.00 \u003c/formatting\u003e  \u003c/line\u003e  \u003c/par\u003e  \u003c/text\u003e  \u003c/block\u003e  \u003cblock b\u003d\"841\" blockname\u003d\"\" blocktype\u003d\"Text\" l\u003d\"532\" r\u003d\"682\" style\u003d\"transform: translate(513px, 1120px); position: absolute; width: 144.636px; height: 18.9583px;\" t\u003d\"827\"\u003e \u003cregion\u003e \u003crect b\u003d\"841\" l\u003d\"532\" r\u003d\"682\" t\u003d\"827\"\u003e\u003c/rect\u003e  \u003c/region\u003e  \u003ctext\u003e \u003cpar linespacing\u003d\"680\"\u003e \u003cline b\u003d\"839\" baseline\u003d\"837\" l\u003d\"535\" r\u003d\"677\" style\u003d\"transform: translate(3px, 1px); position: absolute;\" t\u003d\"828\"\u003e \u003cformatting lang\u003d\"EnglishUnitedStates\"\u003e Jakarta, 11 February 2013 \u003c/formatting\u003e  \u003c/line\u003e  \u003c/par\u003e  \u003c/text\u003e  \u003c/block\u003e  \u003cblock b\u003d\"943\" blockname\u003d\"\" blocktype\u003d\"Text\" l\u003d\"594\" r\u003d\"631\" style\u003d\"transform: translate(573px, 1258px); position: absolute; width: 35.6769px; height: 18.9583px;\" t\u003d\"929\"\u003e \u003cregion\u003e \u003crect b\u003d\"943\" l\u003d\"594\" r\u003d\"631\" t\u003d\"929\"\u003e\u003c/rect\u003e  \u003c/region\u003e  \u003ctext\u003e \u003cpar leftindent\u003d\"40900\" linespacing\u003d\"680\"\u003e \u003cline b\u003d\"939\" baseline\u003d\"939\" l\u003d\"595\" r\u003d\"628\" style\u003d\"transform: translate(1px, 1px); position: absolute;\" t\u003d\"930\"\u003e \u003cformatting lang\u003d\"EnglishUnitedStates\"\u003e TIARA \u003c/formatting\u003e  \u003c/line\u003e  \u003c/par\u003e  \u003c/text\u003e  \u003c/block\u003e  \u003cblock b\u003d\"958\" blockname\u003d\"\" blocktype\u003d\"Text\" l\u003d\"586\" r\u003d\"641\" style\u003d\"transform: translate(565px, 1280px); position: absolute; width: 53.0332px; height: 17.6042px;\" t\u003d\"945\"\u003e \u003cregion\u003e \u003crect b\u003d\"958\" l\u003d\"586\" r\u003d\"641\" t\u003d\"945\"\u003e\u003c/rect\u003e  \u003c/region\u003e  \u003ctext\u003e \u003cpar leftindent\u003d\"40300\" linespacing\u003d\"680\"\u003e \u003cline b\u003d\"955\" baseline\u003d\"955\" l\u003d\"587\" r\u003d\"637\" style\u003d\"transform: translate(1px, 1px); position: absolute;\" t\u003d\"946\"\u003e \u003cformatting lang\u003d\"EnglishUnitedStates\"\u003e FINANCE \u003c/formatting\u003e  \u003c/line\u003e  \u003c/par\u003e  \u003c/text\u003e  \u003c/block\u003e  \u003cblock b\u003d\"1012\" blockname\u003d\"\" blocktype\u003d\"SeparatorsBox\" class\u003d\"hidden\" l\u003d\"0\" r\u003d\"783\" style\u003d\"transform: translate(0px, 0px); position: absolute;\" t\u003d\"0\"\u003e \u003cregion\u003e \u003crect b\u003d\"2\" l\u003d\"0\" r\u003d\"783\" t\u003d\"0\"\u003e\u003c/rect\u003e  \u003crect b\u003d\"1010\" l\u003d\"0\" r\u003d\"783\" t\u003d\"2\"\u003e\u003c/rect\u003e  \u003crect b\u003d\"1012\" l\u003d\"0\" r\u003d\"783\" t\u003d\"1010\"\u003e\u003c/rect\u003e  \u003c/region\u003e  \u003cseparatorsbox\u003e \u003cseparator thickness\u003d\"2\" type\u003d\"Black\"\u003e \u003cstart x\u003d\"0\" y\u003d\"1\"\u003e\u003c/start\u003e \u003cend x\u003d\"783\" y\u003d\"1\"\u003e\u003c/end\u003e \u003c/separator\u003e \u003cseparator thickness\u003d\"2\" type\u003d\"Black\"\u003e \u003cstart x\u003d\"0\" y\u003d\"1011\"\u003e\u003c/start\u003e \u003cend x\u003d\"783\" y\u003d\"1011\"\u003e\u003c/end\u003e \u003c/separator\u003e \u003cseparator thickness\u003d\"2\" type\u003d\"Black\"\u003e \u003cstart x\u003d\"1\" y\u003d\"0\"\u003e\u003c/start\u003e \u003cend x\u003d\"1\" y\u003d\"1012\"\u003e\u003c/end\u003e \u003c/separator\u003e \u003cseparator thickness\u003d\"2\" type\u003d\"Black\"\u003e \u003cstart x\u003d\"782\" y\u003d\"0\"\u003e\u003c/start\u003e \u003cend x\u003d\"782\" y\u003d\"1012\"\u003e\u003c/end\u003e \u003c/separator\u003e \u003c/separatorsbox\u003e \u003c/block\u003e  \u003cblock b\u003d\"91\" blockname\u003d\"\" blocktype\u003d\"Separator\" l\u003d\"421\" r\u003d\"569\" style\u003d\"transform: translate(406px, 122px); position: absolute;\" t\u003d\"90\"\u003e \u003cregion\u003e \u003crect b\u003d\"91\" l\u003d\"421\" r\u003d\"569\" t\u003d\"90\"\u003e\u003c/rect\u003e  \u003c/region\u003e  \u003cseparator thickness\u003d\"1\" type\u003d\"Black\"\u003e \u003cstart x\u003d\"421\" y\u003d\"90\"\u003e\u003c/start\u003e \u003cend x\u003d\"569\" y\u003d\"90\"\u003e\u003c/end\u003e \u003c/separator\u003e \u003c/block\u003e  \u003cblock b\u003d\"205\" blockname\u003d\"\" blocktype\u003d\"Separator\" l\u003d\"436\" r\u003d\"740\" style\u003d\"transform: translate(420px, 275px); position: absolute;\" t\u003d\"203\"\u003e \u003cregion\u003e \u003crect b\u003d\"205\" l\u003d\"436\" r\u003d\"740\" t\u003d\"203\"\u003e\u003c/rect\u003e  \u003c/region\u003e  \u003cseparator thickness\u003d\"2\" type\u003d\"Black\"\u003e \u003cstart x\u003d\"436\" y\u003d\"204\"\u003e\u003c/start\u003e \u003cend x\u003d\"740\" y\u003d\"204\"\u003e\u003c/end\u003e \u003c/separator\u003e \u003c/block\u003e  \u003cblock b\u003d\"251\" blockname\u003d\"\" blocktype\u003d\"Separator\" l\u003d\"436\" r\u003d\"740\" style\u003d\"transform: translate(420px, 336px); position: absolute;\" t\u003d\"248\"\u003e \u003cregion\u003e \u003crect b\u003d\"251\" l\u003d\"436\" r\u003d\"740\" t\u003d\"248\"\u003e\u003c/rect\u003e  \u003c/region\u003e  \u003cseparator thickness\u003d\"2\" type\u003d\"Black\"\u003e \u003cstart x\u003d\"436\" y\u003d\"249\"\u003e\u003c/start\u003e \u003cend x\u003d\"740\" y\u003d\"249\"\u003e\u003c/end\u003e \u003c/separator\u003e \u003c/block\u003e  \u003cblock b\u003d\"270\" blockname\u003d\"\" blocktype\u003d\"Separator\" l\u003d\"50\" r\u003d\"732\" style\u003d\"transform: translate(48px, 363px); position: absolute;\" t\u003d\"268\"\u003e \u003cregion\u003e \u003crect b\u003d\"270\" l\u003d\"50\" r\u003d\"732\" t\u003d\"268\"\u003e\u003c/rect\u003e  \u003c/region\u003e  \u003cseparator thickness\u003d\"2\" type\u003d\"Black\"\u003e \u003cstart x\u003d\"50\" y\u003d\"269\"\u003e\u003c/start\u003e \u003cend x\u003d\"732\" y\u003d\"269\"\u003e\u003c/end\u003e \u003c/separator\u003e \u003c/block\u003e  \u003cblock b\u003d\"294\" blockname\u003d\"\" blocktype\u003d\"Separator\" l\u003d\"50\" r\u003d\"733\" style\u003d\"transform: translate(48px, 397px); position: absolute;\" t\u003d\"293\"\u003e \u003cregion\u003e \u003crect b\u003d\"294\" l\u003d\"50\" r\u003d\"733\" t\u003d\"293\"\u003e\u003c/rect\u003e  \u003c/region\u003e  \u003cseparator thickness\u003d\"1\" type\u003d\"Black\"\u003e \u003cstart x\u003d\"50\" y\u003d\"293\"\u003e\u003c/start\u003e \u003cend x\u003d\"733\" y\u003d\"293\"\u003e\u003c/end\u003e \u003c/separator\u003e \u003c/block\u003e  \u003cblock b\u003d\"700\" blockname\u003d\"\" blocktype\u003d\"Separator\" l\u003d\"50\" r\u003d\"733\" style\u003d\"transform: translate(48px, 945px); position: absolute;\" t\u003d\"698\"\u003e \u003cregion\u003e \u003crect b\u003d\"700\" l\u003d\"50\" r\u003d\"733\" t\u003d\"698\"\u003e\u003c/rect\u003e  \u003c/region\u003e  \u003cseparator thickness\u003d\"2\" type\u003d\"Black\"\u003e \u003cstart x\u003d\"50\" y\u003d\"699\"\u003e\u003c/start\u003e \u003cend x\u003d\"733\" y\u003d\"699\"\u003e\u003c/end\u003e \u003c/separator\u003e \u003c/block\u003e  \u003cblock b\u003d\"737\" blockname\u003d\"\" blocktype\u003d\"Separator\" l\u003d\"50\" r\u003d\"359\" style\u003d\"transform: translate(48px, 997px); position: absolute;\" t\u003d\"736\"\u003e \u003cregion\u003e \u003crect b\u003d\"737\" l\u003d\"50\" r\u003d\"359\" t\u003d\"736\"\u003e\u003c/rect\u003e  \u003c/region\u003e  \u003cseparator thickness\u003d\"1\" type\u003d\"Black\"\u003e \u003cstart x\u003d\"50\" y\u003d\"736\"\u003e\u003c/start\u003e \u003cend x\u003d\"359\" y\u003d\"736\"\u003e\u003c/end\u003e \u003c/separator\u003e \u003c/block\u003e  \u003cblock b\u003d\"754\" blockname\u003d\"\" blocktype\u003d\"Separator\" l\u003d\"50\" r\u003d\"359\" style\u003d\"transform: translate(48px, 1020px); position: absolute;\" t\u003d\"753\"\u003e \u003cregion\u003e \u003crect b\u003d\"754\" l\u003d\"50\" r\u003d\"359\" t\u003d\"753\"\u003e\u003c/rect\u003e  \u003c/region\u003e  \u003cseparator thickness\u003d\"1\" type\u003d\"Black\"\u003e \u003cstart x\u003d\"50\" y\u003d\"753\"\u003e\u003c/start\u003e \u003cend x\u003d\"359\" y\u003d\"753\"\u003e\u003c/end\u003e \u003c/separator\u003e \u003c/block\u003e  \u003cblock b\u003d\"790\" blockname\u003d\"\" blocktype\u003d\"Separator\" l\u003d\"607\" r\u003d\"733\" style\u003d\"transform: translate(585px, 1068px); position: absolute;\" t\u003d\"789\"\u003e \u003cregion\u003e \u003crect b\u003d\"790\" l\u003d\"607\" r\u003d\"733\" t\u003d\"789\"\u003e\u003c/rect\u003e  \u003c/region\u003e  \u003cseparator thickness\u003d\"1\" type\u003d\"Black\"\u003e \u003cstart x\u003d\"607\" y\u003d\"789\"\u003e\u003c/start\u003e \u003cend x\u003d\"733\" y\u003d\"789\"\u003e\u003c/end\u003e \u003c/separator\u003e \u003c/block\u003e  \u003cblock b\u003d\"808\" blockname\u003d\"\" blocktype\u003d\"Separator\" l\u003d\"607\" r\u003d\"733\" style\u003d\"transform: translate(585px, 1093px); position: absolute;\" t\u003d\"807\"\u003e \u003cregion\u003e \u003crect b\u003d\"808\" l\u003d\"607\" r\u003d\"733\" t\u003d\"807\"\u003e\u003c/rect\u003e  \u003c/region\u003e  \u003cseparator thickness\u003d\"1\" type\u003d\"Black\"\u003e \u003cstart x\u003d\"607\" y\u003d\"807\"\u003e\u003c/start\u003e \u003cend x\u003d\"733\" y\u003d\"807\"\u003e\u003c/end\u003e \u003c/separator\u003e \u003c/block\u003e  \u003cblock b\u003d\"826\" blockname\u003d\"\" blocktype\u003d\"Separator\" l\u003d\"50\" r\u003d\"359\" style\u003d\"transform: translate(48px, 1117px); position: absolute;\" t\u003d\"825\"\u003e \u003cregion\u003e \u003crect b\u003d\"826\" l\u003d\"50\" r\u003d\"359\" t\u003d\"825\"\u003e\u003c/rect\u003e  \u003c/region\u003e  \u003cseparator thickness\u003d\"1\" type\u003d\"Black\"\u003e \u003cstart x\u003d\"50\" y\u003d\"825\"\u003e\u003c/start\u003e \u003cend x\u003d\"359\" y\u003d\"825\"\u003e\u003c/end\u003e \u003c/separator\u003e \u003c/block\u003e  \u003cblock b\u003d\"843\" blockname\u003d\"\" blocktype\u003d\"Separator\" l\u003d\"50\" r\u003d\"358\" style\u003d\"transform: translate(48px, 1140px); position: absolute;\" t\u003d\"842\"\u003e \u003cregion\u003e \u003crect b\u003d\"843\" l\u003d\"50\" r\u003d\"358\" t\u003d\"842\"\u003e\u003c/rect\u003e  \u003c/region\u003e  \u003cseparator thickness\u003d\"1\" type\u003d\"Black\"\u003e \u003cstart x\u003d\"50\" y\u003d\"842\"\u003e\u003c/start\u003e \u003cend x\u003d\"358\" y\u003d\"842\"\u003e\u003c/end\u003e \u003c/separator\u003e \u003c/block\u003e  \u003cblock b\u003d\"945\" blockname\u003d\"\" blocktype\u003d\"Separator\" l\u003d\"512\" r\u003d\"712\" style\u003d\"transform: translate(494px, 1276px); position: absolute;\" t\u003d\"942\"\u003e \u003cregion\u003e \u003crect b\u003d\"945\" l\u003d\"512\" r\u003d\"712\" t\u003d\"942\"\u003e\u003c/rect\u003e  \u003c/region\u003e  \u003cseparator thickness\u003d\"2\" type\u003d\"Black\"\u003e \u003cstart x\u003d\"512\" y\u003d\"943\"\u003e\u003c/start\u003e \u003cend x\u003d\"712\" y\u003d\"943\"\u003e\u003c/end\u003e \u003c/separator\u003e \u003c/block\u003e  \u003cblock b\u003d\"700\" blockname\u003d\"\" blocktype\u003d\"Separator\" l\u003d\"50\" r\u003d\"52\" style\u003d\"transform: translate(48px, 363px); position: absolute;\" t\u003d\"268\"\u003e \u003cregion\u003e \u003crect b\u003d\"700\" l\u003d\"50\" r\u003d\"52\" t\u003d\"268\"\u003e\u003c/rect\u003e  \u003c/region\u003e  \u003cseparator thickness\u003d\"2\" type\u003d\"Black\"\u003e \u003cstart x\u003d\"51\" y\u003d\"268\"\u003e\u003c/start\u003e \u003cend x\u003d\"51\" y\u003d\"700\"\u003e\u003c/end\u003e \u003c/separator\u003e \u003c/block\u003e  \u003cblock b\u003d\"843\" blockname\u003d\"\" blocktype\u003d\"Separator\" l\u003d\"50\" r\u003d\"51\" style\u003d\"transform: translate(48px, 997px); position: absolute;\" t\u003d\"736\"\u003e \u003cregion\u003e \u003crect b\u003d\"843\" l\u003d\"50\" r\u003d\"51\" t\u003d\"736\"\u003e\u003c/rect\u003e  \u003c/region\u003e  \u003cseparator thickness\u003d\"1\" type\u003d\"Black\"\u003e \u003cstart x\u003d\"50\" y\u003d\"736\"\u003e\u003c/start\u003e \u003cend x\u003d\"50\" y\u003d\"843\"\u003e\u003c/end\u003e \u003c/separator\u003e \u003c/block\u003e  \u003cblock b\u003d\"826\" blockname\u003d\"\" blocktype\u003d\"Separator\" l\u003d\"129\" r\u003d\"130\" style\u003d\"transform: translate(124px, 997px); position: absolute;\" t\u003d\"736\"\u003e \u003cregion\u003e \u003crect b\u003d\"826\" l\u003d\"129\" r\u003d\"130\" t\u003d\"736\"\u003e\u003c/rect\u003e  \u003c/region\u003e  \u003cseparator thickness\u003d\"1\" type\u003d\"Black\"\u003e \u003cstart x\u003d\"129\" y\u003d\"736\"\u003e\u003c/start\u003e \u003cend x\u003d\"129\" y\u003d\"826\"\u003e\u003c/end\u003e \u003c/separator\u003e \u003c/block\u003e  \u003cblock b\u003d\"700\" blockname\u003d\"\" blocktype\u003d\"Separator\" l\u003d\"146\" r\u003d\"147\" style\u003d\"transform: translate(141px, 363px); position: absolute;\" t\u003d\"268\"\u003e \u003cregion\u003e \u003crect b\u003d\"700\" l\u003d\"146\" r\u003d\"147\" t\u003d\"268\"\u003e\u003c/rect\u003e  \u003c/region\u003e  \u003cseparator thickness\u003d\"1\" type\u003d\"Black\"\u003e \u003cstart x\u003d\"146\" y\u003d\"268\"\u003e\u003c/start\u003e \u003cend x\u003d\"146\" y\u003d\"700\"\u003e\u003c/end\u003e \u003c/separator\u003e \u003c/block\u003e  \u003cblock b\u003d\"843\" blockname\u003d\"\" blocktype\u003d\"Separator\" l\u003d\"244\" r\u003d\"245\" style\u003d\"transform: translate(235px, 995px); position: absolute;\" t\u003d\"735\"\u003e \u003cregion\u003e \u003crect b\u003d\"843\" l\u003d\"244\" r\u003d\"245\" t\u003d\"735\"\u003e\u003c/rect\u003e  \u003c/region\u003e  \u003cseparator thickness\u003d\"1\" type\u003d\"Black\"\u003e \u003cstart x\u003d\"244\" y\u003d\"735\"\u003e\u003c/start\u003e \u003cend x\u003d\"244\" y\u003d\"843\"\u003e\u003c/end\u003e \u003c/separator\u003e \u003c/block\u003e  \u003cblock b\u003d\"842\" blockname\u003d\"\" blocktype\u003d\"Separator\" l\u003d\"358\" r\u003d\"359\" style\u003d\"transform: translate(345px, 997px); position: absolute;\" t\u003d\"736\"\u003e \u003cregion\u003e \u003crect b\u003d\"842\" l\u003d\"358\" r\u003d\"359\" t\u003d\"736\"\u003e\u003c/rect\u003e  \u003c/region\u003e  \u003cseparator thickness\u003d\"1\" type\u003d\"Black\"\u003e \u003cstart x\u003d\"358\" y\u003d\"736\"\u003e\u003c/start\u003e \u003cend x\u003d\"358\" y\u003d\"842\"\u003e\u003c/end\u003e \u003c/separator\u003e \u003c/block\u003e  \u003cblock b\u003d\"700\" blockname\u003d\"\" blocktype\u003d\"Separator\" l\u003d\"430\" r\u003d\"431\" style\u003d\"transform: translate(415px, 363px); position: absolute;\" t\u003d\"268\"\u003e \u003cregion\u003e \u003crect b\u003d\"700\" l\u003d\"430\" r\u003d\"431\" t\u003d\"268\"\u003e\u003c/rect\u003e  \u003c/region\u003e  \u003cseparator thickness\u003d\"1\" type\u003d\"Black\"\u003e \u003cstart x\u003d\"430\" y\u003d\"268\"\u003e\u003c/start\u003e \u003cend x\u003d\"430\" y\u003d\"700\"\u003e\u003c/end\u003e \u003c/separator\u003e \u003c/block\u003e  \u003cblock b\u003d\"248\" blockname\u003d\"\" blocktype\u003d\"Separator\" l\u003d\"434\" r\u003d\"436\" style\u003d\"transform: translate(418px, 278px); position: absolute;\" t\u003d\"205\"\u003e \u003cregion\u003e \u003crect b\u003d\"248\" l\u003d\"434\" r\u003d\"436\" t\u003d\"205\"\u003e\u003c/rect\u003e  \u003c/region\u003e  \u003cseparator thickness\u003d\"2\" type\u003d\"Black\"\u003e \u003cstart x\u003d\"435\" y\u003d\"205\"\u003e\u003c/start\u003e \u003cend x\u003d\"435\" y\u003d\"248\"\u003e\u003c/end\u003e \u003c/separator\u003e \u003c/block\u003e  \u003cblock b\u003d\"700\" blockname\u003d\"\" blocktype\u003d\"Separator\" l\u003d\"505\" r\u003d\"506\" style\u003d\"transform: translate(487px, 363px); position: absolute;\" t\u003d\"268\"\u003e \u003cregion\u003e \u003crect b\u003d\"700\" l\u003d\"505\" r\u003d\"506\" t\u003d\"268\"\u003e\u003c/rect\u003e  \u003c/region\u003e  \u003cseparator thickness\u003d\"1\" type\u003d\"Black\"\u003e \u003cstart x\u003d\"505\" y\u003d\"268\"\u003e\u003c/start\u003e \u003cend x\u003d\"505\" y\u003d\"700\"\u003e\u003c/end\u003e \u003c/separator\u003e \u003c/block\u003e  \u003cblock b\u003d\"808\" blockname\u003d\"\" blocktype\u003d\"Separator\" l\u003d\"607\" r\u003d\"608\" style\u003d\"transform: translate(585px, 363px); position: absolute;\" t\u003d\"268\"\u003e \u003cregion\u003e \u003crect b\u003d\"808\" l\u003d\"607\" r\u003d\"608\" t\u003d\"268\"\u003e\u003c/rect\u003e  \u003c/region\u003e  \u003cseparator thickness\u003d\"1\" type\u003d\"Black\"\u003e \u003cstart x\u003d\"607\" y\u003d\"268\"\u003e\u003c/start\u003e \u003cend x\u003d\"607\" y\u003d\"808\"\u003e\u003c/end\u003e \u003c/separator\u003e \u003c/block\u003e  \u003cblock b\u003d\"808\" blockname\u003d\"\" blocktype\u003d\"Separator\" l\u003d\"731\" r\u003d\"733\" style\u003d\"transform: translate(705px, 364px); position: absolute;\" t\u003d\"269\"\u003e \u003cregion\u003e \u003crect b\u003d\"808\" l\u003d\"731\" r\u003d\"733\" t\u003d\"269\"\u003e\u003c/rect\u003e  \u003c/region\u003e  \u003cseparator thickness\u003d\"2\" type\u003d\"Black\"\u003e \u003cstart x\u003d\"732\" y\u003d\"269\"\u003e\u003c/start\u003e \u003cend x\u003d\"732\" y\u003d\"808\"\u003e\u003c/end\u003e \u003c/separator\u003e \u003c/block\u003e  \u003cblock b\u003d\"248\" blockname\u003d\"\" blocktype\u003d\"Separator\" l\u003d\"740\" r\u003d\"742\" style\u003d\"transform: translate(714px, 278px); position: absolute;\" t\u003d\"205\"\u003e \u003cregion\u003e \u003crect b\u003d\"248\" l\u003d\"740\" r\u003d\"742\" t\u003d\"205\"\u003e\u003c/rect\u003e  \u003c/region\u003e  \u003cseparator thickness\u003d\"1\" type\u003d\"Black\"\u003e \u003cstart x\u003d\"741\" y\u003d\"205\"\u003e\u003c/start\u003e \u003cend x\u003d\"741\" y\u003d\"248\"\u003e\u003c/end\u003e \u003c/separator\u003e \u003c/block\u003e  \u003cblock b\u003d\"768\" blockname\u003d\"\" blocktype\u003d\"Separator\" l\u003d\"71\" r\u003d\"108\" style\u003d\"transform: translate(68px, 1039px); position: absolute;\" t\u003d\"767\"\u003e \u003cregion\u003e \u003crect b\u003d\"768\" l\u003d\"71\" r\u003d\"108\" t\u003d\"767\"\u003e\u003c/rect\u003e  \u003c/region\u003e  \u003cseparator thickness\u003d\"1\" type\u003d\"Dotted\"\u003e \u003cstart x\u003d\"71\" y\u003d\"767\"\u003e\u003c/start\u003e \u003cend x\u003d\"108\" y\u003d\"767\"\u003e\u003c/end\u003e \u003c/separator\u003e \u003c/block\u003e  \u003cblock b\u003d\"768\" blockname\u003d\"\" blocktype\u003d\"Separator\" class\u003d\"hidden\" l\u003d\"157\" r\u003d\"239\" style\u003d\"transform: translate(151px, 1039px); position: absolute;\" t\u003d\"767\"\u003e \u003cregion\u003e \u003crect b\u003d\"768\" l\u003d\"157\" r\u003d\"239\" t\u003d\"767\"\u003e\u003c/rect\u003e  \u003c/region\u003e  \u003cseparator thickness\u003d\"1\" type\u003d\"Dotted\"\u003e \u003cstart x\u003d\"157\" y\u003d\"767\"\u003e\u003c/start\u003e \u003cend x\u003d\"239\" y\u003d\"767\"\u003e\u003c/end\u003e \u003c/separator\u003e \u003c/block\u003e  \u003cblock b\u003d\"768\" blockname\u003d\"\" blocktype\u003d\"Separator\" class\u003d\"hidden\" l\u003d\"269\" r\u003d\"351\" style\u003d\"transform: translate(259px, 1039px); position: absolute;\" t\u003d\"767\"\u003e \u003cregion\u003e \u003crect b\u003d\"768\" l\u003d\"269\" r\u003d\"351\" t\u003d\"767\"\u003e\u003c/rect\u003e  \u003c/region\u003e  \u003cseparator thickness\u003d\"1\" type\u003d\"Dotted\"\u003e \u003cstart x\u003d\"269\" y\u003d\"767\"\u003e\u003c/start\u003e \u003cend x\u003d\"351\" y\u003d\"767\"\u003e\u003c/end\u003e \u003c/separator\u003e \u003c/block\u003e  \u003cblock b\u003d\"784\" blockname\u003d\"\" blocktype\u003d\"Separator\" l\u003d\"71\" r\u003d\"108\" style\u003d\"transform: translate(68px, 1060px); position: absolute;\" t\u003d\"783\"\u003e \u003cregion\u003e \u003crect b\u003d\"784\" l\u003d\"71\" r\u003d\"108\" t\u003d\"783\"\u003e\u003c/rect\u003e  \u003c/region\u003e  \u003cseparator thickness\u003d\"1\" type\u003d\"Dotted\"\u003e \u003cstart x\u003d\"71\" y\u003d\"783\"\u003e\u003c/start\u003e \u003cend x\u003d\"108\" y\u003d\"783\"\u003e\u003c/end\u003e \u003c/separator\u003e \u003c/block\u003e  \u003cblock b\u003d\"784\" blockname\u003d\"\" blocktype\u003d\"Separator\" class\u003d\"hidden\" l\u003d\"158\" r\u003d\"240\" style\u003d\"transform: translate(152px, 1060px); position: absolute;\" t\u003d\"783\"\u003e \u003cregion\u003e \u003crect b\u003d\"784\" l\u003d\"158\" r\u003d\"240\" t\u003d\"783\"\u003e\u003c/rect\u003e  \u003c/region\u003e  \u003cseparator thickness\u003d\"1\" type\u003d\"Dotted\"\u003e \u003cstart x\u003d\"158\" y\u003d\"783\"\u003e\u003c/start\u003e \u003cend x\u003d\"240\" y\u003d\"783\"\u003e\u003c/end\u003e \u003c/separator\u003e \u003c/block\u003e  \u003cblock b\u003d\"784\" blockname\u003d\"\" blocktype\u003d\"Separator\" class\u003d\"hidden\" l\u003d\"269\" r\u003d\"351\" style\u003d\"transform: translate(259px, 1060px); position: absolute;\" t\u003d\"783\"\u003e \u003cregion\u003e \u003crect b\u003d\"784\" l\u003d\"269\" r\u003d\"351\" t\u003d\"783\"\u003e\u003c/rect\u003e  \u003c/region\u003e  \u003cseparator thickness\u003d\"1\" type\u003d\"Dotted\"\u003e \u003cstart x\u003d\"269\" y\u003d\"783\"\u003e\u003c/start\u003e \u003cend x\u003d\"351\" y\u003d\"783\"\u003e\u003c/end\u003e \u003c/separator\u003e \u003c/block\u003e  \u003cblock b\u003d\"800\" blockname\u003d\"\" blocktype\u003d\"Separator\" l\u003d\"71\" r\u003d\"108\" style\u003d\"transform: translate(68px, 1082px); position: absolute;\" t\u003d\"799\"\u003e \u003cregion\u003e \u003crect b\u003d\"800\" l\u003d\"71\" r\u003d\"108\" t\u003d\"799\"\u003e\u003c/rect\u003e  \u003c/region\u003e  \u003cseparator thickness\u003d\"1\" type\u003d\"Dotted\"\u003e \u003cstart x\u003d\"71\" y\u003d\"799\"\u003e\u003c/start\u003e \u003cend x\u003d\"108\" y\u003d\"799\"\u003e\u003c/end\u003e \u003c/separator\u003e \u003c/block\u003e  \u003cblock b\u003d\"800\" blockname\u003d\"\" blocktype\u003d\"Separator\" class\u003d\"hidden\" l\u003d\"158\" r\u003d\"240\" style\u003d\"transform: translate(152px, 1082px); position: absolute;\" t\u003d\"799\"\u003e \u003cregion\u003e \u003crect b\u003d\"800\" l\u003d\"158\" r\u003d\"240\" t\u003d\"799\"\u003e\u003c/rect\u003e  \u003c/region\u003e  \u003cseparator thickness\u003d\"1\" type\u003d\"Dotted\"\u003e \u003cstart x\u003d\"158\" y\u003d\"799\"\u003e\u003c/start\u003e \u003cend x\u003d\"240\" y\u003d\"799\"\u003e\u003c/end\u003e \u003c/separator\u003e \u003c/block\u003e  \u003cblock b\u003d\"800\" blockname\u003d\"\" blocktype\u003d\"Separator\" class\u003d\"hidden\" l\u003d\"269\" r\u003d\"351\" style\u003d\"transform: translate(259px, 1082px); position: absolute;\" t\u003d\"799\"\u003e \u003cregion\u003e \u003crect b\u003d\"800\" l\u003d\"269\" r\u003d\"351\" t\u003d\"799\"\u003e\u003c/rect\u003e  \u003c/region\u003e  \u003cseparator thickness\u003d\"1\" type\u003d\"Dotted\"\u003e \u003cstart x\u003d\"269\" y\u003d\"799\"\u003e\u003c/start\u003e \u003cend x\u003d\"351\" y\u003d\"799\"\u003e\u003c/end\u003e \u003c/separator\u003e \u003c/block\u003e  \u003cblock b\u003d\"816\" blockname\u003d\"\" blocktype\u003d\"Separator\" l\u003d\"71\" r\u003d\"108\" style\u003d\"transform: translate(68px, 1104px); position: absolute;\" t\u003d\"815\"\u003e \u003cregion\u003e \u003crect b\u003d\"816\" l\u003d\"71\" r\u003d\"108\" t\u003d\"815\"\u003e\u003c/rect\u003e  \u003c/region\u003e  \u003cseparator thickness\u003d\"1\" type\u003d\"Dotted\"\u003e \u003cstart x\u003d\"71\" y\u003d\"815\"\u003e\u003c/start\u003e \u003cend x\u003d\"108\" y\u003d\"815\"\u003e\u003c/end\u003e \u003c/separator\u003e \u003c/block\u003e  \u003cblock b\u003d\"816\" blockname\u003d\"\" blocktype\u003d\"Separator\" class\u003d\"hidden\" l\u003d\"158\" r\u003d\"240\" style\u003d\"transform: translate(152px, 1104px); position: absolute;\" t\u003d\"815\"\u003e \u003cregion\u003e \u003crect b\u003d\"816\" l\u003d\"158\" r\u003d\"240\" t\u003d\"815\"\u003e\u003c/rect\u003e  \u003c/region\u003e  \u003cseparator thickness\u003d\"1\" type\u003d\"Dotted\"\u003e \u003cstart x\u003d\"158\" y\u003d\"815\"\u003e\u003c/start\u003e \u003cend x\u003d\"240\" y\u003d\"815\"\u003e\u003c/end\u003e \u003c/separator\u003e \u003c/block\u003e  \u003cblock b\u003d\"816\" blockname\u003d\"\" blocktype\u003d\"Separator\" class\u003d\"hidden\" l\u003d\"269\" r\u003d\"351\" style\u003d\"transform: translate(259px, 1104px); position: absolute;\" t\u003d\"815\"\u003e \u003cregion\u003e \u003crect b\u003d\"816\" l\u003d\"269\" r\u003d\"351\" t\u003d\"815\"\u003e\u003c/rect\u003e  \u003c/region\u003e  \u003cseparator thickness\u003d\"1\" type\u003d\"Dotted\"\u003e \u003cstart x\u003d\"269\" y\u003d\"815\"\u003e\u003c/start\u003e \u003cend x\u003d\"351\" y\u003d\"815\"\u003e\u003c/end\u003e \u003c/separator\u003e \u003c/block\u003e  \u003cblock b\u003d\"839\" blockname\u003d\"\" blocktype\u003d\"Separator\" class\u003d\"hidden\" l\u003d\"271\" r\u003d\"353\" style\u003d\"transform: translate(261px, 1135px); position: absolute;\" t\u003d\"838\"\u003e \u003cregion\u003e \u003crect b\u003d\"839\" l\u003d\"271\" r\u003d\"353\" t\u003d\"838\"\u003e\u003c/rect\u003e  \u003c/region\u003e  \u003cseparator thickness\u003d\"1\" type\u003d\"Dotted\"\u003e \u003cstart x\u003d\"271\" y\u003d\"838\"\u003e\u003c/start\u003e \u003cend x\u003d\"353\" y\u003d\"838\"\u003e\u003c/end\u003e \u003c/separator\u003e \u003c/block\u003e  \u003cblock b\u003d\"210\" blockname\u003d\"\" blocktype\u003d\"Separator\" l\u003d\"125\" r\u003d\"126\" style\u003d\"transform: translate(121px, 175px); position: absolute;\" t\u003d\"129\"\u003e \u003cregion\u003e \u003crect b\u003d\"210\" l\u003d\"125\" r\u003d\"126\" t\u003d\"129\"\u003e\u003c/rect\u003e  \u003c/region\u003e  \u003cseparator thickness\u003d\"1\" type\u003d\"Dotted\"\u003e \u003cstart x\u003d\"125\" y\u003d\"129\"\u003e\u003c/start\u003e \u003cend x\u003d\"125\" y\u003d\"210\"\u003e\u003c/end\u003e \u003c/separator\u003e \u003c/block\u003e  \u003cblock b\u003d\"184\" blockname\u003d\"\" blocktype\u003d\"Separator\" l\u003d\"578\" r\u003d\"579\" style\u003d\"transform: translate(557px, 121px); position: absolute;\" t\u003d\"89\"\u003e \u003cregion\u003e \u003crect b\u003d\"184\" l\u003d\"578\" r\u003d\"579\" t\u003d\"89\"\u003e\u003c/rect\u003e  \u003c/region\u003e  \u003cseparator thickness\u003d\"1\" type\u003d\"Dotted\"\u003e \u003cstart x\u003d\"578\" y\u003d\"89\"\u003e\u003c/start\u003e \u003cend x\u003d\"578\" y\u003d\"184\"\u003e\u003c/end\u003e \u003c/separator\u003e \u003c/block\u003e  \u003c/page\u003e     \u003c/document\u003e\u003c/body\u003e\u003c/html\u003e","tags":[{"score":0.5534581035231604,"end":693,"tag":"invoice_number","text":"00000456","estimatedAccuracy":0.0,"begin":685},{"score":0.7001342430774303,"end":755,"tag":"invoice_date","text":"11 February 2013","estimatedAccuracy":0.0,"begin":739},{"score":0.6865981673893017,"end":1139,"tag":"product","text":"Penjualan Jasa Service","estimatedAccuracy":0.0,"begin":1117},{"score":0.6284544337504313,"end":1160,"tag":"product","text":"Periode Januari 2013","estimatedAccuracy":0.0,"begin":1140},{"score":0.7107856864522859,"end":1173,"tag":"quantity","text":"1","estimatedAccuracy":0.0,"begin":1172},{"score":0.5721377769846022,"end":1178,"tag":"quantity","text":"Unit","estimatedAccuracy":0.0,"begin":1174},{"score":0.6448319884407957,"end":1202,"tag":"price","text":"1,000,000.00","estimatedAccuracy":0.0,"begin":1190}],"group":"invoice_date|invoice_number|price|product|quantity"}