{"finalScore":0.7045823350973871,"metaInfo":{"model":{"coreVersion":"9.3.0.9"}},"sumScore":0.7045823350973871,"tagsCounter":1.0,"taggedText":"\u003cdocument languages\u003d\"\" producer\u003d\"Workfusion\" schemalocation\u003d\"http://ocr.crowdcomputingsystems.com/xml/schema-v1.xml\" version\u003d\"1.0\" xmlns\u003d\"http://ocr.crowdcomputingsystems.com/xml/schema-v1.xml\" xsi\u003d\"http://www.w3.org/2001/XMLSchema-instance\"\u003e \u003clink href\u003d\"https://s3.amazonaws.com/workfusion-resources/ocr/ocr-xml-viewer-0.3-scale-to-width.css\" rel\u003d\"stylesheet\" type\u003d\"text/css\"\u003e\u003c/link\u003e \u003cstyle\u003e\u003c/style\u003e\u003cpage data-pages\u003d\"1\" h\u003d\"647\" resolution\u003d\"150\" style\u003d\"height: 305px;\" w\u003d\"500\"\u003e \u003cblock b\u003d\"169\" blockname\u003d\"\" blocktype\u003d\"Text\" l\u003d\"56\" r\u003d\"450\" style\u003d\"transform: translate(157px, 58px); position: absolute; width: 1107.93px; height: 88.4px;\" t\u003d\"67\"\u003e \u003cregion\u003e \u003crect b\u003d\"169\" l\u003d\"56\" r\u003d\"450\" t\u003d\"67\"\u003e\u003c/rect\u003e  \u003c/region\u003e  \u003ctext\u003e \u003cpar align\u003d\"Justified\" linespacing\u003d\"1870\"\u003e \u003cline b\u003d\"111\" baseline\u003d\"109\" l\u003d\"56\" r\u003d\"447\" style\u003d\"transform: translate(0px, 3px); position: absolute;\" t\u003d\"70\"\u003e \u003cformatting lang\u003d\"EnglishUnitedStates\"\u003e \u0026rdquo;CUST0ME\u0026quot; RAZQRAIsff \u003c/formatting\u003e  \u003c/line\u003e  \u003c/par\u003e  \u003cpar linespacing\u003d\"480\" rightindent\u003d\"14800\"\u003e \u003cline b\u003d\"122\" baseline\u003d\"121\" l\u003d\"58\" r\u003d\"142\" style\u003d\"transform: translate(6px, 41px); position: absolute;\" t\u003d\"114\"\u003e \u003cformatting lang\u003d\"EnglishUnitedStates\"\u003e Attn: Amanda McCoy \u003c/formatting\u003e  \u003c/line\u003e  \u003cline b\u003d\"131\" baseline\u003d\"131\" l\u003d\"59\" r\u003d\"130\" style\u003d\"transform: translate(8px, 49px); position: absolute;\" t\u003d\"124\"\u003e \u003cformatting lang\u003d\"EnglishUnitedStates\"\u003e 1337 Atlantic Bivd \u003c/formatting\u003e  \u003c/line\u003e  \u003c/par\u003e  \u003cpar align\u003d\"Justified\" linespacing\u003d\"480\"\u003e \u003cline b\u003d\"141\" baseline\u003d\"140\" l\u003d\"58\" r\u003d\"446\" style\u003d\"transform: translate(6px, 57px); position: absolute;\" t\u003d\"133\"\u003e \u003cformatting lang\u003d\"EnglishUnitedStates\"\u003e Oakdaio, NM 99999 Invoice Date: \u003cinvoice_date begin\u003d\"128\" class\u003d\"extraction-tag ml-tag\" data-text\u003d\"3/1/13\" data-value\u003d\"3/1/13\" end\u003d\"134\" ml-tagorder\u003d\"0\" score\u003d\"0.7045823350973871\" style\u003d\"border: 2px solid rgb(125, 157, 1);\" tagorder\u003d\"0\"\u003e3/1/13\u003c/invoice_date\u003e \u003c/formatting\u003e  \u003c/line\u003e  \u003c/par\u003e  \u003cpar align\u003d\"Justified\" leftindent\u003d\"10900\" linespacing\u003d\"480\"\u003e \u003cline b\u003d\"152\" baseline\u003d\"151\" l\u003d\"275\" r\u003d\"446\" style\u003d\"transform: translate(616px, 68px); position: absolute;\" t\u003d\"145\"\u003e \u003cformatting lang\u003d\"EnglishUnitedStates\"\u003e Invoice Number: 13-01007 \u003c/formatting\u003e  \u003c/line\u003e  \u003c/par\u003e  \u003cpar align\u003d\"Justified\" leftindent\u003d\"10900\" linespacing\u003d\"480\"\u003e \u003cline b\u003d\"166\" baseline\u003d\"164\" l\u003d\"275\" r\u003d\"446\" style\u003d\"transform: translate(616px, 78px); position: absolute;\" t\u003d\"157\"\u003e \u003cformatting lang\u003d\"EnglishUnitedStates\"\u003e Payment due by 3/30/13 \u003c/formatting\u003e  \u003c/line\u003e  \u003c/par\u003e  \u003c/text\u003e  \u003c/block\u003e  \u003cblock b\u003d\"233\" blockname\u003d\"\" blocktype\u003d\"Text\" l\u003d\"50\" r\u003d\"450\" style\u003d\"transform: translate(141px, 166px); position: absolute; width: 1124.8px; height: 36.4px;\" t\u003d\"191\"\u003e \u003cregion\u003e \u003crect b\u003d\"233\" l\u003d\"50\" r\u003d\"450\" t\u003d\"191\"\u003e\u003c/rect\u003e  \u003c/region\u003e  \u003ctext\u003e \u003cpar align\u003d\"Justified\" linespacing\u003d\"672\"\u003e \u003cline b\u003d\"202\" baseline\u003d\"200\" l\u003d\"53\" r\u003d\"446\" style\u003d\"transform: translate(8px, 3px); position: absolute;\" t\u003d\"194\"\u003e \u003cformatting lang\u003d\"EnglishUnitedStates\"\u003e Date Description Cost \u003c/formatting\u003e  \u003c/line\u003e  \u003c/par\u003e  \u003cpar align\u003d\"Justified\" linespacing\u003d\"672\"\u003e \u003cline b\u003d\"216\" baseline\u003d\"214\" l\u003d\"53\" r\u003d\"446\" style\u003d\"transform: translate(8px, 15px); position: absolute;\" t\u003d\"208\"\u003e \u003cformatting lang\u003d\"EnglishUnitedStates\"\u003e 2/1/13 Mystery app work $500.00 \u003c/formatting\u003e  \u003c/line\u003e  \u003c/par\u003e  \u003cpar align\u003d\"Right\" linespacing\u003d\"672\"\u003e \u003cline b\u003d\"229\" baseline\u003d\"229\" l\u003d\"354\" r\u003d\"445\" style\u003d\"transform: translate(855px, 28px); position: absolute;\" t\u003d\"223\"\u003e \u003cformatting lang\u003d\"EnglishUnitedStates\"\u003e Total Cost: $500.00 \u003c/formatting\u003e  \u003c/line\u003e  \u003c/par\u003e  \u003c/text\u003e  \u003c/block\u003e  \u003cblock b\u003d\"336\" blockname\u003d\"\" blocktype\u003d\"Text\" l\u003d\"47\" r\u003d\"165\" style\u003d\"transform: translate(132px, 231px); position: absolute; width: 331.816px; height: 60.6667px;\" t\u003d\"266\"\u003e \u003cregion\u003e \u003crect b\u003d\"336\" l\u003d\"47\" r\u003d\"165\" t\u003d\"266\"\u003e\u003c/rect\u003e  \u003c/region\u003e  \u003ctext\u003e \u003cpar linespacing\u003d\"816\" rightindent\u003d\"13800\"\u003e \u003cline b\u003d\"275\" baseline\u003d\"275\" l\u003d\"49\" r\u003d\"145\" style\u003d\"transform: translate(6px, 2px); position: absolute;\" t\u003d\"268\"\u003e \u003cformatting lang\u003d\"EnglishUnitedStates\"\u003e SEND PAYMENT TO: \u003c/formatting\u003e  \u003c/line\u003e  \u003cline b\u003d\"293\" baseline\u003d\"292\" l\u003d\"57\" r\u003d\"162\" style\u003d\"transform: translate(28px, 17px); position: absolute;\" t\u003d\"286\"\u003e \u003cformatting lang\u003d\"EnglishUnitedStates\"\u003e Scores Software lnc. \u003c/formatting\u003e  \u003c/line\u003e  \u003c/par\u003e  \u003cpar linespacing\u003d\"480\" rightindent\u003d\"15600\"\u003e \u003cline b\u003d\"302\" baseline\u003d\"302\" l\u003d\"57\" r\u003d\"124\" style\u003d\"transform: translate(28px, 26px); position: absolute;\" t\u003d\"296\"\u003e \u003cformatting lang\u003d\"EnglishUnitedStates\"\u003e 1234 Main Street \u003c/formatting\u003e  \u003c/line\u003e  \u003cline b\u003d\"312\" baseline\u003d\"312\" l\u003d\"57\" r\u003d\"94\" style\u003d\"transform: translate(28px, 34px); position: absolute;\" t\u003d\"305\"\u003e \u003cformatting lang\u003d\"EnglishUnitedStates\"\u003e Suite 210 \u003c/formatting\u003e  \u003c/line\u003e  \u003c/par\u003e  \u003cpar linespacing\u003d\"480\" rightindent\u003d\"14800\"\u003e \u003cline b\u003d\"323\" baseline\u003d\"322\" l\u003d\"57\" r\u003d\"141\" style\u003d\"transform: translate(28px, 42px); position: absolute;\" t\u003d\"315\"\u003e \u003cformatting lang\u003d\"EnglishUnitedStates\"\u003e Balnbrtdgc, PA 17S02 \u003c/formatting\u003e  \u003c/line\u003e  \u003cline b\u003d\"332\" baseline\u003d\"331\" l\u003d\"57\" r\u003d\"73\" style\u003d\"transform: translate(28px, 51px); position: absolute;\" t\u003d\"325\"\u003e \u003cformatting lang\u003d\"EnglishUnitedStates\"\u003e USA \u003c/formatting\u003e  \u003c/line\u003e  \u003c/par\u003e  \u003c/text\u003e  \u003c/block\u003e  \u003cblock b\u003d\"352\" blockname\u003d\"\" blocktype\u003d\"Text\" l\u003d\"55\" r\u003d\"117\" style\u003d\"transform: translate(155px, 295px); position: absolute; width: 174.344px; height: 10.4px;\" t\u003d\"340\"\u003e \u003cregion\u003e \u003crect b\u003d\"352\" l\u003d\"55\" r\u003d\"117\" t\u003d\"340\"\u003e\u003c/rect\u003e  \u003c/region\u003e  \u003ctext\u003e \u003cpar align\u003d\"Justified\" linespacing\u003d\"290\"\u003e \u003cline b\u003d\"349\" baseline\u003d\"349\" l\u003d\"57\" r\u003d\"113\" style\u003d\"transform: translate(6px, 3px); position: absolute;\" t\u003d\"343\"\u003e \u003cformatting lang\u003d\"EnglishUnitedStates\"\u003e 717-555-1212 \u003c/formatting\u003e  \u003c/line\u003e  \u003c/par\u003e  \u003c/text\u003e  \u003c/block\u003e  \u003cblock b\u003d\"191\" blockname\u003d\"\" blocktype\u003d\"Separator\" l\u003d\"49\" r\u003d\"451\" style\u003d\"transform: translate(138px, 164px); position: absolute;\" t\u003d\"189\"\u003e \u003cregion\u003e \u003crect b\u003d\"191\" l\u003d\"49\" r\u003d\"451\" t\u003d\"189\"\u003e\u003c/rect\u003e  \u003c/region\u003e  \u003cseparator thickness\u003d\"2\" type\u003d\"Black\"\u003e \u003cstart x\u003d\"49\" y\u003d\"190\"\u003e\u003c/start\u003e \u003cend x\u003d\"451\" y\u003d\"190\"\u003e\u003c/end\u003e \u003c/separator\u003e \u003c/block\u003e  \u003c/page\u003e     \u003c/document\u003e","tags":[{"score":0.7045823350973871,"end":134,"tag":"invoice_date","text":"3/1/13","estimatedAccuracy":0.0,"begin":128}],"group":"invoice_date"}