{"finalScore":0.7344252059943042,"metaInfo":{"model":{"coreVersion":"9.3.0.9"}},"sumScore":2.2032756179829125,"tagsCounter":3.0,"taggedText":"\u003cdocument languages\u003d\"\" producer\u003d\"Workfusion\" schemalocation\u003d\"http://ocr.crowdcomputingsystems.com/xml/schema-v1.xml\" version\u003d\"1.0\" xmlns\u003d\"http://ocr.crowdcomputingsystems.com/xml/schema-v1.xml\" xsi\u003d\"http://www.w3.org/2001/XMLSchema-instance\"\u003e \u003clink href\u003d\"https://s3.amazonaws.com/workfusion-resources/ocr/ocr-xml-viewer-0.3-scale-to-width.css\" rel\u003d\"stylesheet\" type\u003d\"text/css\"\u003e\u003c/link\u003e \u003cstyle\u003e\u003c/style\u003e\u003cpage data-pages\u003d\"1\" h\u003d\"360\" resolution\u003d\"96\" style\u003d\"height: 470px;\" w\u003d\"540\"\u003e \u003cblock b\u003d\"46\" blockname\u003d\"\" blocktype\u003d\"Text\" l\u003d\"25\" r\u003d\"190\" style\u003d\"transform: translate(35px, 24px); position: absolute; width: 230.694px; height: 37.9167px;\" t\u003d\"18\"\u003e \u003cregion\u003e \u003crect b\u003d\"46\" l\u003d\"25\" r\u003d\"190\" t\u003d\"18\"\u003e\u003c/rect\u003e  \u003c/region\u003e  \u003ctext\u003e \u003cpar linespacing\u003d\"1650\"\u003e \u003cline b\u003d\"43\" baseline\u003d\"42\" l\u003d\"26\" r\u003d\"187\" style\u003d\"transform: translate(1px, 3px); position: absolute;\" t\u003d\"20\"\u003e \u003cformatting lang\u003d\"EnglishUnitedStates\"\u003e 4r Sfirfid/ru/oixteA \u003c/formatting\u003e  \u003c/line\u003e  \u003c/par\u003e  \u003c/text\u003e  \u003c/block\u003e  \u003cblock b\u003d\"173\" blockname\u003d\"\" blocktype\u003d\"Text\" l\u003d\"24\" r\u003d\"152\" style\u003d\"transform: translate(34px, 121px); position: absolute; width: 178.963px; height: 113.75px;\" t\u003d\"89\"\u003e \u003cregion\u003e \u003crect b\u003d\"173\" l\u003d\"24\" r\u003d\"152\" t\u003d\"89\"\u003e\u003c/rect\u003e  \u003c/region\u003e  \u003ctext\u003e \u003cpar linespacing\u003d\"900\"\u003e \u003cline b\u003d\"97\" baseline\u003d\"96\" l\u003d\"26\" r\u003d\"49\" style\u003d\"transform: translate(3px, 1px); position: absolute;\" t\u003d\"90\"\u003e \u003cformatting lang\u003d\"EnglishUnitedStates\"\u003e from: \u003c/formatting\u003e  \u003c/line\u003e  \u003c/par\u003e  \u003cpar linespacing\u003d\"900\"\u003e \u003cline b\u003d\"109\" baseline\u003d\"109\" l\u003d\"26\" r\u003d\"83\" style\u003d\"transform: translate(3px, 18px); position: absolute;\" t\u003d\"102\"\u003e \u003cformatting lang\u003d\"EnglishUnitedStates\"\u003e Slkcd Invokes \u003c/formatting\u003e  \u003c/line\u003e  \u003c/par\u003e  \u003cpar linespacing\u003d\"900\"\u003e \u003cline b\u003d\"121\" baseline\u003d\"121\" l\u003d\"26\" r\u003d\"80\" style\u003d\"transform: translate(3px, 34px); position: absolute;\" t\u003d\"114\"\u003e \u003cformatting lang\u003d\"EnglishUnitedStates\"\u003e Suite 5A-1204 \u003c/formatting\u003e  \u003c/line\u003e  \u003c/par\u003e  \u003cpar linespacing\u003d\"900\"\u003e \u003cline b\u003d\"133\" baseline\u003d\"133\" l\u003d\"26\" r\u003d\"116\" style\u003d\"transform: translate(3px, 50px); position: absolute;\" t\u003d\"126\"\u003e \u003cformatting lang\u003d\"EnglishUnitedStates\"\u003e 123 Somewhere Street \u003c/formatting\u003e  \u003c/line\u003e  \u003c/par\u003e  \u003cpar linespacing\u003d\"900\"\u003e \u003cline b\u003d\"148\" baseline\u003d\"146\" l\u003d\"26\" r\u003d\"100\" style\u003d\"transform: translate(3px, 68px); position: absolute;\" t\u003d\"139\"\u003e \u003cformatting lang\u003d\"EnglishUnitedStates\"\u003e Your City AZ 12345 \u003c/formatting\u003e  \u003c/line\u003e  \u003c/par\u003e  \u003cpar linespacing\u003d\"900\"\u003e \u003cline b\u003d\"159\" baseline\u003d\"158\" l\u003d\"26\" r\u003d\"149\" style\u003d\"transform: translate(3px, 84px); position: absolute;\" t\u003d\"151\"\u003e \u003cformatting lang\u003d\"EnglishUnitedStates\"\u003e Emjil: infoSslkcdinvoiccs.com \u003c/formatting\u003e  \u003c/line\u003e  \u003c/par\u003e  \u003cpar linespacing\u003d\"900\"\u003e \u003cline b\u003d\"170\" baseline\u003d\"170\" l\u003d\"26\" r\u003d\"114\" style\u003d\"transform: translate(3px, 100px); position: absolute;\" t\u003d\"163\"\u003e \u003cformatting lang\u003d\"EnglishUnitedStates\"\u003e Phooe: 5551234 5678 \u003c/formatting\u003e  \u003c/line\u003e  \u003c/par\u003e  \u003c/text\u003e  \u003c/block\u003e  \u003cblock b\u003d\"256\" blockname\u003d\"\" blocktype\u003d\"Text\" l\u003d\"24\" r\u003d\"125\" style\u003d\"transform: translate(34px, 265px); position: absolute; width: 141.213px; height: 81.25px;\" t\u003d\"196\"\u003e \u003cregion\u003e \u003crect b\u003d\"256\" l\u003d\"24\" r\u003d\"125\" t\u003d\"196\"\u003e\u003c/rect\u003e  \u003c/region\u003e  \u003ctext\u003e \u003cpar linespacing\u003d\"900\"\u003e \u003cline b\u003d\"204\" baseline\u003d\"204\" l\u003d\"26\" r\u003d\"38\" style\u003d\"transform: translate(3px, 1px); position: absolute;\" t\u003d\"197\"\u003e \u003cformatting lang\u003d\"EnglishUnitedStates\"\u003e To: \u003c/formatting\u003e  \u003c/line\u003e  \u003c/par\u003e  \u003cpar linespacing\u003d\"900\"\u003e \u003cline b\u003d\"218\" baseline\u003d\"216\" l\u003d\"26\" r\u003d\"122\" style\u003d\"transform: translate(3px, 18px); position: absolute;\" t\u003d\"209\"\u003e \u003cformatting lang\u003d\"EnglishUnitedStates\"\u003e Example Client Business \u003c/formatting\u003e  \u003c/line\u003e  \u003cline b\u003d\"229\" baseline\u003d\"228\" l\u003d\"26\" r\u003d\"91\" style\u003d\"transform: translate(3px, 35px); position: absolute;\" t\u003d\"222\"\u003e \u003cformatting lang\u003d\"EnglishUnitedStates\"\u003e 123 Smith Street \u003c/formatting\u003e  \u003c/line\u003e  \u003cline b\u003d\"242\" baseline\u003d\"241\" l\u003d\"26\" r\u003d\"108\" style\u003d\"transform: translate(3px, 51px); position: absolute;\" t\u003d\"234\"\u003e \u003cformatting lang\u003d\"EnglishUnitedStates\"\u003e Melbourne VIC 3000 \u003c/formatting\u003e  \u003c/line\u003e  \u003cline b\u003d\"254\" baseline\u003d\"254\" l\u003d\"26\" r\u003d\"106\" style\u003d\"transform: translate(3px, 69px); position: absolute;\" t\u003d\"247\"\u003e \u003cformatting lang\u003d\"EnglishUnitedStates\"\u003e ABN: 12312331233 \u003c/formatting\u003e  \u003c/line\u003e  \u003c/par\u003e  \u003c/text\u003e  \u003c/block\u003e  \u003cblock b\u003d\"314\" blockname\u003d\"\" blocktype\u003d\"Text\" l\u003d\"33\" r\u003d\"112\" style\u003d\"transform: translate(46px, 381px); position: absolute; width: 110.454px; height: 44.6875px;\" t\u003d\"281\"\u003e \u003cregion\u003e \u003crect b\u003d\"314\" l\u003d\"33\" r\u003d\"112\" t\u003d\"281\"\u003e\u003c/rect\u003e  \u003c/region\u003e  \u003ctext\u003e \u003cpar leftindent\u003d\"800\" linespacing\u003d\"530\"\u003e \u003cline b\u003d\"291\" baseline\u003d\"289\" l\u003d\"35\" r\u003d\"109\" style\u003d\"transform: translate(3px, 1px); position: absolute;\" t\u003d\"282\"\u003e \u003cformatting lang\u003d\"EnglishUnitedStates\"\u003e Hrs/Qty Service \u003c/formatting\u003e  \u003c/line\u003e  \u003c/par\u003e  \u003c/text\u003e  \u003ctext\u003e \u003cpar leftindent\u003d\"1100\" linespacing\u003d\"530\"\u003e \u003cline b\u003d\"311\" baseline\u003d\"311\" l\u003d\"48\" r\u003d\"53\" style\u003d\"transform: translate(21px, 31px); position: absolute;\" t\u003d\"304\"\u003e \u003cformatting lang\u003d\"EnglishUnitedStates\"\u003e 3 \u003c/formatting\u003e  \u003c/line\u003e  \u003c/par\u003e  \u003c/text\u003e  \u003c/block\u003e  \u003cblock b\u003d\"43\" blockname\u003d\"\" blocktype\u003d\"Text\" l\u003d\"443\" r\u003d\"515\" style\u003d\"transform: translate(619px, 31px); position: absolute; width: 100.667px; height: 27.0833px;\" t\u003d\"23\"\u003e \u003cregion\u003e \u003crect b\u003d\"43\" l\u003d\"443\" r\u003d\"515\" t\u003d\"23\"\u003e\u003c/rect\u003e  \u003c/region\u003e  \u003ctext\u003e \u003cpar linespacing\u003d\"1200\"\u003e \u003cline b\u003d\"41\" baseline\u003d\"41\" l\u003d\"444\" r\u003d\"512\" style\u003d\"transform: translate(1px, 3px); position: absolute;\" t\u003d\"25\"\u003e \u003cformatting lang\u003d\"EnglishUnitedStates\"\u003e Invoice \u003c/formatting\u003e  \u003c/line\u003e  \u003c/par\u003e  \u003c/text\u003e  \u003c/block\u003e  \u003cregion xmlns\u003d\"http://ocr.crowdcomputingsystems.com/xml/schema-v1.xml\"\u003e \u003crect b\u003d\"171\" l\u003d\"309\" r\u003d\"517\" t\u003d\"80\"\u003e\u003c/rect\u003e  \u003c/region\u003e \u003ctable b\u003d\"171\" blockname\u003d\"\" blocktype\u003d\"Table\" l\u003d\"309\" r\u003d\"517\" style\u003d\"transform: translate(432px, 108px); position: absolute; user-select: auto;\" t\u003d\"80\" xmlns\u003d\"\"\u003e \u003ctbody\u003e\u003ctr\u003e \u003ctd bottomborder\u003d\"White\" h\u003d\"24\" leftborder\u003d\"White\" rightborder\u003d\"White\" topborder\u003d\"White\" w\u003d\"94\"\u003e \u003ctext xmlns\u003d\"http://ocr.crowdcomputingsystems.com/xml/schema-v1.xml\"\u003e \u003cpar align\u003d\"Right\" linespacing\u003d\"530\"\u003e \u003cline b\u003d\"96\" baseline\u003d\"96\" l\u003d\"334\" r\u003d\"398\" t\u003d\"89\"\u003e \u003cformatting lang\u003d\"EnglishUnitedStates\"\u003e Invoice Number \u003c/formatting\u003e  \u003c/line\u003e  \u003c/par\u003e  \u003c/text\u003e  \u003c/td\u003e   \u003ctd bottomborder\u003d\"White\" h\u003d\"24\" leftborder\u003d\"White\" rightborder\u003d\"White\" topborder\u003d\"White\" w\u003d\"114\"\u003e \u003ctext xmlns\u003d\"http://ocr.crowdcomputingsystems.com/xml/schema-v1.xml\"\u003e \u003cpar align\u003d\"Right\" linespacing\u003d\"530\"\u003e \u003cline b\u003d\"96\" baseline\u003d\"96\" l\u003d\"472\" r\u003d\"508\" t\u003d\"89\"\u003e \u003cformatting lang\u003d\"EnglishUnitedStates\"\u003e \u003cinvoice_number begin\u003d\"490\" class\u003d\"extraction-tag ml-tag\" data-text\u003d\"INV-0003\" data-value\u003d\"INV-0003\" end\u003d\"498\" ml-tagorder\u003d\"0\" score\u003d\"0.8819855002559722\" style\u003d\"border: 2px solid rgb(125, 157, 1);\" tagorder\u003d\"0\"\u003eINV-0003\u003c/invoice_number\u003e \u003c/formatting\u003e  \u003c/line\u003e  \u003c/par\u003e  \u003c/text\u003e  \u003c/td\u003e   \u003c/tr\u003e \n \u003ctr\u003e \u003ctd bottomborder\u003d\"White\" h\u003d\"22\" leftborder\u003d\"White\" rightborder\u003d\"White\" topborder\u003d\"White\" w\u003d\"94\"\u003e \u003ctext xmlns\u003d\"http://ocr.crowdcomputingsystems.com/xml/schema-v1.xml\"\u003e \u003cpar align\u003d\"Right\" linespacing\u003d\"450\"\u003e \u003cline b\u003d\"118\" baseline\u003d\"117\" l\u003d\"338\" r\u003d\"397\" t\u003d\"111\"\u003e \u003cformatting lang\u003d\"EnglishUnitedStates\"\u003e Order Number \u003c/formatting\u003e  \u003c/line\u003e  \u003c/par\u003e  \u003c/text\u003e  \u003c/td\u003e   \u003ctd bottomborder\u003d\"White\" h\u003d\"22\" leftborder\u003d\"White\" rightborder\u003d\"White\" topborder\u003d\"White\" w\u003d\"114\"\u003e \u003ctext xmlns\u003d\"http://ocr.crowdcomputingsystems.com/xml/schema-v1.xml\"\u003e \u003cpar align\u003d\"Right\" linespacing\u003d\"530\"\u003e \u003cline b\u003d\"118\" baseline\u003d\"118\" l\u003d\"480\" r\u003d\"508\" t\u003d\"111\"\u003e \u003cformatting lang\u003d\"EnglishUnitedStates\"\u003e 123456 \u003c/formatting\u003e  \u003c/line\u003e  \u003c/par\u003e  \u003c/text\u003e  \u003c/td\u003e   \u003c/tr\u003e \n \u003ctr\u003e \u003ctd bottomborder\u003d\"White\" h\u003d\"19\" leftborder\u003d\"White\" rightborder\u003d\"White\" topborder\u003d\"White\" w\u003d\"94\"\u003e \u003ctext xmlns\u003d\"http://ocr.crowdcomputingsystems.com/xml/schema-v1.xml\"\u003e \u003cpar align\u003d\"Right\" linespacing\u003d\"530\"\u003e \u003cline b\u003d\"139\" baseline\u003d\"139\" l\u003d\"349\" r\u003d\"397\" t\u003d\"132\"\u003e \u003cformatting lang\u003d\"EnglishUnitedStates\"\u003e Invoice Date \u003c/formatting\u003e  \u003c/line\u003e  \u003c/par\u003e  \u003c/text\u003e  \u003c/td\u003e   \u003ctd bottomborder\u003d\"White\" h\u003d\"19\" leftborder\u003d\"White\" rightborder\u003d\"White\" topborder\u003d\"White\" w\u003d\"114\"\u003e \u003ctext xmlns\u003d\"http://ocr.crowdcomputingsystems.com/xml/schema-v1.xml\"\u003e \u003cpar align\u003d\"Right\" linespacing\u003d\"450\"\u003e \u003cline b\u003d\"139\" baseline\u003d\"138\" l\u003d\"430\" r\u003d\"508\" t\u003d\"132\"\u003e \u003cformatting lang\u003d\"EnglishUnitedStates\"\u003e \u003cinvoice_date begin\u003d\"604\" class\u003d\"extraction-tag ml-tag\" data-text\u003d\"November 18.2015\" data-value\u003d\"November 18.2015\" end\u003d\"620\" ml-tagorder\u003d\"1\" score\u003d\"0.7714289630965964\" style\u003d\"border: 2px solid rgb(125, 157, 1);\" tagorder\u003d\"1\"\u003eNovember 18.2015\u003c/invoice_date\u003e \u003c/formatting\u003e  \u003c/line\u003e  \u003c/par\u003e  \u003c/text\u003e  \u003c/td\u003e   \u003c/tr\u003e \n \u003ctr\u003e \u003ctd bottomborder\u003d\"White\" h\u003d\"26\" leftborder\u003d\"White\" rightborder\u003d\"White\" topborder\u003d\"White\" w\u003d\"94\"\u003e \u003ctext xmlns\u003d\"http://ocr.crowdcomputingsystems.com/xml/schema-v1.xml\"\u003e \u003cpar align\u003d\"Right\" linespacing\u003d\"530\"\u003e \u003cline b\u003d\"160\" baseline\u003d\"160\" l\u003d\"358\" r\u003d\"397\" t\u003d\"153\"\u003e \u003cformatting lang\u003d\"EnglishUnitedStates\"\u003e Total Due \u003c/formatting\u003e  \u003c/line\u003e  \u003c/par\u003e  \u003c/text\u003e  \u003c/td\u003e   \u003ctd bottomborder\u003d\"White\" h\u003d\"26\" leftborder\u003d\"White\" rightborder\u003d\"White\" topborder\u003d\"White\" w\u003d\"114\"\u003e \u003ctext xmlns\u003d\"http://ocr.crowdcomputingsystems.com/xml/schema-v1.xml\"\u003e \u003cpar align\u003d\"Right\" linespacing\u003d\"530\"\u003e \u003cline b\u003d\"160\" baseline\u003d\"160\" l\u003d\"477\" r\u003d\"508\" t\u003d\"153\"\u003e \u003cformatting lang\u003d\"EnglishUnitedStates\"\u003e S112.20 \u003c/formatting\u003e  \u003c/line\u003e  \u003c/par\u003e  \u003c/text\u003e  \u003c/td\u003e   \u003c/tr\u003e \n \u003c/tbody\u003e\u003c/table\u003e\n \u003cregion xmlns\u003d\"http://ocr.crowdcomputingsystems.com/xml/schema-v1.xml\"\u003e \u003crect b\u003d\"321\" l\u003d\"293\" r\u003d\"513\" t\u003d\"273\"\u003e\u003c/rect\u003e  \u003c/region\u003e \u003ctable b\u003d\"321\" blockname\u003d\"\" blocktype\u003d\"Table\" l\u003d\"293\" r\u003d\"513\" style\u003d\"transform: translate(410px, 370px); position: absolute; user-select: auto;\" t\u003d\"273\" xmlns\u003d\"\"\u003e \u003ctbody\u003e\u003ctr\u003e \u003ctd bottomborder\u003d\"White\" h\u003d\"24\" leftborder\u003d\"White\" rightborder\u003d\"White\" topborder\u003d\"White\" w\u003d\"92\"\u003e \u003ctext xmlns\u003d\"http://ocr.crowdcomputingsystems.com/xml/schema-v1.xml\"\u003e \u003cpar align\u003d\"Right\" linespacing\u003d\"450\" rightindent\u003d\"1800\"\u003e \u003cline b\u003d\"289\" baseline\u003d\"289\" l\u003d\"318\" r\u003d\"360\" t\u003d\"283\"\u003e \u003cformatting lang\u003d\"EnglishUnitedStates\"\u003e Rate/Price \u003c/formatting\u003e  \u003c/line\u003e  \u003c/par\u003e  \u003c/text\u003e  \u003c/td\u003e   \u003ctd bottomborder\u003d\"White\" h\u003d\"24\" leftborder\u003d\"White\" rightborder\u003d\"White\" topborder\u003d\"White\" w\u003d\"68\"\u003e \u003ctext xmlns\u003d\"http://ocr.crowdcomputingsystems.com/xml/schema-v1.xml\"\u003e \u003cpar align\u003d\"Center\" linespacing\u003d\"530\" rightindent\u003d\"300\"\u003e \u003cline b\u003d\"291\" baseline\u003d\"289\" l\u003d\"408\" r\u003d\"434\" t\u003d\"282\"\u003e \u003cformatting lang\u003d\"EnglishUnitedStates\"\u003e Adjust \u003c/formatting\u003e  \u003c/line\u003e  \u003c/par\u003e  \u003c/text\u003e  \u003c/td\u003e   \u003ctd bottomborder\u003d\"White\" h\u003d\"24\" leftborder\u003d\"White\" rightborder\u003d\"White\" topborder\u003d\"White\" w\u003d\"60\"\u003e \u003ctext xmlns\u003d\"http://ocr.crowdcomputingsystems.com/xml/schema-v1.xml\"\u003e \u003cpar align\u003d\"Right\" linespacing\u003d\"530\"\u003e \u003cline b\u003d\"289\" baseline\u003d\"289\" l\u003d\"470\" r\u003d\"508\" t\u003d\"282\"\u003e \u003cformatting lang\u003d\"EnglishUnitedStates\"\u003e Sub Total \u003c/formatting\u003e  \u003c/line\u003e  \u003c/par\u003e  \u003c/text\u003e  \u003c/td\u003e   \u003c/tr\u003e \n \u003ctr\u003e \u003ctd bottomborder\u003d\"White\" h\u003d\"24\" leftborder\u003d\"White\" rightborder\u003d\"White\" topborder\u003d\"White\" w\u003d\"92\"\u003e \u003ctext xmlns\u003d\"http://ocr.crowdcomputingsystems.com/xml/schema-v1.xml\"\u003e \u003cpar align\u003d\"Right\" linespacing\u003d\"530\" rightindent\u003d\"1800\"\u003e \u003cline b\u003d\"311\" baseline\u003d\"311\" l\u003d\"334\" r\u003d\"361\" t\u003d\"304\"\u003e \u003cformatting lang\u003d\"EnglishUnitedStates\"\u003e \u003ctotal_amount begin\u003d\"782\" class\u003d\"extraction-tag ml-tag\" data-text\u003d\"S34.00\" data-value\u003d\"S34.00\" end\u003d\"788\" ml-tagorder\u003d\"2\" score\u003d\"0.5498611546303442\" style\u003d\"border: 2px solid rgb(125, 157, 1);\" tagorder\u003d\"2\"\u003eS34.00\u003c/total_amount\u003e \u003c/formatting\u003e  \u003c/line\u003e  \u003c/par\u003e  \u003c/text\u003e  \u003c/td\u003e   \u003ctd bottomborder\u003d\"White\" h\u003d\"24\" leftborder\u003d\"White\" rightborder\u003d\"White\" topborder\u003d\"White\" w\u003d\"68\"\u003e \u003ctext xmlns\u003d\"http://ocr.crowdcomputingsystems.com/xml/schema-v1.xml\"\u003e \u003cpar align\u003d\"Justified\" linespacing\u003d\"1130\"\u003e \u003cline b\u003d\"319\" baseline\u003d\"313\" l\u003d\"385\" r\u003d\"440\" t\u003d\"298\"\u003e \u003cformatting lang\u003d\"EnglishUnitedStates\"\u003e _\u0026bull;] \u003c/formatting\u003e  \u003c/line\u003e  \u003c/par\u003e  \u003c/text\u003e  \u003c/td\u003e   \u003ctd bottomborder\u003d\"White\" h\u003d\"24\" leftborder\u003d\"White\" rightborder\u003d\"White\" topborder\u003d\"White\" w\u003d\"60\"\u003e \u003ctext xmlns\u003d\"http://ocr.crowdcomputingsystems.com/xml/schema-v1.xml\"\u003e \u003cpar align\u003d\"Right\" linespacing\u003d\"530\"\u003e \u003cline b\u003d\"311\" baseline\u003d\"311\" l\u003d\"477\" r\u003d\"508\" t\u003d\"304\"\u003e \u003cformatting lang\u003d\"EnglishUnitedStates\"\u003e S102.00 \u003c/formatting\u003e  \u003c/line\u003e  \u003c/par\u003e  \u003c/text\u003e  \u003c/td\u003e   \u003c/tr\u003e \n \u003c/tbody\u003e\u003c/table\u003e\n \u003cblock b\u003d\"347\" blockname\u003d\"\" blocktype\u003d\"Text\" l\u003d\"363\" r\u003d\"404\" style\u003d\"transform: translate(508px, 454px); position: absolute; width: 57.3241px; height: 16.25px;\" t\u003d\"335\"\u003e \u003cregion\u003e \u003crect b\u003d\"347\" l\u003d\"363\" r\u003d\"404\" t\u003d\"335\"\u003e\u003c/rect\u003e  \u003c/region\u003e  \u003ctext\u003e \u003cpar linespacing\u003d\"530\"\u003e \u003cline b\u003d\"344\" baseline\u003d\"344\" l\u003d\"365\" r\u003d\"401\" style\u003d\"transform: translate(3px, 3px); position: absolute;\" t\u003d\"337\"\u003e \u003cformatting lang\u003d\"EnglishUnitedStates\"\u003e Subtotal \u003c/formatting\u003e  \u003c/line\u003e  \u003c/par\u003e  \u003c/text\u003e  \u003c/block\u003e  \u003cblock b\u003d\"347\" blockname\u003d\"\" blocktype\u003d\"Text\" l\u003d\"475\" r\u003d\"511\" style\u003d\"transform: translate(664px, 454px); position: absolute; width: 50.3333px; height: 16.25px;\" t\u003d\"335\"\u003e \u003cregion\u003e \u003crect b\u003d\"347\" l\u003d\"475\" r\u003d\"511\" t\u003d\"335\"\u003e\u003c/rect\u003e  \u003c/region\u003e  \u003ctext\u003e \u003cpar linespacing\u003d\"530\"\u003e \u003cline b\u003d\"344\" baseline\u003d\"344\" l\u003d\"477\" r\u003d\"508\" style\u003d\"transform: translate(3px, 3px); position: absolute;\" t\u003d\"337\"\u003e \u003cformatting lang\u003d\"EnglishUnitedStates\"\u003e S102.00 \u003c/formatting\u003e  \u003c/line\u003e  \u003c/par\u003e  \u003c/text\u003e  \u003c/block\u003e  \u003cblock b\u003d\"360\" blockname\u003d\"\" blocktype\u003d\"Separator\" l\u003d\"484\" r\u003d\"508\" style\u003d\"transform: translate(677px, 486px); position: absolute;\" t\u003d\"359\"\u003e \u003cregion\u003e \u003crect b\u003d\"360\" l\u003d\"484\" r\u003d\"508\" t\u003d\"359\"\u003e\u003c/rect\u003e  \u003c/region\u003e  \u003cseparator thickness\u003d\"1\" type\u003d\"Dotted\"\u003e \u003cstart x\u003d\"484\" y\u003d\"359\"\u003e\u003c/start\u003e \u003cend x\u003d\"508\" y\u003d\"359\"\u003e\u003c/end\u003e \u003c/separator\u003e \u003c/block\u003e  \u003cblock b\u003d\"171\" blockname\u003d\"\" blocktype\u003d\"Text\" class\u003d\"hidden\" l\u003d\"309\" r\u003d\"517\" style\u003d\"transform: translate(432px, 108px); position: absolute; width: 290.815px; height: 123.229px;\" t\u003d\"80\"\u003e \u003cregion\u003e \u003crect b\u003d\"171\" l\u003d\"309\" r\u003d\"517\" t\u003d\"80\"\u003e\u003c/rect\u003e  \u003c/region\u003e  \u003ctext\u003e \u003cpar align\u003d\"Justified\" leftindent\u003d\"1900\" linespacing\u003d\"1575\"\u003e \u003cline b\u003d\"96\" baseline\u003d\"96\" l\u003d\"334\" r\u003d\"508\" style\u003d\"transform: translate(35px, 12px); position: absolute;\" t\u003d\"89\"\u003e \u003cformatting lang\u003d\"EnglishUnitedStates\"\u003e Invoice Number INV-0003 \u003c/formatting\u003e  \u003c/line\u003e  \u003c/par\u003e  \u003cpar align\u003d\"Justified\" leftindent\u003d\"2200\" linespacing\u003d\"1575\"\u003e \u003cline b\u003d\"118\" baseline\u003d\"117\" l\u003d\"338\" r\u003d\"508\" style\u003d\"transform: translate(41px, 42px); position: absolute;\" t\u003d\"111\"\u003e \u003cformatting lang\u003d\"EnglishUnitedStates\"\u003e Order Number 1234S6 \u003c/formatting\u003e  \u003c/line\u003e  \u003c/par\u003e  \u003cpar align\u003d\"Right\" linespacing\u003d\"1575\"\u003e \u003cline b\u003d\"139\" baseline\u003d\"139\" l\u003d\"349\" r\u003d\"508\" style\u003d\"transform: translate(56px, 70px); position: absolute;\" t\u003d\"132\"\u003e \u003cformatting lang\u003d\"EnglishUnitedStates\"\u003e Invoice Date November 18.2015 \u003c/formatting\u003e  \u003c/line\u003e  \u003c/par\u003e  \u003cpar align\u003d\"Justified\" leftindent\u003d\"3700\" linespacing\u003d\"1575\"\u003e \u003cline b\u003d\"160\" baseline\u003d\"160\" l\u003d\"358\" r\u003d\"508\" style\u003d\"transform: translate(69px, 99px); position: absolute;\" t\u003d\"153\"\u003e \u003cformatting lang\u003d\"EnglishUnitedStates\"\u003e Total Due S112.20 \u003c/formatting\u003e  \u003c/line\u003e  \u003c/par\u003e  \u003c/text\u003e  \u003c/block\u003e  \u003c/page\u003e       \u003c/document\u003e","tags":[{"score":0.8819855002559722,"end":498,"tag":"invoice_number","text":"INV-0003","estimatedAccuracy":0.0,"begin":490},{"score":0.7714289630965964,"end":620,"tag":"invoice_date","text":"November 18.2015","estimatedAccuracy":0.0,"begin":604},{"score":0.5498611546303442,"end":788,"tag":"total_amount","text":"S34.00","estimatedAccuracy":0.0,"begin":782}],"group":"invoice_date|invoice_number|total_amount"}