{"finalScore":0.5630207268224027,"metaInfo":{"model":{"coreVersion":"9.3.0.9"}},"sumScore":0.5630207268224027,"tagsCounter":1.0,"taggedText":"\u003chtml\u003e\u003chead\u003e\u003cscript src\u003d\"https://ajax.googleapis.com/ajax/libs/jquery/2.2.0/jquery.min.js\"\u003e\u003c/script\u003e\u003c/head\u003e\u003cbody\u003e\u003cdocument languages\u003d\"\" producer\u003d\"Workfusion\" schemalocation\u003d\"http://ocr.crowdcomputingsystems.com/xml/schema-v1.xml\" version\u003d\"1.0\" xmlns\u003d\"http://ocr.crowdcomputingsystems.com/xml/schema-v1.xml\" xsi\u003d\"http://www.w3.org/2001/XMLSchema-instance\"\u003e \u003clink href\u003d\"https://s3.amazonaws.com/workfusion-resources/ocr/ocr-xml-viewer-0.3-scale-to-width.css\" rel\u003d\"stylesheet\" type\u003d\"text/css\"\u003e\u003c/link\u003e \u003cstyle\u003e\u003c/style\u003e\u003cpage data-pages\u003d\"1\" h\u003d\"748\" resolution\u003d\"120\" style\u003d\"height: 781px;\" w\u003d\"581\"\u003e \u003cblock b\u003d\"115\" blockname\u003d\"\" blocktype\u003d\"Text\" l\u003d\"81\" r\u003d\"221\" style\u003d\"transform: translate(193px, 24px); position: absolute; width: 333.735px; height: 100.75px;\" t\u003d\"22\"\u003e \u003cregion\u003e \u003crect b\u003d\"115\" l\u003d\"81\" r\u003d\"221\" t\u003d\"22\"\u003e\u003c/rect\u003e  \u003c/region\u003e  \u003ctext\u003e \u003cpar align\u003d\"Center\" linespacing\u003d\"840\" rightindent\u003d\"800\"\u003e \u003cline b\u003d\"37\" baseline\u003d\"37\" l\u003d\"119\" r\u003d\"155\" style\u003d\"transform: translate(91px, 1px); position: absolute;\" t\u003d\"23\"\u003e \u003cformatting lang\u003d\"EnglishUnitedStates\"\u003e JDIELO \u003c/formatting\u003e  \u003c/line\u003e  \u003c/par\u003e  \u003cpar align\u003d\"Center\" linespacing\u003d\"420\" rightindent\u003d\"800\"\u003e \u003cline b\u003d\"53\" baseline\u003d\"51\" l\u003d\"82\" r\u003d\"206\" style\u003d\"transform: translate(2px, 24px); position: absolute;\" t\u003d\"44\"\u003e \u003cformatting lang\u003d\"EnglishUnitedStates\"\u003e Servicing your telecom needs \u003c/formatting\u003e  \u003c/line\u003e  \u003c/par\u003e  \u003cpar leftindent\u003d\"3000\" linespacing\u003d\"840\"\u003e \u003cline b\u003d\"69\" baseline\u003d\"69\" l\u003d\"85\" r\u003d\"155\" style\u003d\"transform: translate(10px, 42px); position: absolute;\" t\u003d\"61\"\u003e \u003cformatting lang\u003d\"EnglishUnitedStates\"\u003e P.O. BOX 970 \u003c/formatting\u003e  \u003c/line\u003e  \u003cline b\u003d\"85\" baseline\u003d\"84\" l\u003d\"85\" r\u003d\"218\" style\u003d\"transform: translate(10px, 57px); position: absolute;\" t\u003d\"75\"\u003e \u003cformatting lang\u003d\"EnglishUnitedStates\"\u003e La Vorne, CA 91750-0970 \u003c/formatting\u003e  \u003c/line\u003e  \u003cline b\u003d\"98\" baseline\u003d\"98\" l\u003d\"85\" r\u003d\"204\" style\u003d\"transform: translate(10px, 73px); position: absolute;\" t\u003d\"89\"\u003e \u003cformatting lang\u003d\"EnglishUnitedStates\"\u003e PHONE# 800-217-9437 \u003c/formatting\u003e  \u003c/line\u003e  \u003cline b\u003d\"112\" baseline\u003d\"112\" l\u003d\"85\" r\u003d\"185\" style\u003d\"transform: translate(10px, 89px); position: absolute;\" t\u003d\"104\"\u003e \u003cformatting lang\u003d\"EnglishUnitedStates\"\u003e FAX# 626-205-1133 \u003c/formatting\u003e  \u003c/line\u003e  \u003c/par\u003e  \u003c/text\u003e  \u003c/block\u003e  \u003cregion xmlns\u003d\"http://ocr.crowdcomputingsystems.com/xml/schema-v1.xml\"\u003e \u003crect b\u003d\"116\" l\u003d\"377\" r\u003d\"545\" t\u003d\"84\"\u003e\u003c/rect\u003e  \u003c/region\u003e \u003ctable b\u003d\"116\" blockname\u003d\"\" blocktype\u003d\"Table\" l\u003d\"377\" r\u003d\"545\" style\u003d\"transform: translate(899px, 91px); position: absolute; user-select: auto;\" t\u003d\"84\" xmlns\u003d\"\"\u003e \u003ctbody\u003e\u003ctr\u003e \u003ctd h\u003d\"16\" w\u003d\"64\"\u003e \u003ctext xmlns\u003d\"http://ocr.crowdcomputingsystems.com/xml/schema-v1.xml\"\u003e \u003cpar align\u003d\"Center\" leftindent\u003d\"100\" linespacing\u003d\"420\"\u003e \u003cline b\u003d\"96\" baseline\u003d\"96\" l\u003d\"399\" r\u003d\"418\" t\u003d\"89\"\u003e \u003cformatting lang\u003d\"EnglishUnitedStates\"\u003e Date \u003c/formatting\u003e  \u003c/line\u003e  \u003c/par\u003e  \u003c/text\u003e  \u003c/td\u003e   \u003ctd h\u003d\"16\" w\u003d\"104\"\u003e \u003ctext xmlns\u003d\"http://ocr.crowdcomputingsystems.com/xml/schema-v1.xml\"\u003e \u003cpar align\u003d\"Center\" leftindent\u003d\"200\" linespacing\u003d\"480\"\u003e \u003cline b\u003d\"96\" baseline\u003d\"96\" l\u003d\"467\" r\u003d\"518\" t\u003d\"88\"\u003e \u003cformatting lang\u003d\"EnglishUnitedStates\"\u003e Reference * \u003c/formatting\u003e  \u003c/line\u003e  \u003c/par\u003e  \u003c/text\u003e  \u003c/td\u003e   \u003c/tr\u003e \n \u003ctr\u003e \u003ctd h\u003d\"16\" w\u003d\"64\"\u003e \u003ctext xmlns\u003d\"http://ocr.crowdcomputingsystems.com/xml/schema-v1.xml\"\u003e \u003cpar linespacing\u003d\"420\"\u003e \u003cline b\u003d\"110\" baseline\u003d\"110\" l\u003d\"387\" r\u003d\"429\" t\u003d\"103\"\u003e \u003cformatting lang\u003d\"EnglishUnitedStates\"\u003e \u003cinvoice_date begin\u003d\"234\" class\u003d\"extraction-tag ml-tag\" data-text\u003d\"6/15/2012\" data-value\u003d\"6/15/2012\" end\u003d\"243\" ml-tagorder\u003d\"0\" score\u003d\"0.5630207268224027\" style\u003d\"border: 2px solid rgb(125, 157, 1);\" tagorder\u003d\"0\"\u003e6/15/2012\u003c/invoice_date\u003e \u003c/formatting\u003e  \u003c/line\u003e  \u003c/par\u003e  \u003c/text\u003e  \u003c/td\u003e   \u003ctd h\u003d\"16\" w\u003d\"104\"\u003e \u003ctext xmlns\u003d\"http://ocr.crowdcomputingsystems.com/xml/schema-v1.xml\"\u003e \u003cpar align\u003d\"Center\" leftindent\u003d\"200\" linespacing\u003d\"420\"\u003e \u003cline b\u003d\"110\" baseline\u003d\"110\" l\u003d\"474\" r\u003d\"508\" t\u003d\"103\"\u003e \u003cformatting lang\u003d\"EnglishUnitedStates\"\u003e 1022561 \u003c/formatting\u003e  \u003c/line\u003e  \u003c/par\u003e  \u003c/text\u003e  \u003c/td\u003e   \u003c/tr\u003e \n \u003c/tbody\u003e\u003c/table\u003e\n \u003cregion xmlns\u003d\"http://ocr.crowdcomputingsystems.com/xml/schema-v1.xml\"\u003e \u003crect b\u003d\"234\" l\u003d\"35\" r\u003d\"549\" t\u003d\"133\"\u003e\u003c/rect\u003e  \u003c/region\u003e \u003ctable b\u003d\"234\" blockname\u003d\"\" blocktype\u003d\"Table\" l\u003d\"35\" r\u003d\"549\" style\u003d\"transform: translate(83px, 144px); position: absolute; user-select: auto;\" t\u003d\"133\" xmlns\u003d\"\"\u003e \u003ctbody\u003e\u003ctr\u003e \u003ctd h\u003d\"15\" w\u003d\"282\"\u003e \u003ctext xmlns\u003d\"http://ocr.crowdcomputingsystems.com/xml/schema-v1.xml\"\u003e \u003cpar linespacing\u003d\"480\"\u003e \u003cline b\u003d\"144\" baseline\u003d\"144\" l\u003d\"40\" r\u003d\"66\" t\u003d\"136\"\u003e \u003cformatting lang\u003d\"EnglishUnitedStates\"\u003e Bel To \u003c/formatting\u003e  \u003c/line\u003e  \u003c/par\u003e  \u003c/text\u003e  \u003c/td\u003e   \u003ctd bottomborder\u003d\"White\" h\u003d\"15\" topborder\u003d\"White\" w\u003d\"13\"\u003e \u003ctext xmlns\u003d\"http://ocr.crowdcomputingsystems.com/xml/schema-v1.xml\"\u003e \u003cpar linespacing\u003d\"-1\"\u003e\u003c/par\u003e  \u003c/text\u003e  \u003c/td\u003e   \u003ctd h\u003d\"15\" w\u003d\"219\"\u003e \u003ctext xmlns\u003d\"http://ocr.crowdcomputingsystems.com/xml/schema-v1.xml\"\u003e \u003cpar linespacing\u003d\"420\"\u003e \u003cline b\u003d\"146\" baseline\u003d\"144\" l\u003d\"338\" r\u003d\"370\" t\u003d\"137\"\u003e \u003cformatting lang\u003d\"EnglishUnitedStates\"\u003e Snip To \u003c/formatting\u003e  \u003c/line\u003e  \u003c/par\u003e  \u003c/text\u003e  \u003c/td\u003e   \u003c/tr\u003e \n \u003ctr\u003e \u003ctd bottomborder\u003d\"White\" h\u003d\"37\" w\u003d\"282\"\u003e \u003ctext xmlns\u003d\"http://ocr.crowdcomputingsystems.com/xml/schema-v1.xml\"\u003e \u003cpar align\u003d\"Justified\" leftindent\u003d\"1900\" linespacing\u003d\"420\"\u003e \u003cline b\u003d\"183\" baseline\u003d\"181\" l\u003d\"67\" r\u003d\"168\" t\u003d\"174\"\u003e \u003cformatting lang\u003d\"EnglishUnitedStates\"\u003e Keiel Jide Co., Iik. \u003c/formatting\u003e  \u003c/line\u003e  \u003c/par\u003e  \u003c/text\u003e  \u003c/td\u003e   \u003ctd bottomborder\u003d\"White\" h\u003d\"37\" topborder\u003d\"White\" w\u003d\"13\"\u003e \u003ctext xmlns\u003d\"http://ocr.crowdcomputingsystems.com/xml/schema-v1.xml\"\u003e \u003cpar linespacing\u003d\"-1\"\u003e\u003c/par\u003e  \u003c/text\u003e  \u003c/td\u003e   \u003ctd bottomborder\u003d\"White\" h\u003d\"37\" w\u003d\"219\"\u003e \u003ctext xmlns\u003d\"http://ocr.crowdcomputingsystems.com/xml/schema-v1.xml\"\u003e \u003cpar linespacing\u003d\"420\"\u003e \u003cline b\u003d\"183\" baseline\u003d\"181\" l\u003d\"336\" r\u003d\"436\" t\u003d\"174\"\u003e \u003cformatting lang\u003d\"EnglishUnitedStates\"\u003e Keiel Jide Co., lnc. \u003c/formatting\u003e  \u003c/line\u003e  \u003c/par\u003e  \u003c/text\u003e  \u003c/td\u003e   \u003c/tr\u003e \n \u003ctr\u003e \u003ctd bottomborder\u003d\"White\" h\u003d\"9\" topborder\u003d\"White\" w\u003d\"282\"\u003e \u003ctext xmlns\u003d\"http://ocr.crowdcomputingsystems.com/xml/schema-v1.xml\"\u003e \u003cpar align\u003d\"Justified\" leftindent\u003d\"1900\" linespacing\u003d\"420\"\u003e \u003cline b\u003d\"192\" baseline\u003d\"192\" l\u003d\"68\" r\u003d\"160\" t\u003d\"185\"\u003e \u003cformatting lang\u003d\"EnglishUnitedStates\"\u003e 16031 Heaver Marsh Ril \u003c/formatting\u003e  \u003c/line\u003e  \u003c/par\u003e  \u003c/text\u003e  \u003c/td\u003e   \u003ctd bottomborder\u003d\"White\" h\u003d\"9\" topborder\u003d\"White\" w\u003d\"13\"\u003e \u003ctext xmlns\u003d\"http://ocr.crowdcomputingsystems.com/xml/schema-v1.xml\"\u003e \u003cpar linespacing\u003d\"-1\"\u003e\u003c/par\u003e  \u003c/text\u003e  \u003c/td\u003e   \u003ctd bottomborder\u003d\"White\" h\u003d\"9\" topborder\u003d\"White\" w\u003d\"219\"\u003e \u003ctext xmlns\u003d\"http://ocr.crowdcomputingsystems.com/xml/schema-v1.xml\"\u003e \u003cpar linespacing\u003d\"420\"\u003e \u003cline b\u003d\"192\" baseline\u003d\"192\" l\u003d\"337\" r\u003d\"427\" t\u003d\"185\"\u003e \u003cformatting lang\u003d\"EnglishUnitedStates\"\u003e 16031 Beaver Marsh Rd \u003c/formatting\u003e  \u003c/line\u003e  \u003c/par\u003e  \u003c/text\u003e  \u003c/td\u003e   \u003c/tr\u003e \n \u003ctr\u003e \u003ctd bottomborder\u003d\"White\" h\u003d\"14\" topborder\u003d\"White\" w\u003d\"282\"\u003e \u003ctext xmlns\u003d\"http://ocr.crowdcomputingsystems.com/xml/schema-v1.xml\"\u003e \u003cpar align\u003d\"Justified\" leftindent\u003d\"1900\" linespacing\u003d\"420\"\u003e \u003cline b\u003d\"203\" baseline\u003d\"202\" l\u003d\"67\" r\u003d\"194\" t\u003d\"195\"\u003e \u003cformatting lang\u003d\"EnglishUnitedStates\"\u003e Mount Veraon, WA 9827.1-8804 \u003c/formatting\u003e  \u003c/line\u003e  \u003c/par\u003e  \u003c/text\u003e  \u003c/td\u003e   \u003ctd bottomborder\u003d\"White\" h\u003d\"14\" topborder\u003d\"White\" w\u003d\"13\"\u003e \u003ctext xmlns\u003d\"http://ocr.crowdcomputingsystems.com/xml/schema-v1.xml\"\u003e \u003cpar linespacing\u003d\"-1\"\u003e\u003c/par\u003e  \u003c/text\u003e  \u003c/td\u003e   \u003ctd bottomborder\u003d\"White\" h\u003d\"14\" topborder\u003d\"White\" w\u003d\"219\"\u003e \u003ctext xmlns\u003d\"http://ocr.crowdcomputingsystems.com/xml/schema-v1.xml\"\u003e \u003cpar linespacing\u003d\"420\"\u003e \u003cline b\u003d\"204\" baseline\u003d\"203\" l\u003d\"336\" r\u003d\"462\" t\u003d\"196\"\u003e \u003cformatting lang\u003d\"EnglishUnitedStates\"\u003e Mount V\u0026lt;nwa, WA 98275-8804 \u003c/formatting\u003e  \u003c/line\u003e  \u003c/par\u003e  \u003c/text\u003e  \u003c/td\u003e   \u003c/tr\u003e \n \u003ctr\u003e \u003ctd h\u003d\"26\" topborder\u003d\"White\" w\u003d\"282\"\u003e \u003ctext xmlns\u003d\"http://ocr.crowdcomputingsystems.com/xml/schema-v1.xml\"\u003e \u003cpar align\u003d\"Justified\" leftindent\u003d\"1900\" linespacing\u003d\"660\"\u003e \u003cline b\u003d\"222\" baseline\u003d\"222\" l\u003d\"67\" r\u003d\"176\" t\u003d\"211\"\u003e \u003cformatting lang\u003d\"EnglishUnitedStates\"\u003e ..... \u003c/formatting\u003e  \u003c/line\u003e  \u003c/par\u003e  \u003c/text\u003e  \u003c/td\u003e   \u003ctd bottomborder\u003d\"White\" h\u003d\"26\" topborder\u003d\"White\" w\u003d\"13\"\u003e \u003ctext xmlns\u003d\"http://ocr.crowdcomputingsystems.com/xml/schema-v1.xml\"\u003e \u003cpar linespacing\u003d\"-1\"\u003e\u003c/par\u003e  \u003c/text\u003e  \u003c/td\u003e   \u003ctd h\u003d\"26\" topborder\u003d\"White\" w\u003d\"219\"\u003e \u003ctext xmlns\u003d\"http://ocr.crowdcomputingsystems.com/xml/schema-v1.xml\"\u003e \u003cpar linespacing\u003d\"-1\"\u003e\u003c/par\u003e  \u003c/text\u003e  \u003c/td\u003e   \u003c/tr\u003e \n \u003c/tbody\u003e\u003c/table\u003e\n \u003cblock b\u003d\"282\" blockname\u003d\"\" blocktype\u003d\"Text\" l\u003d\"75\" r\u003d\"122\" style\u003d\"transform: translate(179px, 294px); position: absolute; width: 112.04px; height: 11.9167px;\" t\u003d\"271\"\u003e \u003cregion\u003e \u003crect b\u003d\"282\" l\u003d\"75\" r\u003d\"122\" t\u003d\"271\"\u003e\u003c/rect\u003e  \u003c/region\u003e  \u003ctext\u003e \u003cpar linespacing\u003d\"420\"\u003e \u003cline b\u003d\"280\" baseline\u003d\"280\" l\u003d\"79\" r\u003d\"117\" style\u003d\"transform: translate(10px, 2px); position: absolute;\" t\u003d\"273\"\u003e \u003cformatting lang\u003d\"EnglishUnitedStates\"\u003e Web sue \u003c/formatting\u003e  \u003c/line\u003e  \u003c/par\u003e  \u003c/text\u003e  \u003c/block\u003e  \u003cblock b\u003d\"307\" blockname\u003d\"\" blocktype\u003d\"Text\" l\u003d\"50\" r\u003d\"148\" style\u003d\"transform: translate(119px, 321px); position: absolute; width: 233.614px; height: 11.9167px;\" t\u003d\"296\"\u003e \u003cregion\u003e \u003crect b\u003d\"307\" l\u003d\"50\" r\u003d\"148\" t\u003d\"296\"\u003e\u003c/rect\u003e  \u003c/region\u003e  \u003ctext\u003e \u003cpar linespacing\u003d\"360\"\u003e \u003cline b\u003d\"305\" baseline\u003d\"304\" l\u003d\"53\" r\u003d\"143\" style\u003d\"transform: translate(7px, 2px); position: absolute;\" t\u003d\"298\"\u003e \u003cformatting lang\u003d\"EnglishUnitedStates\"\u003e ww\u0026laquo;v uatelecom com \u003c/formatting\u003e  \u003c/line\u003e  \u003c/par\u003e  \u003c/text\u003e  \u003c/block\u003e  \u003cblock b\u003d\"315\" blockname\u003d\"\" blocktype\u003d\"Text\" l\u003d\"194\" r\u003d\"392\" style\u003d\"transform: translate(462px, 290px); position: absolute; width: 471.997px; height: 50.9167px;\" t\u003d\"268\"\u003e \u003cregion\u003e \u003crect b\u003d\"315\" l\u003d\"194\" r\u003d\"392\" t\u003d\"268\"\u003e\u003c/rect\u003e  \u003c/region\u003e  \u003ctext\u003e \u003cpar align\u003d\"Center\" leftindent\u003d\"100\" linespacing\u003d\"660\"\u003e \u003cline b\u003d\"279\" baseline\u003d\"276\" l\u003d\"198\" r\u003d\"387\" style\u003d\"transform: translate(10px, 1px); position: absolute;\" t\u003d\"269\"\u003e \u003cformatting lang\u003d\"EnglishUnitedStates\"\u003e Thank you for your business this warranty covers \u003c/formatting\u003e  \u003c/line\u003e  \u003cline b\u003d\"290\" baseline\u003d\"288\" l\u003d\"202\" r\u003d\"383\" style\u003d\"transform: translate(19px, 14px); position: absolute;\" t\u003d\"281\"\u003e \u003cformatting lang\u003d\"EnglishUnitedStates\"\u003e preventive maintenance on all telecom system \u003c/formatting\u003e  \u003c/line\u003e  \u003cline b\u003d\"301\" baseline\u003d\"299\" l\u003d\"206\" r\u003d\"377\" style\u003d\"transform: translate(29px, 26px); position: absolute;\" t\u003d\"292\"\u003e \u003cformatting lang\u003d\"EnglishUnitedStates\"\u003e equipment including. telephone instruments \u003c/formatting\u003e  \u003c/line\u003e  \u003cline b\u003d\"313\" baseline\u003d\"310\" l\u003d\"239\" r\u003d\"345\" style\u003d\"transform: translate(107px, 38px); position: absolute;\" t\u003d\"303\"\u003e \u003cformatting lang\u003d\"EnglishUnitedStates\"\u003e switches routen, \u0026amp; cabling \u003c/formatting\u003e  \u003c/line\u003e  \u003c/par\u003e  \u003c/text\u003e  \u003c/block\u003e  \u003cblock b\u003d\"310\" blockname\u003d\"\" blocktype\u003d\"Text\" l\u003d\"448\" r\u003d\"527\" style\u003d\"transform: translate(1068px, 324px); position: absolute; width: 188.322px; height: 11.9167px;\" t\u003d\"299\"\u003e \u003cregion\u003e \u003crect b\u003d\"310\" l\u003d\"448\" r\u003d\"527\" t\u003d\"299\"\u003e\u003c/rect\u003e  \u003c/region\u003e  \u003ctext\u003e \u003cpar linespacing\u003d\"480\"\u003e \u003cline b\u003d\"308\" baseline\u003d\"308\" l\u003d\"451\" r\u003d\"522\" style\u003d\"transform: translate(7px, 1px); position: absolute;\" t\u003d\"300\"\u003e \u003cformatting lang\u003d\"EnglishUnitedStates\"\u003e NET 30 DAYS \u003c/formatting\u003e  \u003c/line\u003e  \u003c/par\u003e  \u003c/text\u003e  \u003c/block\u003e  \u003cblock b\u003d\"331\" blockname\u003d\"\" blocktype\u003d\"Text\" l\u003d\"58\" r\u003d\"101\" style\u003d\"transform: translate(138px, 346px); position: absolute; width: 102.504px; height: 13px;\" t\u003d\"319\"\u003e \u003cregion\u003e \u003crect b\u003d\"331\" l\u003d\"58\" r\u003d\"101\" t\u003d\"319\"\u003e\u003c/rect\u003e  \u003c/region\u003e  \u003ctext\u003e \u003cpar linespacing\u003d\"480\"\u003e \u003cline b\u003d\"329\" baseline\u003d\"327\" l\u003d\"62\" r\u003d\"96\" style\u003d\"transform: translate(10px, 0px); position: absolute;\" t\u003d\"319\"\u003e \u003cformatting lang\u003d\"EnglishUnitedStates\"\u003e Quantity \u003c/formatting\u003e  \u003c/line\u003e  \u003c/par\u003e  \u003c/text\u003e  \u003c/block\u003e  \u003cblock b\u003d\"331\" blockname\u003d\"\" blocktype\u003d\"Text\" l\u003d\"239\" r\u003d\"293\" style\u003d\"transform: translate(570px, 347px); position: absolute; width: 128.726px; height: 11.9167px;\" t\u003d\"320\"\u003e \u003cregion\u003e \u003crect b\u003d\"331\" l\u003d\"239\" r\u003d\"293\" t\u003d\"320\"\u003e\u003c/rect\u003e  \u003c/region\u003e  \u003ctext\u003e \u003cpar linespacing\u003d\"420\"\u003e \u003cline b\u003d\"329\" baseline\u003d\"327\" l\u003d\"242\" r\u003d\"288\" style\u003d\"transform: translate(7px, 0px); position: absolute;\" t\u003d\"320\"\u003e \u003cformatting lang\u003d\"EnglishUnitedStates\"\u003e Description \u003c/formatting\u003e  \u003c/line\u003e  \u003c/par\u003e  \u003c/text\u003e  \u003c/block\u003e  \u003cblock b\u003d\"330\" blockname\u003d\"\" blocktype\u003d\"Text\" l\u003d\"445\" r\u003d\"472\" style\u003d\"transform: translate(1061px, 347px); position: absolute; width: 64.3632px; height: 10.8333px;\" t\u003d\"320\"\u003e \u003cregion\u003e \u003crect b\u003d\"330\" l\u003d\"445\" r\u003d\"472\" t\u003d\"320\"\u003e\u003c/rect\u003e  \u003c/region\u003e  \u003ctext\u003e \u003cpar linespacing\u003d\"480\"\u003e \u003cline b\u003d\"328\" baseline\u003d\"328\" l\u003d\"448\" r\u003d\"467\" style\u003d\"transform: translate(7px, 0px); position: absolute;\" t\u003d\"320\"\u003e \u003cformatting lang\u003d\"EnglishUnitedStates\"\u003e Rate \u003c/formatting\u003e  \u003c/line\u003e  \u003c/par\u003e  \u003c/text\u003e  \u003c/block\u003e  \u003cblock b\u003d\"330\" blockname\u003d\"\" blocktype\u003d\"Text\" l\u003d\"500\" r\u003d\"541\" style\u003d\"transform: translate(1192px, 347px); position: absolute; width: 97.7367px; height: 10.8333px;\" t\u003d\"320\"\u003e \u003cregion\u003e \u003crect b\u003d\"330\" l\u003d\"500\" r\u003d\"541\" t\u003d\"320\"\u003e\u003c/rect\u003e  \u003c/region\u003e  \u003ctext\u003e \u003cpar linespacing\u003d\"480\"\u003e \u003cline b\u003d\"328\" baseline\u003d\"328\" l\u003d\"504\" r\u003d\"536\" style\u003d\"transform: translate(10px, 0px); position: absolute;\" t\u003d\"320\"\u003e \u003cformatting lang\u003d\"EnglishUnitedStates\"\u003e Amount \u003c/formatting\u003e  \u003c/line\u003e  \u003c/par\u003e  \u003c/text\u003e  \u003c/block\u003e  \u003cblock b\u003d\"350\" blockname\u003d\"\" blocktype\u003d\"Text\" l\u003d\"67\" r\u003d\"85\" style\u003d\"transform: translate(160px, 367px); position: absolute; width: 42.9088px; height: 11.9167px;\" t\u003d\"339\"\u003e \u003cregion\u003e \u003crect b\u003d\"350\" l\u003d\"67\" r\u003d\"85\" t\u003d\"339\"\u003e\u003c/rect\u003e  \u003c/region\u003e  \u003ctext\u003e \u003cpar linespacing\u003d\"480\"\u003e \u003cline b\u003d\"348\" baseline\u003d\"348\" l\u003d\"70\" r\u003d\"80\" style\u003d\"transform: translate(7px, 1px); position: absolute;\" t\u003d\"340\"\u003e01\u003c/line\u003e  \u003c/par\u003e  \u003c/text\u003e  \u003c/block\u003e  \u003cblock b\u003d\"350\" blockname\u003d\"\" blocktype\u003d\"Text\" l\u003d\"121\" r\u003d\"355\" style\u003d\"transform: translate(288px, 367px); position: absolute; width: 557.814px; height: 11.9167px;\" t\u003d\"339\"\u003e \u003cregion\u003e \u003crect b\u003d\"350\" l\u003d\"121\" r\u003d\"355\" t\u003d\"339\"\u003e\u003c/rect\u003e  \u003c/region\u003e  \u003ctext\u003e \u003cpar linespacing\u003d\"480\"\u003e \u003cline b\u003d\"348\" baseline\u003d\"348\" l\u003d\"125\" r\u003d\"350\" style\u003d\"transform: translate(10px, 1px); position: absolute;\" t\u003d\"340\"\u003eTELECOM MAINTENANCE AGREEMENT\u003c/line\u003e  \u003c/par\u003e  \u003c/text\u003e  \u003c/block\u003e  \u003cblock b\u003d\"351\" blockname\u003d\"\" blocktype\u003d\"Text\" l\u003d\"435\" r\u003d\"480\" style\u003d\"transform: translate(1037px, 367px); position: absolute; width: 107.272px; height: 13px;\" t\u003d\"339\"\u003e \u003cregion\u003e \u003crect b\u003d\"351\" l\u003d\"435\" r\u003d\"480\" t\u003d\"339\"\u003e\u003c/rect\u003e  \u003c/region\u003e  \u003ctext\u003e \u003cpar linespacing\u003d\"540\"\u003e \u003cline b\u003d\"349\" baseline\u003d\"349\" l\u003d\"439\" r\u003d\"475\" style\u003d\"transform: translate(10px, 1px); position: absolute;\" t\u003d\"340\"\u003e$425.00\u003c/line\u003e  \u003c/par\u003e  \u003c/text\u003e  \u003c/block\u003e  \u003cblock b\u003d\"351\" blockname\u003d\"\" blocktype\u003d\"Text\" l\u003d\"497\" r\u003d\"539\" style\u003d\"transform: translate(1185px, 367px); position: absolute; width: 100.12px; height: 13px;\" t\u003d\"339\"\u003e \u003cregion\u003e \u003crect b\u003d\"351\" l\u003d\"497\" r\u003d\"539\" t\u003d\"339\"\u003e\u003c/rect\u003e  \u003c/region\u003e  \u003ctext\u003e \u003cpar linespacing\u003d\"480\"\u003e \u003cline b\u003d\"349\" baseline\u003d\"349\" l\u003d\"497\" r\u003d\"534\" style\u003d\"transform: translate(0px, 2px); position: absolute;\" t\u003d\"341\"\u003e \u003cformatting lang\u003d\"EnglishUnitedStates\"\u003e S425.00 \u003c/formatting\u003e  \u003c/line\u003e  \u003c/par\u003e  \u003c/text\u003e  \u003c/block\u003e  \u003cblock b\u003d\"446\" blockname\u003d\"\" blocktype\u003d\"Text\" l\u003d\"246\" r\u003d\"350\" style\u003d\"transform: translate(586px, 446px); position: absolute; width: 247.917px; height: 36.8333px;\" t\u003d\"412\"\u003e \u003cregion\u003e \u003crect b\u003d\"446\" l\u003d\"246\" r\u003d\"350\" t\u003d\"412\"\u003e\u003c/rect\u003e  \u003c/region\u003e  \u003ctext\u003e \u003cpar linespacing\u003d\"-1\"\u003e\u003c/par\u003e  \u003c/text\u003e  \u003c/block\u003e  \u003cblock b\u003d\"485\" blockname\u003d\"\" blocktype\u003d\"Text\" l\u003d\"256\" r\u003d\"349\" style\u003d\"transform: translate(610px, 483px); position: absolute; width: 221.695px; height: 42.25px;\" t\u003d\"446\"\u003e \u003cregion\u003e \u003crect b\u003d\"460\" l\u003d\"256\" r\u003d\"347\" t\u003d\"446\"\u003e\u003c/rect\u003e  \u003crect b\u003d\"485\" l\u003d\"256\" r\u003d\"349\" t\u003d\"460\"\u003e\u003c/rect\u003e  \u003c/region\u003e  \u003ctext\u003e \u003cpar linespacing\u003d\"-1\"\u003e\u003c/par\u003e  \u003c/text\u003e  \u003c/block\u003e  \u003cblock b\u003d\"637\" blockname\u003d\"\" blocktype\u003d\"Text\" l\u003d\"352\" r\u003d\"502\" style\u003d\"transform: translate(839px, 582px); position: absolute; width: 357.573px; height: 108.333px;\" t\u003d\"537\"\u003e \u003cregion\u003e \u003crect b\u003d\"637\" l\u003d\"352\" r\u003d\"502\" t\u003d\"537\"\u003e\u003c/rect\u003e  \u003c/region\u003e  \u003ctext\u003e \u003cpar align\u003d\"Right\" linespacing\u003d\"3000\" rightindent\u003d\"3600\"\u003e \u003cline b\u003d\"592\" baseline\u003d\"592\" l\u003d\"358\" r\u003d\"489\" style\u003d\"transform: translate(14px, 5px); position: absolute;\" t\u003d\"542\"\u003e \u003cformatting lang\u003d\"EnglishUnitedStates\"\u003e raii \u003c/formatting\u003e  \u003c/line\u003e  \u003c/par\u003e  \u003cpar leftindent\u003d\"19300\" linespacing\u003d\"1500\"\u003e \u003cline b\u003d\"636\" baseline\u003d\"635\" l\u003d\"355\" r\u003d\"489\" style\u003d\"transform: translate(7px, 79px); position: absolute;\" t\u003d\"610\"\u003e \u003cformatting lang\u003d\"EnglishUnitedStates\"\u003e is\u0026reg; BMcftJC \u003c/formatting\u003e  \u003c/line\u003e  \u003c/par\u003e  \u003c/text\u003e  \u003c/block\u003e  \u003cregion xmlns\u003d\"http://ocr.crowdcomputingsystems.com/xml/schema-v1.xml\"\u003e \u003crect b\u003d\"696\" l\u003d\"36\" r\u003d\"549\" t\u003d\"653\"\u003e\u003c/rect\u003e  \u003c/region\u003e \u003ctable b\u003d\"696\" blockname\u003d\"\" blocktype\u003d\"Table\" l\u003d\"36\" r\u003d\"549\" style\u003d\"transform: translate(86px, 707px); position: absolute; user-select: auto;\" t\u003d\"653\" xmlns\u003d\"\"\u003e \u003ctbody\u003e\u003ctr\u003e \u003ctd h\u003d\"33\" w\u003d\"383\"\u003e \u003ctext xmlns\u003d\"http://ocr.crowdcomputingsystems.com/xml/schema-v1.xml\"\u003e \u003cpar linespacing\u003d\"540\"\u003e \u003cline b\u003d\"681\" baseline\u003d\"681\" l\u003d\"40\" r\u003d\"181\" t\u003d\"672\"\u003e \u003cformatting lang\u003d\"EnglishUnitedStates\"\u003e Pfcaw remit to the above address \u003c/formatting\u003e  \u003c/line\u003e  \u003c/par\u003e  \u003c/text\u003e  \u003c/td\u003e   \u003ctd h\u003d\"33\" w\u003d\"130\"\u003e \u003ctext xmlns\u003d\"http://ocr.crowdcomputingsystems.com/xml/schema-v1.xml\"\u003e \u003cpar align\u003d\"Justified\" linespacing\u003d\"720\"\u003e \u003cline b\u003d\"684\" baseline\u003d\"683\" l\u003d\"425\" r\u003d\"534\" t\u003d\"671\"\u003e \u003cformatting lang\u003d\"EnglishUnitedStates\"\u003e TOtal S425.00 \u003c/formatting\u003e  \u003c/line\u003e  \u003c/par\u003e  \u003c/text\u003e  \u003c/td\u003e   \u003c/tr\u003e \n \u003c/tbody\u003e\u003c/table\u003e\n \u003cblock b\u003d\"721\" blockname\u003d\"\" blocktype\u003d\"Text\" l\u003d\"35\" r\u003d\"203\" style\u003d\"transform: translate(83px, 763px); position: absolute; width: 400.482px; height: 18.4167px;\" t\u003d\"704\"\u003e \u003cregion\u003e \u003crect b\u003d\"721\" l\u003d\"35\" r\u003d\"203\" t\u003d\"704\"\u003e\u003c/rect\u003e  \u003c/region\u003e  \u003ctext\u003e \u003cpar linespacing\u003d\"600\"\u003e \u003cline b\u003d\"718\" baseline\u003d\"715\" l\u003d\"37\" r\u003d\"200\" style\u003d\"transform: translate(5px, 1px); position: absolute;\" t\u003d\"705\"\u003e \u003cformatting lang\u003d\"EnglishUnitedStates\"\u003e Shank ijou Sox \u0027lfoux Xuoineao \u003c/formatting\u003e  \u003c/line\u003e  \u003c/par\u003e  \u003c/text\u003e  \u003c/block\u003e  \u003cblock b\u003d\"696\" blockname\u003d\"\" blocktype\u003d\"SeparatorsBox\" class\u003d\"hidden\" l\u003d\"36\" r\u003d\"549\" style\u003d\"transform: translate(86px, 286px); position: absolute;\" t\u003d\"264\"\u003e \u003cregion\u003e \u003crect b\u003d\"266\" l\u003d\"36\" r\u003d\"549\" t\u003d\"264\"\u003e\u003c/rect\u003e  \u003crect b\u003d\"654\" l\u003d\"36\" r\u003d\"549\" t\u003d\"266\"\u003e\u003c/rect\u003e  \u003crect b\u003d\"655\" l\u003d\"38\" r\u003d\"549\" t\u003d\"654\"\u003e\u003c/rect\u003e  \u003crect b\u003d\"661\" l\u003d\"38\" r\u003d\"548\" t\u003d\"655\"\u003e\u003c/rect\u003e  \u003crect b\u003d\"662\" l\u003d\"36\" r\u003d\"548\" t\u003d\"661\"\u003e\u003c/rect\u003e  \u003crect b\u003d\"663\" l\u003d\"36\" r\u003d\"38\" t\u003d\"662\"\u003e\u003c/rect\u003e  \u003crect b\u003d\"693\" l\u003d\"36\" r\u003d\"549\" t\u003d\"663\"\u003e\u003c/rect\u003e  \u003crect b\u003d\"696\" l\u003d\"36\" r\u003d\"549\" t\u003d\"693\"\u003e\u003c/rect\u003e  \u003c/region\u003e  \u003cseparatorsbox\u003e \u003cseparator thickness\u003d\"2\" type\u003d\"Black\"\u003e \u003cstart x\u003d\"36\" y\u003d\"265\"\u003e\u003c/start\u003e \u003cend x\u003d\"549\" y\u003d\"265\"\u003e\u003c/end\u003e \u003c/separator\u003e \u003cseparator thickness\u003d\"2\" type\u003d\"Black\"\u003e \u003cstart x\u003d\"36\" y\u003d\"694\"\u003e\u003c/start\u003e \u003cend x\u003d\"549\" y\u003d\"694\"\u003e\u003c/end\u003e \u003c/separator\u003e \u003cseparator thickness\u003d\"2\" type\u003d\"Black\"\u003e \u003cstart x\u003d\"37\" y\u003d\"264\"\u003e\u003c/start\u003e \u003cend x\u003d\"37\" y\u003d\"654\"\u003e\u003c/end\u003e \u003c/separator\u003e \u003cseparator thickness\u003d\"2\" type\u003d\"Black\"\u003e \u003cstart x\u003d\"37\" y\u003d\"662\"\u003e\u003c/start\u003e \u003cend x\u003d\"37\" y\u003d\"695\"\u003e\u003c/end\u003e \u003c/separator\u003e \u003cseparator thickness\u003d\"1\" type\u003d\"Black\"\u003e \u003cstart x\u003d\"548\" y\u003d\"265\"\u003e\u003c/start\u003e \u003cend x\u003d\"548\" y\u003d\"655\"\u003e\u003c/end\u003e \u003c/separator\u003e \u003cseparator thickness\u003d\"1\" type\u003d\"Black\"\u003e \u003cstart x\u003d\"548\" y\u003d\"663\"\u003e\u003c/start\u003e \u003cend x\u003d\"548\" y\u003d\"696\"\u003e\u003c/end\u003e \u003c/separator\u003e \u003c/separatorsbox\u003e \u003c/block\u003e  \u003cblock b\u003d\"234\" blockname\u003d\"\" blocktype\u003d\"SeparatorsBox\" class\u003d\"hidden\" l\u003d\"35\" r\u003d\"549\" style\u003d\"transform: translate(83px, 144px); position: absolute;\" t\u003d\"133\"\u003e \u003cregion\u003e \u003crect b\u003d\"134\" l\u003d\"35\" r\u003d\"318\" t\u003d\"133\"\u003e\u003c/rect\u003e  \u003crect b\u003d\"135\" l\u003d\"35\" r\u003d\"549\" t\u003d\"134\"\u003e\u003c/rect\u003e  \u003crect b\u003d\"136\" l\u003d\"35\" r\u003d\"549\" t\u003d\"135\"\u003e\u003c/rect\u003e  \u003crect b\u003d\"232\" l\u003d\"35\" r\u003d\"549\" t\u003d\"136\"\u003e\u003c/rect\u003e  \u003crect b\u003d\"234\" l\u003d\"35\" r\u003d\"549\" t\u003d\"232\"\u003e\u003c/rect\u003e  \u003c/region\u003e  \u003cseparatorsbox\u003e \u003cseparator thickness\u003d\"2\" type\u003d\"Black\"\u003e \u003cstart x\u003d\"35\" y\u003d\"134\"\u003e\u003c/start\u003e \u003cend x\u003d\"318\" y\u003d\"134\"\u003e\u003c/end\u003e \u003c/separator\u003e \u003cseparator thickness\u003d\"2\" type\u003d\"Black\"\u003e \u003cstart x\u003d\"330\" y\u003d\"135\"\u003e\u003c/start\u003e \u003cend x\u003d\"549\" y\u003d\"135\"\u003e\u003c/end\u003e \u003c/separator\u003e \u003cseparator thickness\u003d\"2\" type\u003d\"Black\"\u003e \u003cstart x\u003d\"35\" y\u003d\"233\"\u003e\u003c/start\u003e \u003cend x\u003d\"318\" y\u003d\"233\"\u003e\u003c/end\u003e \u003c/separator\u003e \u003cseparator thickness\u003d\"2\" type\u003d\"Black\"\u003e \u003cstart x\u003d\"330\" y\u003d\"233\"\u003e\u003c/start\u003e \u003cend x\u003d\"549\" y\u003d\"233\"\u003e\u003c/end\u003e \u003c/separator\u003e \u003cseparator thickness\u003d\"2\" type\u003d\"Black\"\u003e \u003cstart x\u003d\"36\" y\u003d\"133\"\u003e\u003c/start\u003e \u003cend x\u003d\"36\" y\u003d\"233\"\u003e\u003c/end\u003e \u003c/separator\u003e \u003cseparator thickness\u003d\"1\" type\u003d\"Black\"\u003e \u003cstart x\u003d\"548\" y\u003d\"134\"\u003e\u003c/start\u003e \u003cend x\u003d\"548\" y\u003d\"234\"\u003e\u003c/end\u003e \u003c/separator\u003e \u003c/separatorsbox\u003e \u003c/block\u003e  \u003cblock b\u003d\"1\" blockname\u003d\"\" blocktype\u003d\"Separator\" l\u003d\"536\" r\u003d\"577\" style\u003d\"transform: translate(1278px, 0px); position: absolute;\" t\u003d\"0\"\u003e \u003cregion\u003e \u003crect b\u003d\"1\" l\u003d\"536\" r\u003d\"577\" t\u003d\"0\"\u003e\u003c/rect\u003e  \u003c/region\u003e  \u003cseparator thickness\u003d\"1\" type\u003d\"Black\"\u003e \u003cstart x\u003d\"536\" y\u003d\"0\"\u003e\u003c/start\u003e \u003cend x\u003d\"577\" y\u003d\"0\"\u003e\u003c/end\u003e \u003c/separator\u003e \u003c/block\u003e  \u003cblock b\u003d\"87\" blockname\u003d\"\" blocktype\u003d\"Separator\" l\u003d\"377\" r\u003d\"544\" style\u003d\"transform: translate(899px, 91px); position: absolute;\" t\u003d\"84\"\u003e \u003cregion\u003e \u003crect b\u003d\"87\" l\u003d\"377\" r\u003d\"544\" t\u003d\"84\"\u003e\u003c/rect\u003e  \u003c/region\u003e  \u003cseparator thickness\u003d\"3\" type\u003d\"Black\"\u003e \u003cstart x\u003d\"377\" y\u003d\"85\"\u003e\u003c/start\u003e \u003cend x\u003d\"544\" y\u003d\"85\"\u003e\u003c/end\u003e \u003c/separator\u003e \u003c/block\u003e  \u003cblock b\u003d\"101\" blockname\u003d\"\" blocktype\u003d\"Separator\" l\u003d\"377\" r\u003d\"545\" style\u003d\"transform: translate(899px, 107px); position: absolute;\" t\u003d\"99\"\u003e \u003cregion\u003e \u003crect b\u003d\"101\" l\u003d\"377\" r\u003d\"545\" t\u003d\"99\"\u003e\u003c/rect\u003e  \u003c/region\u003e  \u003cseparator thickness\u003d\"2\" type\u003d\"Black\"\u003e \u003cstart x\u003d\"377\" y\u003d\"100\"\u003e\u003c/start\u003e \u003cend x\u003d\"545\" y\u003d\"100\"\u003e\u003c/end\u003e \u003c/separator\u003e \u003c/block\u003e  \u003cblock b\u003d\"116\" blockname\u003d\"\" blocktype\u003d\"Separator\" l\u003d\"377\" r\u003d\"544\" style\u003d\"transform: translate(899px, 124px); position: absolute;\" t\u003d\"114\"\u003e \u003cregion\u003e \u003crect b\u003d\"116\" l\u003d\"377\" r\u003d\"544\" t\u003d\"114\"\u003e\u003c/rect\u003e  \u003c/region\u003e  \u003cseparator thickness\u003d\"2\" type\u003d\"Black\"\u003e \u003cstart x\u003d\"377\" y\u003d\"115\"\u003e\u003c/start\u003e \u003cend x\u003d\"544\" y\u003d\"115\"\u003e\u003c/end\u003e \u003c/separator\u003e \u003c/block\u003e  \u003cblock b\u003d\"149\" blockname\u003d\"\" blocktype\u003d\"Separator\" l\u003d\"36\" r\u003d\"318\" style\u003d\"transform: translate(86px, 159px); position: absolute;\" t\u003d\"147\"\u003e \u003cregion\u003e \u003crect b\u003d\"149\" l\u003d\"36\" r\u003d\"318\" t\u003d\"147\"\u003e\u003c/rect\u003e  \u003c/region\u003e  \u003cseparator thickness\u003d\"2\" type\u003d\"Black\"\u003e \u003cstart x\u003d\"36\" y\u003d\"148\"\u003e\u003c/start\u003e \u003cend x\u003d\"318\" y\u003d\"148\"\u003e\u003c/end\u003e \u003c/separator\u003e \u003c/block\u003e  \u003cblock b\u003d\"150\" blockname\u003d\"\" blocktype\u003d\"Separator\" l\u003d\"330\" r\u003d\"549\" style\u003d\"transform: translate(787px, 160px); position: absolute;\" t\u003d\"148\"\u003e \u003cregion\u003e \u003crect b\u003d\"150\" l\u003d\"330\" r\u003d\"549\" t\u003d\"148\"\u003e\u003c/rect\u003e  \u003c/region\u003e  \u003cseparator thickness\u003d\"2\" type\u003d\"Black\"\u003e \u003cstart x\u003d\"330\" y\u003d\"149\"\u003e\u003c/start\u003e \u003cend x\u003d\"549\" y\u003d\"149\"\u003e\u003c/end\u003e \u003c/separator\u003e \u003c/block\u003e  \u003cblock b\u003d\"292\" blockname\u003d\"\" blocktype\u003d\"Separator\" l\u003d\"36\" r\u003d\"161\" style\u003d\"transform: translate(86px, 314px); position: absolute;\" t\u003d\"290\"\u003e \u003cregion\u003e \u003crect b\u003d\"292\" l\u003d\"36\" r\u003d\"161\" t\u003d\"290\"\u003e\u003c/rect\u003e  \u003c/region\u003e  \u003cseparator thickness\u003d\"2\" type\u003d\"Black\"\u003e \u003cstart x\u003d\"36\" y\u003d\"291\"\u003e\u003c/start\u003e \u003cend x\u003d\"161\" y\u003d\"291\"\u003e\u003c/end\u003e \u003c/separator\u003e \u003c/block\u003e  \u003cblock b\u003d\"292\" blockname\u003d\"\" blocktype\u003d\"Separator\" l\u003d\"419\" r\u003d\"549\" style\u003d\"transform: translate(999px, 315px); position: absolute;\" t\u003d\"291\"\u003e \u003cregion\u003e \u003crect b\u003d\"292\" l\u003d\"419\" r\u003d\"549\" t\u003d\"291\"\u003e\u003c/rect\u003e  \u003c/region\u003e  \u003cseparator thickness\u003d\"1\" type\u003d\"Black\"\u003e \u003cstart x\u003d\"419\" y\u003d\"291\"\u003e\u003c/start\u003e \u003cend x\u003d\"549\" y\u003d\"291\"\u003e\u003c/end\u003e \u003c/separator\u003e \u003c/block\u003e  \u003cblock b\u003d\"318\" blockname\u003d\"\" blocktype\u003d\"Separator\" l\u003d\"36\" r\u003d\"549\" style\u003d\"transform: translate(86px, 342px); position: absolute;\" t\u003d\"316\"\u003e \u003cregion\u003e \u003crect b\u003d\"318\" l\u003d\"36\" r\u003d\"549\" t\u003d\"316\"\u003e\u003c/rect\u003e  \u003c/region\u003e  \u003cseparator thickness\u003d\"2\" type\u003d\"Black\"\u003e \u003cstart x\u003d\"36\" y\u003d\"317\"\u003e\u003c/start\u003e \u003cend x\u003d\"549\" y\u003d\"317\"\u003e\u003c/end\u003e \u003c/separator\u003e \u003c/block\u003e  \u003cblock b\u003d\"333\" blockname\u003d\"\" blocktype\u003d\"Separator\" l\u003d\"36\" r\u003d\"549\" style\u003d\"transform: translate(86px, 358px); position: absolute;\" t\u003d\"330\"\u003e \u003cregion\u003e \u003crect b\u003d\"331\" l\u003d\"36\" r\u003d\"337\" t\u003d\"330\"\u003e\u003c/rect\u003e  \u003crect b\u003d\"332\" l\u003d\"36\" r\u003d\"549\" t\u003d\"331\"\u003e\u003c/rect\u003e  \u003crect b\u003d\"333\" l\u003d\"337\" r\u003d\"549\" t\u003d\"332\"\u003e\u003c/rect\u003e  \u003c/region\u003e  \u003cseparator thickness\u003d\"2\" type\u003d\"Black\"\u003e \u003cstart x\u003d\"36\" y\u003d\"331\"\u003e\u003c/start\u003e \u003cend x\u003d\"549\" y\u003d\"331\"\u003e\u003c/end\u003e \u003c/separator\u003e \u003c/block\u003e  \u003cblock b\u003d\"544\" blockname\u003d\"\" blocktype\u003d\"Separator\" class\u003d\"hidden\" l\u003d\"387\" r\u003d\"456\" style\u003d\"transform: translate(923px, 584px); position: absolute;\" t\u003d\"539\"\u003e \u003cregion\u003e \u003crect b\u003d\"541\" l\u003d\"387\" r\u003d\"419\" t\u003d\"539\"\u003e\u003c/rect\u003e  \u003crect b\u003d\"542\" l\u003d\"387\" r\u003d\"438\" t\u003d\"541\"\u003e\u003c/rect\u003e  \u003crect b\u003d\"543\" l\u003d\"422\" r\u003d\"456\" t\u003d\"542\"\u003e\u003c/rect\u003e  \u003crect b\u003d\"544\" l\u003d\"438\" r\u003d\"456\" t\u003d\"543\"\u003e\u003c/rect\u003e  \u003c/region\u003e  \u003cseparator thickness\u003d\"2\" type\u003d\"Black\"\u003e \u003cstart x\u003d\"387\" y\u003d\"541\"\u003e\u003c/start\u003e \u003cend x\u003d\"456\" y\u003d\"541\"\u003e\u003c/end\u003e \u003c/separator\u003e \u003c/block\u003e  \u003cblock b\u003d\"563\" blockname\u003d\"\" blocktype\u003d\"Separator\" class\u003d\"hidden\" l\u003d\"377\" r\u003d\"450\" style\u003d\"transform: translate(899px, 605px); position: absolute;\" t\u003d\"558\"\u003e \u003cregion\u003e \u003crect b\u003d\"559\" l\u003d\"377\" r\u003d\"397\" t\u003d\"558\"\u003e\u003c/rect\u003e  \u003crect b\u003d\"560\" l\u003d\"377\" r\u003d\"415\" t\u003d\"559\"\u003e\u003c/rect\u003e  \u003crect b\u003d\"561\" l\u003d\"397\" r\u003d\"432\" t\u003d\"560\"\u003e\u003c/rect\u003e  \u003crect b\u003d\"562\" l\u003d\"415\" r\u003d\"450\" t\u003d\"561\"\u003e\u003c/rect\u003e  \u003crect b\u003d\"563\" l\u003d\"432\" r\u003d\"450\" t\u003d\"562\"\u003e\u003c/rect\u003e  \u003c/region\u003e  \u003cseparator thickness\u003d\"2\" type\u003d\"Black\"\u003e \u003cstart x\u003d\"377\" y\u003d\"560\"\u003e\u003c/start\u003e \u003cend x\u003d\"450\" y\u003d\"560\"\u003e\u003c/end\u003e \u003c/separator\u003e \u003c/block\u003e  \u003cblock b\u003d\"634\" blockname\u003d\"\" blocktype\u003d\"Separator\" class\u003d\"hidden\" l\u003d\"378\" r\u003d\"444\" style\u003d\"transform: translate(901px, 681px); position: absolute;\" t\u003d\"629\"\u003e \u003cregion\u003e \u003crect b\u003d\"630\" l\u003d\"378\" r\u003d\"394\" t\u003d\"629\"\u003e\u003c/rect\u003e  \u003crect b\u003d\"631\" l\u003d\"378\" r\u003d\"410\" t\u003d\"630\"\u003e\u003c/rect\u003e  \u003crect b\u003d\"632\" l\u003d\"394\" r\u003d\"427\" t\u003d\"631\"\u003e\u003c/rect\u003e  \u003crect b\u003d\"633\" l\u003d\"410\" r\u003d\"444\" t\u003d\"632\"\u003e\u003c/rect\u003e  \u003crect b\u003d\"634\" l\u003d\"427\" r\u003d\"444\" t\u003d\"633\"\u003e\u003c/rect\u003e  \u003c/region\u003e  \u003cseparator thickness\u003d\"2\" type\u003d\"Black\"\u003e \u003cstart x\u003d\"378\" y\u003d\"631\"\u003e\u003c/start\u003e \u003cend x\u003d\"444\" y\u003d\"631\"\u003e\u003c/end\u003e \u003c/separator\u003e \u003c/block\u003e  \u003cblock b\u003d\"636\" blockname\u003d\"\" blocktype\u003d\"Separator\" class\u003d\"hidden\" l\u003d\"444\" r\u003d\"491\" style\u003d\"transform: translate(1058px, 686px); position: absolute;\" t\u003d\"633\"\u003e \u003cregion\u003e \u003crect b\u003d\"634\" l\u003d\"444\" r\u003d\"463\" t\u003d\"633\"\u003e\u003c/rect\u003e  \u003crect b\u003d\"635\" l\u003d\"444\" r\u003d\"491\" t\u003d\"634\"\u003e\u003c/rect\u003e  \u003crect b\u003d\"636\" l\u003d\"463\" r\u003d\"491\" t\u003d\"635\"\u003e\u003c/rect\u003e  \u003c/region\u003e  \u003cseparator thickness\u003d\"2\" type\u003d\"Black\"\u003e \u003cstart x\u003d\"444\" y\u003d\"634\"\u003e\u003c/start\u003e \u003cend x\u003d\"491\" y\u003d\"634\"\u003e\u003c/end\u003e \u003c/separator\u003e \u003c/block\u003e  \u003cblock b\u003d\"655\" blockname\u003d\"\" blocktype\u003d\"Separator\" l\u003d\"36\" r\u003d\"549\" style\u003d\"transform: translate(86px, 707px); position: absolute;\" t\u003d\"653\"\u003e \u003cregion\u003e \u003crect b\u003d\"655\" l\u003d\"36\" r\u003d\"549\" t\u003d\"653\"\u003e\u003c/rect\u003e  \u003c/region\u003e  \u003cseparator thickness\u003d\"2\" type\u003d\"Black\"\u003e \u003cstart x\u003d\"36\" y\u003d\"654\"\u003e\u003c/start\u003e \u003cend x\u003d\"549\" y\u003d\"654\"\u003e\u003c/end\u003e \u003c/separator\u003e \u003c/block\u003e  \u003cblock b\u003d\"665\" blockname\u003d\"\" blocktype\u003d\"Separator\" l\u003d\"36\" r\u003d\"549\" style\u003d\"transform: translate(86px, 717px); position: absolute;\" t\u003d\"662\"\u003e \u003cregion\u003e \u003crect b\u003d\"663\" l\u003d\"36\" r\u003d\"338\" t\u003d\"662\"\u003e\u003c/rect\u003e  \u003crect b\u003d\"664\" l\u003d\"36\" r\u003d\"549\" t\u003d\"663\"\u003e\u003c/rect\u003e  \u003crect b\u003d\"665\" l\u003d\"338\" r\u003d\"549\" t\u003d\"664\"\u003e\u003c/rect\u003e  \u003c/region\u003e  \u003cseparator thickness\u003d\"2\" type\u003d\"Black\"\u003e \u003cstart x\u003d\"36\" y\u003d\"663\"\u003e\u003c/start\u003e \u003cend x\u003d\"549\" y\u003d\"663\"\u003e\u003c/end\u003e \u003c/separator\u003e \u003c/block\u003e  \u003cblock b\u003d\"748\" blockname\u003d\"\" blocktype\u003d\"Separator\" l\u003d\"0\" r\u003d\"2\" style\u003d\"transform: translate(0px, 0px); position: absolute;\" t\u003d\"0\"\u003e \u003cregion\u003e \u003crect b\u003d\"748\" l\u003d\"0\" r\u003d\"2\" t\u003d\"0\"\u003e\u003c/rect\u003e  \u003c/region\u003e  \u003cseparator thickness\u003d\"2\" type\u003d\"Black\"\u003e \u003cstart x\u003d\"1\" y\u003d\"0\"\u003e\u003c/start\u003e \u003cend x\u003d\"1\" y\u003d\"748\"\u003e\u003c/end\u003e \u003c/separator\u003e \u003c/block\u003e  \u003cblock b\u003d\"654\" blockname\u003d\"\" blocktype\u003d\"Separator\" l\u003d\"115\" r\u003d\"117\" style\u003d\"transform: translate(274px, 342px); position: absolute;\" t\u003d\"316\"\u003e \u003cregion\u003e \u003crect b\u003d\"654\" l\u003d\"115\" r\u003d\"117\" t\u003d\"316\"\u003e\u003c/rect\u003e  \u003c/region\u003e  \u003cseparator thickness\u003d\"2\" type\u003d\"Black\"\u003e \u003cstart x\u003d\"116\" y\u003d\"316\"\u003e\u003c/start\u003e \u003cend x\u003d\"116\" y\u003d\"654\"\u003e\u003c/end\u003e \u003c/separator\u003e \u003c/block\u003e  \u003cblock b\u003d\"318\" blockname\u003d\"\" blocktype\u003d\"Separator\" l\u003d\"160\" r\u003d\"161\" style\u003d\"transform: translate(381px, 286px); position: absolute;\" t\u003d\"264\"\u003e \u003cregion\u003e \u003crect b\u003d\"318\" l\u003d\"160\" r\u003d\"161\" t\u003d\"264\"\u003e\u003c/rect\u003e  \u003c/region\u003e  \u003cseparator thickness\u003d\"1\" type\u003d\"Black\"\u003e \u003cstart x\u003d\"160\" y\u003d\"264\"\u003e\u003c/start\u003e \u003cend x\u003d\"160\" y\u003d\"318\"\u003e\u003c/end\u003e \u003c/separator\u003e \u003c/block\u003e  \u003cblock b\u003d\"234\" blockname\u003d\"\" blocktype\u003d\"Separator\" l\u003d\"316\" r\u003d\"318\" style\u003d\"transform: translate(753px, 144px); position: absolute;\" t\u003d\"133\"\u003e \u003cregion\u003e \u003crect b\u003d\"234\" l\u003d\"316\" r\u003d\"318\" t\u003d\"133\"\u003e\u003c/rect\u003e  \u003c/region\u003e  \u003cseparator thickness\u003d\"2\" type\u003d\"Black\"\u003e \u003cstart x\u003d\"317\" y\u003d\"133\"\u003e\u003c/start\u003e \u003cend x\u003d\"317\" y\u003d\"234\"\u003e\u003c/end\u003e \u003c/separator\u003e \u003c/block\u003e  \u003cblock b\u003d\"234\" blockname\u003d\"\" blocktype\u003d\"Separator\" l\u003d\"330\" r\u003d\"331\" style\u003d\"transform: translate(787px, 145px); position: absolute;\" t\u003d\"134\"\u003e \u003cregion\u003e \u003crect b\u003d\"234\" l\u003d\"330\" r\u003d\"331\" t\u003d\"134\"\u003e\u003c/rect\u003e  \u003c/region\u003e  \u003cseparator thickness\u003d\"1\" type\u003d\"Black\"\u003e \u003cstart x\u003d\"330\" y\u003d\"134\"\u003e\u003c/start\u003e \u003cend x\u003d\"330\" y\u003d\"234\"\u003e\u003c/end\u003e \u003c/separator\u003e \u003c/block\u003e  \u003cblock b\u003d\"629\" blockname\u003d\"\" blocktype\u003d\"Separator\" class\u003d\"hidden\" l\u003d\"352\" r\u003d\"357\" style\u003d\"transform: translate(839px, 615px); position: absolute;\" t\u003d\"568\"\u003e \u003cregion\u003e \u003crect b\u003d\"629\" l\u003d\"352\" r\u003d\"357\" t\u003d\"568\"\u003e\u003c/rect\u003e  \u003c/region\u003e  \u003cseparator thickness\u003d\"2\" type\u003d\"Black\"\u003e \u003cstart x\u003d\"354\" y\u003d\"568\"\u003e\u003c/start\u003e \u003cend x\u003d\"354\" y\u003d\"629\"\u003e\u003c/end\u003e \u003c/separator\u003e \u003c/block\u003e  \u003cblock b\u003d\"655\" blockname\u003d\"\" blocktype\u003d\"Separator\" class\u003d\"hidden\" l\u003d\"418\" r\u003d\"422\" style\u003d\"transform: translate(996px, 287px); position: absolute;\" t\u003d\"265\"\u003e \u003cregion\u003e \u003crect b\u003d\"655\" l\u003d\"418\" r\u003d\"422\" t\u003d\"265\"\u003e\u003c/rect\u003e  \u003c/region\u003e  \u003cseparator thickness\u003d\"2\" type\u003d\"Black\"\u003e \u003cstart x\u003d\"420\" y\u003d\"265\"\u003e\u003c/start\u003e \u003cend x\u003d\"420\" y\u003d\"655\"\u003e\u003c/end\u003e \u003c/separator\u003e \u003c/block\u003e  \u003cblock b\u003d\"696\" blockname\u003d\"\" blocktype\u003d\"Separator\" l\u003d\"419\" r\u003d\"420\" style\u003d\"transform: translate(999px, 718px); position: absolute;\" t\u003d\"663\"\u003e \u003cregion\u003e \u003crect b\u003d\"696\" l\u003d\"419\" r\u003d\"420\" t\u003d\"663\"\u003e\u003c/rect\u003e  \u003c/region\u003e  \u003cseparator thickness\u003d\"1\" type\u003d\"Black\"\u003e \u003cstart x\u003d\"419\" y\u003d\"663\"\u003e\u003c/start\u003e \u003cend x\u003d\"419\" y\u003d\"696\"\u003e\u003c/end\u003e \u003c/separator\u003e \u003c/block\u003e  \u003cblock b\u003d\"626\" blockname\u003d\"\" blocktype\u003d\"Separator\" class\u003d\"hidden\" l\u003d\"475\" r\u003d\"480\" style\u003d\"transform: translate(1132px, 611px); position: absolute;\" t\u003d\"564\"\u003e \u003cregion\u003e \u003crect b\u003d\"575\" l\u003d\"478\" r\u003d\"480\" t\u003d\"564\"\u003e\u003c/rect\u003e  \u003crect b\u003d\"592\" l\u003d\"477\" r\u003d\"479\" t\u003d\"575\"\u003e\u003c/rect\u003e  \u003crect b\u003d\"606\" l\u003d\"476\" r\u003d\"478\" t\u003d\"592\"\u003e\u003c/rect\u003e  \u003crect b\u003d\"618\" l\u003d\"475\" r\u003d\"477\" t\u003d\"606\"\u003e\u003c/rect\u003e  \u003crect b\u003d\"626\" l\u003d\"476\" r\u003d\"478\" t\u003d\"618\"\u003e\u003c/rect\u003e  \u003c/region\u003e  \u003cseparator thickness\u003d\"2\" type\u003d\"Black\"\u003e \u003cstart x\u003d\"477\" y\u003d\"564\"\u003e\u003c/start\u003e \u003cend x\u003d\"477\" y\u003d\"626\"\u003e\u003c/end\u003e \u003c/separator\u003e \u003c/block\u003e  \u003cblock b\u003d\"655\" blockname\u003d\"\" blocktype\u003d\"Separator\" l\u003d\"490\" r\u003d\"495\" style\u003d\"transform: translate(1168px, 343px); position: absolute;\" t\u003d\"317\"\u003e \u003cregion\u003e \u003crect b\u003d\"558\" l\u003d\"491\" r\u003d\"494\" t\u003d\"317\"\u003e\u003c/rect\u003e  \u003crect b\u003d\"560\" l\u003d\"491\" r\u003d\"495\" t\u003d\"558\"\u003e\u003c/rect\u003e  \u003crect b\u003d\"570\" l\u003d\"491\" r\u003d\"495\" t\u003d\"560\"\u003e\u003c/rect\u003e  \u003crect b\u003d\"574\" l\u003d\"491\" r\u003d\"495\" t\u003d\"570\"\u003e\u003c/rect\u003e  \u003crect b\u003d\"618\" l\u003d\"491\" r\u003d\"494\" t\u003d\"574\"\u003e\u003c/rect\u003e  \u003crect b\u003d\"655\" l\u003d\"490\" r\u003d\"493\" t\u003d\"618\"\u003e\u003c/rect\u003e  \u003c/region\u003e  \u003cseparator thickness\u003d\"3\" type\u003d\"Black\"\u003e \u003cstart x\u003d\"492\" y\u003d\"317\"\u003e\u003c/start\u003e \u003cend x\u003d\"492\" y\u003d\"655\"\u003e\u003c/end\u003e \u003c/separator\u003e \u003c/block\u003e  \u003cblock b\u003d\"637\" blockname\u003d\"\" blocktype\u003d\"Separator\" l\u003d\"495\" r\u003d\"500\" style\u003d\"transform: translate(1180px, 619px); position: absolute;\" t\u003d\"571\"\u003e \u003cregion\u003e \u003crect b\u003d\"637\" l\u003d\"495\" r\u003d\"500\" t\u003d\"571\"\u003e\u003c/rect\u003e  \u003c/region\u003e  \u003cseparator thickness\u003d\"2\" type\u003d\"Black\"\u003e \u003cstart x\u003d\"497\" y\u003d\"571\"\u003e\u003c/start\u003e \u003cend x\u003d\"497\" y\u003d\"637\"\u003e\u003c/end\u003e \u003c/separator\u003e \u003c/block\u003e  \u003cblock b\u003d\"116\" blockname\u003d\"\" blocktype\u003d\"Separator\" l\u003d\"377\" r\u003d\"380\" style\u003d\"transform: translate(899px, 91px); position: absolute;\" t\u003d\"84\"\u003e \u003cregion\u003e \u003crect b\u003d\"116\" l\u003d\"377\" r\u003d\"380\" t\u003d\"84\"\u003e\u003c/rect\u003e  \u003c/region\u003e  \u003cseparator thickness\u003d\"3\" type\u003d\"Black\"\u003e \u003cstart x\u003d\"378\" y\u003d\"84\"\u003e\u003c/start\u003e \u003cend x\u003d\"378\" y\u003d\"116\"\u003e\u003c/end\u003e \u003c/separator\u003e \u003c/block\u003e  \u003cblock b\u003d\"116\" blockname\u003d\"\" blocktype\u003d\"Separator\" l\u003d\"440\" r\u003d\"443\" style\u003d\"transform: translate(1049px, 91px); position: absolute;\" t\u003d\"84\"\u003e \u003cregion\u003e \u003crect b\u003d\"116\" l\u003d\"440\" r\u003d\"443\" t\u003d\"84\"\u003e\u003c/rect\u003e  \u003c/region\u003e  \u003cseparator thickness\u003d\"3\" type\u003d\"Black\"\u003e \u003cstart x\u003d\"441\" y\u003d\"84\"\u003e\u003c/start\u003e \u003cend x\u003d\"441\" y\u003d\"116\"\u003e\u003c/end\u003e \u003c/separator\u003e \u003c/block\u003e  \u003cblock b\u003d\"116\" blockname\u003d\"\" blocktype\u003d\"Separator\" l\u003d\"543\" r\u003d\"545\" style\u003d\"transform: translate(1294px, 92px); position: absolute;\" t\u003d\"85\"\u003e \u003cregion\u003e \u003crect b\u003d\"116\" l\u003d\"543\" r\u003d\"545\" t\u003d\"85\"\u003e\u003c/rect\u003e  \u003c/region\u003e  \u003cseparator thickness\u003d\"2\" type\u003d\"Black\"\u003e \u003cstart x\u003d\"544\" y\u003d\"85\"\u003e\u003c/start\u003e \u003cend x\u003d\"544\" y\u003d\"116\"\u003e\u003c/end\u003e \u003c/separator\u003e \u003c/block\u003e  \u003c/page\u003e       \u003c/document\u003e\u003c/body\u003e\u003c/html\u003e","tags":[{"score":0.5630207268224027,"end":243,"tag":"invoice_date","text":"6/15/2012","estimatedAccuracy":0.0,"begin":234}],"group":"invoice_date"}